atom_index,is_real_atom,atom_type_from_onehot,importance
0,1,CD2,6.3435797691345215
1,1,CE2,6.3435797691345215
2,1,CZ,6.301567077636719
3,1,CD1,6.212741374969482
4,1,CE1,6.123915195465088
5,1,CZ,6.035089492797852
6,1,CG,6.0434794425964355
7,1,CD1,6.186715602874756
8,1,CD2,6.329951763153076
9,1,CD2,6.473188400268555
10,1,CG,6.551929950714111
11,1,CD1,6.518401145935059
12,1,CD2,6.484874248504639
13,1,CA,6.451346397399902
14,1,C,6.491705894470215
15,1,O,6.695898056030273
16,1,CB,6.900091171264648
17,1,CG1,7.104282379150391
18,1,CG2,7.1877360343933105
19,1,CD1,6.921677589416504
20,1,CA,6.655618667602539
21,1,C,6.389560222625732
22,1,O,6.083786964416504
23,1,CB,5.621806621551514
24,1,SG,5.159825325012207
25,1,N,4.697845458984375
26,1,CA,4.326892375946045
27,1,C,4.477280139923096
28,1,O,4.627669334411621
29,1,CB,4.778058052062988
30,1,CG,4.943380832672119
31,1,CD1,5.2516374588012695
32,1,CD2,5.559895038604736
33,1,CE1,5.868152618408203
34,1,CE2,6.1523871421813965
35,1,CZ,5.868075847625732
36,1,N,5.583765506744385
37,1,CA,5.299454689025879
38,1,C,5.015142917633057
39,1,O,5.3430023193359375
40,1,CB,5.679245948791504
41,1,CG,6.015491008758545
42,1,CD1,6.351735591888428
43,1,CD2,6.337521076202393
44,1,CE2,6.297913074493408
45,1,N,6.258303642272949
46,1,CA,6.218695163726807
47,1,CB,5.898723125457764
48,1,SG,5.539931774139404
49,1,SG,5.181139945983887
