atom_type,importance_sum
C,6.951840877532959
CA,6.951840877532959
CB,7.56305456161499
CD,8.938260078430176
CD1,10.313460350036621
CD2,11.688665390014648
CE,13.14163875579834
CE1,14.749980926513672
CE2,16.358325958251953
CE3,17.966665267944336
CG,19.09447479248047
CG1,18.540050506591797
CG2,17.98563003540039
CH2,17.43120574951172
CZ,17.071849822998047
CZ2,18.273014068603516
CZ3,19.47418975830078
O,20.675352096557617
OH,21.87652015686035
OD1,20.76476287841797
OD2,19.65300178527832
OE1,18.541236877441406
OE2,17.429473876953125
OG,17.33561134338379
OG1,17.368989944458008
N,17.402362823486328
NE,17.43573760986328
NE1,16.382328033447266
NE2,15.01844596862793
ND1,13.654484748840332
ND2,12.290613174438477
NZ,12.219325065612793
NH1,12.794462203979492
NH2,13.369505882263184
SD,13.944555282592773
SG,14.200180053710938
UNKNOWN,14.200180053710938
