atom_index,is_real_atom,atom_type_from_onehot,importance
0,1,NE,9.56640338897705
1,1,CZ,9.56640338897705
2,1,NH2,9.829643249511719
3,1,O,10.386209487915039
4,1,CB,10.942774772644043
5,1,CG1,11.499341011047363
6,1,CG2,11.701192855834961
7,1,CB,11.41102409362793
8,1,CG,11.120855331420898
9,1,CD2,10.830687522888184
10,1,CA,10.624914169311523
11,1,CB,10.566052436828613
12,1,CA,10.507192611694336
13,1,CB,10.448332786560059
14,1,CB,10.369937896728516
15,1,SG,10.2482271194458
16,1,O,10.126516342163086
17,1,CG1,10.004806518554688
18,1,CG2,9.86077880859375
19,1,C,9.652148246765137
20,1,CB,9.443516731262207
21,1,CG,9.23488712310791
22,1,CD1,9.002153396606445
23,1,CD2,8.67462158203125
24,1,NE1,8.347087860107422
25,1,CE2,8.01955509185791
26,1,CE3,7.73527717590332
27,1,CZ2,7.698736190795898
28,1,CZ3,7.662195682525635
29,1,CH2,7.625654697418213
30,1,N,7.573375225067139
31,1,CA,7.370452404022217
32,1,CB,7.167529582977295
33,1,CD1,6.964606761932373
