atom_index,is_real_atom,atom_type_from_onehot,importance
0,1,CG,8.563386917114258
1,1,CD,8.563386917114258
2,1,CG,8.56191635131836
3,1,CD1,8.558807373046875
4,1,CD2,8.555696487426758
5,1,CD,8.55258560180664
6,1,OE1,8.519587516784668
7,1,CD2,8.445135116577148
8,1,CE2,8.370680809020996
9,1,CZ,8.296224594116211
10,1,OH,8.177412033081055
11,1,CD1,7.981381416320801
12,1,CD2,7.785350322723389
13,1,O,7.589319705963135
14,1,CG2,7.439448833465576
15,1,CG2,7.391932487487793
16,1,CD2,7.34441614151001
17,1,CE2,7.296900749206543
18,1,CZ,7.304824352264404
19,1,CA,7.473232746124268
20,1,CB,7.64164400100708
21,1,CG,7.810052871704102
22,1,CD1,8.009832382202148
23,1,CD2,8.333003997802734
24,1,CG,8.656176567077637
25,1,CD2,8.979348182678223
26,1,CD1,9.285893440246582
27,1,CG,9.497206687927246
28,1,CA,9.708518981933594
29,1,O,9.91983413696289
30,1,CB,10.072555541992188
31,1,CB,9.664491653442383
32,1,CD,9.25642204284668
33,1,N,8.848358154296875
34,1,CA,8.448953628540039
35,1,O,8.254546165466309
36,1,CB,8.060140609741211
37,1,CG,7.865734100341797
38,1,CD1,7.671328067779541
39,1,CE1,7.657899379730225
40,1,CZ,7.646950721740723
41,1,CA,7.636002540588379
42,1,C,7.6250529289245605
43,1,O,7.384181022644043
44,1,CB,7.126650333404541
45,1,CG,6.8691182136535645
46,1,CD1,6.6115851402282715
47,1,CD2,6.578854560852051
48,1,NE1,6.577250003814697
49,1,CE2,6.575645446777344
50,1,CE3,6.574041366577148
51,1,CZ2,6.70673131942749
52,1,CZ3,6.868040561676025
53,1,CH2,7.029350280761719
54,1,CB,7.190659999847412
55,1,SG,6.870669841766357
56,1,OG,6.407137393951416
57,1,CD2,5.943601608276367
