atom_type,mean_importance
C,10.224203109741211
CA,10.224203109741211
CB,10.379982948303223
CD,10.730493545532227
CD1,11.081011772155762
CD2,11.4315185546875
CE,11.714603424072266
CE1,11.862824440002441
CE2,12.011052131652832
CE3,12.159279823303223
CG,12.261080741882324
CG1,12.200406074523926
CG2,12.139731407165527
CH2,12.079056739807129
CZ,12.082477569580078
CZ2,12.598661422729492
CZ3,13.114846229553223
O,13.631031036376953
OH,14.14721393585205
OD1,13.715435028076172
OD2,13.28365707397461
OE1,12.85187816619873
OE2,12.420098304748535
OG,12.104177474975586
OG1,11.802739143371582
N,11.501302719116211
NE,11.19986629486084
NE1,11.153494834899902
NE2,11.179991722106934
ND1,11.206502914428711
ND2,11.233012199401855
NZ,11.12730598449707
NH1,10.955497741699219
NH2,10.783695220947266
SD,10.611886024475098
SG,10.535527229309082
UNKNOWN,10.535527229309082
