atom_type,count_in_topK,percent_of_topK,topk_atoms_total,K_per_sample
C,20,7.017543859649122,285,5
CA,28,9.824561403508772,285,5
CB,35,12.280701754385964,285,5
CD,14,4.912280701754386,285,5
CD1,14,4.912280701754386,285,5
CD2,11,3.8596491228070176,285,5
CE,5,1.7543859649122806,285,5
CE1,8,2.807017543859649,285,5
CE2,12,4.2105263157894735,285,5
CE3,2,0.7017543859649122,285,5
CG,21,7.368421052631578,285,5
CG1,7,2.456140350877193,285,5
CG2,17,5.964912280701754,285,5
CH2,4,1.4035087719298245,285,5
CZ,18,6.315789473684211,285,5
CZ2,0,0.0,285,5
CZ3,4,1.4035087719298245,285,5
O,32,11.228070175438596,285,5
OH,0,0.0,285,5
OD1,0,0.0,285,5
OD2,0,0.0,285,5
OE1,3,1.0526315789473684,285,5
OE2,0,0.0,285,5
OG,0,0.0,285,5
OG1,2,0.7017543859649122,285,5
N,12,4.2105263157894735,285,5
NE,5,1.7543859649122806,285,5
NE1,1,0.3508771929824561,285,5
NE2,0,0.0,285,5
ND1,1,0.3508771929824561,285,5
ND2,0,0.0,285,5
NZ,3,1.0526315789473684,285,5
NH1,1,0.3508771929824561,285,5
NH2,2,0.7017543859649122,285,5
SD,3,1.0526315789473684,285,5
SG,0,0.0,285,5
UNKNOWN,0,0.0,285,5
