atom_index,is_real_atom,atom_type_from_onehot,importance
0,1,CG1,7.032576084136963
1,1,O,7.032576084136963
2,1,CB,7.045096397399902
3,1,CG1,7.07157039642334
4,1,CG2,7.098042964935303
5,1,CA,7.124515533447266
6,1,O,7.0538177490234375
7,1,C,6.848336696624756
8,1,O,6.6428542137146
9,1,CB,6.437372207641602
10,1,CG,6.4075188636779785
11,1,CD1,6.683384895324707
12,1,CD2,6.959252834320068
13,1,CD1,7.23512077331543
14,1,C,7.4583611488342285
15,1,CB,7.56490421295166
16,1,CG,7.671449184417725
17,1,CD2,7.7779927253723145
18,1,N,7.796473026275635
19,1,CA,7.560039043426514
20,1,CB,7.323602676391602
21,1,CD1,7.087167263031006
22,1,CG,6.907533645629883
23,1,CD1,6.951320648193359
24,1,CD2,6.995108127593994
25,1,CE1,7.038895606994629
26,1,CE2,7.085699558258057
27,1,CZ,7.149785041809082
28,1,OH,7.213869094848633
29,1,C,7.2779541015625
30,1,O,7.3108906745910645
31,1,N,7.045712947845459
32,1,CA,6.780534267425537
