atom_type,importance_sum
C,4.844799995422363
CA,4.844799995422363
CB,5.033477783203125
CD,5.458075046539307
CD1,5.88262414932251
CD2,6.307219982147217
CE,6.675875663757324
CE1,6.932596206665039
CE2,7.189268589019775
CE3,7.445988655090332
CG,7.71248722076416
CG1,8.01304817199707
CG2,8.313607215881348
CH2,8.614164352416992
CZ,8.9246187210083
CZ2,9.314254760742188
CZ3,9.703889846801758
O,10.093524932861328
OH,10.483158111572266
OD1,10.14838695526123
OD2,9.813621520996094
OE1,9.478849411010742
OE2,9.144079208374023
OG,9.137679100036621
OG1,9.172318458557129
N,9.206960678100586
NE,9.241605758666992
NE1,8.708946228027344
NE2,8.014219284057617
ND1,7.319538593292236
ND2,6.624810218811035
NZ,6.481874942779541
NH1,6.614834785461426
NH2,6.747748374938965
SD,6.880708694458008
SG,6.9398088455200195
UNKNOWN,6.9398088455200195
