atom_type,importance_sum
C,5.398312091827393
CA,5.398312091827393
CB,5.8496880531311035
CD,6.8652191162109375
CD1,7.880800247192383
CD2,8.89633560180664
CE,9.628684043884277
CE1,9.794665336608887
CE2,9.960651397705078
CE3,10.126729011535645
CG,10.243377685546875
CG1,10.187580108642578
CG2,10.13178825378418
CH2,10.075994491577148
CZ,10.089512825012207
CZ2,10.657514572143555
CZ3,11.225515365600586
O,11.79351806640625
OH,12.361516952514648
OD1,11.544837951660156
OD2,10.728155136108398
OE1,9.91147518157959
OE2,9.094793319702148
OG,8.441744804382324
OG1,7.809199333190918
N,7.176602840423584
NE,6.544009685516357
NE1,6.200618743896484
NE2,5.939905643463135
ND1,5.679145336151123
ND2,5.418432712554932
NZ,5.9554572105407715
NH1,6.891347408294678
NH2,7.827237129211426
SD,8.763175964355469
SG,9.179097175598145
UNKNOWN,9.179097175598145
