atom_type,importance_sum
C,15.520051956176758
CA,15.520051956176758
CB,15.979366302490234
CD,17.012954711914062
CD1,18.046615600585938
CD2,19.080135345458984
CE,19.397235870361328
CE1,18.28135108947754
CE2,17.16546630859375
CE3,16.049585342407227
CG,15.133058547973633
CG1,14.914631843566895
CG2,14.696211814880371
CH2,14.477787971496582
CZ,14.325631141662598
CZ2,14.703585624694824
CZ3,15.081533432006836
O,15.459488868713379
OH,15.83743667602539
OD1,16.040245056152344
OD2,16.243061065673828
OE1,16.445865631103516
OE2,16.648681640625
OG,16.01535415649414
OG1,15.277510643005371
N,14.539671897888184
NE,13.801833152770996
NE1,13.63179874420166
NE2,13.623902320861816
ND1,13.616076469421387
ND2,13.608180046081543
NZ,13.023978233337402
NH1,12.151626586914062
NH2,11.279200553894043
SD,10.406838417053223
SG,10.019124031066895
UNKNOWN,10.019124031066895
