atom_index,is_real_atom,atom_type_from_onehot,importance
0,1,O,9.75892448425293
1,1,CB,9.75892448425293
2,1,CG1,9.963077545166016
3,1,CG2,10.394716262817383
4,1,CB,10.826355934143066
5,1,CG,11.257994651794434
6,1,CD2,11.421783447265625
7,1,N,11.214035987854004
8,1,CA,11.00628662109375
9,1,CB,10.798538208007812
10,1,OG,10.711372375488281
11,1,CA,10.834112167358398
12,1,C,10.9568510055542
13,1,O,11.079588890075684
14,1,CB,11.161591529846191
15,1,O,11.1532621383667
16,1,CB,11.144930839538574
17,1,SG,11.136601448059082
18,1,O,11.045072555541992
19,1,CG1,10.712713241577148
20,1,CG2,10.380349159240723
21,1,C,10.04798698425293
22,1,O,9.686541557312012
23,1,CB,9.210702896118164
24,1,CG,8.734865188598633
25,1,CD1,8.259025573730469
26,1,CD2,7.855068683624268
27,1,NE1,7.862800598144531
28,1,CE2,7.870532989501953
29,1,CE3,7.878263473510742
30,1,CZ2,7.895029067993164
31,1,CZ3,7.998258590698242
32,1,CH2,8.10148811340332
33,1,N,8.204717636108398
34,1,CA,8.294061660766602
35,1,CB,8.054810523986816
36,1,CB,7.815560340881348
37,1,CG,7.576308250427246
38,1,CD2,7.337057590484619
