atom_type,importance
C,0.18627136945724487
CA,0.18627136945724487
CB,0.19023483991622925
CD,0.19915370643138885
CD1,0.2080724537372589
CD2,0.21699142456054688
CE,0.22595049440860748
CE1,0.23498833179473877
CE2,0.24402621388435364
CE3,0.25306206941604614
CG,0.254921555519104
CG1,0.23165473341941833
CG2,0.20838791131973267
CH2,0.18512113392353058
CZ,0.16516776382923126
CZ2,0.17172208428382874
CZ3,0.17827650904655457
O,0.18483084440231323
OH,0.19138513505458832
OD1,0.1780162900686264
OD2,0.1646474301815033
OE1,0.151278555393219
OE2,0.13790975511074066
OG,0.13327963650226593
OG1,0.12974189221858978
N,0.12620416283607483
NE,0.12266642600297928
NE1,0.12293419241905212
NE2,0.12428933382034302
ND1,0.12564454972743988
ND2,0.12699876725673676
NZ,0.12548497319221497
NH1,0.12253621220588684
NH2,0.11958745121955872
SD,0.11663898825645447
SG,0.11532857269048691
UNKNOWN,0.11532857269048691
