atom_index,is_real_atom,atom_type_from_onehot,importance
0,1,O,10.304574012756348
1,1,CD1,10.304574012756348
2,1,CB,10.285687446594238
3,1,CG,10.245755195617676
4,1,CD1,10.205824851989746
5,1,N,10.165892601013184
6,1,CA,10.023971557617188
7,1,C,9.740584373474121
8,1,O,9.457198143005371
9,1,CB,9.173810958862305
10,1,CG,8.872886657714844
11,1,CD,8.541443824768066
12,1,CB,8.210000038146973
13,1,CG2,7.878554821014404
14,1,CD1,7.534543037414551
15,1,N,7.162661552429199
16,1,CA,6.790780067443848
17,1,CB,6.4188995361328125
18,1,CG1,6.138522624969482
19,1,CD1,6.1230268478393555
20,1,CB,6.107531547546387
21,1,CG,6.092036724090576
22,1,CD1,6.159524917602539
23,1,CD2,6.553417682647705
24,1,CE1,6.947310447692871
25,1,CE2,7.341201305389404
26,1,CZ,7.676692962646484
27,1,CA,7.677700996398926
28,1,C,7.678709983825684
29,1,O,7.679718494415283
30,1,CB,7.692726135253906
31,1,SG,7.820592403411865
32,1,N,7.948459148406982
33,1,CA,8.076323509216309
34,1,C,8.194162368774414
35,1,O,8.074706077575684
36,1,CB,7.955248832702637
37,1,OG,7.835790634155273
38,1,N,7.716333389282227
39,1,C,7.820442199707031
40,1,N,7.927611827850342
41,1,CA,8.034782409667969
42,1,CB,8.141951560974121
43,1,CD,7.902238368988037
44,1,CG,7.637388229370117
45,1,CD1,7.372538089752197
46,1,CD2,7.107686519622803
