atom_type,importance
C,0.07519538700580597
CA,0.07519538700580597
CB,0.08142455667257309
CD,0.09543979912996292
CD1,0.10945552587509155
CD2,0.12347124516963959
CE,0.13631457090377808
CE1,0.14681695401668549
CE2,0.15731827914714813
CE3,0.16781964898109436
CG,0.17528846859931946
CG1,0.17214278876781464
CG2,0.1689971387386322
CH2,0.16585148870944977
CZ,0.16524039208889008
CZ2,0.1849057823419571
CZ3,0.20457109808921814
O,0.22423748672008514
OH,0.24390284717082977
OD1,0.2345559448003769
OD2,0.225209042429924
OE1,0.2158614546060562
OE2,0.20651434361934662
OG,0.2162691205739975
OG1,0.22841204702854156
N,0.24055422842502594
NE,0.25269651412963867
NE1,0.2624419331550598
NE2,0.2715049982070923
ND1,0.2805660665035248
ND2,0.2896270155906677
NZ,0.29041430354118347
NH1,0.2870619595050812
NH2,0.2837095558643341
SD,0.2803571820259094
SG,0.2788669466972351
UNKNOWN,0.2788669466972351
