atom_type,importance
C,0.05313267931342125
CA,0.05313267931342125
CB,0.05523650348186493
CD,0.05996881425380707
CD1,0.06470173597335815
CD2,0.069434754550457
CE,0.07312052696943283
CE1,0.07471415400505066
CE2,0.07630779594182968
CE3,0.0779014378786087
CG,0.07893747836351395
CG1,0.07802309095859528
CG2,0.07710868865251541
CH2,0.07619430869817734
CZ,0.07439322769641876
CZ2,0.06549865007400513
CZ3,0.0566040500998497
O,0.04770945385098457
OH,0.038814857602119446
OD1,0.03006841614842415
OD2,0.021321982145309448
OE1,0.012575536035001278
OE2,0.0038290400989353657
OG,0.002857208251953125
OG1,0.002857208251953125
N,0.002857208251953125
NE,0.002857208251953125
NE1,0.003121061949059367
NE2,0.003460305044427514
ND1,0.0037995504681020975
ND2,0.004138794727623463
NZ,0.016035327687859535
NH1,0.03371043503284454
NH2,0.05138560011982918
SD,0.06906075775623322
SG,0.07691632956266403
UNKNOWN,0.07691632956266403
