atom_type,importance
C,0.07638473063707352
CA,0.07638473063707352
CB,0.07976502180099487
CD,0.08737146854400635
CD1,0.0949779599905014
CD2,0.10258378088474274
CE,0.10960733890533447
CE1,0.11546316742897034
CE2,0.12132032960653305
CE3,0.12717615067958832
CG,0.1345468908548355
CG1,0.14721645414829254
CG2,0.15988603234291077
CH2,0.17255562543869019
CZ,0.18307125568389893
CZ2,0.17635582387447357
CZ3,0.16964037716388702
O,0.16292491555213928
OH,0.15620946884155273
OD1,0.15597516298294067
OD2,0.15574082732200623
OE1,0.15550649166107178
OE2,0.15527215600013733
OG,0.14649738371372223
OG1,0.1366550326347351
N,0.12681268155574799
NE,0.11697033047676086
NE1,0.12296155095100403
NE2,0.1334761381149292
ND1,0.1439906805753708
ND2,0.15450647473335266
NZ,0.1622249186038971
NH1,0.16854457557201385
NH2,0.17486558854579926
SD,0.18118524551391602
SG,0.18399472534656525
UNKNOWN,0.18399472534656525
