atom_index,is_real_atom,atom_type_from_onehot,importance
0,1,O,9.890721321105957
1,1,CA,9.890721321105957
2,1,O,9.924198150634766
3,1,CB,9.994976997375488
4,1,CG2,10.065755844116211
5,1,CG,10.1365327835083
6,1,CD2,10.260604858398438
7,1,CA,10.458601951599121
8,1,O,10.656598091125488
9,1,CB,10.854591369628906
10,1,CG,10.988033294677734
11,1,CD,11.009100914001465
12,1,CA,11.030166625976562
13,1,C,11.05123233795166
14,1,O,10.992880821228027
15,1,CB,10.758423805236816
16,1,CG,10.523966789245605
17,1,CD2,10.289510726928711
18,1,N,10.06926441192627
19,1,CA,9.890157699584961
20,1,OG1,9.711050033569336
21,1,CG2,9.531942367553711
22,1,CB,9.37221908569336
23,1,CG1,9.28873348236084
24,1,CG2,9.205251693725586
25,1,CD1,9.121768951416016
26,1,CE1,9.002864837646484
27,1,CE2,8.681097030639648
28,1,CZ,8.359329223632812
29,1,C,8.037561416625977
30,1,O,7.768823623657227
31,1,N,8.007646560668945
32,1,CA,8.246471405029297
33,1,CB,8.485294342041016
34,1,CD1,8.698556900024414
35,1,CA,8.306863784790039
36,1,CB,7.915172100067139
37,1,CG2,7.523478984832764
