atom_type,importance_sum
C,13.479288101196289
CA,13.479288101196289
CB,13.96989917755127
CD,15.073745727539062
CD1,16.177589416503906
CD2,17.281387329101562
CE,17.84771728515625
CE1,17.338956832885742
CE2,16.830148696899414
CE3,16.321340560913086
CG,15.788751602172852
CG1,15.173093795776367
CG2,14.557435989379883
CH2,13.941781997680664
CZ,13.44024658203125
CZ2,13.851709365844727
CZ3,14.263171195983887
O,14.674633026123047
OH,15.086091995239258
OD1,14.855751991271973
OD2,14.625408172607422
OE1,14.395065307617188
OE2,14.164725303649902
OG,13.811875343322754
OG1,13.443710327148438
N,13.075547218322754
NE,12.707383155822754
NE1,11.866645812988281
NE2,10.890918731689453
ND1,9.915099143981934
ND2,8.93936538696289
NZ,8.554861068725586
NH1,8.46605396270752
NH2,8.377208709716797
SD,8.288400650024414
SG,8.248918533325195
UNKNOWN,8.248918533325195
