atom_index,is_real_atom,atom_type_from_onehot,importance
0,1,O,9.617297172546387
1,1,CG,9.617297172546387
2,1,CD,9.699422836303711
3,1,NE,9.873063087463379
4,1,CZ,10.046700477600098
5,1,NH1,10.220338821411133
6,1,CD1,10.348124504089355
7,1,CE1,10.412314414978027
8,1,C,10.476505279541016
9,1,O,10.540693283081055
10,1,CB,10.541728973388672
11,1,CG1,10.432832717895508
12,1,CG2,10.323935508728027
13,1,CB,10.215038299560547
14,1,CG,10.033770561218262
15,1,OD1,9.692030906677246
16,1,ND2,9.350289344787598
17,1,CD1,9.008549690246582
18,1,O,8.788253784179688
19,1,CG,8.919514656066895
20,1,CD1,9.050772666931152
21,1,CD2,9.18203353881836
22,1,CG2,9.101988792419434
23,1,CG,8.190813064575195
24,1,CD1,7.279634475708008
25,1,CD2,6.368459701538086
