atom_index,is_real_atom,atom_type_from_onehot,importance
0,1,CG,10.77448558807373
1,1,CD1,10.77448558807373
2,1,CE1,11.056451797485352
3,1,CE2,11.652605056762695
4,1,CZ,12.248762130737305
5,1,CG2,12.844917297363281
6,1,CG,13.043496131896973
7,1,OD1,12.690598487854004
8,1,ND2,12.337702751159668
9,1,CB,11.984806060791016
10,1,OG1,11.759279251098633
11,1,CG2,11.75546932220459
12,1,CD1,11.751659393310547
13,1,CD2,11.747849464416504
14,1,CE2,11.556361198425293
15,1,CZ,10.948710441589355
16,1,OH,10.34106159210205
17,1,CG,9.73341178894043
18,1,CD1,9.24106216430664
19,1,CD2,9.082463264465332
20,1,CG,8.923866271972656
21,1,CD1,8.76526927947998
22,1,CD2,8.573272705078125
23,1,NE1,8.249909400939941
24,1,CE2,7.926546573638916
25,1,CE3,7.603184223175049
26,1,CZ2,7.241690635681152
27,1,CZ3,6.661819934844971
28,1,CH2,6.0819478034973145
