atom_type,importance_sum
C,3.0615744590759277
CA,3.0615744590759277
CB,3.4630422592163086
CD,4.366289138793945
CD1,5.269532680511475
CD2,6.172791004180908
CE,7.089470863342285
CE1,8.032928466796875
CE2,8.976357460021973
CE3,9.919894218444824
CG,11.017704010009766
CG1,12.655801773071289
CG2,14.293906211853027
CH2,15.93200969696045
CZ,17.318920135498047
CZ2,16.696338653564453
CZ3,16.073760986328125
O,15.451180458068848
OH,14.82860279083252
OD1,13.972304344177246
OD2,13.116010665893555
OE1,12.259714126586914
OE2,11.40341854095459
OG,10.759286880493164
OG1,10.141674995422363
N,9.524065017700195
NE,8.906435012817383
NE1,9.09005069732666
NE2,9.502498626708984
ND1,9.915040969848633
ND2,10.327576637268066
NZ,10.956136703491211
NH1,11.692906379699707
NH2,12.429577827453613
SD,13.166346549987793
SG,13.493733406066895
UNKNOWN,13.493733406066895
