atom_type,importance
C,0.08614618331193924
CA,0.08614618331193924
CB,0.09510699659585953
CD,0.11526716500520706
CD1,0.1354280412197113
CD2,0.1555885523557663
CE,0.16991981863975525
CE1,0.17259512841701508
CE2,0.17526914179325104
CE3,0.1779431849718094
CG,0.1780530959367752
CG1,0.16918498277664185
CG2,0.1603168398141861
CH2,0.15144868195056915
CZ,0.14456163346767426
CZ2,0.15352314710617065
CZ3,0.1624845713376999
O,0.1714460402727127
OH,0.18040750920772552
OD1,0.16788259148597717
OD2,0.1553577184677124
OE1,0.14283277094364166
OE2,0.1303078532218933
OG,0.13132742047309875
OG1,0.13404010236263275
N,0.13675272464752197
NE,0.13946539163589478
NE1,0.1436096578836441
NE2,0.14816300570964813
ND1,0.15271630883216858
ND2,0.15727093815803528
NZ,0.15772190690040588
NH1,0.15612168610095978
NH2,0.15452146530151367
SD,0.15292121469974518
SG,0.15220966935157776
UNKNOWN,0.15220966935157776
