atom_type,importance
C,0.1314598023891449
CA,0.1314598023891449
CB,0.13633610308170319
CD,0.1473059356212616
CD1,0.15827572345733643
CD2,0.16924551129341125
CE,0.17534685134887695
CE1,0.1717071533203125
CE2,0.16806885600090027
CE3,0.16443054378032684
CG,0.15916047990322113
CG1,0.148179829120636
CG2,0.13719913363456726
CH2,0.1262185126543045
CZ,0.11697328835725784
CZ2,0.12161146849393845
CZ3,0.12624961137771606
O,0.13088779151439667
OH,0.13552597165107727
OD1,0.1445184201002121
OD2,0.1535109132528305
OE1,0.16250339150428772
OE2,0.17149586975574493
OG,0.16695670783519745
OG1,0.1607261449098587
N,0.154495507478714
NE,0.14826489984989166
NE1,0.15325351059436798
NE2,0.16144773364067078
ND1,0.16964326798915863
ND2,0.1778375506401062
NZ,0.1824604719877243
NH1,0.18529780209064484
NH2,0.18813516199588776
SD,0.19097384810447693
SG,0.19223473966121674
UNKNOWN,0.19223473966121674
