atom_index,is_real_atom,atom_type_from_onehot,importance
0,1,CG,12.134140014648438
1,1,CD2,12.134140014648438
2,1,CA,12.542149543762207
3,1,C,13.404797554016113
4,1,O,14.267449378967285
5,1,C,15.130097389221191
6,1,O,15.392716407775879
7,1,CB,14.823034286499023
8,1,CG2,14.253351211547852
9,1,CD1,13.683670043945312
10,1,N,13.332695960998535
11,1,CA,13.362443923950195
12,1,C,13.392189025878906
13,1,O,13.42193603515625
14,1,C,13.256157875061035
15,1,O,12.656839370727539
16,1,CB,12.057519912719727
17,1,SG,11.458197593688965
18,1,N,10.910686492919922
19,1,CA,10.513147354125977
20,1,CD1,10.115607261657715
21,1,CB,9.718070030212402
