atom_type,importance_sum
C,9.126371383666992
CA,9.126371383666992
CB,9.846864700317383
CD,11.467987060546875
CD1,13.089007377624512
CD2,14.710135459899902
CE,15.497457504272461
CE1,14.617180824279785
CE2,13.736907005310059
CE3,12.856632232666016
CG,11.978411674499512
CG1,11.107274055480957
CG2,10.236140251159668
CH2,9.365006446838379
CZ,8.680336952209473
CZ2,9.487397193908691
CZ3,10.29445743560791
O,11.101519584655762
OH,11.908578872680664
OD1,12.345450401306152
OD2,12.782323837280273
OE1,13.219195365905762
OE2,13.6560697555542
OG,13.424446105957031
OG1,13.109262466430664
N,12.79407787322998
NE,12.47889232635498
NE1,12.33165168762207
NE2,12.23235034942627
ND1,12.13315486907959
ND2,12.033855438232422
NZ,12.169175148010254
NH1,12.4217529296875
NH2,12.674332618713379
SD,12.926911354064941
SG,13.039222717285156
UNKNOWN,13.039222717285156
