atom_type,importance
C,0.08056161552667618
CA,0.08056161552667618
CB,0.08927423506975174
CD,0.1088784784078598
CD1,0.12848202884197235
CD2,0.1480870097875595
CE,0.16114506125450134
CE1,0.1611078977584839
CE2,0.16107214987277985
CE3,0.1610364019870758
CG,0.15876099467277527
CG1,0.14864481985569
CG2,0.13852860033512115
CH2,0.1284123808145523
CZ,0.11994852870702744
CZ2,0.1247030645608902
CZ3,0.12945756316184998
O,0.13421209156513214
OH,0.1389666199684143
OD1,0.140788272023201
OD2,0.14260996878147125
OE1,0.14443163573741913
OE2,0.1462533324956894
OG,0.13974310457706451
OG1,0.13219134509563446
N,0.1246396154165268
NE,0.11708787083625793
NE1,0.11112049221992493
NE2,0.10560630261898041
ND1,0.1000920832157135
ND2,0.09457787126302719
NZ,0.09831005334854126
NH1,0.10666543245315552
NH2,0.11502080410718918
SD,0.12337686866521835
SG,0.1270902305841446
UNKNOWN,0.1270902305841446
