atom_type,importance_sum
C,10.257173538208008
CA,10.257173538208008
CB,10.548803329467773
CD,11.204998016357422
CD1,11.861191749572754
CD2,12.517387390136719
CE,12.761492729187012
CE1,12.181310653686523
CE2,11.601235389709473
CE3,11.021055221557617
CG,10.323410034179688
CG1,9.214427947998047
CG2,8.105445861816406
CH2,6.996465682983398
CZ,6.1162638664245605
CZ2,7.066305160522461
CZ3,8.016345024108887
O,8.96638298034668
OH,9.916425704956055
OD1,10.229758262634277
OD2,10.543097496032715
OE1,10.856430053710938
OE2,11.169769287109375
OG,11.26855182647705
OG1,11.340516090393066
N,11.412480354309082
NE,11.484447479248047
NE1,11.434296607971191
NE2,11.349344253540039
ND1,11.264394760131836
ND2,11.179441452026367
NZ,11.220776557922363
NH1,11.325261116027832
NH2,11.429743766784668
SD,11.534226417541504
SG,11.580680847167969
UNKNOWN,11.580680847167969
