atom_type,importance
C,0.12359152734279633
CA,0.12359152734279633
CB,0.1288021057844162
CD,0.1405259668827057
CD1,0.15224871039390564
CD2,0.16397255659103394
CE,0.1743466556072235
CE1,0.18202006816864014
CE2,0.18969453871250153
CE3,0.19736796617507935
CG,0.20415621995925903
CG1,0.20784276723861694
CG2,0.2115292251110077
CH2,0.21521568298339844
CZ,0.2199375182390213
CZ2,0.2329414337873459
CZ3,0.24594545364379883
O,0.25894948840141296
OH,0.27195340394973755
OD1,0.2716316878795624
OD2,0.27130988240242004
OE1,0.27098819613456726
OE2,0.2706663906574249
OG,0.2607083320617676
OG1,0.24954579770565033
N,0.23838315904140472
NE,0.2272205650806427
NE1,0.2215568870306015
NE2,0.2174631953239441
ND1,0.21337051689624786
ND2,0.20927786827087402
NZ,0.2066279500722885
NH1,0.20469936728477478
NH2,0.20277072489261627
SD,0.2008432298898697
SG,0.19998516142368317
UNKNOWN,0.19998516142368317
