atom_index,is_real_atom,atom_type_from_onehot,importance
0,1,CG,5.367115020751953
1,1,CD1,5.367115020751953
2,1,CD2,5.399557590484619
3,1,NE1,5.468153953552246
4,1,CE2,5.536750316619873
5,1,CE3,5.605346202850342
6,1,CZ2,5.554004669189453
7,1,CZ3,5.336297035217285
8,1,CH2,5.118590354919434
9,1,CG2,4.900883674621582
10,1,CD1,4.8118791580200195
11,1,CE1,4.946915626525879
12,1,CE2,5.0819525718688965
13,1,CZ,5.2169880867004395
14,1,CB,5.242446422576904
15,1,CG,5.024925708770752
16,1,CD1,4.807405471801758
17,1,CD2,4.5898847579956055
18,1,CE1,4.446699142456055
19,1,CE2,4.51869535446167
20,1,CZ,4.5906901359558105
21,1,CB,4.662684917449951
22,1,CG,4.75501012802124
23,1,CD1,4.9272942543029785
24,1,CD2,5.099579334259033
25,1,NE1,5.2718634605407715
26,1,CE2,5.386716842651367
27,1,CE3,5.172651290893555
28,1,CZ2,4.9585862159729
29,1,CZ3,4.74452018737793
30,1,CH2,4.579866409301758
31,1,CG2,4.888151168823242
32,1,CB,5.196435928344727
33,1,SG,5.5047221183776855
34,1,CG,5.800938606262207
35,1,CD1,5.8115434646606445
36,1,CD2,5.82214879989624
37,1,CD1,5.832754135131836
38,1,CE1,5.843359470367432
39,1,CZ,5.267406940460205
