atom_index,is_real_atom,atom_type_from_onehot,importance
0,1,CG,5.4016242027282715
1,1,CD1,5.4016242027282715
2,1,CD2,5.302674770355225
3,1,CE1,5.093466758728027
4,1,CE2,4.88425874710083
5,1,CZ,4.675048828125
6,1,CG,4.620418071746826
7,1,CA,4.780197620391846
8,1,C,4.939976215362549
9,1,O,5.099756240844727
10,1,CB,5.260866641998291
11,1,CG1,5.424294471740723
12,1,CG2,5.5877203941345215
13,1,CD1,5.751147747039795
14,1,CA,5.829569339752197
15,1,C,5.719499111175537
16,1,O,5.609428882598877
17,1,CB,5.499360084533691
18,1,CG,5.382200717926025
19,1,CD1,5.244518280029297
20,1,CD2,5.106837272644043
21,1,N,4.969154357910156
22,1,CA,4.827227592468262
23,1,C,4.668606758117676
24,1,O,4.509984493255615
25,1,CB,4.351363182067871
26,1,CG1,4.227959632873535
27,1,CG2,4.3062520027160645
28,1,CA,4.384544372558594
29,1,CB,4.4628376960754395
30,1,CG1,4.546595096588135
31,1,CG2,4.682655334472656
32,1,CG,4.818715572357178
33,1,CD1,4.954775333404541
34,1,CD2,5.074223518371582
35,1,CD2,4.800511837005615
36,1,CE2,4.526802062988281
37,1,CA,4.253091812133789
38,1,C,3.9793808460235596
39,1,O,4.139271259307861
40,1,CB,4.305100440979004
41,1,CG,4.470930576324463
42,1,CD1,4.636760711669922
43,1,CD2,4.714903354644775
44,1,CE1,4.786692142486572
45,1,CE2,4.858480930328369
46,1,CZ,4.930271148681641
47,1,N,4.887819766998291
48,1,CA,4.82955265045166
49,1,C,4.771284103393555
50,1,O,4.713015556335449
51,1,CB,4.787264823913574
52,1,CG1,4.889753341674805
53,1,CG2,4.992243766784668
