atom_type,importance
C,0.0863337591290474
CA,0.0863337591290474
CB,0.09032190591096878
CD,0.09929691255092621
CD1,0.10827116668224335
CD2,0.11724599450826645
CE,0.12153039127588272
CE1,0.1164330542087555
CE2,0.1113368570804596
CE3,0.10623981803655624
CG,0.10290498286485672
CG1,0.10573771595954895
CG2,0.10857120156288147
CH2,0.1114039495587349
CZ,0.11447399109601974
CZ2,0.11944250762462616
CZ3,0.12441100925207138
O,0.1293794959783554
OH,0.13434801995754242
OD1,0.12758491933345795
OD2,0.12082181125879288
OE1,0.1140587255358696
OE2,0.10729514807462692
OG,0.09800846874713898
OG1,0.08840662240982056
N,0.07880478352308273
NE,0.0692029669880867
NE1,0.06945635378360748
NE2,0.07252592593431473
ND1,0.07559474557638168
ND2,0.07866432517766953
NZ,0.08634541928768158
NH1,0.09633193165063858
NH2,0.10631915181875229
SD,0.11630567908287048
SG,0.12074445188045502
UNKNOWN,0.12074445188045502
