atom_index,is_real_atom,atom_type_from_onehot,importance
0,1,O,10.328779220581055
1,1,CG2,10.328779220581055
2,1,O,10.043069839477539
3,1,CB,9.438998222351074
4,1,CG1,8.83492660522461
5,1,N,8.230854988098145
6,1,CB,7.680506706237793
7,1,CB,7.204677581787109
8,1,SG,6.728847980499268
