atom_index,is_real_atom,atom_type_from_onehot,importance
0,1,CG2,7.277858734130859
1,1,CD1,7.277858734130859
2,1,CB,7.287984371185303
3,1,CG2,7.3093953132629395
4,1,CA,7.330804824829102
5,1,O,7.352214813232422
6,1,CB,7.370091915130615
7,1,CG1,7.383067607879639
8,1,CG2,7.396043300628662
9,1,CD1,7.409018039703369
10,1,C,7.29746150970459
11,1,O,6.96912956237793
12,1,CB,6.640795707702637
13,1,CG2,6.31246280670166
14,1,CD1,6.068449020385742
15,1,N,6.0114054679870605
16,1,CA,5.954361438751221
17,1,C,5.897317886352539
18,1,O,5.898506164550781
19,1,CB,6.06825590133667
20,1,OG1,6.238006591796875
21,1,CG2,6.407756805419922
22,1,CG,6.531346321105957
23,1,CD2,6.473371505737305
24,1,CD1,6.415396690368652
25,1,CA,6.357420921325684
26,1,C,6.312527656555176
27,1,O,6.342552661895752
28,1,CB,6.3725786209106445
29,1,N,6.402604103088379
30,1,CA,6.420278549194336
31,1,C,6.319730281829834
32,1,CG2,6.219181060791016
33,1,N,6.118633270263672
34,1,CA,6.014001846313477
35,1,SG,5.812757968902588
36,1,CE1,5.611512184143066
37,1,CE2,5.4102678298950195
38,1,CZ,5.209023475646973
39,1,OH,4.818548679351807
