atom_type,importance_sum
C,3.4038219451904297
CA,3.4038219451904297
CB,3.8534653186798096
CD,4.865163326263428
CD1,5.876861095428467
CD2,6.888560771942139
CE,7.461845397949219
CE1,7.158356666564941
CE2,6.854912281036377
CE3,6.551422119140625
CG,6.51786994934082
CG1,7.428990364074707
CG2,8.340154647827148
CH2,9.251274108886719
CZ,10.180895805358887
CZ2,11.258528709411621
CZ3,12.336160659790039
O,13.413793563842773
OH,14.491423606872559
OD1,12.85425853729248
OD2,11.217086791992188
OE1,9.579919815063477
OE2,7.942705154418945
OG,7.8546600341796875
OG1,7.9602532386779785
N,8.065861701965332
NE,8.171483039855957
NE1,8.269587516784668
NE2,8.365660667419434
ND1,8.461736679077148
ND2,8.55781364440918
NZ,8.155050277709961
NH1,7.502902030944824
NH2,6.850721836090088
SD,6.198584079742432
SG,5.90874719619751
UNKNOWN,5.90874719619751
