atom_index,is_real_atom,atom_type_from_onehot,importance
0,1,N,6.021340847015381
1,1,CA,6.021340847015381
2,1,CB,6.21354866027832
3,1,CG1,6.619931221008301
4,1,CG2,7.0263142585754395
5,1,CB,7.4326958656311035
6,1,CG,7.549246788024902
7,1,CD1,7.26377534866333
8,1,CG,6.978304386138916
9,1,CD2,6.6928324699401855
10,1,CD1,6.442318439483643
11,1,CA,6.252656936645508
12,1,C,6.0629963874816895
13,1,O,5.8733344078063965
14,1,CB,5.758510112762451
15,1,CG,5.809627532958984
16,1,CD1,5.860745429992676
17,1,CD2,5.911862850189209
18,1,CE1,5.997109889984131
19,1,CE2,6.181151866912842
20,1,CZ,6.3651933670043945
21,1,OH,6.549234390258789
22,1,CA,6.777956008911133
23,1,C,7.182413101196289
24,1,O,7.586872100830078
25,1,CB,7.991330623626709
26,1,CD1,8.345832824707031
27,1,N,8.414223670959473
28,1,CA,8.482612609863281
29,1,CB,8.551000595092773
30,1,OG,8.62126636505127
31,1,CG1,8.709471702575684
32,1,CB,8.797677040100098
33,1,CG1,8.885882377624512
34,1,CG2,8.961835861206055
35,1,CA,8.747797012329102
36,1,OG1,8.533760070800781
37,1,CB,8.319722175598145
38,1,CG1,8.105684280395508
39,1,CG2,7.5830183029174805
