atom_type,importance_sum
C,8.731475830078125
CA,8.731475830078125
CB,8.76888656616211
CD,8.85313606262207
CD1,8.937378883361816
CD2,9.021539688110352
CE,9.18770694732666
CE1,9.517631530761719
CE2,9.847555160522461
CE3,10.177481651306152
CG,10.475445747375488
CG1,10.661646842956543
CG2,10.847845077514648
CH2,11.03404426574707
CZ,11.250396728515625
CZ2,11.70797348022461
CZ3,12.165550231933594
O,12.623127937316895
OH,13.080706596374512
OD1,12.614108085632324
OD2,12.147513389587402
OE1,11.680917739868164
OE2,11.21432113647461
OG,10.954821586608887
OG1,10.721207618713379
N,10.487602233886719
NE,10.253990173339844
NE1,9.321805000305176
NE2,8.189981460571289
ND1,7.05820894241333
ND2,5.926408767700195
NZ,5.458339691162109
NH1,5.3221330642700195
NH2,5.185927391052246
SD,5.049726963043213
SG,4.989192962646484
UNKNOWN,4.989192962646484
