atom_type,importance
C,0.07565240561962128
CA,0.07565240561962128
CB,0.07654301822185516
CD,0.07854631543159485
CD1,0.08055000752210617
CD2,0.08255328238010406
CE,0.08507977426052094
CE1,0.08865185081958771
CE2,0.09222392737865448
CE3,0.09579548239707947
CG,0.10063090175390244
CG1,0.10988759249448776
CG2,0.11914429068565369
CH2,0.1284010261297226
CZ,0.1388065665960312
CZ2,0.15840253233909607
CZ3,0.17799851298332214
O,0.19759447872638702
OH,0.2171904742717743
OD1,0.2167474627494812
OD2,0.2163044810295105
OE1,0.2158614546060562
OE2,0.21541842818260193
OG,0.21451306343078613
OG1,0.2135498821735382
N,0.2125866562128067
NE,0.21162350475788116
NE1,0.23165936768054962
NE2,0.2576938569545746
ND1,0.28372788429260254
ND2,0.30976399779319763
NZ,0.30754348635673523
NH1,0.2911977767944336
NH2,0.2748500406742096
SD,0.25850433111190796
SG,0.25123900175094604
UNKNOWN,0.25123900175094604
