atom_type,importance
C,0.12786045670509338
CA,0.12786045670509338
CB,0.1333334594964981
CD,0.14564622938632965
CD1,0.15795892477035522
CD2,0.17027172446250916
CE,0.1754687875509262
CE1,0.1664380431175232
CE2,0.15740732848644257
CE3,0.14837665855884552
CG,0.14105013012886047
CG1,0.13969267904758453
CG2,0.1383351981639862
CH2,0.13697774708271027
CZ,0.13780225813388824
CZ2,0.1560826301574707
CZ3,0.17436300218105316
O,0.19264332950115204
OH,0.21092373132705688
OD1,0.20880474150180817
OD2,0.20668575167655945
OE1,0.2045668214559555
OE2,0.20244775712490082
OG,0.20136098563671112
OG1,0.20040321350097656
N,0.1994454562664032
NE,0.19848772883415222
NE1,0.2073252648115158
NE2,0.21896232664585114
ND1,0.23059974610805511
ND2,0.24223648011684418
NZ,0.24357305467128754
NH1,0.23975703120231628
NH2,0.23594345152378082
SD,0.23212911188602448
SG,0.2304334193468094
UNKNOWN,0.2304334193468094
