atom_index,is_real_atom,atom_type_from_onehot,importance
0,1,OG,6.789889335632324
1,1,CB,6.789889335632324
2,1,CG,6.821020126342773
3,1,CD1,6.886838912963867
4,1,CD2,6.952655792236328
5,1,CE2,7.018474102020264
6,1,CZ,7.106252193450928
7,1,OG1,7.224491119384766
8,1,CG,7.342729568481445
9,1,CD1,7.460968017578125
10,1,CD2,7.561083793640137
11,1,CE1,7.6296491622924805
12,1,CE2,7.698216438293457
13,1,CZ,7.766781806945801
14,1,CA,7.855149269104004
15,1,C,7.987422943115234
16,1,O,8.119695663452148
17,1,CB,8.251970291137695
18,1,CG,8.390669822692871
19,1,CD2,8.5479736328125
20,1,N,8.705277442932129
21,1,CA,8.862581253051758
22,1,CB,8.958895683288574
23,1,CG,8.815322875976562
24,1,CD,8.671749114990234
25,1,OE2,8.528175354003906
26,1,CB,8.366539001464844
27,1,CG,8.101458549499512
28,1,CD2,7.8363776206970215
29,1,CD2,7.571295738220215
