atom_type,importance_sum
C,4.643606662750244
CA,4.643606662750244
CB,4.892922401428223
CD,5.453886032104492
CD1,6.014848709106445
CD2,6.575812339782715
CE,7.111458778381348
CE1,7.5964179039001465
CE2,8.081426620483398
CE3,8.566338539123535
CG,9.11516284942627
CG1,9.887202262878418
CG2,10.659241676330566
CH2,11.431280136108398
CZ,12.073121070861816
CZ2,11.673401832580566
CZ3,11.273685455322266
O,10.873967170715332
OH,10.474250793457031
OD1,9.935287475585938
OD2,9.396326065063477
OE1,8.8573637008667
OE2,8.318401336669922
OG,8.413544654846191
OG1,8.587956428527832
N,8.762362480163574
NE,8.936773300170898
NE1,8.229665756225586
NE2,7.270703315734863
ND1,6.311739444732666
ND2,5.352778434753418
NZ,4.9367756843566895
NH1,4.792275905609131
NH2,4.647777080535889
SD,4.50327730178833
SG,4.439060211181641
UNKNOWN,4.439060211181641
