atom_index,is_real_atom,atom_type_from_onehot,importance
0,1,CB,8.873011589050293
1,1,CG,8.873011589050293
2,1,CD1,8.96163558959961
3,1,CD2,9.149008750915527
4,1,NE1,9.336381912231445
5,1,CE2,9.523752212524414
6,1,CE3,9.651833534240723
7,1,CZ2,9.697664260864258
8,1,CZ3,9.74349594116211
9,1,CH2,9.789326667785645
10,1,C,9.854174613952637
11,1,CG2,9.95212173461914
12,1,N,10.05007266998291
13,1,CA,10.148021697998047
14,1,CB,10.102530479431152
15,1,CG,9.738986015319824
16,1,CD1,9.375438690185547
17,1,CD2,9.011893272399902
18,1,CA,8.60494613647461
19,1,C,8.072368621826172
20,1,CB,7.539789199829102
