atom_index,is_real_atom,atom_type_from_onehot,importance
0,1,CD2,7.484962463378906
1,1,CE1,7.484962463378906
2,1,NE2,7.796573162078857
3,1,CD1,8.45541000366211
4,1,CE1,9.11424446105957
5,1,CE2,9.77308177947998
6,1,CZ,10.00051498413086
7,1,CE2,9.629541397094727
8,1,CZ,9.258573532104492
9,1,OH,8.887604713439941
10,1,CE1,8.545171737670898
11,1,CE2,8.252413749694824
12,1,CZ,7.959656238555908
13,1,CG2,7.666897296905518
14,1,CG,7.353645324707031
15,1,CD1,6.994951248168945
16,1,CD2,6.636254787445068
17,1,NE1,6.277560234069824
18,1,CE2,5.951338291168213
19,1,CE3,5.719120502471924
20,1,CZ2,5.486901760101318
21,1,CZ3,5.2546820640563965
22,1,CH2,4.998147010803223
