atom_type,importance_sum
C,2.8841426372528076
CA,2.8841426372528076
CB,3.0596582889556885
CD,3.4546079635620117
CD1,3.8495311737060547
CD2,4.244455337524414
CE,4.688492774963379
CE1,5.230653762817383
CE2,5.772765159606934
CE3,6.314926624298096
CG,6.866103649139404
CG1,7.448726654052734
CG2,8.031351089477539
CH2,8.613973617553711
CZ,9.139908790588379
CZ2,9.212343215942383
CZ3,9.28477954864502
O,9.357215881347656
OH,9.429652214050293
OD1,8.519492149353027
OD2,7.6093339920043945
OE1,6.69917631149292
OE2,5.789018154144287
OG,5.182675361633301
OG1,4.6143083572387695
N,4.045928001403809
NE,3.477551221847534
NE1,3.6325321197509766
NE2,3.994140386581421
ND1,4.355800628662109
ND2,4.717409610748291
NZ,4.927589416503906
NH1,5.062085151672363
NH2,5.1965813636779785
SD,5.331080436706543
SG,5.390888214111328
UNKNOWN,5.390888214111328
