atom_index,is_real_atom,atom_type_from_onehot,importance
0,1,CB,9.337684631347656
1,1,CG2,9.337684631347656
2,1,CD1,9.597883224487305
3,1,CA,10.148017883300781
4,1,C,10.698150634765625
5,1,O,11.248283386230469
6,1,CB,11.376319885253906
7,1,CG,10.918863296508789
8,1,C,10.461405754089355
9,1,O,10.003950119018555
10,1,CB,9.575348854064941
11,1,CG2,9.196978569030762
12,1,N,8.818611145019531
13,1,CA,8.440242767333984
14,1,C,8.168242454528809
15,1,CB,8.132100105285645
16,1,OG,8.09595775604248
17,1,CA,8.059815406799316
18,1,C,8.036797523498535
19,1,O,8.051773071289062
20,1,CB,8.06674861907959
21,1,N,8.081724166870117
22,1,CA,8.138954162597656
23,1,SD,8.36237621307373
24,1,CE,8.58580207824707
25,1,CZ,8.809224128723145
26,1,NH1,8.927996635437012
27,1,NH2,8.447404861450195
28,1,CZ2,7.966809272766113
29,1,CZ3,7.486216068267822
30,1,CH2,7.008828163146973
31,1,CG1,6.56213903427124
32,1,CD1,6.115448951721191
33,1,CG,5.668759822845459
34,1,CD1,5.238038063049316
35,1,CD2,5.185244560241699
36,1,CE1,5.13245153427124
37,1,CE2,5.079658508300781
38,1,CZ,5.026864528656006
39,1,OH,4.927663326263428
40,1,CE2,4.827826499938965
41,1,CZ,4.727989673614502
42,1,OH,4.628152847290039
