atom_type,importance_sum
C,6.901819705963135
CA,6.901819705963135
CB,7.309135437011719
CD,8.22557258605957
CD1,9.142009735107422
CD2,10.058511734008789
CE,10.913506507873535
CE1,11.645648956298828
CE2,12.377873420715332
CE3,13.110011100769043
CG,13.501723289489746
CG1,12.7018461227417
CG2,11.901966094970703
CH2,11.102086067199707
CZ,10.454510688781738
CZ2,11.025354385375977
CZ3,11.596198081970215
O,12.167040824890137
OH,12.737886428833008
OD1,12.269203186035156
OD2,11.80052375793457
OE1,11.331842422485352
OE2,10.863157272338867
OG,10.633397102355957
OG1,10.433497428894043
N,10.233597755432129
NE,10.033698081970215
NE1,9.612909317016602
NE2,9.128828048706055
ND1,8.644832611083984
ND2,8.160855293273926
NZ,8.429309844970703
NH1,9.073897361755371
NH2,9.718477249145508
SD,10.363142967224121
SG,10.64958381652832
UNKNOWN,10.64958381652832
