atom_index,is_real_atom,atom_type_from_onehot,importance
0,1,CG2,5.805860996246338
1,1,CD1,5.805860996246338
2,1,CB,6.077426910400391
3,1,CG1,6.6515936851501465
4,1,CG2,7.225761413574219
5,1,CD1,7.7999267578125
6,1,CG,8.145710945129395
7,1,CD,8.174704551696777
8,1,CB,8.203697204589844
9,1,CG,8.232691764831543
10,1,CD2,8.286554336547852
11,1,CE2,8.383709907531738
12,1,SD,8.480863571166992
13,1,CE,8.578017234802246
14,1,CG2,8.62091064453125
15,1,CD1,8.543478965759277
16,1,CE2,8.466046333312988
17,1,CZ,8.388615608215332
