atom_type,importance
C,0.07805626839399338
CA,0.07805626839399338
CB,0.08402621746063232
CD,0.0974595695734024
CD1,0.11089296638965607
CD2,0.12432632595300674
CE,0.13304895162582397
CE1,0.13235148787498474
CE2,0.13165268301963806
CE3,0.13095521926879883
CG,0.13326911628246307
CG1,0.14612539112567902
CG2,0.15898169577121735
CH2,0.1718379408121109
CZ,0.18231052160263062
CZ2,0.17371389269828796
CZ3,0.16511723399162292
O,0.15652060508728027
OH,0.14792397618293762
OD1,0.1389274150133133
OD2,0.12993088364601135
OE1,0.12093435972929001
OE2,0.11193781346082687
OG,0.1009749248623848
OG1,0.0897662416100502
N,0.078557588160038
NE,0.0673489049077034
NE1,0.07587368786334991
NE2,0.0900370255112648
ND1,0.10420037060976028
ND2,0.11836303770542145
NZ,0.12972241640090942
NH1,0.13967950642108917
NH2,0.14963527023792267
SD,0.15959230065345764
SG,0.16401806473731995
UNKNOWN,0.16401806473731995
