atom_type,importance
C,0.1063443049788475
CA,0.1063443049788475
CB,0.11312694847583771
CD,0.12838776409626007
CD1,0.14364834129810333
CD2,0.15891000628471375
CE,0.17116235196590424
CE1,0.1774003505706787
CE2,0.18363839387893677
CE3,0.18987642228603363
CG,0.2010432481765747
CG1,0.22946535050868988
CG2,0.25788649916648865
CH2,0.28630760312080383
CZ,0.3114631772041321
CZ2,0.31049418449401855
CZ3,0.30952516198158264
O,0.3085562586784363
OH,0.30758726596832275
OD1,0.2743445038795471
OD2,0.24110183119773865
OE1,0.20785802602767944
OE2,0.1746152937412262
OG,0.160086989402771
OG1,0.14789798855781555
N,0.1357089877128601
NE,0.12352006137371063
NE1,0.11085404455661774
NE2,0.09805107861757278
ND1,0.08524863421916962
ND2,0.07244572043418884
NZ,0.07192964851856232
NH1,0.07755657285451889
NH2,0.08318383246660233
SD,0.08881077170372009
SG,0.09131178259849548
UNKNOWN,0.09131178259849548
