atom_type,importance
C,0.18206343054771423
CA,0.18206343054771423
CB,0.1846073865890503
CD,0.1903313249349594
CD1,0.1960557997226715
CD2,0.20177975296974182
CE,0.22088785469532013
CE1,0.26676613092422485
CE2,0.31264355778694153
CE3,0.3585209250450134
CG,0.38987642526626587
CG1,0.3704037070274353
CG2,0.3509308397769928
CH2,0.3314580023288727
CZ,0.3123035132884979
CZ2,0.2956964671611786
CZ3,0.2790891230106354
O,0.2624818682670593
OH,0.24587465822696686
OD1,0.22631151974201202
OD2,0.20674839615821838
OE1,0.18718527257442474
OE2,0.1676221489906311
OG,0.16460095345973969
OG1,0.16364765167236328
N,0.1626942753791809
NE,0.16174077987670898
NE1,0.16575215756893158
NE2,0.1711820811033249
ND1,0.17661206424236298
ND2,0.1820414811372757
NZ,0.1885969191789627
NH1,0.19571439921855927
NH2,0.20283173024654388
SD,0.20994968712329865
SG,0.21311305463314056
UNKNOWN,0.21311305463314056
