atom_type,importance
C,0.14932385087013245
CA,0.14932385087013245
CB,0.1615418642759323
CD,0.1890326589345932
CD1,0.21652323007583618
CD2,0.24401438236236572
CE,0.2567952573299408
CE1,0.24016064405441284
CE2,0.22352366149425507
CE3,0.20688796043395996
CG,0.1906292587518692
CG1,0.17569096386432648
CG2,0.16075260937213898
CH2,0.14581425487995148
CZ,0.13401789963245392
CZ2,0.1473572701215744
CZ3,0.16069655120372772
O,0.17403586208820343
OH,0.1873752474784851
OD1,0.19628405570983887
OD2,0.20519286394119263
OE1,0.21410150825977325
OE2,0.22300933301448822
OG,0.21081361174583435
OG1,0.1959785372018814
N,0.18114346265792847
NE,0.16630838811397552
NE1,0.15507932007312775
NE2,0.14488188922405243
ND1,0.13468332588672638
ND2,0.12448474764823914
NZ,0.12210507690906525
NH1,0.12363365292549133
NH2,0.12516222894191742
SD,0.1266908198595047
SG,0.12737055122852325
UNKNOWN,0.12737055122852325
