atom_index,is_real_atom,atom_type_from_onehot,importance
0,1,CD1,6.744513988494873
1,1,CD2,6.744513988494873
2,1,CD2,6.723079204559326
3,1,CE2,6.677757263183594
4,1,CA,6.6324357986450195
5,1,O,6.5871148109436035
6,1,C,6.56414794921875
7,1,CB,6.5721893310546875
8,1,CG,6.580230712890625
9,1,CD2,6.588271141052246
10,1,N,6.630971908569336
11,1,CA,6.734006404876709
12,1,O,6.837040424346924
13,1,CB,6.940074443817139
14,1,CD1,7.11594295501709
15,1,OH,7.453312873840332
16,1,CD2,7.790682315826416
17,1,CA,8.1280517578125
18,1,CB,8.274248123168945
19,1,CD1,7.867050647735596
20,1,CE1,7.459850788116455
21,1,C,7.0526533126831055
22,1,O,6.647353172302246
23,1,CB,6.249522686004639
24,1,OG,5.851692199707031
25,1,N,5.453860282897949
26,1,CA,5.149646759033203
27,1,CB,5.381596565246582
28,1,CB,5.613548755645752
29,1,CG,5.845499038696289
30,1,CD1,6.077374458312988
31,1,CD2,6.308528423309326
32,1,CG,6.539682865142822
33,1,CD2,6.770837306976318
34,1,CE1,6.981667518615723
35,1,CE2,6.711507797241211
36,1,CZ,6.441349029541016
37,1,OH,6.171188831329346
38,1,NE1,5.901028633117676
39,1,CE2,5.475924491882324
40,1,CZ2,5.048698902130127
41,1,CZ3,4.62147331237793
42,1,CH2,4.194246292114258
