atom_type,importance_sum
C,1.5084580183029175
CA,1.5084580183029175
CB,2.0236313343048096
CD,3.1827828884124756
CD1,4.34190559387207
CD2,5.501040458679199
CE,6.586403846740723
CE1,7.524087429046631
CE2,8.461769104003906
CE3,9.399497032165527
CG,10.07150936126709
CG1,9.81361198425293
CG2,9.555713653564453
CH2,9.29781723022461
CZ,9.236625671386719
CZ2,10.749080657958984
CZ3,12.2615385055542
O,13.773994445800781
OH,15.286450386047363
OD1,14.059089660644531
OD2,12.831727027893066
OE1,11.604369163513184
OE2,10.377009391784668
OG,10.148439407348633
OG1,10.044720649719238
N,9.941006660461426
NE,9.837287902832031
NE1,9.72922134399414
NE2,9.619854927062988
ND1,9.510483741760254
ND2,9.40119743347168
NZ,8.785544395446777
NH1,7.916791915893555
NH2,7.047996520996094
SD,6.179243564605713
SG,5.793117046356201
UNKNOWN,5.793117046356201
