atom_type,importance
C,0.11129681766033173
CA,0.11129681766033173
CB,0.11434323340654373
CD,0.12119850516319275
CD1,0.1280537098646164
CD2,0.13490897417068481
CE,0.13905008137226105
CE1,0.13776281476020813
CE2,0.13647451996803284
CE3,0.13518616557121277
CG,0.13743159174919128
CG1,0.152040496468544
CG2,0.16664938628673553
CH2,0.18125827610492706
CZ,0.1956660896539688
CZ2,0.208465114235878
CZ3,0.22126294672489166
O,0.23406191170215607
OH,0.24686090648174286
OD1,0.2410360723733902
OD2,0.23521120846271515
OE1,0.22938644886016846
OE2,0.22356155514717102
OG,0.20851463079452515
OG1,0.19231367111206055
N,0.17611271142959595
NE,0.15991175174713135
NE1,0.1562391072511673
NE2,0.15614639222621918
ND1,0.15605367720127106
ND2,0.1559610366821289
NZ,0.15114104747772217
NH1,0.14395812153816223
NH2,0.13677401840686798
SD,0.1295909881591797
SG,0.12639835476875305
UNKNOWN,0.12639835476875305
