atom_type,importance
C,0.07237463444471359
CA,0.07237463444471359
CB,0.07052358239889145
CD,0.06635808944702148
CD1,0.06219267472624779
CD2,0.05802740156650543
CE,0.05657026171684265
CE1,0.06052961200475693
CE2,0.06448891013860703
CE3,0.06844837218523026
CG,0.07234451919794083
CG1,0.07602035254240036
CG2,0.0796961635351181
CH2,0.08337200433015823
CZ,0.08894181251525879
CZ2,0.10966379940509796
CZ3,0.13038615882396698
O,0.151108056306839
OH,0.171829953789711
OD1,0.1744958758354187
OD2,0.1771618276834488
OE1,0.1798277199268341
OE2,0.18249359726905823
OG,0.18006683886051178
OG1,0.17700354754924774
N,0.17394013702869415
NE,0.17087680101394653
NE1,0.18497799336910248
NE2,0.20398245751857758
ND1,0.22298841178417206
ND2,0.24199353158473969
NZ,0.23529627919197083
NH1,0.2157466560602188
NH2,0.19619788229465485
SD,0.17664915323257446
SG,0.16796095669269562
UNKNOWN,0.16796095669269562
