atom_index,is_real_atom,atom_type_from_onehot,importance
0,1,CA,8.58878231048584
1,1,C,8.58878231048584
2,1,O,8.708824157714844
3,1,CB,8.962627410888672
4,1,CG2,9.21642780303955
5,1,CB,9.470230102539062
6,1,CG2,9.682988166809082
7,1,N,9.838810920715332
8,1,CB,9.994633674621582
9,1,CG,10.150457382202148
10,1,CD,10.207015991210938
11,1,C,10.090781211853027
12,1,O,9.974543571472168
13,1,CB,9.858308792114258
14,1,CG,9.570028305053711
15,1,CD,8.900262832641602
16,1,CA,8.230491638183594
17,1,C,7.56072473526001
18,1,O,6.995955467224121
19,1,CB,6.735130310058594
20,1,CG,6.474305629730225
21,1,CD1,6.213480472564697
22,1,CD2,6.017569065093994
23,1,NE1,6.076990604400635
24,1,CE2,6.136410713195801
25,1,CE3,6.195830821990967
26,1,CZ2,6.217779636383057
27,1,CZ3,6.025119781494141
28,1,CH2,5.832458972930908
29,1,N,5.639797210693359
30,1,CA,5.486532688140869
31,1,CG,5.7103271484375
32,1,CD1,5.934122085571289
33,1,CD2,6.157917022705078
34,1,CE1,6.372927188873291
35,1,CE2,6.380061626434326
36,1,CZ,6.3871941566467285
37,1,C,6.3943281173706055
38,1,O,6.401461124420166
39,1,CG1,6.523978233337402
40,1,CD1,6.648074626922607
41,1,N,6.7721710205078125
42,1,CA,6.896267890930176
43,1,CE2,6.514682769775391
