atom_type,importance_sum
C,9.168065071105957
CA,9.168065071105957
CB,9.177695274353027
CD,9.199311256408691
CD1,9.220914840698242
CD2,9.242531776428223
CE,9.238578796386719
CE1,9.183523178100586
CE2,9.12839412689209
CE3,9.073315620422363
CG,9.005902290344238
CG1,8.895173072814941
CG2,8.784442901611328
CH2,8.673712730407715
CZ,8.74040412902832
CZ2,10.226428031921387
CZ3,11.712423324584961
O,13.198420524597168
OH,14.684418678283691
OD1,14.309586524963379
OD2,13.934762001037598
OE1,13.55993366241455
OE2,13.18510627746582
OG,12.937615394592285
OG1,12.706042289733887
N,12.474470138549805
NE,12.242899894714355
NE1,12.610725402832031
NE2,13.149930000305176
ND1,13.689135551452637
ND2,14.228339195251465
NZ,14.014142990112305
NH1,13.423151969909668
NH2,12.832161903381348
SD,12.241174697875977
SG,11.978520393371582
UNKNOWN,11.978520393371582
