atom_type,importance
C,0.11780225485563278
CA,0.11780225485563278
CB,0.13121019303798676
CD,0.16137513518333435
CD1,0.19154144823551178
CD2,0.22170768678188324
CE,0.2386004626750946
CE1,0.22895129024982452
CE2,0.21929964423179626
CE3,0.20964929461479187
CG,0.19709894061088562
CG1,0.17440326511859894
CG2,0.15170758962631226
CH2,0.12901188433170319
CZ,0.11034074425697327
CZ2,0.12386579066514969
CZ3,0.1373908519744873
O,0.15091590583324432
OH,0.16444095969200134
OD1,0.15962332487106323
OD2,0.15480566024780273
OE1,0.14998804032802582
OE2,0.1451703906059265
OG,0.1442783623933792
OG1,0.14387701451778412
N,0.1434756964445114
NE,0.1430743932723999
NE1,0.14228472113609314
NE2,0.14138472080230713
ND1,0.14048342406749725
ND2,0.13958337903022766
NZ,0.1422892063856125
NH1,0.14679928123950958
NH2,0.1513092964887619
SD,0.1558193564414978
SG,0.1578233391046524
UNKNOWN,0.1578233391046524
