atom_type,importance
C,0.10400354117155075
CA,0.10400354117155075
CB,0.10764850676059723
CD,0.11584864556789398
CD1,0.12404941767454147
CD2,0.1322488784790039
CE,0.14050929248332977
CE1,0.14888522028923035
CE2,0.1572623997926712
CE3,0.16563957929611206
CG,0.17157596349716187
CG1,0.16896629333496094
CG2,0.1663566380739212
CH2,0.16374699771404266
CZ,0.16138246655464172
CZ2,0.16097940504550934
CZ3,0.16057634353637695
O,0.16017326712608337
OH,0.1597701907157898
OD1,0.15670710802078247
OD2,0.15364395081996918
OE1,0.15058086812496185
OE2,0.14751774072647095
OG,0.14188934862613678
OG1,0.1359402984380722
N,0.12999118864536285
NE,0.12404218316078186
NE1,0.12200678139925003
NE2,0.12109092622995377
ND1,0.12017496675252914
ND2,0.11925908178091049
NZ,0.11630437523126602
NH1,0.11233153939247131
NH2,0.10835809260606766
SD,0.10438525676727295
SG,0.10261949151754379
UNKNOWN,0.10261949151754379
