atom_type,mean_importance
C,8.525041580200195
CA,8.525041580200195
CB,8.623734474182129
CD,8.845765113830566
CD1,9.06777286529541
CD2,9.289813041687012
CE,9.531967163085938
CE1,9.814496040344238
CE2,10.096968650817871
CE3,10.379438400268555
CG,11.096631050109863
CG1,13.335309982299805
CG2,15.57398796081543
CH2,17.812667846679688
CZ,19.825359344482422
CZ2,20.03009605407715
CZ3,20.234834671020508
O,20.4395751953125
OH,20.644315719604492
OD1,20.199419021606445
OD2,19.754520416259766
OE1,19.309619903564453
OE2,18.864715576171875
OG,17.87264633178711
OG1,16.81216812133789
N,15.75169563293457
NE,14.691218376159668
NE1,15.133874893188477
NE2,16.0059757232666
ND1,16.87810707092285
ND2,17.750179290771484
NZ,17.364240646362305
NH1,16.349117279052734
NH2,15.33403491973877
SD,14.31895637512207
SG,13.867810249328613
UNKNOWN,13.867810249328613
