atom_type,importance_sum
C,7.845015525817871
CA,7.845015525817871
CB,8.305395126342773
CD,9.341279029846191
CD1,10.377164840698242
CD2,11.41305160522461
CE,12.215607643127441
CE1,12.551397323608398
CE2,12.88708782196045
CE3,13.222875595092773
CG,13.440803527832031
CG1,13.246159553527832
CG2,13.051520347595215
CH2,12.856876373291016
CZ,12.576900482177734
CZ2,11.614249229431152
CZ3,10.651596069335938
O,9.688945770263672
OH,8.726296424865723
OD1,7.930847644805908
OD2,7.1353983879089355
OE1,6.339950084686279
OE2,5.5445027351379395
OG,5.474277973175049
OG1,5.494709491729736
N,5.515140533447266
NE,5.535571098327637
NE1,5.017231464385986
NE2,4.345005035400391
ND1,3.672776460647583
ND2,3.000523805618286
NZ,2.8801372051239014
NH1,3.035634756088257
NH2,3.1911563873291016
SD,3.346675157546997
SG,3.4157800674438477
UNKNOWN,3.4157800674438477
