atom_type,importance
C,0.09890003502368927
CA,0.09890003502368927
CB,0.10664208978414536
CD,0.1240624338388443
CD1,0.14148153364658356
CD2,0.15890072286128998
CE,0.16797523200511932
CE1,0.1603558212518692
CE2,0.1527376025915146
CE3,0.1451193392276764
CG,0.14238569140434265
CG1,0.1567518413066864
CG2,0.17111793160438538
CH2,0.18548409640789032
CZ,0.19909408688545227
CZ2,0.20665493607521057
CZ3,0.21421584486961365
O,0.22177670896053314
OH,0.2293376475572586
OD1,0.21425478160381317
OD2,0.19917191565036774
OE1,0.18408909440040588
OE2,0.16900628805160522
OG,0.16248635947704315
OG1,0.1570367068052292
N,0.15158711373806
NE,0.14613750576972961
NE1,0.1446443498134613
NE2,0.14428222179412842
ND1,0.14392007887363434
ND2,0.14355798065662384
NZ,0.14483222365379333
NH1,0.14692531526088715
NH2,0.14901718497276306
SD,0.1511102318763733
SG,0.15204007923603058
UNKNOWN,0.15204007923603058
