atom_type,importance_sum
C,5.244212627410889
CA,5.244212627410889
CB,5.871084690093994
CD,7.281597137451172
CD1,8.692086219787598
CD2,10.102569580078125
CE,11.077845573425293
CE1,11.182430267333984
CE2,11.287014961242676
CE3,11.39160442352295
CG,11.516227722167969
CG1,11.710680961608887
CG2,11.905136108398438
CH2,12.099589347839355
CZ,12.253787994384766
CZ2,12.085969924926758
CZ3,11.918153762817383
O,11.750334739685059
OH,11.582517623901367
OD1,10.190364837646484
OD2,8.798199653625488
OE1,7.406004905700684
OE2,6.013853073120117
OG,5.325925827026367
OG1,4.72603178024292
N,4.126147747039795
NE,3.526250123977661
NE1,3.7928647994995117
NE2,4.307035446166992
ND1,4.821231365203857
ND2,5.335428237915039
NZ,6.221578598022461
NH1,7.293708324432373
NH2,8.365889549255371
SD,9.438033103942871
SG,9.914548873901367
UNKNOWN,9.914548873901367
