atom_index,is_real_atom,atom_type_from_onehot,importance
0,1,O,10.87398910522461
1,1,N,10.87398910522461
2,1,CA,10.800528526306152
3,1,C,10.645212173461914
4,1,O,10.489895820617676
5,1,CB,10.334577560424805
6,1,CG,10.069348335266113
7,1,CD2,9.651665687561035
8,1,N,9.233981132507324
9,1,N,8.816298484802246
10,1,CA,8.513300895690918
11,1,C,8.409940719604492
12,1,O,8.30657958984375
13,1,CB,8.203218460083008
14,1,CG,8.161249160766602
15,1,CD1,8.255411148071289
16,1,CD2,8.349573135375977
17,1,N,8.443734169006348
18,1,CA,8.441415786743164
19,1,CB,8.159818649291992
20,1,N,7.878220558166504
21,1,CA,7.596621513366699
22,1,CB,7.384225368499756
23,1,CG,7.444022178649902
24,1,CD1,7.503819942474365
25,1,CD2,7.5636162757873535
26,1,CE1,7.583189487457275
27,1,CE2,7.372392177581787
28,1,CZ,7.161592483520508
29,1,CA,6.9507951736450195
30,1,O,6.806697368621826
31,1,CB,7.301019191741943
32,1,CG1,7.795341968536377
33,1,CG2,8.289664268493652
34,1,CA,8.771453857421875
35,1,C,8.956611633300781
36,1,O,9.141772270202637
37,1,CB,9.326930046081543
38,1,OG,9.512089729309082
39,1,N,9.590513229370117
40,1,CA,9.667470932006836
41,1,CB,9.744429588317871
42,1,CG1,9.821391105651855
43,1,CG2,9.442185401916504
44,1,CD1,9.029929161071777
45,1,OG1,8.617670059204102
