atom_type,importance
C,0.06541795283555984
CA,0.06541795283555984
CB,0.07023736089468002
CD,0.08108166605234146
CD1,0.09192599356174469
CD2,0.10277031362056732
CE,0.11333026736974716
CE1,0.12332221865653992
CE2,0.1333128660917282
CE3,0.14330445230007172
CG,0.15157140791416168
CG1,0.1537996381521225
CG2,0.1560279279947281
CH2,0.1582561582326889
CZ,0.16016164422035217
CZ2,0.1594850718975067
CZ3,0.15880843997001648
O,0.15813183784484863
OH,0.15745528042316437
OD1,0.16619639098644257
OD2,0.1749376505613327
OE1,0.18367882072925568
OE2,0.19242000579833984
OG,0.1974448412656784
OG1,0.20200513303279877
N,0.20656539499759674
NE,0.21112573146820068
NE1,0.21339844167232513
NE2,0.21501858532428741
ND1,0.21663878858089447
ND2,0.21825899183750153
NZ,0.21460944414138794
NH1,0.2083246111869812
NH2,0.20203977823257446
SD,0.19575496017932892
SG,0.1929614543914795
UNKNOWN,0.1929614543914795
