atom_type,importance_sum
C,9.811968803405762
CA,9.811968803405762
CB,10.35504150390625
CD,11.576993942260742
CD1,12.79895305633545
CD2,14.02090835571289
CE,15.047948837280273
CE1,15.685317993164062
CE2,16.32259178161621
CE3,16.959888458251953
CG,17.26755714416504
CG1,16.421329498291016
CG2,15.575121879577637
CH2,14.728934288024902
CZ,13.980568885803223
CZ2,14.0147705078125
CZ3,14.048968315124512
O,14.083170890808105
OH,14.11737060546875
OD1,13.69115161895752
OD2,13.264932632446289
OE1,12.83871078491211
OE2,12.412493705749512
OG,12.333968162536621
OG1,12.298910140991211
N,12.263851165771484
NE,12.228790283203125
NE1,12.991510391235352
NE2,13.98218059539795
ND1,14.972851753234863
ND2,15.963522911071777
NZ,15.88329029083252
NH1,15.267614364624023
NH2,14.651850700378418
SD,14.036172866821289
SG,13.762532234191895
UNKNOWN,13.762532234191895
