atom_index,is_real_atom,atom_type_from_onehot,importance
0,1,C,5.974329948425293
1,1,O,5.974329948425293
2,1,CG,5.97425651550293
3,1,CD1,5.9741034507751465
4,1,CD2,5.973949909210205
5,1,CA,5.97379732131958
6,1,C,5.977634906768799
7,1,O,5.987010478973389
8,1,CB,5.996385097503662
9,1,CD2,6.0057597160339355
10,1,C,5.993109226226807
11,1,O,5.942119598388672
12,1,CA,5.891129493713379
13,1,C,5.840139865875244
14,1,O,5.682205677032471
15,1,CB,5.287137508392334
16,1,CD1,4.892066478729248
17,1,N,4.496996879577637
18,1,CA,4.184324264526367
19,1,CB,4.110165119171143
20,1,CB,4.036006927490234
21,1,CG,3.961848735809326
22,1,CD1,3.9583771228790283
23,1,CD2,4.232939720153809
24,1,CE1,4.507501602172852
25,1,CE2,4.782064437866211
26,1,CZ,5.079296112060547
27,1,CA,5.506359577178955
28,1,C,5.933423042297363
29,1,O,6.360485076904297
30,1,CB,6.773815155029297
31,1,OG,7.05568790435791
32,1,CB,7.337562084197998
33,1,NE,7.619434356689453
34,1,CZ,7.876871109008789
35,1,NH2,7.555971145629883
36,1,CG,7.235073089599609
37,1,SD,6.914173603057861
38,1,CE,6.593274116516113
39,1,NE1,6.300957202911377
40,1,CE2,6.009033203125
41,1,CZ2,5.717109203338623
42,1,CZ3,5.4251837730407715
43,1,CH2,5.49583101272583
44,1,CG,5.592750549316406
45,1,CD1,5.689669609069824
46,1,CD2,5.7865891456604
47,1,CG2,5.500516891479492
48,1,CD1,5.161417484283447
49,1,CG,4.822316646575928
50,1,SD,4.48321533203125
