atom_type,importance_sum
C,1.9587955474853516
CA,1.9587955474853516
CB,2.333019495010376
CD,3.1750218868255615
CD1,4.017043113708496
CD2,4.859044075012207
CE,5.646259307861328
CE1,6.323856353759766
CE2,7.001454830169678
CE3,7.679054260253906
CG,8.295330047607422
CG1,8.696756362915039
CG2,9.098187446594238
CH2,9.499617576599121
CZ,9.941847801208496
CZ2,10.71049976348877
CZ3,11.479150772094727
O,12.247801780700684
OH,13.016454696655273
OD1,11.979131698608398
OD2,10.941810607910156
OE1,9.904495239257812
OE2,8.86717414855957
OG,8.994284629821777
OG1,9.266951560974121
N,9.539609909057617
NE,9.812280654907227
NE1,9.633885383605957
NE2,9.326644897460938
ND1,9.019407272338867
ND2,8.71224594116211
NZ,9.445780754089355
NH1,10.69977855682373
NH2,11.953778266906738
SD,13.207695960998535
SG,13.765069961547852
UNKNOWN,13.765069961547852
