atom_index,is_real_atom,atom_type_from_onehot,importance
0,1,CB,7.415720462799072
1,1,OG,7.415720462799072
2,1,CA,7.311605453491211
3,1,C,7.091475486755371
4,1,O,6.871344089508057
5,1,CB,6.651214599609375
6,1,CG,6.509918689727783
7,1,CD2,6.477974891662598
8,1,CE3,6.44603157043457
9,1,CZ3,6.414087772369385
10,1,N,6.4012346267700195
11,1,CA,6.421614646911621
12,1,N,6.441995143890381
13,1,CG2,6.462374687194824
14,1,CD1,6.388984680175781
15,1,CE1,6.107671737670898
16,1,CZ,5.826358318328857
17,1,CA,5.545044898986816
18,1,C,5.370192050933838
19,1,O,5.503512382507324
20,1,CB,5.636834144592285
21,1,OG,5.77015495300293
22,1,N,5.848084449768066
23,1,CA,5.708139419555664
24,1,CB,5.568192958831787
25,1,CG,5.428247928619385
26,1,CD1,5.327054500579834
27,1,CB,5.4478068351745605
28,1,CG1,5.568559169769287
29,1,CG2,5.68931245803833
30,1,CD1,5.811443328857422
31,1,CA,5.946763515472412
32,1,C,6.082083702087402
33,1,O,6.217404365539551
34,1,CB,6.331234455108643
35,1,CG2,5.936460971832275
36,1,N,5.541689395904541
37,1,CB,5.146916389465332
38,1,CG2,4.752142429351807
39,1,CB,4.860673427581787
40,1,CG,4.976097583770752
41,1,CD1,5.091522693634033
42,1,CD2,5.206947326660156
43,1,CE1,4.530056953430176
44,1,CE2,3.795757293701172
45,1,CZ,3.0614538192749023
46,1,OH,2.327151298522949
