atom_index,is_real_atom,atom_type_from_onehot,importance
0,1,O,8.580989837646484
1,1,CB,8.580989837646484
2,1,CG1,8.806398391723633
3,1,CG2,9.282976150512695
4,1,CB,9.759552955627441
5,1,CG,10.236130714416504
6,1,CD2,10.472537994384766
7,1,N,10.375802993774414
8,1,CA,10.279068946838379
9,1,CB,10.182333946228027
10,1,OG,10.14609146118164
11,1,CA,10.215147018432617
12,1,C,10.284202575683594
13,1,O,10.353259086608887
14,1,CB,10.367586135864258
15,1,O,10.2605619430542
16,1,CB,10.153539657592773
17,1,SG,10.046514511108398
18,1,O,9.884949684143066
19,1,CG1,9.565499305725098
20,1,CG2,9.246049880981445
21,1,C,8.926602363586426
22,1,O,8.619224548339844
23,1,CB,8.359336853027344
24,1,CG,8.099447250366211
25,1,CD1,7.839558124542236
26,1,CD2,7.605386257171631
27,1,NE1,7.5185017585754395
28,1,CE2,7.431616306304932
29,1,CE3,7.344732284545898
30,1,CZ2,7.27141809463501
31,1,CZ3,7.327995300292969
32,1,CH2,7.384572982788086
33,1,N,7.4411492347717285
34,1,CA,7.486690521240234
35,1,CB,7.271023750305176
36,1,CB,7.055356979370117
37,1,CG,6.8396897315979
38,1,CD2,6.6240234375
