atom_type,importance_sum
C,10.404332160949707
CA,10.404332160949707
CB,10.637125968933105
CD,11.160926818847656
CD1,11.684640884399414
CD2,12.208442687988281
CE,12.593778610229492
CE1,12.7020845413208
CE2,12.810393333435059
CE3,12.91869831085205
CG,12.77224063873291
CG1,11.73397445678711
CG2,10.695697784423828
CH2,9.657427787780762
CZ,8.750301361083984
CZ2,8.892330169677734
CZ3,9.0343599319458
O,9.176387786865234
OH,9.318416595458984
OD1,9.617362022399902
OD2,9.916312217712402
OE1,10.215261459350586
OE2,10.514208793640137
OG,10.937211036682129
OG1,11.375718116760254
N,11.814225196838379
NE,12.252734184265137
NE1,11.864405632019043
NE2,11.239889144897461
ND1,10.615289688110352
ND2,9.990777015686035
NZ,9.74022102355957
NH1,9.67656135559082
NH2,9.61298942565918
SD,9.549416542053223
SG,9.521172523498535
UNKNOWN,9.521172523498535
