atom_type,importance
C,0.09045463055372238
CA,0.09045463055372238
CB,0.09569039940834045
CD,0.10747010260820389
CD1,0.1192498430609703
CD2,0.13103024661540985
CE,0.13708987832069397
CE1,0.1317063421010971
CE2,0.12632425129413605
CE3,0.12094215303659439
CG,0.11695525795221329
CG1,0.11785370856523514
CG2,0.11875217407941818
CH2,0.11965060979127884
CZ,0.12093693763017654
CZ2,0.12532629072666168
CZ3,0.1297156661748886
O,0.13410499691963196
OH,0.1384943425655365
OD1,0.13270071148872375
OD2,0.12690705060958862
OE1,0.12111347168684006
OE2,0.11531981080770493
OG,0.09942597150802612
OG1,0.08227039873600006
N,0.06511484831571579
NE,0.04795967414975166
NE1,0.047612570226192474
NE2,0.0520683228969574
ND1,0.05652371793985367
ND2,0.060979072004556656
NZ,0.07252411544322968
NH1,0.08761363476514816
NH2,0.10270314663648605
SD,0.11779265105724335
SG,0.12449932098388672
UNKNOWN,0.12449932098388672
