atom_type,importance
C,0.0759737491607666
CA,0.0759737491607666
CB,0.07564383745193481
CD,0.0749007984995842
CD1,0.07415774464607239
CD2,0.07341517508029938
CE,0.0770508348941803
CE1,0.08944334089756012
CE2,0.10183585435152054
CE3,0.11422884464263916
CG,0.1266889125108719
CG1,0.1393851637840271
CG2,0.1520814299583435
CH2,0.16477763652801514
CZ,0.17778563499450684
CZ2,0.19328764081001282
CZ3,0.20878969132900238
O,0.22429071366786957
OH,0.23979273438453674
OD1,0.2429913878440857
OD2,0.24618995189666748
OE1,0.24938860535621643
OE2,0.2525871992111206
OG,0.24266888201236725
OG1,0.23111091554164886
N,0.21955329179763794
NE,0.20799587666988373
NE1,0.20080037415027618
NE2,0.1948508620262146
ND1,0.18890228867530823
ND2,0.18295282125473022
NZ,0.17950277030467987
NH1,0.17730244994163513
NH2,0.1751011610031128
SD,0.17290081083774567
SG,0.17192254960536957
UNKNOWN,0.17192254960536957
