atom_type,importance
C,0.08151315152645111
CA,0.08151315152645111
CB,0.0819314569234848
CD,0.0828724205493927
CD1,0.08381337672472
CD2,0.0847543403506279
CE,0.08809667080640793
CE1,0.09624236077070236
CE2,0.10438807308673859
CE3,0.11253376305103302
CG,0.1211819052696228
CG1,0.13159260153770447
CG2,0.14200326800346375
CH2,0.1524139791727066
CZ,0.161720409989357
CZ2,0.16219332814216614
CZ3,0.16266627609729767
O,0.16313916444778442
OH,0.16361208260059357
OD1,0.15274237096309662
OD2,0.1418725997209549
OE1,0.13100284337997437
OE2,0.12013314664363861
OG,0.11358493566513062
OG1,0.1075768917798996
N,0.10156954079866409
NE,0.09556151181459427
NE1,0.08657259494066238
NE2,0.07673290371894836
ND1,0.06689251959323883
ND2,0.057052694261074066
NZ,0.05405789241194725
NH1,0.05448533222079277
NH2,0.054913125932216644
SD,0.05534089356660843
SG,0.05553094297647476
UNKNOWN,0.05553094297647476
