atom_index,is_real_atom,atom_type_from_onehot,importance
0,1,CD2,10.129134178161621
1,1,CD1,10.129134178161621
2,1,CB,10.307289123535156
3,1,CG1,10.68395709991455
4,1,N,11.060624122619629
5,1,CA,11.437292098999023
6,1,O,11.597250938415527
7,1,CB,11.456604957580566
8,1,CG,11.315958976745605
9,1,CD,11.175314903259277
10,1,CA,11.065452575683594
11,1,C,11.009171485900879
12,1,CB,10.952889442443848
13,1,CG1,10.896608352661133
14,1,CD1,10.834671020507812
15,1,CB,10.7601957321167
16,1,CG1,10.68571949005127
17,1,CG2,10.611245155334473
18,1,CG1,10.441192626953125
19,1,O,9.994473457336426
20,1,CB,9.547755241394043
21,1,OG,9.101036071777344
