atom_index,is_real_atom,atom_type_from_onehot,importance
0,1,CA,8.56020736694336
1,1,C,8.56020736694336
2,1,O,8.771358489990234
3,1,CB,9.21778678894043
4,1,CG,9.664215087890625
5,1,CD2,10.11064624786377
6,1,N,10.385763168334961
7,1,O,10.423253059387207
8,1,CG,10.460744857788086
9,1,CD2,10.498233795166016
10,1,CG,10.443660736083984
11,1,CD,10.228828430175781
12,1,NE,10.013996124267578
13,1,CZ,9.799163818359375
14,1,NH1,9.42538833618164
15,1,NH2,8.699173927307129
16,1,CG,7.972957134246826
17,1,CD1,7.246741771697998
18,1,CD2,6.586802005767822
