atom_index,is_real_atom,atom_type_from_onehot,importance
0,1,CG,9.29735279083252
1,1,CD1,9.29735279083252
2,1,CD2,9.370874404907227
3,1,CB,9.526323318481445
4,1,CG1,9.681771278381348
5,1,CG2,9.837220191955566
6,1,CG2,9.822152137756348
7,1,CD1,9.57056999206543
8,1,C,9.318984985351562
9,1,O,9.067401885986328
10,1,N,8.77285385131836
11,1,CA,8.403517723083496
12,1,C,8.034181594848633
13,1,O,7.6648454666137695
14,1,CB,7.504003047943115
15,1,OG,7.805473804473877
16,1,N,8.10694408416748
17,1,CA,8.40841293334961
18,1,C,8.633123397827148
19,1,O,8.635636329650879
20,1,CB,8.638148307800293
21,1,CG1,8.640661239624023
22,1,CG2,8.68111801147461
23,1,N,8.870819091796875
24,1,CA,9.060521125793457
25,1,C,9.250222206115723
26,1,O,9.441697120666504
27,1,CB,9.643330574035645
28,1,CG,9.844966888427734
29,1,CD,10.046600341796875
30,1,CE,10.218110084533691
31,1,NZ,10.101303100585938
32,1,N,9.984498977661133
33,1,CA,9.867692947387695
34,1,C,9.736042976379395
35,1,O,9.253108024597168
36,1,CB,8.770176887512207
37,1,CG,8.287242889404297
38,1,N,7.804309368133545
39,1,CA,7.717954158782959
40,1,C,7.637030601501465
41,1,O,7.556107997894287
42,1,CB,7.475184917449951
43,1,CG,7.785304546356201
44,1,CD1,8.123758316040039
45,1,CD2,8.462214469909668
46,1,CE1,8.80066967010498
47,1,N,8.802298545837402
48,1,CA,8.75728988647461
49,1,CB,8.7122802734375
50,1,CG1,8.667272567749023
51,1,CG2,8.227869987487793
