atom_type,importance_sum
C,9.43248462677002
CA,9.43248462677002
CB,10.125574111938477
CD,11.684945106506348
CD1,13.2443208694458
CD2,14.803692817687988
CE,15.833492279052734
CE1,15.803971290588379
CE2,15.774457931518555
CE3,15.744939804077148
CG,15.570348739624023
CG1,14.887980461120605
CG2,14.205610275268555
CH2,13.52324390411377
CZ,13.034767150878906
CZ2,14.097414016723633
CZ3,15.160056114196777
O,16.22270965576172
OH,17.285425186157227
OD1,15.3031587600708
OD2,13.320964813232422
OE1,11.338773727416992
OE2,9.356579780578613
OG,11.458087921142578
OG1,14.070060729980469
N,16.682065963745117
NE,19.294078826904297
NE1,19.92803955078125
NE2,19.99714469909668
ND1,20.066097259521484
ND2,20.13518714904785
NZ,20.002981185913086
NH1,19.770347595214844
NH2,19.5377140045166
SD,19.305086135864258
SG,19.201696395874023
UNKNOWN,19.201696395874023
