atom_type,importance
C,0.08788326382637024
CA,0.08788326382637024
CB,0.08923306316137314
CD,0.0922691747546196
CD1,0.0953047126531601
CD2,0.09834080189466476
CE,0.102983757853508
CE1,0.1108398586511612
CE2,0.11869561672210693
CE3,0.12655214965343475
CG,0.13581819832324982
CG1,0.15001940727233887
CG2,0.16422060132026672
CH2,0.17842181026935577
CZ,0.19201259315013885
CZ2,0.2007199078798294
CZ3,0.20942731201648712
O,0.21813583374023438
OH,0.2268432378768921
OD1,0.21565282344818115
OD2,0.2044624537229538
OE1,0.19327272474765778
OE2,0.1820829212665558
OG,0.15473014116287231
OG1,0.12535697221755981
N,0.09598440676927567
NE,0.06661123782396317
NE1,0.08447743952274323
NE2,0.11583992093801498
ND1,0.1472029685974121
ND2,0.17856603860855103
NZ,0.18906064331531525
NH1,0.18911990523338318
NH2,0.18917904794216156
SD,0.1892382800579071
SG,0.18926475942134857
UNKNOWN,0.18926475942134857
