atom_type,importance
C,0.13330475986003876
CA,0.13330475986003876
CB,0.13913103938102722
CD,0.15223927795886993
CD1,0.16534748673439026
CD2,0.1784568876028061
CE,0.18294069170951843
CE1,0.17017558217048645
CE2,0.15740932524204254
CE3,0.14464418590068817
CG,0.13498570024967194
CG1,0.13620220124721527
CG2,0.1374187022447586
CH2,0.1386352777481079
CZ,0.1418091058731079
CZ2,0.16064171493053436
CZ3,0.17947427928447723
O,0.19830693304538727
OH,0.21714019775390625
OD1,0.21058374643325806
OD2,0.20402808487415314
OE1,0.19747240841388702
OE2,0.19091670215129852
OG,0.18489016592502594
OG1,0.17892982065677643
N,0.17296947538852692
NE,0.1670091450214386
NE1,0.16298460960388184
NE2,0.159511998295784
ND1,0.15604057908058167
ND2,0.15256915986537933
NZ,0.1496654897928238
NH1,0.14704857766628265
NH2,0.14443053305149078
SD,0.1418124884366989
SG,0.14064858853816986
UNKNOWN,0.14064858853816986
