atom_type,importance_sum
C,6.963749408721924
CA,6.963749408721924
CB,7.108611106872559
CD,7.434629440307617
CD1,7.760603427886963
CD2,8.086573600769043
CE,8.618595123291016
CE1,9.562626838684082
CE2,10.506654739379883
CE3,11.450681686401367
CG,11.808792114257812
CG1,10.115970611572266
CG2,8.423145294189453
CH2,6.7303242683410645
CZ,5.317838191986084
CZ2,6.148019790649414
CZ3,6.978204250335693
O,7.80838680267334
OH,8.638570785522461
OD1,7.954017639160156
OD2,7.269463062286377
OE1,6.584909915924072
OE2,5.900357723236084
OG,6.165143013000488
OG1,6.548593997955322
N,6.932046413421631
NE,7.315497875213623
NE1,6.951698303222656
NE2,6.374332427978516
ND1,5.797016143798828
ND2,5.219699859619141
NZ,5.444692134857178
NH1,6.070908546447754
NH2,6.697129249572754
SD,7.32334566116333
SG,7.601676940917969
UNKNOWN,7.601676940917969
