atom_type,importance_sum
C,11.943376541137695
CA,11.943376541137695
CB,11.54316520690918
CD,10.642672538757324
CD1,9.742140769958496
CD2,8.841649055480957
CE,8.544748306274414
CE1,9.455062866210938
CE2,10.365350723266602
CE3,11.275671005249023
CG,11.953821182250977
CG1,11.819291114807129
CG2,11.68476390838623
CH2,11.550233840942383
CZ,11.65527057647705
CZ2,13.676786422729492
CZ3,15.698298454284668
O,17.719820022583008
OH,19.741331100463867
OD1,19.788854598999023
OD2,19.836380004882812
OE1,19.88390350341797
OE2,19.93143081665039
OG,20.27613639831543
OG1,20.65799903869629
N,21.039854049682617
NE,21.421716690063477
NE1,20.77469253540039
NE2,19.833711624145508
ND1,18.892724990844727
ND2,17.951749801635742
NZ,17.110740661621094
NH1,16.319643020629883
NH2,15.528543472290039
SD,14.737442016601562
SG,14.38582992553711
UNKNOWN,14.38582992553711
