atom_type,importance
C,0.10929735749959946
CA,0.10929735749959946
CB,0.12204081565141678
CD,0.15071257948875427
CD1,0.17938438057899475
CD2,0.20805616676807404
CE,0.2304978221654892
CE1,0.24047908186912537
CE2,0.2504580616950989
CE3,0.2604394257068634
CG,0.2622044086456299
CG1,0.23521365225315094
CG2,0.20822298526763916
CH2,0.1812322735786438
CZ,0.1587156057357788
CZ2,0.1719907820224762
CZ3,0.18526598811149597
O,0.19854113459587097
OH,0.21181632578372955
OD1,0.22072634100914001
OD2,0.2296363115310669
OE1,0.23854629695415497
OE2,0.24745625257492065
OG,0.24510744214057922
OG1,0.24135121703147888
N,0.2375951111316681
NE,0.2338390052318573
NE1,0.21457967162132263
NE2,0.190891295671463
ND1,0.167202889919281
ND2,0.1435144543647766
NZ,0.13365083932876587
NH1,0.13069847226142883
NH2,0.12774696946144104
SD,0.1247948482632637
SG,0.12348311394453049
UNKNOWN,0.12348311394453049
