atom_type,importance
C,0.09491212666034698
CA,0.09491212666034698
CB,0.10201776772737503
CD,0.1180063784122467
CD1,0.13399435579776764
CD2,0.14998231828212738
CE,0.15906034409999847
CE1,0.15431615710258484
CE2,0.14957188069820404
CE3,0.14482875168323517
CG,0.1406572014093399
CG1,0.1384928822517395
CG2,0.1363285481929779
CH2,0.1341642141342163
CZ,0.13411247730255127
CZ2,0.15096107125282288
CZ3,0.16780969500541687
O,0.18465836346149445
OH,0.20150698721408844
OD1,0.19896921515464783
OD2,0.19643141329288483
OE1,0.1938936412334442
OE2,0.1913558393716812
OG,0.19057464599609375
OG1,0.19001300632953644
N,0.1894513964653015
NE,0.1888897567987442
NE1,0.1910865753889084
NE2,0.19406990706920624
ND1,0.1970544308423996
ND2,0.200038880109787
NZ,0.19435390830039978
NH1,0.18433593213558197
NH2,0.17431789636611938
SD,0.1642998456954956
SG,0.15984712541103363
UNKNOWN,0.15984712541103363
