atom_type,importance_sum
C,5.408356189727783
CA,5.408356189727783
CB,5.570704460144043
CD,5.935948848724365
CD1,6.301233291625977
CD2,6.666518688201904
CE,7.15650749206543
CE1,7.895994186401367
CE2,8.635478019714355
CE3,9.37496566772461
CG,9.930743217468262
CG1,9.843461036682129
CG2,9.756182670593262
CH2,9.668900489807129
CZ,9.612626075744629
CZ2,9.80438232421875
CZ3,9.996135711669922
O,10.187888145446777
OH,10.379643440246582
OD1,10.459325790405273
OD2,10.539011001586914
OE1,10.618693351745605
OE2,10.69837760925293
OG,10.509830474853516
OG1,10.287759780883789
N,10.065688133239746
NE,9.843620300292969
NE1,9.29389476776123
NE2,8.65058422088623
ND1,8.00727367401123
ND2,7.363961696624756
NZ,7.0593109130859375
NH1,6.923953056335449
NH2,6.788634300231934
SD,6.653277397155762
SG,6.593132019042969
UNKNOWN,6.593132019042969
