atom_index,is_real_atom,atom_type_from_onehot,importance
0,1,CZ3,8.015145301818848
1,1,CH2,8.015145301818848
2,1,CD1,7.706468105316162
3,1,CG2,7.053837776184082
4,1,CD1,6.401209354400635
