atom_index,is_real_atom,atom_type_from_onehot,importance
0,1,O,10.12463092803955
1,1,CA,10.12463092803955
2,1,O,10.321117401123047
3,1,CB,10.736544609069824
4,1,CG2,11.151970863342285
5,1,CG,11.567399024963379
6,1,CD2,11.803665161132812
7,1,CA,11.791420936584473
8,1,O,11.779173851013184
9,1,CB,11.766931533813477
10,1,CG,11.756012916564941
11,1,CD,11.747405052185059
12,1,CA,11.738795280456543
13,1,C,11.730184555053711
14,1,O,11.575414657592773
15,1,CB,11.096549034118652
16,1,CG,10.617685317993164
17,1,CD2,10.138819694519043
18,1,N,9.758265495300293
19,1,CA,9.662299156188965
20,1,OG1,9.56633186340332
21,1,CG2,9.470364570617676
22,1,CB,9.42563533782959
23,1,CG1,9.582442283630371
24,1,CG2,9.739249229431152
25,1,CD1,9.89605712890625
26,1,CE1,9.999024391174316
27,1,CE2,9.793659210205078
28,1,CZ,9.588289260864258
29,1,C,9.382918357849121
30,1,O,9.22050666809082
31,1,N,9.469252586364746
32,1,CA,9.717998504638672
33,1,CB,9.966745376586914
34,1,CD1,10.181004524230957
35,1,CA,9.57902717590332
36,1,CB,8.977054595947266
37,1,CG2,8.375077247619629
