atom_type,importance_sum
C,9.926641464233398
CA,9.926641464233398
CB,10.527976036071777
CD,11.881112098693848
CD1,13.23424243927002
CD2,14.587374687194824
CE,15.47215461730957
CE1,15.420300483703613
CE2,15.368538856506348
CE3,15.316685676574707
CG,15.26879596710205
CG1,15.234673500061035
CG2,15.200556755065918
CH2,15.166440963745117
CZ,15.219672203063965
CZ2,15.971736907958984
CZ3,16.723770141601562
O,17.47579574584961
OH,18.227825164794922
OD1,18.20511245727539
OD2,18.182395935058594
OE1,18.159683227539062
OE2,18.136964797973633
OG,18.12247657775879
OG1,18.109010696411133
N,18.095548629760742
NE,18.08208465576172
NE1,18.129581451416016
NE2,18.19460105895996
ND1,18.25946807861328
ND2,18.324325561523438
NZ,18.098060607910156
NH1,17.726024627685547
NH2,17.354087829589844
SD,16.98208999633789
SG,16.816774368286133
UNKNOWN,16.816774368286133
