atom_type,importance
C,0.09889236837625504
CA,0.09889236837625504
CB,0.10814094543457031
CD,0.12895138561725616
CD1,0.14976125955581665
CD2,0.17057108879089355
CE,0.18561384081840515
CE1,0.189125195145607
CE2,0.19263648986816406
CE3,0.19614779949188232
CG,0.19770821928977966
CG1,0.19243694841861725
CG2,0.18716572225093842
CH2,0.1818944811820984
CZ,0.1771114617586136
CZ2,0.17623427510261536
CZ3,0.17535708844661713
O,0.1744799017906189
OH,0.17360273003578186
OD1,0.16844183206558228
OD2,0.16328096389770508
OE1,0.1581200659275055
OE2,0.1529591679573059
OG,0.1478712558746338
OG1,0.14279243350028992
N,0.13771365582942963
NE,0.13263484835624695
NE1,0.12584179639816284
NE2,0.11855772882699966
ND1,0.11127502471208572
ND2,0.10399235785007477
NZ,0.10319247841835022
NH1,0.10563468188047409
NH2,0.10807622224092484
SD,0.1105184555053711
SG,0.11160386353731155
UNKNOWN,0.11160386353731155
