atom_type,importance
C,0.0347340926527977
CA,0.0347340926527977
CB,0.036929141730070114
CD,0.04186810925602913
CD1,0.04680706933140755
CD2,0.051746025681495667
CE,0.05532476305961609
CE1,0.056183695793151855
CE2,0.05704224854707718
CE3,0.0579008087515831
CG,0.05673903226852417
CG1,0.04850402846932411
CG2,0.04026901721954346
CH2,0.0320340134203434
CZ,0.02409380115568638
CZ2,0.018511977046728134
CZ3,0.012930147349834442
O,0.007348321843892336
OH,0.0017664984334260225
OD1,0.0017664984334260225
OD2,0.0017664984334260225
OE1,0.0017664984334260225
OE2,0.0017664984334260225
OG,0.0034394478425383568
OG1,0.005321520380675793
N,0.007203591056168079
NE,0.009085658006370068
NE1,0.013886173255741596
NE2,0.019520560279488564
ND1,0.02515486255288124
ND2,0.03078937530517578
NZ,0.05049844831228256
NH1,0.07724478095769882
NH2,0.1039915606379509
SD,0.1307383030653
SG,0.1426253467798233
UNKNOWN,0.1426253467798233
