atom_type,importance_sum
C,2.651320695877075
CA,2.651320695877075
CB,3.1898765563964844
CD,4.401656150817871
CD1,5.613401889801025
CD2,6.8251800537109375
CE,7.95436954498291
CE1,8.918484687805176
CE2,9.882635116577148
CE3,10.846782684326172
CG,11.570138931274414
CG1,11.451021194458008
CG2,11.331903457641602
CH2,11.212784767150879
CZ,11.171210289001465
CZ2,11.749983787536621
CZ3,12.328755378723145
O,12.907527923583984
OH,13.486300468444824
OD1,11.56453800201416
OD2,9.64277458190918
OE1,7.721044540405273
OE2,5.799278736114502
OG,6.285111904144287
OG1,7.071893215179443
N,7.858675003051758
NE,8.64542293548584
NE1,9.258926391601562
NE2,9.822966575622559
ND1,10.386935234069824
ND2,10.950908660888672
NZ,11.005195617675781
NH1,10.80463981628418
NH2,10.604086875915527
SD,10.403534889221191
SG,10.314423561096191
UNKNOWN,10.314423561096191
