atom_type,importance_sum
C,13.914511680603027
CA,13.914511680603027
CB,14.045854568481445
CD,14.34139347076416
CD1,14.63692569732666
CD2,14.93245792388916
CE,15.06764030456543
CE1,14.882123947143555
CE2,14.696599960327148
CE3,14.511088371276855
CG,14.694862365722656
CG1,16.171140670776367
CG2,17.64742660522461
CH2,19.123693466186523
CZ,20.42801856994629
CZ2,20.356767654418945
CZ3,20.285499572753906
O,20.214231491088867
OH,20.142980575561523
OD1,19.90066146850586
OD2,19.658363342285156
OE1,19.416065216064453
OE2,19.17375946044922
OG,19.516279220581055
OG1,19.93189811706543
N,20.347517013549805
NE,20.763134002685547
NE1,20.28907585144043
NE2,19.56083869934082
ND1,18.83259391784668
ND2,18.10436248779297
NZ,16.866411209106445
NH1,15.37360954284668
NH2,13.88080883026123
SD,12.388010025024414
SG,11.72453784942627
UNKNOWN,11.72453784942627
