atom_type,importance_sum
C,11.413914680480957
CA,11.413914680480957
CB,11.796217918395996
CD,12.656476974487305
CD1,13.516658782958984
CD2,14.37684154510498
CE,15.08991813659668
CE1,15.508698463439941
CE2,15.927483558654785
CE3,16.346179962158203
CG,16.125181198120117
CG1,13.664545059204102
CG2,11.203907012939453
CH2,8.743269920349121
CZ,6.581921577453613
CZ2,6.81487512588501
CZ3,7.047826766967773
O,7.28078031539917
OH,7.513731479644775
OD1,7.9040045738220215
OD2,8.294279098510742
OE1,8.684551239013672
OE2,9.074827194213867
OG,9.875746726989746
OG1,10.727999687194824
N,11.580252647399902
NE,12.432506561279297
NE1,11.696945190429688
NE2,10.507635116577148
ND1,9.318408012390137
ND2,8.129180908203125
NZ,7.984159469604492
NH1,8.361242294311523
NH2,8.738321304321289
SD,9.115424156188965
SG,9.283000946044922
UNKNOWN,9.283000946044922
