atom_index,is_real_atom,atom_type_from_onehot,importance
0,1,SD,12.418007850646973
1,1,CA,12.418007850646973
2,1,C,12.79970932006836
3,1,O,13.606731414794922
4,1,CB,14.413751602172852
5,1,CG,15.22077465057373
6,1,CD1,15.61589527130127
7,1,CD2,15.439672470092773
8,1,N,15.263450622558594
9,1,CA,15.087227821350098
10,1,CB,14.93474292755127
11,1,C,14.823578834533691
12,1,CB,14.712416648864746
13,1,NH1,14.6012544631958
14,1,N,14.49500846862793
15,1,CA,14.399665832519531
16,1,CB,14.30432415008545
17,1,CG1,14.208982467651367
18,1,CD1,14.097830772399902
19,1,CA,13.940912246704102
20,1,O,13.783989906311035
21,1,CB,13.627073287963867
22,1,CB,13.443626403808594
23,1,CD1,13.155838012695312
24,1,CG2,12.868049621582031
25,1,CD1,12.580260276794434
26,1,CD2,12.246213912963867
27,1,CB,11.647237777709961
28,1,CG1,11.048259735107422
29,1,CG2,10.449281692504883
