atom_type,importance
C,0.08702531456947327
CA,0.08702531456947327
CB,0.09750537574291229
CD,0.12108549475669861
CD1,0.1446656733751297
CD2,0.1682458221912384
CE,0.18658709526062012
CE1,0.1944505125284195
CE2,0.20231519639492035
CE3,0.21017864346504211
CG,0.2130298912525177
CG1,0.1983403116464615
CG2,0.18365076184272766
CH2,0.16896122694015503
CZ,0.15537765622138977
CZ2,0.15064196288585663
CZ3,0.1459062546491623
O,0.14117063581943512
OH,0.13643494248390198
OD1,0.125193789601326
OD2,0.1139526218175888
OE1,0.10271146148443222
OE2,0.09147028625011444
OG,0.09309537708759308
OG1,0.09632875770330429
N,0.0995621457695961
NE,0.10279548913240433
NE1,0.10594268888235092
NE2,0.10906444489955902
ND1,0.11218620091676712
ND2,0.11530815064907074
NZ,0.12168741971254349
NH1,0.12969587743282318
NH2,0.13770310580730438
SD,0.14571154117584229
SG,0.14926959574222565
UNKNOWN,0.14926959574222565
