atom_type,importance_sum
C,8.852974891662598
CA,8.852974891662598
CB,9.47957706451416
CD,10.889384269714355
CD1,12.299254417419434
CD2,13.709124565124512
CE,14.601635932922363
CE1,14.459425926208496
CE2,14.317218780517578
CE3,14.175009727478027
CG,14.378960609436035
CG1,15.794427871704102
CG2,17.209850311279297
CH2,18.625282287597656
CZ,19.939577102661133
CZ2,20.44451904296875
CZ3,20.949462890625
O,21.454402923583984
OH,21.959346771240234
OD1,21.34364891052246
OD2,20.72794532775879
OE1,20.112253189086914
OE2,19.49655532836914
OG,18.682889938354492
OG1,17.844501495361328
N,17.006128311157227
NE,16.16775894165039
NE1,15.341643333435059
NE2,14.518953323364258
ND1,13.696338653564453
ND2,12.87373161315918
NZ,12.35547161102295
NH1,11.98943042755127
NH2,11.623384475708008
SD,11.257335662841797
SG,11.094611167907715
UNKNOWN,11.094611167907715
