atom_index,is_real_atom,atom_type_from_onehot,importance
0,1,CB,6.3797502517700195
1,1,CG,6.3797502517700195
2,1,CD1,6.4205145835876465
3,1,CD2,6.506701469421387
4,1,CE1,6.592889308929443
5,1,CE2,6.679078102111816
6,1,CZ,7.001052379608154
7,1,OH,7.650086402893066
8,1,CG2,8.29911994934082
9,1,CA,8.94815444946289
10,1,C,9.579679489135742
11,1,O,10.180732727050781
12,1,CB,10.781783103942871
13,1,O,11.382834434509277
14,1,SG,11.739123344421387
15,1,C,11.552680015563965
16,1,O,11.366236686706543
17,1,CB,11.179794311523438
18,1,CG,10.955230712890625
19,1,CD1,10.620315551757812
20,1,N,10.285399436950684
21,1,CA,9.950485229492188
22,1,O,9.741799354553223
23,1,CB,10.029621124267578
24,1,CG1,10.317442893981934
25,1,CG2,10.605264663696289
26,1,CB,10.907700538635254
27,1,CG1,11.293838500976562
28,1,CG2,11.679977416992188
29,1,CD1,12.066115379333496
30,1,CG,12.343831062316895
31,1,CD,11.5837984085083
32,1,NE,10.823760986328125
33,1,CZ,10.063730239868164
34,1,NH1,9.30102252960205
