atom_index,is_real_atom,atom_type_from_onehot,importance
0,1,OG,8.803142547607422
1,1,CB,8.803142547607422
2,1,CG,8.832477569580078
3,1,CD1,8.894498825073242
4,1,CD2,8.956521034240723
5,1,CE2,9.01854419708252
6,1,CZ,8.919665336608887
7,1,OG1,8.597599029541016
8,1,CB,8.275531768798828
9,1,CG,7.953464508056641
10,1,CD1,7.848872184753418
11,1,CD2,8.122844696044922
12,1,CE1,8.396818161010742
13,1,CE2,8.67078971862793
14,1,CZ,8.806498527526855
15,1,CA,8.63562297821045
16,1,C,8.464746475219727
17,1,O,8.29387092590332
18,1,CB,8.178488731384277
19,1,CG,8.223742485046387
20,1,CD2,8.268999099731445
21,1,CE2,8.314252853393555
22,1,CG,8.3226900100708
23,1,CB,8.186311721801758
24,1,CG,8.049934387207031
25,1,CD2,7.91355562210083
26,1,CD2,7.7254438400268555
