atom_type,importance_sum
C,8.5660400390625
CA,8.5660400390625
CB,8.596365928649902
CD,8.664633750915527
CD1,8.732856750488281
CD2,8.801081657409668
CE,9.043457984924316
CE1,9.634212493896484
CE2,10.224905967712402
CE3,10.815681457519531
CG,11.442846298217773
CG1,12.197833061218262
CG2,12.952821731567383
CH2,13.707808494567871
CZ,14.382719039916992
CZ2,14.417014122009277
CZ3,14.451311111450195
O,14.485608100891113
OH,14.519902229309082
OD1,13.731624603271484
OD2,12.943347930908203
OE1,12.155065536499023
OE2,11.366787910461426
OG,10.891908645629883
OG1,10.456202507019043
N,10.020498275756836
NE,9.58480453491211
NE1,8.932978630065918
NE2,8.219369888305664
ND1,7.505738258361816
ND2,6.7921600341796875
NZ,6.574963092803955
NH1,6.605983257293701
NH2,6.637004375457764
SD,6.66802453994751
SG,6.681815147399902
UNKNOWN,6.681815147399902
