atom_index,is_real_atom,atom_type_from_onehot,importance
0,1,CG2,11.664152145385742
1,1,O,11.664152145385742
2,1,OE1,11.773953437805176
3,1,C,12.006101608276367
4,1,O,12.238249778747559
5,1,CG2,12.47039794921875
6,1,N,12.528749465942383
7,1,CA,12.346027374267578
8,1,CB,12.163307189941406
9,1,OG,11.980584144592285
10,1,C,11.968695640563965
11,1,O,12.254188537597656
12,1,CB,12.539680480957031
13,1,CA,12.825170516967773
14,1,C,13.003384590148926
15,1,O,12.943720817565918
16,1,SD,12.884056091308594
17,1,CE,12.824390411376953
18,1,NE,12.615371704101562
19,1,CZ,11.974013328552246
20,1,NH1,11.332651138305664
21,1,NH2,10.691290855407715
22,1,CG2,10.045350074768066
23,1,CD1,9.381385803222656
24,1,CG,8.717418670654297
25,1,CD1,8.05345344543457
26,1,CD2,7.460184097290039
27,1,CE1,7.271822452545166
28,1,CE2,7.083461284637451
29,1,CZ,6.89509916305542
30,1,OH,6.739821910858154
31,1,CD2,6.901208400726318
32,1,CE1,7.062594890594482
33,1,CE2,7.223979949951172
34,1,CZ,7.3683061599731445
35,1,OH,7.108875274658203
