atom_type,importance_sum
C,9.120074272155762
CA,9.120074272155762
CB,9.54268741607666
CD,10.493586540222168
CD1,11.44450569152832
CD2,12.395429611206055
CE,12.944645881652832
CE1,12.690445899963379
CE2,12.436341285705566
CE3,12.182235717773438
CG,12.023018836975098
CG1,12.195993423461914
CG2,12.368971824645996
CH2,12.541949272155762
CZ,12.780365943908691
CZ2,13.542277336120605
CZ3,14.304189682006836
O,15.06610107421875
OH,15.828011512756348
OD1,16.31587791442871
OD2,16.803730010986328
OE1,17.291584014892578
OE2,17.779434204101562
OG,17.632543563842773
OG1,17.406309127807617
N,17.180070877075195
NE,16.95383644104004
NE1,16.871810913085938
NE2,16.83098793029785
ND1,16.790164947509766
ND2,16.749269485473633
NZ,16.584365844726562
NH1,16.357309341430664
NH2,16.13033676147461
SD,15.903279304504395
SG,15.802391052246094
UNKNOWN,15.802391052246094
