atom_type,importance
C,0.12514083087444305
CA,0.12514083087444305
CB,0.13099880516529083
CD,0.144181028008461
CD1,0.15736201405525208
CD2,0.17054305970668793
CE,0.178572878241539
CE1,0.17630265653133392
CE2,0.17403234541416168
CE3,0.1717609465122223
CG,0.16927216947078705
CG1,0.16601760685443878
CG2,0.1627631038427353
CH2,0.1595086008310318
CZ,0.15718983113765717
CZ2,0.16235731542110443
CZ3,0.1675248146057129
O,0.17269228398799896
OH,0.17785975337028503
OD1,0.17391690611839294
OD2,0.16997407376766205
OE1,0.16603125631809235
OE2,0.16208845376968384
OG,0.16294050216674805
OG1,0.16439186036586761
N,0.16584326326847076
NE,0.16729457676410675
NE1,0.17254981398582458
NE2,0.1788931041955948
ND1,0.18523524701595306
ND2,0.19157856702804565
NZ,0.19524835050106049
NH1,0.19758416712284088
NH2,0.19991885125637054
SD,0.2022535353899002
SG,0.20329129695892334
UNKNOWN,0.20329129695892334
