atom_index,is_real_atom,atom_type_from_onehot,importance
0,1,CG,7.054917812347412
1,1,CD2,7.054917812347412
2,1,CG,7.217169761657715
3,1,CD2,7.560221195220947
4,1,CE1,7.903270721435547
5,1,NE2,8.246321678161621
6,1,CB,8.51422119140625
7,1,CG1,8.677877426147461
8,1,CG2,8.841532707214355
9,1,CG,9.005189895629883
10,1,CD2,9.047347068786621
11,1,CA,8.878003120422363
12,1,C,8.708658218383789
13,1,O,8.539314270019531
14,1,CB,8.416515350341797
15,1,CG1,8.39692497253418
16,1,CG2,8.377335548400879
17,1,N,8.357747077941895
18,1,CA,8.309840202331543
19,1,CB,8.179962158203125
20,1,CG,8.050084114074707
21,1,CD2,7.920206069946289
22,1,CG2,7.784360408782959
23,1,CD1,7.625047206878662
24,1,ND2,7.465733528137207
25,1,CB,7.306419372558594
26,1,CG,7.128546237945557
27,1,CD1,6.844367980957031
28,1,CD2,6.560190200805664
29,1,NE1,6.276011943817139
30,1,CE2,6.018773078918457
31,1,CE3,6.019373893737793
32,1,CZ2,6.019976615905762
33,1,CZ3,6.020578384399414
34,1,CH2,6.0147705078125
35,1,CD2,5.857292652130127
36,1,CE1,5.699814319610596
37,1,CE2,5.542335510253906
38,1,CZ,5.384856224060059
