atom_type,importance_sum
C,4.612442970275879
CA,4.612442970275879
CB,4.72048282623291
CD,4.963570594787598
CD1,5.206702709197998
CD2,5.449791431427002
CE,5.902040481567383
CE1,6.772561073303223
CE2,7.6430840492248535
CE3,8.513604164123535
CG,9.470789909362793
CG1,10.731062889099121
CG2,11.991342544555664
CH2,13.251617431640625
CZ,14.340734481811523
CZ2,14.060604095458984
CZ3,13.78046989440918
O,13.50033950805664
OH,13.220205307006836
OD1,11.968377113342285
OD2,10.716550827026367
OE1,9.46472454071045
OE2,8.212897300720215
OG,7.970283508300781
OG1,7.853823661804199
N,7.737362384796143
NE,7.620903491973877
NE1,7.856571197509766
NE2,8.192801475524902
ND1,8.529071807861328
ND2,8.86534309387207
NZ,9.250221252441406
NH1,9.65936279296875
NH2,10.06859016418457
SD,10.477731704711914
SG,10.659646034240723
UNKNOWN,10.659646034240723
