atom_index,is_real_atom,atom_type_from_onehot,importance
0,1,O,6.412688255310059
1,1,N,6.412688255310059
2,1,CA,6.246159076690674
3,1,C,5.894067287445068
4,1,O,5.5419769287109375
5,1,CB,5.18988561630249
6,1,CG1,4.873766899108887
7,1,CG2,4.607545852661133
8,1,N,4.341322898864746
9,1,N,4.075100898742676
10,1,CA,3.9608795642852783
11,1,C,4.1112518310546875
12,1,O,4.261624336242676
13,1,N,4.411996364593506
14,1,CA,4.503326892852783
15,1,CB,4.463737964630127
16,1,OG,4.424147605895996
17,1,CB,4.384557723999023
18,1,OG1,4.446031093597412
19,1,CG2,4.800048351287842
20,1,CB,5.1540679931640625
21,1,CG,5.508085250854492
22,1,CD1,5.7660298347473145
23,1,CA,5.6460795402526855
24,1,C,5.526129245758057
25,1,O,5.4061784744262695
26,1,CB,5.309108734130859
27,1,CG,5.343083381652832
28,1,CD1,5.3770575523376465
29,1,CD2,5.411032676696777
30,1,CE1,5.42456579208374
31,1,CZ,5.2424468994140625
32,1,CA,5.060327529907227
33,1,C,4.878208637237549
34,1,O,4.702240467071533
35,1,CB,4.671882152557373
36,1,N,4.641522407531738
37,1,CA,4.611164093017578
38,1,CB,4.580804347991943
39,1,OG,4.459117889404297
40,1,CD1,4.336181163787842
41,1,CB,4.213244438171387
42,1,CG,4.090306282043457
43,1,CD1,3.9821465015411377
44,1,CD2,3.8750576972961426
45,1,NE1,3.7679691314697266
46,1,CE2,3.6608800888061523
47,1,CE3,3.6206655502319336
48,1,CZ2,3.589710235595703
49,1,CZ3,3.55875563621521
50,1,CH2,3.5278005599975586
51,1,CG,3.410930633544922
52,1,CD1,3.2757515907287598
53,1,CD2,3.1405720710754395
