atom_type,importance_sum
C,3.4330081939697266
CA,3.4330081939697266
CB,3.873293399810791
CD,4.863892555236816
CD1,5.854526519775391
CD2,6.8451247215271
CE,7.748419284820557
CE1,8.47703742980957
CE2,9.20565128326416
CE3,9.934337615966797
CG,10.400267601013184
CG1,9.946720123291016
CG2,9.493172645568848
CH2,9.039627075195312
CZ,8.67418098449707
CZ2,9.013531684875488
CZ3,9.352875709533691
O,9.692229270935059
OH,10.03157901763916
OD1,8.58554458618164
OD2,7.139476299285889
OE1,5.693445682525635
OE2,4.247414588928223
OG,5.2615556716918945
OG1,6.583218574523926
N,7.904882431030273
NE,9.226579666137695
NE1,9.687210083007812
NE2,9.901810646057129
ND1,10.116399765014648
ND2,10.331069946289062
NZ,9.945618629455566
NH1,9.260249137878418
NH2,8.574811935424805
SD,7.889373779296875
SG,7.584753036499023
UNKNOWN,7.584753036499023
