atom_type,importance
C,0.10284382849931717
CA,0.10284382849931717
CB,0.1109839379787445
CD,0.12929978966712952
CD1,0.14761479198932648
CD2,0.16592976450920105
CE,0.1764630377292633
CE1,0.17143018543720245
CE2,0.16639859974384308
CE3,0.1613670140504837
CG,0.15981771051883698
CG1,0.1704603135585785
CG2,0.18110287189483643
CH2,0.19174547493457794
CZ,0.20103174448013306
CZ2,0.19946737587451935
CZ3,0.19790303707122803
O,0.19633863866329193
OH,0.19477435946464539
OD1,0.17623819410800934
OD2,0.15770205855369568
OE1,0.13916590809822083
OE2,0.12062977999448776
OG,0.1099795550107956
OG1,0.10031505674123764
N,0.09065057337284088
NE,0.08098608255386353
NE1,0.08116190135478973
NE2,0.08414849638938904
ND1,0.08713509887456894
ND2,0.09012230485677719
NZ,0.09450845420360565
NH1,0.09959468245506287
NH2,0.10468025505542755
SD,0.10976650565862656
SG,0.11202705651521683
UNKNOWN,0.11202705651521683
