atom_type,importance
C,0.06549540907144547
CA,0.06549540907144547
CB,0.07425539940595627
CD,0.09396472573280334
CD1,0.11367505043745041
CD2,0.13338536024093628
CE,0.14593762159347534
CE1,0.144175723195076
CE2,0.14241379499435425
CE3,0.1406518816947937
CG,0.13986989855766296
CG1,0.14252036809921265
CG2,0.14517085254192352
CH2,0.14782129228115082
CZ,0.1507849395275116
CZ2,0.15625391900539398
CZ3,0.1617228388786316
O,0.1671917736530304
OH,0.1726607382297516
OD1,0.16729004681110382
OD2,0.16191934049129486
OE1,0.15654870867729187
OE2,0.1511780172586441
OG,0.14464975893497467
OG1,0.13797681033611298
N,0.13130387663841248
NE,0.1246308907866478
NE1,0.11395348608493805
NE2,0.10213082283735275
ND1,0.09030816704034805
ND2,0.07848554104566574
NZ,0.07679884135723114
NH1,0.08017910271883011
NH2,0.08355871587991714
SD,0.0869390219449997
SG,0.08844178169965744
UNKNOWN,0.08844178169965744
