atom_type,importance_sum
C,7.510083198547363
CA,7.510083198547363
CB,7.962450981140137
CD,8.98022747039795
CD1,9.99808120727539
CD2,11.015877723693848
CE,11.694697380065918
CE1,11.695500373840332
CE2,11.696307182312012
CE3,11.697012901306152
CG,11.859817504882812
CG1,12.589482307434082
CG2,13.319145202636719
CH2,14.048807144165039
CZ,14.786844253540039
CZ2,15.591903686523438
CZ3,16.396957397460938
O,17.202016830444336
OH,18.0070743560791
OD1,18.038230895996094
OD2,18.069393157958984
OE1,18.100547790527344
OE2,18.13170623779297
OG,17.194368362426758
OG1,16.135957717895508
N,15.077554702758789
NE,14.019146919250488
NE1,12.980507850646973
NE2,11.947413444519043
ND1,10.914411544799805
ND2,9.881338119506836
NZ,9.544520378112793
NH1,9.555774688720703
NH2,9.567028999328613
SD,9.578285217285156
SG,9.583306312561035
UNKNOWN,9.583306312561035
