atom_type,importance
C,0.1532978117465973
CA,0.1532978117465973
CB,0.16654324531555176
CD,0.1963450014591217
CD1,0.22614677250385284
CD2,0.25594761967658997
CE,0.27458274364471436
CE1,0.270882785320282
CE2,0.26718103885650635
CE3,0.26348111033439636
CG,0.2559841573238373
CG1,0.235198974609375
CG2,0.21441370248794556
CH2,0.1936284452676773
CZ,0.17609061300754547
CZ2,0.1845317929983139
CZ3,0.19297298789024353
O,0.20141415297985077
OH,0.20985530316829681
OD1,0.21017393469810486
OD2,0.21049261093139648
OE1,0.21081127226352692
OE2,0.21112994849681854
OG,0.20588403940200806
OG1,0.19994261860847473
N,0.19400112330913544
NE,0.18805965781211853
NE1,0.20781269669532776
NE2,0.2349068969488144
ND1,0.2619993984699249
ND2,0.2890935242176056
NZ,0.2925506830215454
NH1,0.2841908931732178
NH2,0.275829553604126
SD,0.2674698233604431
SG,0.26375243067741394
UNKNOWN,0.26375243067741394
