atom_type,importance
C,0.12905950844287872
CA,0.12905950844287872
CB,0.1423531174659729
CD,0.17226456105709076
CD1,0.2021758258342743
CD2,0.23208725452423096
CE,0.2574233114719391
CE1,0.27360495924949646
CE2,0.2897886037826538
CE3,0.30597224831581116
CG,0.31286925077438354
CG1,0.28726500272750854
CG2,0.26166075468063354
CH2,0.23605641722679138
CZ,0.21203242242336273
CZ2,0.20064987242221832
CZ3,0.1892673522233963
O,0.1778847724199295
OH,0.1665021926164627
OD1,0.1828683316707611
OD2,0.1992344856262207
OE1,0.21560053527355194
OE2,0.23196670413017273
OG,0.2319011390209198
OG1,0.22978156805038452
N,0.22766202688217163
NE,0.22554254531860352
NE1,0.21492436528205872
NE2,0.20187737047672272
ND1,0.18883030116558075
ND2,0.17578423023223877
NZ,0.16608008742332458
NH1,0.15804648399353027
NH2,0.1500128209590912
SD,0.1419791728258133
SG,0.13840913772583008
UNKNOWN,0.13840913772583008
