atom_type,importance
C,0.08457189053297043
CA,0.08457189053297043
CB,0.09171836078166962
CD,0.10779699683189392
CD1,0.12387494742870331
CD2,0.13995502889156342
CE,0.14983202517032623
CE1,0.14730848371982574
CE2,0.14478494226932526
CE3,0.14226141571998596
CG,0.13883858919143677
CG1,0.13226670026779175
CG2,0.12569479644298553
CH2,0.11912290006875992
CZ,0.11318051815032959
CZ2,0.11227433383464813
CZ3,0.11136815696954727
O,0.1104619950056076
OH,0.10955580323934555
OD1,0.10954490303993225
OD2,0.10953403264284134
OE1,0.10952316224575043
OE2,0.10951227694749832
OG,0.11264605075120926
OG1,0.11617293208837509
N,0.11969976872205734
NE,0.12322665005922318
NE1,0.11893320828676224
NE2,0.11240603029727936
ND1,0.105878546833992
ND2,0.09935086965560913
NZ,0.10053766518831253
NH1,0.10558058321475983
NH2,0.11062350869178772
SD,0.1156671792268753
SG,0.11790861934423447
UNKNOWN,0.11790861934423447
