atom_type,importance_sum
C,9.181577682495117
CA,9.181577682495117
CB,9.00840950012207
CD,8.618825912475586
CD1,8.229223251342773
CD2,7.839612007141113
CE,7.896066188812256
CE1,8.844703674316406
CE2,9.793377876281738
CE3,10.741997718811035
CG,11.429478645324707
CG1,11.203060150146484
CG2,10.976637840270996
CH2,10.750219345092773
CZ,10.6901273727417
CZ2,11.960652351379395
CZ3,13.231176376342773
O,14.501700401306152
OH,15.772222518920898
OD1,15.308586120605469
OD2,14.844944953918457
OE1,14.381303787231445
OE2,13.917665481567383
OG,13.46221923828125
OG1,13.007796287536621
N,12.553374290466309
NE,12.098952293395996
NE1,11.840970993041992
NE2,11.639025688171387
ND1,11.43714714050293
ND2,11.235193252563477
NZ,11.004613876342773
NH1,10.759645462036133
NH2,10.51461124420166
SD,10.269647598266602
SG,10.1607666015625
UNKNOWN,10.1607666015625
