atom_type,importance
C,0.06485673785209656
CA,0.06485673785209656
CB,0.06994828581809998
CD,0.08140412718057632
CD1,0.09286000579595566
CD2,0.10431638360023499
CE,0.11599123477935791
CE1,0.12810491025447845
CE2,0.1402187943458557
CE3,0.1523326188325882
CG,0.16141752898693085
CG1,0.15989623963832855
CG2,0.15837503969669342
CH2,0.1568538099527359
CZ,0.15711136162281036
CZ2,0.1715991348028183
CZ3,0.18608689308166504
O,0.2005746066570282
OH,0.21506236493587494
OD1,0.2144852727651596
OD2,0.21390818059444427
OE1,0.21333102881908417
OE2,0.21275395154953003
OG,0.20725418627262115
OG1,0.2011391520500183
N,0.19502408802509308
NE,0.18890905380249023
NE1,0.18427349627017975
NE2,0.18006068468093872
ND1,0.17584797739982605
ND2,0.171635240316391
NZ,0.16881299018859863
NH1,0.1666877418756485
NH2,0.16456133127212524
SD,0.16243495047092438
SG,0.16149073839187622
UNKNOWN,0.16149073839187622
