atom_type,importance
C,0.11643893271684647
CA,0.11643893271684647
CB,0.12032913416624069
CD,0.12908266484737396
CD1,0.13783767819404602
CD2,0.1465914398431778
CE,0.15103928744792938
CE1,0.14687518775463104
CE2,0.14271105825901031
CE3,0.13854694366455078
CG,0.1394558846950531
CG1,0.15811805427074432
CG2,0.17678029835224152
CH2,0.19544248282909393
CZ,0.21314696967601776
CZ2,0.2231905162334442
CZ3,0.23323290050029755
O,0.24327529966831207
OH,0.253317654132843
OD1,0.238675057888031
OD2,0.22403235733509064
OE1,0.20938850939273834
OE2,0.19474579393863678
OG,0.18335755169391632
OG1,0.17237606644630432
N,0.16139458119869232
NE,0.1504131406545639
NE1,0.14545774459838867
NE2,0.1422244906425476
ND1,0.13899008929729462
ND2,0.13575686514377594
NZ,0.14025622606277466
NH1,0.1486230492591858
NH2,0.15698984265327454
SD,0.16535553336143494
SG,0.16907435655593872
UNKNOWN,0.16907435655593872
