atom_type,importance_sum
C,3.6303513050079346
CA,3.6303513050079346
CB,4.1991167068481445
CD,5.478801250457764
CD1,6.758489608764648
CD2,8.038208961486816
CE,8.874778747558594
CE1,8.825028419494629
CE2,8.775333404541016
CE3,8.725627899169922
CG,8.970815658569336
CG1,10.2483491897583
CG2,11.52588176727295
CH2,12.80341625213623
CZ,14.149415016174316
CZ2,16.04315948486328
CZ3,17.936969757080078
O,19.830705642700195
OH,21.724451065063477
OD1,19.854019165039062
OD2,17.98358726501465
OE1,16.113094329833984
OE2,14.242657661437988
OG,14.748189926147461
OG1,15.550718307495117
N,16.35326385498047
NE,17.15583610534668
NE1,17.32843017578125
NE2,17.320934295654297
ND1,17.313581466674805
ND2,17.306222915649414
NZ,16.52774429321289
NH1,15.363776206970215
NH2,14.199810028076172
SD,13.035907745361328
SG,12.518575668334961
UNKNOWN,12.518575668334961
