atom_type,importance_sum
C,7.2394022941589355
CA,7.2394022941589355
CB,7.349501609802246
CD,7.597178936004639
CD1,7.844855785369873
CD2,8.092527389526367
CE,8.565863609313965
CE1,9.490641593933105
CE2,10.415419578552246
CE3,11.340197563171387
CG,12.022237777709961
CG1,11.8543119430542
CG2,11.686386108398438
CH2,11.51845932006836
CZ,11.37878704071045
CZ2,11.4651460647583
CZ3,11.551505088806152
O,11.637863159179688
OH,11.724223136901855
OD1,11.051360130310059
OD2,10.378499031066895
OE1,9.705636024475098
OE2,9.032774925231934
OG,8.946728706359863
OG1,8.934036254882812
N,8.921338081359863
NE,8.90864372253418
NE1,8.56230640411377
NE2,8.12060832977295
ND1,7.678959369659424
ND2,7.237285614013672
NZ,6.885337829589844
NH1,6.578207015991211
NH2,6.271123886108398
SD,5.963994026184082
SG,5.827515602111816
UNKNOWN,5.827515602111816
