atom_type,importance
C,0.14592842757701874
CA,0.14592842757701874
CB,0.15429633855819702
CD,0.17312417924404144
CD1,0.19195199012756348
CD2,0.2107798159122467
CE,0.2243562638759613
CE1,0.22742800414562225
CE2,0.23050178587436676
CE3,0.23357358574867249
CG,0.23743893206119537
CG1,0.2440776377916336
CG2,0.25071650743484497
CH2,0.257355272769928
CZ,0.2620278298854828
CZ2,0.2509698271751404
CZ3,0.2399120032787323
O,0.22885408997535706
OH,0.2177962213754654
OD1,0.22483214735984802
OD2,0.23186808824539185
OE1,0.2389039844274521
OE2,0.24593998491764069
OG,0.25872862339019775
OG1,0.2722364366054535
N,0.28574416041374207
NE,0.2992519438266754
NE1,0.29394006729125977
NE2,0.28325071930885315
ND1,0.2725614607334137
ND2,0.2618722915649414
NZ,0.2504238784313202
NH1,0.23859789967536926
NH2,0.22676993906497955
SD,0.21494199335575104
SG,0.20968569815158844
UNKNOWN,0.20968569815158844
