atom_index,is_real_atom,atom_type_from_onehot,importance
0,1,CG2,8.167492866516113
1,1,CD1,8.167492866516113
2,1,CA,8.210813522338867
3,1,C,8.302401542663574
4,1,O,8.393988609313965
5,1,CB,8.485578536987305
6,1,CG,8.509626388549805
7,1,CD,8.43998908996582
8,1,C,8.370352745056152
9,1,O,8.300715446472168
10,1,CB,8.240108489990234
11,1,CG2,8.195219993591309
12,1,N,8.150331497192383
13,1,CA,8.10544204711914
14,1,CB,8.153423309326172
15,1,OG,8.407330513000488
16,1,C,8.661237716674805
17,1,O,8.915145874023438
18,1,CB,8.992208480834961
19,1,N,8.557358741760254
20,1,CA,8.12250804901123
21,1,SD,7.687658786773682
22,1,CE,7.3208818435668945
23,1,CD,7.221854209899902
24,1,NE,7.12282657623291
25,1,CZ,7.023798942565918
26,1,NH1,6.90718412399292
27,1,NH2,6.689838409423828
28,1,CZ2,6.472491264343262
29,1,CZ3,6.255146026611328
30,1,CH2,6.04592227935791
31,1,CG1,5.914449691772461
32,1,CG2,5.782975673675537
33,1,CD1,5.651501655578613
34,1,CG,5.525693416595459
35,1,CD1,5.533951282501221
36,1,CD2,5.542209625244141
37,1,CE1,5.550467014312744
38,1,CE2,5.558725357055664
39,1,CZ,5.270153045654297
40,1,OH,4.9775166511535645
41,1,CE1,4.684879302978516
42,1,CZ,4.392241954803467
43,1,OH,4.1669230461120605
