atom_index,is_real_atom,atom_type_from_onehot,importance
0,1,CA,5.906141757965088
1,1,C,5.906141757965088
2,1,O,5.81906795501709
3,1,CB,5.634966850280762
4,1,CG,5.450868129730225
5,1,CD2,5.266768455505371
6,1,CE2,5.235373497009277
7,1,CA,5.415798187255859
8,1,C,5.5962233543396
9,1,O,5.776647567749023
10,1,N,5.942415237426758
11,1,CA,6.082666397094727
12,1,CB,6.222919940948486
13,1,SD,6.36317253112793
14,1,CE,6.4951958656311035
15,1,CG,6.6089701652526855
16,1,CD,6.722745418548584
17,1,OE1,6.836520195007324
18,1,OE2,6.884718418121338
19,1,C,6.7430853843688965
20,1,O,6.6014533042907715
21,1,CB,6.4598212242126465
22,1,CG,6.326184272766113
23,1,CD,6.223998069763184
24,1,CE,6.1218132972717285
25,1,NZ,6.019627094268799
26,1,N,5.924500465393066
27,1,CA,5.869810104370117
28,1,CD2,5.815118789672852
29,1,CB,5.760427474975586
30,1,SG,5.717092514038086
31,1,CG,5.782449722290039
32,1,CD1,5.847809314727783
33,1,CD2,5.913167953491211
34,1,CG2,5.975033283233643
35,1,CA,5.954245567321777
36,1,C,5.933457374572754
37,1,O,5.912668704986572
38,1,CB,5.891880989074707
39,1,CG,5.836724281311035
40,1,CD1,5.781095027923584
41,1,CD2,5.725467681884766
42,1,N,5.6698384284973145
43,1,CD2,5.281917095184326
44,1,CA,4.869919776916504
45,1,C,4.457919597625732
46,1,O,4.045919895172119
47,1,CB,3.8819453716278076
48,1,N,3.7523128986358643
49,1,CG,3.6226799488067627
50,1,CD1,3.493046998977661
51,1,CD2,3.29636812210083
52,1,CE1,3.085400104522705
53,1,CE2,2.874431610107422
54,1,CZ,2.6634633541107178
