atom_type,importance_sum
C,2.200444459915161
CA,2.200444459915161
CB,2.4313626289367676
CD,2.9509222507476807
CD1,3.470482110977173
CD2,3.9900424480438232
CE,4.730439186096191
CE1,5.912476062774658
CE2,7.094551086425781
CE3,8.27658748626709
CG,9.315553665161133
CG1,9.853631019592285
CG2,10.391707420349121
CH2,10.92978286743164
CZ,11.429645538330078
CZ2,11.623831748962402
CZ3,11.818016052246094
O,12.012200355529785
OH,12.206379890441895
OD1,10.854976654052734
OD2,9.503567695617676
OE1,8.152166366577148
OE2,6.800723552703857
OG,7.4369730949401855
OG1,8.3217191696167
N,9.206427574157715
NE,10.091135025024414
NE1,10.36177921295166
NE2,10.457060813903809
ND1,10.552264213562012
ND2,10.647541999816895
NZ,11.350740432739258
NH1,12.358010292053223
NH2,13.365200996398926
SD,14.372396469116211
SG,14.820037841796875
UNKNOWN,14.820037841796875
