atom_type,importance
C,0.10251450538635254
CA,0.10251450538635254
CB,0.1140785738825798
CD,0.14009800553321838
CD1,0.16611860692501068
CD2,0.19213800132274628
CE,0.21135343611240387
CE1,0.21695947647094727
CE2,0.22256670892238617
CE3,0.22817157208919525
CG,0.2311527281999588
CG1,0.2249411791563034
CG2,0.21872960031032562
CH2,0.21251682937145233
CZ,0.20658954977989197
CZ2,0.20293648540973663
CZ3,0.1992834508419037
O,0.19563038647174835
OH,0.19197730720043182
OD1,0.1736830323934555
OD2,0.15538880228996277
OE1,0.13709454238414764
OE2,0.11880030483007431
OG,0.11414968967437744
OG1,0.11120454221963882
N,0.10825937986373901
NE,0.10531425476074219
NE1,0.10268592089414597
NE2,0.10014750808477402
ND1,0.09760911017656326
ND2,0.09507068991661072
NZ,0.09344740211963654
NH1,0.09228074550628662
NH2,0.09111472219228745
SD,0.08994808048009872
SG,0.08942963927984238
UNKNOWN,0.08942963927984238
