atom_type,importance
C,0.1111527606844902
CA,0.1111527606844902
CB,0.11634019017219543
CD,0.12801334261894226
CD1,0.13968540728092194
CD2,0.1513574868440628
CE,0.1597614288330078
CE1,0.16162915527820587
CE2,0.1634957194328308
CE3,0.16536341607570648
CG,0.16837389767169952
CG1,0.17538520693778992
CG2,0.1823965311050415
CH2,0.1894078254699707
CZ,0.1953762024641037
CZ2,0.19300079345703125
CZ3,0.1906254142522812
O,0.18825006484985352
OH,0.18587471544742584
OD1,0.19199608266353607
OD2,0.1981174796819687
OE1,0.20423884689807892
OE2,0.21036021411418915
OG,0.19807666540145874
OG1,0.1834925264120102
N,0.16890843212604523
NE,0.15432427823543549
NE1,0.15564680099487305
NE2,0.16151562333106995
ND1,0.16738447546958923
ND2,0.17325210571289062
NZ,0.18166601657867432
NH1,0.191351979970932
NH2,0.20103797316551208
SD,0.2107238918542862
SG,0.2150290161371231
UNKNOWN,0.2150290161371231
