atom_type,importance
C,0.25933024287223816
CA,0.25933024287223816
CB,0.2549910843372345
CD,0.2452281415462494
CD1,0.2354661524295807
CD2,0.22570419311523438
CE,0.21890871226787567
CE1,0.21804781258106232
CE2,0.21718686819076538
CE3,0.21632623672485352
CG,0.21577787399291992
CG1,0.216323122382164
CG2,0.2168683558702469
CH2,0.21741360425949097
CZ,0.22027331590652466
CZ2,0.24164819717407227
CZ3,0.2630230486392975
O,0.2843981087207794
OH,0.30577293038368225
OD1,0.2966001033782959
OD2,0.28742724657058716
OE1,0.27825433015823364
OE2,0.26908159255981445
OG,0.3009336590766907
OG1,0.33791396021842957
N,0.37489432096481323
NE,0.4118744730949402
NE1,0.4091157913208008
NE2,0.3950026333332062
ND1,0.3808906078338623
ND2,0.3667774796485901
NZ,0.37146222591400146
NH1,0.3855447471141815
NH2,0.39962828159332275
SD,0.41371095180511475
SG,0.41997018456459045
UNKNOWN,0.41997018456459045
