atom_index,is_real_atom,atom_type_from_onehot,importance
0,1,CB,6.051726341247559
1,1,CG,6.051726341247559
2,1,CD1,6.283149719238281
3,1,CE1,6.772446632385254
4,1,CZ,7.261743068695068
5,1,CB,7.751039505004883
6,1,CG2,8.061922073364258
7,1,CE,8.125328063964844
8,1,CB,8.18873405456543
9,1,CG1,8.252140045166016
10,1,CG2,8.319626808166504
11,1,CD1,8.394218444824219
12,1,CE1,8.468810081481934
13,1,CZ,8.543400764465332
14,1,OH,8.615849494934082
15,1,CG1,8.683539390563965
16,1,CD1,8.751232147216797
17,1,CG,8.818924903869629
18,1,CD2,8.96517276763916
19,1,CE1,9.338827133178711
20,1,NE2,9.712480545043945
21,1,O,10.086133003234863
22,1,CG2,10.288264274597168
23,1,N,9.815749168395996
24,1,CA,9.343232154846191
25,1,CB,8.870719909667969
26,1,CG,8.39500617980957
27,1,CD,7.9009904861450195
28,1,CG1,7.406974792480469
29,1,CG2,6.912959575653076
30,1,CD1,6.422879695892334
