atom_type,importance_sum
C,7.347741603851318
CA,7.347741603851318
CB,7.451751708984375
CD,7.685727119445801
CD1,7.91975212097168
CD2,8.153776168823242
CE,8.49939250946045
CE1,9.068092346191406
CE2,9.636886596679688
CE3,10.205684661865234
CG,10.771357536315918
CG1,11.326236724853516
CG2,11.88111686706543
CH2,12.436001777648926
CZ,12.913640022277832
CZ2,12.773348808288574
CZ3,12.63305950164795
O,12.492769241333008
OH,12.352476119995117
OD1,11.042378425598145
OD2,9.732281684875488
OE1,8.422187805175781
OE2,7.112089157104492
OG,6.5876898765563965
OG1,6.161503314971924
N,5.735317230224609
NE,5.309128761291504
NE1,5.1193108558654785
NE2,4.997028827667236
ND1,4.87474250793457
ND2,4.752458572387695
NZ,4.884871006011963
NH1,5.144678115844727
NH2,5.404438018798828
SD,5.664245128631592
SG,5.779664039611816
UNKNOWN,5.779664039611816
