atom_type,importance
C,0.09495986998081207
CA,0.09495986998081207
CB,0.10102803260087967
CD,0.11468052864074707
CD1,0.12833353877067566
CD2,0.1419869214296341
CE,0.15115192532539368
CE1,0.15134026110172272
CE2,0.15152981877326965
CE3,0.15171940624713898
CG,0.1523204892873764
CG1,0.15436238050460815
CG2,0.1564042568206787
CH2,0.15844611823558807
CZ,0.16105593740940094
CZ2,0.16820907592773438
CZ3,0.17536213994026184
O,0.18251527845859528
OH,0.18966835737228394
OD1,0.18465028703212738
OD2,0.17963220179080963
OE1,0.17461416125297546
OE2,0.1695960909128189
OG,0.15537385642528534
OG1,0.1400011032819748
N,0.12462838739156723
NE,0.10925564169883728
NE1,0.10655585676431656
NE2,0.10747703909873962
ND1,0.10839814692735672
ND2,0.10931940376758575
NZ,0.11140162497758865
NH1,0.11406412720680237
NH2,0.11672674864530563
SD,0.11938931792974472
SG,0.12057299166917801
UNKNOWN,0.12057299166917801
