atom_index,is_real_atom,atom_type_from_onehot,importance
0,1,CD1,7.772719860076904
1,1,CE1,7.772719860076904
2,1,CZ,7.947488784790039
3,1,C,8.317001342773438
4,1,O,8.686511993408203
5,1,CB,9.056023597717285
6,1,CG,9.179177284240723
7,1,CD2,8.960611343383789
8,1,CB,8.742043495178223
9,1,CG2,8.523477554321289
10,1,N,8.247285842895508
11,1,CA,7.870780944824219
12,1,CB,7.494276523590088
13,1,CG,7.117772102355957
14,1,CD1,6.816422462463379
15,1,CE1,6.681722164154053
16,1,CB,6.547022819519043
17,1,CG,6.412322521209717
18,1,CD1,6.264054298400879
19,1,CD2,6.076513290405273
20,1,CE1,5.888971328735352
21,1,CE2,5.70142936706543
22,1,CZ,5.474704742431641
23,1,OH,5.093864440917969
