atom_type,importance_sum
C,2.53175687789917
CA,2.53175687789917
CB,2.881716251373291
CD,3.6690919399261475
CD1,4.456439971923828
CD2,5.243842124938965
CE,5.855980396270752
CE1,6.11763858795166
CE2,6.379351615905762
CE3,6.641010284423828
CG,7.032537460327148
CG1,7.878486156463623
CG2,8.72443675994873
CH2,9.57038402557373
CZ,10.369343757629395
CZ2,10.792363166809082
CZ3,11.215378761291504
O,11.638397216796875
OH,12.061416625976562
OD1,10.766058921813965
OD2,9.470704078674316
OE1,8.175347328186035
OE2,6.87999153137207
OG,6.072507858276367
OG1,5.32600736618042
N,4.579508304595947
NE,3.8330092430114746
NE1,3.4813101291656494
NE2,3.242403507232666
ND1,3.0034708976745605
ND2,2.7645630836486816
NZ,2.785271406173706
NH1,2.9358246326446533
NH2,3.0863521099090576
SD,3.2368829250335693
SG,3.303802251815796
UNKNOWN,3.303802251815796
