atom_type,importance_sum
C,15.558916091918945
CA,15.558916091918945
CB,16.093294143676758
CD,17.295677185058594
CD1,18.49798583984375
CD2,19.7004451751709
CE,20.334373474121094
CE1,19.831541061401367
CE2,19.328861236572266
CE3,18.826034545898438
CG,18.192359924316406
CG1,17.100679397583008
CG2,16.009002685546875
CH2,14.917322158813477
CZ,13.950794219970703
CZ2,13.985490798950195
CZ3,14.020187377929688
O,14.05488395690918
OH,14.089578628540039
OD1,13.35531234741211
OD2,12.621042251586914
OE1,11.886777877807617
OE2,11.152505874633789
OG,11.021453857421875
OG1,10.96580696105957
N,10.91015625
NE,10.854507446289062
NE1,11.532953262329102
NE2,12.421180725097656
ND1,13.309412002563477
ND2,14.197638511657715
NZ,13.895785331726074
NH1,12.998781204223633
NH2,12.101850509643555
SD,11.204849243164062
SG,10.806197166442871
UNKNOWN,10.806197166442871
