atom_type,importance
C,0.06669890880584717
CA,0.06669890880584717
CB,0.07175712287425995
CD,0.08313862234354019
CD1,0.0945194810628891
CD2,0.10590097308158875
CE,0.11343741416931152
CE1,0.11328455805778503
CE2,0.1131310686469078
CE3,0.11297731846570969
CG,0.11560557037591934
CG1,0.12796945869922638
CG2,0.140333354473114
CH2,0.15269728004932404
CZ,0.16415216028690338
CZ2,0.16833491623401642
CZ3,0.17251768708229065
O,0.1767004430294037
OH,0.1808832287788391
OD1,0.17424829304218292
OD2,0.16761337220668793
OE1,0.16097842156887054
OE2,0.15434344112873077
OG,0.14843173325061798
OG1,0.14261040091514587
N,0.13678911328315735
NE,0.13096784055233002
NE1,0.12280847877264023
NE2,0.11398115754127502
ND1,0.1051538735628128
ND2,0.09632657468318939
NZ,0.09402509033679962
NH1,0.09498681128025055
NH2,0.0959492027759552
SD,0.09691093116998672
SG,0.09733805060386658
UNKNOWN,0.09733805060386658
