atom_type,importance
C,0.1441624015569687
CA,0.1441624015569687
CB,0.15553230047225952
CD,0.1811135709285736
CD1,0.2066947966814041
CD2,0.23227475583553314
CE,0.24420493841171265
CE1,0.22883328795433044
CE2,0.21346278488636017
CE3,0.19809219241142273
CG,0.18262241780757904
CG1,0.16681063175201416
CG2,0.1509988158941269
CH2,0.13518701493740082
CZ,0.12266961485147476
CZ2,0.13650698959827423
CZ3,0.15034440159797668
O,0.16418181359767914
OH,0.1780192255973816
OD1,0.1837017834186554
OD2,0.18938438594341278
OE1,0.19506701827049255
OE2,0.20074965059757233
OG,0.19849786162376404
OG1,0.19525432586669922
N,0.1920108199119568
NE,0.18876728415489197
NE1,0.17822663486003876
NE2,0.16560125350952148
ND1,0.15297475457191467
ND2,0.140349343419075
NZ,0.1371285617351532
NH1,0.1386113166809082
NH2,0.14009402692317963
SD,0.14157655835151672
SG,0.14223511517047882
UNKNOWN,0.14223511517047882
