atom_type,importance_sum
C,11.157307624816895
CA,11.157307624816895
CB,11.598220825195312
CD,12.590240478515625
CD1,13.582331657409668
CD2,14.574423789978027
CE,15.708492279052734
CE1,17.12670135498047
CE2,18.544958114624023
CE3,19.96312141418457
CG,21.01697540283203
CG1,20.795866012573242
CG2,20.574766159057617
CH2,20.353660583496094
CZ,20.14858055114746
CZ2,20.07170867919922
CZ3,19.994827270507812
O,19.917943954467773
OH,19.841062545776367
OD1,19.68413543701172
OD2,19.527202606201172
OE1,19.37026596069336
OE2,19.213333129882812
OG,19.297468185424805
OG1,19.41173553466797
N,19.5260009765625
NE,19.64027214050293
NE1,19.730810165405273
NE2,19.814409255981445
ND1,19.898151397705078
ND2,19.981746673583984
NZ,19.603166580200195
NH1,18.993574142456055
NH2,18.38384437561035
SD,17.774211883544922
SG,17.50322723388672
UNKNOWN,17.50322723388672
