atom_type,mean_importance
C,6.615628242492676
CA,6.615628242492676
CB,7.319413661956787
CD,8.902926445007324
CD1,10.486446380615234
CD2,12.069952011108398
CE,13.117677688598633
CE1,13.093818664550781
CE2,13.069944381713867
CE3,13.046087265014648
CG,13.170194625854492
CG1,13.812210083007812
CG2,14.454224586486816
CH2,15.096235275268555
CZ,15.73491382598877
CZ2,16.346920013427734
CZ3,16.95892906188965
O,17.57093620300293
OH,18.18294334411621
OD1,16.765857696533203
OD2,15.348770141601562
OE1,13.931683540344238
OE2,12.514598846435547
OG,12.613764762878418
OG1,12.902463912963867
N,13.191164016723633
NE,13.479863166809082
NE1,13.237438201904297
NE2,12.84326457977295
ND1,12.44909954071045
ND2,12.054925918579102
NZ,12.286588668823242
NH1,12.831172943115234
NH2,13.375758171081543
SD,13.920336723327637
SG,14.162376403808594
UNKNOWN,14.162376403808594
