atom_type,count_in_topK,percent_of_topK,topk_atoms_total,K_per_sample
C,62,8.051948051948052,770,5
CA,66,8.571428571428571,770,5
CB,107,13.896103896103895,770,5
CD,20,2.5974025974025974,770,5
CD1,55,7.142857142857142,770,5
CD2,50,6.493506493506493,770,5
CE,10,1.2987012987012987,770,5
CE1,13,1.6883116883116882,770,5
CE2,25,3.2467532467532463,770,5
CE3,3,0.38961038961038963,770,5
CG,92,11.948051948051948,770,5
CG1,28,3.6363636363636362,770,5
CG2,53,6.883116883116883,770,5
CH2,0,0.0,770,5
CZ,22,2.857142857142857,770,5
CZ2,2,0.2597402597402597,770,5
CZ3,2,0.2597402597402597,770,5
O,75,9.740259740259742,770,5
OH,5,0.6493506493506493,770,5
OD1,2,0.2597402597402597,770,5
OD2,0,0.0,770,5
OE1,1,0.12987012987012986,770,5
OE2,1,0.12987012987012986,770,5
OG,4,0.5194805194805194,770,5
OG1,7,0.9090909090909091,770,5
N,32,4.1558441558441555,770,5
NE,1,0.12987012987012986,770,5
NE1,2,0.2597402597402597,770,5
NE2,1,0.12987012987012986,770,5
ND1,0,0.0,770,5
ND2,5,0.6493506493506493,770,5
NZ,4,0.5194805194805194,770,5
NH1,2,0.2597402597402597,770,5
NH2,3,0.38961038961038963,770,5
SD,8,1.0389610389610389,770,5
SG,7,0.9090909090909091,770,5
UNKNOWN,0,0.0,770,5
