atom_index,is_real_atom,atom_type_from_onehot,importance
0,1,CD1,5.201038360595703
1,1,CE1,5.201038360595703
2,1,CE2,5.240994930267334
3,1,CZ,5.325473785400391
4,1,CG,5.4099531173706055
5,1,CD1,5.49443244934082
6,1,CD2,5.624443531036377
7,1,CG,5.8176116943359375
8,1,CD1,6.010778427124023
9,1,CD2,6.2039475440979
10,1,CG,6.279481887817383
11,1,CD2,6.15024471282959
12,1,CE2,6.021008014678955
13,1,CZ,5.891772270202637
14,1,OH,5.906323432922363
15,1,CA,6.239712238311768
16,1,C,6.573101043701172
17,1,O,6.906489372253418
18,1,CB,7.079061508178711
19,1,CA,6.786114692687988
20,1,C,6.493166446685791
21,1,O,6.200218200683594
22,1,CB,5.967312812805176
23,1,CD1,5.970571041107178
24,1,N,5.97382926940918
25,1,CA,5.977087020874023
26,1,C,5.9685959815979
27,1,O,5.892812252044678
28,1,CB,5.8170270919799805
29,1,CG2,5.741243839263916
30,1,CG1,5.642692565917969
31,1,CD1,5.326230049133301
32,1,N,5.009766101837158
33,1,CA,4.69330358505249
34,1,O,4.390491485595703
35,1,CB,4.410733699798584
36,1,CG,4.430975437164307
37,1,CD1,4.451217174530029
38,1,CE1,4.47145938873291
39,1,CB,4.254417896270752
40,1,CG1,4.0341267585754395
41,1,CG2,3.8138349056243896
42,1,CD1,3.59354305267334
