atom_type,importance_sum
C,1.904961347579956
CA,1.904961347579956
CB,2.3332226276397705
CD,3.296830177307129
CD1,4.260418891906738
CD2,5.224007606506348
CE,6.038817882537842
CE1,6.556154251098633
CE2,7.073449611663818
CE3,7.590744495391846
CG,8.071737289428711
CG1,8.425630569458008
CG2,8.779556274414062
CH2,9.133476257324219
CZ,9.598207473754883
CZ2,10.949355125427246
CZ3,12.30049991607666
O,13.651647567749023
OH,15.00279426574707
OD1,13.890902519226074
OD2,12.779012680053711
OE1,11.667119979858398
OE2,10.555233001708984
OG,9.78400707244873
OG1,9.055362701416016
N,8.326723098754883
NE,7.598125457763672
NE1,7.109845161437988
NE2,6.690223217010498
ND1,6.270641803741455
ND2,5.851017951965332
NZ,5.453344821929932
NH1,5.06664514541626
NH2,4.679911136627197
SD,4.293203830718994
SG,4.121317386627197
UNKNOWN,4.121317386627197
