atom_type,importance_sum
C,9.070656776428223
CA,9.070656776428223
CB,9.453558921813965
CD,10.315165519714355
CD1,11.176778793334961
CD2,12.038398742675781
CE,12.48148250579834
CE1,12.087591171264648
CE2,11.693604469299316
CE3,11.29970932006836
CG,11.23116683959961
CG1,12.301517486572266
CG2,13.371870994567871
CH2,14.442225456237793
CZ,15.458479881286621
CZ2,16.041933059692383
CZ3,16.625398635864258
O,17.20887565612793
OH,17.792348861694336
OD1,17.315811157226562
OD2,16.839265823364258
OE1,16.362728118896484
OE2,15.886199951171875
OG,14.907454490661621
OG1,13.865928649902344
N,12.82440185546875
NE,11.782877922058105
NE1,11.618725776672363
NE2,11.705168724060059
ND1,11.791611671447754
ND2,11.878055572509766
NZ,12.054421424865723
NH1,12.275655746459961
NH2,12.496891975402832
SD,12.718125343322754
SG,12.81649398803711
UNKNOWN,12.81649398803711
