atom_index,is_real_atom,atom_type_from_onehot,importance
0,1,CB,7.072751998901367
1,1,CG,7.072751998901367
2,1,CD1,7.202297210693359
3,1,CD2,7.476194858551025
4,1,NE1,7.750092506408691
5,1,CE2,8.023990631103516
6,1,CE3,8.170150756835938
7,1,CZ2,8.139124870300293
8,1,CZ3,8.108099937438965
9,1,CH2,8.07707405090332
10,1,CG2,8.137726783752441
11,1,N,8.357965469360352
12,1,CA,8.578202247619629
13,1,CB,8.798439979553223
14,1,CG,8.788442611694336
15,1,CD1,8.267929077148438
16,1,CD2,7.747415065765381
17,1,CA,7.226902484893799
18,1,O,6.730187892913818
19,1,CB,6.302372455596924
