atom_type,importance_sum
C,2.823528528213501
CA,2.823528528213501
CB,3.2157046794891357
CD,4.0981340408325195
CD1,4.980565547943115
CD2,5.862995147705078
CE,6.381889343261719
CE1,6.173759937286377
CE2,5.965577602386475
CE3,5.757448196411133
CG,5.6406474113464355
CG1,5.843456268310547
CG2,6.046267986297607
CH2,6.249079704284668
CZ,6.538619041442871
CZ2,7.521987438201904
CZ3,8.50529956817627
O,9.488669395446777
OH,10.472038269042969
OD1,8.915423393249512
OD2,7.358861446380615
OE1,5.802247047424316
OE2,4.245631694793701
OG,3.850497245788574
OG1,3.600579261779785
N,3.35066294670105
NE,3.100745439529419
NE1,3.6044085025787354
NE2,4.32335090637207
ND1,5.042293071746826
ND2,5.76123571395874
NZ,5.86160945892334
NH1,5.652672290802002
NH2,5.4437360763549805
SD,5.234753608703613
SG,5.14190149307251
UNKNOWN,5.14190149307251
