atom_index,is_real_atom,atom_type_from_onehot,importance
0,1,CG,7.942405700683594
1,1,CD2,7.942405700683594
2,1,CD1,8.192365646362305
3,1,CD2,8.720853805541992
4,1,CG1,9.24933910369873
5,1,CG2,9.777827262878418
6,1,N,9.934832572937012
7,1,CA,9.576556205749512
8,1,O,9.218279838562012
9,1,CB,8.860002517700195
10,1,CG,8.639215469360352
11,1,CD,8.657758712768555
12,1,CA,8.67630386352539
13,1,C,8.694849014282227
14,1,O,8.722780227661133
15,1,CB,8.771516799926758
16,1,N,8.820255279541016
17,1,CG1,8.868995666503906
18,1,CD1,8.883987426757812
19,1,CB,8.801292419433594
20,1,CG1,8.718598365783691
21,1,CG2,8.635903358459473
22,1,CG1,8.5138521194458
23,1,CB,8.237016677856445
24,1,OG,7.960178852081299
