atom_index,is_real_atom,atom_type_from_onehot,importance
0,1,CD1,7.692463397979736
1,1,CD1,7.692463397979736
2,1,O,7.822059154510498
3,1,CG,8.096061706542969
4,1,CD1,8.370065689086914
5,1,CD2,8.644067764282227
6,1,CG2,8.794916152954102
7,1,N,8.774930953979492
8,1,CA,8.754948616027832
9,1,CB,8.734963417053223
10,1,CG,8.753100395202637
11,1,CA,8.83759593963623
12,1,C,8.922091484069824
13,1,CB,9.006587028503418
14,1,N,8.907143592834473
15,1,CD1,8.399831771850586
16,1,CG1,7.892519950866699
17,1,CG2,7.385210037231445
18,1,CG1,6.886443138122559
19,1,CB,6.412414073944092
20,1,OG,5.938382625579834
