atom_type,importance_sum
C,3.261599540710449
CA,3.261599540710449
CB,3.798017740249634
CD,5.004930019378662
CD1,6.211845397949219
CD2,7.418812274932861
CE,8.136963844299316
CE1,7.877589702606201
CE2,7.618286609649658
CE3,7.3589253425598145
CG,7.3500895500183105
CG1,8.218132972717285
CG2,9.086175918579102
CH2,9.954222679138184
CZ,10.572565078735352
CZ2,9.193324089050293
CZ3,7.814080715179443
O,6.43483829498291
OH,5.055595874786377
OD1,4.341702461242676
OD2,3.627809762954712
OE1,2.9139177799224854
OE2,2.200025796890259
OG,3.030113697052002
OG1,4.0532026290893555
N,5.076290130615234
NE,6.099376678466797
NE1,6.19577169418335
NE2,6.027337551116943
ND1,5.858900547027588
ND2,5.690464496612549
NZ,5.3741230964660645
NH1,4.983800411224365
NH2,4.593462944030762
SD,4.203123569488525
SG,4.029628753662109
UNKNOWN,4.029628753662109
