atom_index,is_real_atom,atom_type_from_onehot,importance
0,1,CD2,6.7833123207092285
1,1,CE1,6.7833123207092285
2,1,CE2,6.7051191329956055
3,1,CZ,6.539794921875
4,1,CG,6.374471664428711
5,1,CD1,6.20914888381958
6,1,CD2,6.2462053298950195
7,1,CG,6.563981533050537
8,1,CD1,6.881756782531738
9,1,CD2,7.199532985687256
10,1,CG,7.465468883514404
11,1,CD2,7.641164302825928
12,1,CE2,7.816859245300293
13,1,CZ,7.992554187774658
14,1,CA,8.168508529663086
15,1,C,8.345036506652832
16,1,O,8.521567344665527
17,1,CB,8.698095321655273
18,1,N,8.786785125732422
19,1,CA,8.621200561523438
20,1,C,8.455615997314453
21,1,O,8.290030479431152
22,1,N,8.137394905090332
23,1,CA,8.035690307617188
24,1,C,7.933984279632568
25,1,O,7.832278728485107
26,1,CB,7.744662284851074
27,1,CD1,7.73773193359375
28,1,N,7.730802536010742
29,1,CA,7.723872661590576
30,1,C,7.701417922973633
31,1,O,7.530351161956787
32,1,CB,7.359282493591309
33,1,CG2,7.188216209411621
34,1,C,7.030447006225586
35,1,O,7.187368869781494
36,1,CB,7.3442888259887695
37,1,CG2,7.501210689544678
38,1,CD1,7.658131122589111
39,1,N,7.536159992218018
40,1,CA,7.410367488861084
41,1,C,7.284575462341309
42,1,O,7.158782482147217
43,1,CB,6.987061023712158
44,1,CG,6.81201171875
45,1,CD1,6.636962413787842
46,1,CE1,6.461912631988525
47,1,CB,6.36528205871582
48,1,CG1,6.279510498046875
49,1,CG2,6.1937384605407715
50,1,CD1,6.107966423034668
