atom_index,is_real_atom,atom_type_from_onehot,importance
0,1,CZ2,6.510622024536133
1,1,CH2,6.510622024536133
2,1,CB,6.566509246826172
3,1,CG,6.684673309326172
4,1,CD1,6.8028364181518555
5,1,CG1,6.921000003814697
6,1,CG2,6.952515125274658
7,1,CG,6.863840579986572
8,1,CD1,6.775165557861328
9,1,CD2,6.686490535736084
10,1,CE2,6.472736358642578
11,1,CB,6.0412516593933105
12,1,OG,5.60976505279541
13,1,CG,5.178279876708984
14,1,CD1,4.935671329498291
15,1,CD2,5.111878871917725
16,1,CE1,5.288086414337158
17,1,CE2,5.464295387268066
18,1,CZ,5.598962783813477
19,1,CE1,5.613381862640381
20,1,CZ,5.6277995109558105
21,1,OH,5.642218589782715
22,1,CG1,5.753812789916992
23,1,CG1,6.247628211975098
24,1,CG2,6.7414445877075195
25,1,CD1,7.235260963439941
26,1,CB,7.734776020050049
27,1,CG2,8.266921997070312
28,1,CA,8.799067497253418
29,1,O,9.33121395111084
30,1,CB,9.812488555908203
31,1,C,9.806838035583496
32,1,O,9.801185607910156
33,1,CB,9.795536041259766
34,1,CG2,9.790741920471191
35,1,CB,9.806272506713867
36,1,OG1,9.821802139282227
37,1,CG2,9.83733081817627
38,1,ND1,9.852861404418945
39,1,CE1,9.696701049804688
40,1,NE2,9.538189888000488
41,1,OE1,9.379678726196289
42,1,CA,9.22116756439209
43,1,C,9.386531829833984
44,1,O,9.575364112854004
45,1,CB,9.764201164245605
46,1,CG,9.953035354614258
47,1,OD1,9.728779792785645
48,1,ND2,9.447327613830566
49,1,N,9.165878295898438
50,1,CG,8.884425163269043
51,1,CD2,8.955172538757324
52,1,CA,9.100977897644043
53,1,C,9.246784210205078
54,1,O,9.39258861541748
55,1,CB,9.554476737976074
56,1,N,9.721161842346191
57,1,CA,9.887845039367676
58,1,CB,10.054529190063477
59,1,CG,9.743837356567383
60,1,SD,9.243998527526855
61,1,CB,8.744157791137695
62,1,OG1,8.244318008422852
63,1,CG2,7.4838457107543945
64,1,CE,6.590401649475098
