atom_index,is_real_atom,atom_type_from_onehot,importance
0,1,CA,7.175806999206543
1,1,C,7.175806999206543
2,1,O,6.828948497772217
3,1,CB,6.095591068267822
4,1,CG,5.362234592437744
5,1,N,4.628876686096191
6,1,CA,4.2331318855285645
7,1,CG2,4.30568790435791
8,1,CA,4.3782429695129395
9,1,C,4.450798034667969
10,1,O,4.589181423187256
11,1,CB,4.8421525955200195
12,1,CG,5.095124244689941
13,1,CD,5.348094940185547
14,1,NE,5.4509711265563965
15,1,CZ,5.2210283279418945
16,1,NH1,4.991084098815918
17,1,NH2,4.7611403465271
18,1,CA,4.502823352813721
19,1,C,4.16237735748291
20,1,O,3.8219313621520996
21,1,CB,3.48148512840271
22,1,CG,3.1673293113708496
23,1,CD,2.9565834999084473
24,1,N,2.7458372116088867
25,1,CA,2.5350918769836426
26,1,C,2.339519739151001
27,1,O,2.230853319168091
28,1,CB,2.1221864223480225
29,1,CG,2.013519763946533
30,1,CD1,1.9389845132827759
31,1,CB,2.1911303997039795
32,1,CD1,2.4432764053344727
33,1,CA,2.695422410964966
34,1,C,2.9433414936065674
35,1,O,3.091221570968628
36,1,CB,3.2391014099121094
37,1,CG1,3.386981964111328
38,1,CG2,3.5348615646362305
39,1,CA,3.4038047790527344
40,1,C,3.268928050994873
41,1,O,3.1340506076812744
42,1,CB,2.999173164367676
43,1,CG,2.903834581375122
44,1,CD2,2.8113620281219482
45,1,N,2.718888759613037
46,1,CA,2.626415967941284
47,1,CB,2.7063965797424316
48,1,CG,2.8102550506591797
49,1,CD1,2.914114475250244
50,1,CG,3.017972946166992
51,1,CD1,3.062075614929199
52,1,CD2,3.093442678451538
53,1,CB,3.124809980392456
54,1,CG1,3.156177520751953
55,1,CG2,3.1907739639282227
56,1,CD1,3.2263333797454834
57,1,CA,3.2618930339813232
58,1,C,3.297452926635742
59,1,O,3.2301926612854004
60,1,CB,3.122194290161133
61,1,CG,3.014195680618286
62,1,CD1,2.9061965942382812
63,1,CD2,2.6942481994628906
64,1,N,2.429266929626465
65,1,CA,2.164283275604248
66,1,O,1.8993005752563477
67,1,CB,1.7284654378890991
68,1,CG,1.6183017492294312
69,1,CD1,1.50813889503479
70,1,CE1,1.3979763984680176
71,1,CB,1.4372857809066772
72,1,CG,1.5969016551971436
73,1,CD1,1.7565187215805054
74,1,CD2,1.9161345958709717
75,1,CE1,2.0225274562835693
76,1,CE2,2.075697183609009
77,1,CZ,2.1288669109344482
78,1,CE2,2.1820363998413086
79,1,CZ,2.144364356994629
