atom_type,importance
C,0.09572222083806992
CA,0.09572222083806992
CB,0.10286926478147507
CD,0.11895103752613068
CD1,0.13503222167491913
CD2,0.15111452341079712
CE,0.16028638184070587
CE1,0.15564072132110596
CE2,0.15099389851093292
CE3,0.14634718000888824
CG,0.1422325223684311
CG1,0.13997569680213928
CG2,0.13771893084049225
CH2,0.13546214997768402
CZ,0.13530951738357544
CZ2,0.151990607380867
CZ3,0.16867168247699738
O,0.18535274267196655
OH,0.20203381776809692
OD1,0.19950991868972778
OD2,0.19698604941368103
OE1,0.19446219503879547
OE2,0.19193832576274872
OG,0.19109795987606049
OG1,0.19046805799007416
N,0.18983814120292664
NE,0.1892082244157791
NE1,0.1913059502840042
NE2,0.19418397545814514
ND1,0.19706198573112488
ND2,0.19993996620178223
NZ,0.19429536163806915
NH1,0.18438994884490967
NH2,0.17448562383651733
SD,0.16458022594451904
SG,0.16017839312553406
UNKNOWN,0.16017839312553406
