atom_type,importance
C,0.11676300317049026
CA,0.11676300317049026
CB,0.11907249689102173
CD,0.12426885962486267
CD1,0.1294652819633484
CD2,0.13466165959835052
CE,0.1411912888288498
CE1,0.1503879725933075
CE2,0.15958358347415924
CE3,0.16878026723861694
CG,0.1797008067369461
CG1,0.19665522873401642
CG2,0.2136097401380539
CH2,0.23056378960609436
CZ,0.2474009394645691
CZ2,0.2633039653301239
CZ3,0.27920714020729065
O,0.29511013627052307
OH,0.3110133409500122
OD1,0.3220767676830292
OD2,0.3331400752067566
OE1,0.34420347213745117
OE2,0.35526683926582336
OG,0.3401539921760559
OG1,0.32176899909973145
N,0.3033842146396637
NE,0.2849992513656616
NE1,0.2741422653198242
NE2,0.26543551683425903
ND1,0.25672876834869385
ND2,0.24802203476428986
NZ,0.2427607774734497
NH1,0.23922239243984222
NH2,0.23568415641784668
SD,0.2321457713842392
SG,0.2305734008550644
UNKNOWN,0.2305734008550644
