atom_index,is_real_atom,atom_type_from_onehot,importance
0,1,O,10.194260597229004
1,1,CB,10.194260597229004
2,1,CG,10.000664710998535
3,1,CD,9.591346740722656
4,1,OE1,9.182029724121094
5,1,NE2,8.772712707519531
6,1,CG,8.418108940124512
7,1,CD1,8.139397621154785
8,1,CE3,7.860685348510742
9,1,CZ3,7.581974983215332
10,1,CA,7.355391979217529
11,1,C,7.2195539474487305
12,1,O,7.083714962005615
13,1,CB,6.947876930236816
14,1,SG,6.824350833892822
15,1,CA,6.728127479553223
16,1,C,6.631903171539307
17,1,O,6.535680294036865
18,1,CB,6.415374279022217
19,1,CG,6.225359916687012
20,1,CD2,6.03534460067749
21,1,N,5.845330238342285
22,1,CA,5.680052757263184
23,1,CG,5.612074851989746
24,1,CD1,5.54409646987915
25,1,CD2,5.4761199951171875
26,1,CB,5.443803787231445
27,1,C,5.61572790145874
28,1,O,5.787652015686035
29,1,CG1,5.959575653076172
30,1,CA,6.146048069000244
31,1,C,6.471752166748047
32,1,O,6.79745626449585
33,1,CB,7.123160362243652
34,1,CD,7.442711353302002
35,1,N,7.6165852546691895
36,1,CA,7.790457725524902
37,1,C,7.964331150054932
38,1,CB,8.138206481933594
39,1,CG,7.915552139282227
40,1,SD,7.687466621398926
41,1,CE,7.459380149841309
42,1,CB,7.231293678283691
43,1,CB,6.608157634735107
44,1,CG1,5.956395149230957
45,1,CG2,5.304632186889648
46,1,O,4.652867317199707
47,1,CD1,4.287987232208252
48,1,CE1,3.96282958984375
49,1,CG,3.6376705169677734
50,1,CD1,3.312511444091797
51,1,CD2,3.344184637069702
52,1,CE1,3.4519028663635254
53,1,CE2,3.559621810913086
54,1,CZ,3.6673402786254883
55,1,CD1,3.658921003341675
56,1,CD2,3.615863561630249
57,1,CB,3.5728065967559814
58,1,SG,3.5297489166259766
59,1,CG,3.8707854747772217
60,1,CD2,4.364006996154785
61,1,CB,4.857229709625244
62,1,CG1,5.3504533767700195
63,1,CG2,5.744304656982422
64,1,CD1,6.087455749511719
65,1,CB,6.430607795715332
66,1,CG2,6.7737603187561035
67,1,CD1,6.785065650939941
68,1,CE1,6.582515239715576
69,1,CD2,6.379965782165527
70,1,NE2,6.177416801452637
71,1,CB,6.0460004806518555
72,1,CG,5.971841812133789
73,1,CD2,5.89768123626709
74,1,CG,5.823521137237549
75,1,CD2,5.53302001953125
76,1,CE2,5.026173114776611
77,1,CZ,4.519330978393555
