atom_type,importance_sum
C,12.076385498046875
CA,12.076385498046875
CB,12.490777015686035
CD,13.423148155212402
CD1,14.355511665344238
CD2,15.28787899017334
CE,15.772109985351562
CE1,15.360005378723145
CE2,14.947952270507812
CE3,14.535846710205078
CG,14.409459114074707
CG1,15.282928466796875
CG2,16.156391143798828
CH2,17.02985191345215
CZ,17.687978744506836
CZ2,16.623376846313477
CZ3,15.558778762817383
O,14.494185447692871
OH,13.429586410522461
OD1,14.321653366088867
OD2,15.213711738586426
OE1,16.105775833129883
OE2,16.997840881347656
OG,16.582311630249023
OG1,16.003337860107422
N,15.42435359954834
NE,14.845375061035156
NE1,15.73150634765625
NE2,17.03627586364746
ND1,18.3410701751709
ND2,19.64577293395996
NZ,18.95472526550293
NH1,17.265716552734375
NH2,15.576705932617188
SD,13.887691497802734
SG,13.137029647827148
UNKNOWN,13.137029647827148
