atom_type,importance
C,0.0603470616042614
CA,0.0603470616042614
CB,0.06588265299797058
CD,0.07833822071552277
CD1,0.09079379588365555
CD2,0.10324933379888535
CE,0.11111529171466827
CE1,0.10980316251516342
CE2,0.10849103331565857
CE3,0.10717839747667313
CG,0.10551721602678299
CG1,0.10263393074274063
CG2,0.09975061565637589
CH2,0.09686730802059174
CZ,0.09328185021877289
CZ2,0.08407927304506302
CZ3,0.07487668842077255
O,0.06567410379648209
OH,0.056471507996320724
OD1,0.043113477528095245
OD2,0.029755443334579468
OE1,0.016397401690483093
OE2,0.003039359813556075
OG,0.0015551279066130519
OG1,0.0015551279066130519
N,0.0015551279066130519
NE,0.0015551279066130519
NE1,0.0023024561814963818
NE2,0.0032632979564368725
ND1,0.004224133677780628
ND2,0.005184981040656567
NZ,0.01691196672618389
NH1,0.0340220183134079
NH2,0.05113225802779198
SD,0.06824218481779099
SG,0.07584674656391144
UNKNOWN,0.07584674656391144
