atom_index,is_real_atom,atom_type_from_onehot,importance
0,1,CG1,6.161422252655029
1,1,CG2,6.161422252655029
2,1,CD1,6.048280239105225
3,1,CB,5.809066295623779
4,1,OG,5.569851875305176
5,1,CD2,5.330638408660889
6,1,CE1,5.104807376861572
7,1,CE2,4.897539138793945
8,1,CZ,4.690271854400635
9,1,O,4.483005046844482
10,1,CB,4.294614315032959
11,1,CG,4.139083385467529
12,1,CD1,3.9835517406463623
13,1,CD2,3.8280205726623535
14,1,CE1,3.708707809448242
15,1,CZ,3.6697065830230713
16,1,CD1,3.630704879760742
17,1,N,3.5917036533355713
18,1,CA,3.5518970489501953
19,1,CB,3.509758472442627
20,1,OG1,3.467621088027954
21,1,CG2,3.425483465194702
22,1,CG,3.4349148273468018
23,1,CD1,3.6471831798553467
24,1,CD2,3.859452486038208
25,1,NE1,4.07172155380249
26,1,CE2,4.254814147949219
27,1,CE3,4.270806312561035
28,1,CZ2,4.286798000335693
29,1,CZ3,4.30279016494751
30,1,CH2,4.34393835067749
31,1,CZ,4.625871658325195
32,1,NH1,4.907806873321533
33,1,NH2,5.189740180969238
34,1,OG,5.45448112487793
35,1,CG2,5.312316417694092
36,1,CA,5.170151710510254
37,1,C,5.027987480163574
38,1,O,4.885822296142578
39,1,CB,4.770395278930664
40,1,CG1,4.655333518981934
41,1,CG2,4.5402727127075195
42,1,CB,4.4252095222473145
43,1,OG,4.189927101135254
44,1,CA,3.9459333419799805
45,1,O,3.701939105987549
46,1,CB,3.457943916320801
47,1,OG1,3.425804615020752
48,1,CG2,3.4229986667633057
49,1,CB,3.4201927185058594
50,1,CG1,3.417387008666992
51,1,CG2,3.5641372203826904
52,1,CD1,3.7427589893341064
53,1,CA,3.921381950378418
54,1,CD1,4.100004196166992
55,1,CE1,4.308937072753906
56,1,CZ,4.526909828186035
57,1,CB,4.744882583618164
58,1,OG,4.962856292724609
59,1,CB,5.153146266937256
60,1,CG1,5.332468032836914
61,1,CG2,5.511789798736572
62,1,CD1,5.691112518310547
63,1,CA,5.704964637756348
64,1,C,5.634395122528076
65,1,O,5.563825607299805
66,1,CB,5.493255615234375
67,1,OG,5.411702632904053
68,1,N,5.323069095611572
69,1,CA,5.234436988830566
70,1,CG,5.1458048820495605
71,1,CD,5.1420416831970215
72,1,OE1,5.206589698791504
73,1,CA,5.2711358070373535
74,1,C,5.335683345794678
75,1,O,5.19839334487915
76,1,CB,4.85926628112793
77,1,CG,4.5201416015625
78,1,N,4.1810173988342285
79,1,CA,3.915771007537842
80,1,C,3.7423176765441895
