atom_type,importance_sum
C,6.421766757965088
CA,6.421766757965088
CB,6.44719123840332
CD,6.504339218139648
CD1,6.561513423919678
CD2,6.618686199188232
CE,7.105958938598633
CE1,8.453423500061035
CE2,9.800966262817383
CE3,11.148454666137695
CG,12.02884578704834
CG1,11.274374008178711
CG2,10.519906044006348
CH2,9.7654390335083
CZ,9.200871467590332
CZ2,10.155519485473633
CZ3,11.110167503356934
O,12.064814567565918
OH,13.019464492797852
OD1,12.946128845214844
OD2,12.872796058654785
OE1,12.799459457397461
OE2,12.726126670837402
OG,13.714826583862305
OG1,14.836288452148438
N,15.957742691040039
NE,17.079147338867188
NE1,16.31558609008789
NE2,15.01345443725586
ND1,13.711321830749512
ND2,12.409141540527344
NZ,11.462528228759766
NH1,10.693676948547363
NH2,9.924825668334961
SD,9.15597152709961
SG,8.814270973205566
UNKNOWN,8.814270973205566
