atom_index,is_real_atom,atom_type_from_onehot,importance
0,1,CG,9.434922218322754
1,1,CD2,9.434922218322754
2,1,CD1,9.756073951721191
3,1,CG,10.43508529663086
4,1,CD1,11.114095687866211
5,1,CD2,11.793105125427246
6,1,CB,12.159832000732422
7,1,CG1,12.093391418457031
8,1,N,12.02695083618164
9,1,CA,11.960512161254883
10,1,O,11.959065437316895
11,1,CB,12.070761680603027
12,1,CG,12.182458877563477
13,1,CD,12.294154167175293
14,1,CA,12.390039443969727
15,1,C,12.450872421264648
16,1,O,12.511700630187988
17,1,CB,12.57253360748291
18,1,N,12.67715835571289
19,1,CD1,12.908554077148438
20,1,CB,13.1399507522583
21,1,CG1,13.37134838104248
22,1,CG2,13.507351875305176
23,1,C,13.268145561218262
24,1,O,13.028938293457031
25,1,CG1,12.789731979370117
26,1,N,12.44283676147461
27,1,CA,11.47918701171875
28,1,CB,10.515534400939941
29,1,OG,9.55188274383545
