atom_type,importance_sum
C,10.520158767700195
CA,10.520158767700195
CB,11.082574844360352
CD,12.347905158996582
CD1,13.613335609436035
CD2,14.878668785095215
CE,15.487789154052734
CE1,14.784187316894531
CE2,14.080683708190918
CE3,13.377180099487305
CG,12.747355461120605
CG1,12.375704765319824
CG2,12.004056930541992
CH2,11.632404327392578
CZ,11.394466400146484
CZ2,12.226190567016602
CZ3,13.057915687561035
O,13.889636993408203
OH,14.72136402130127
OD1,13.821916580200195
OD2,12.922471046447754
OE1,12.02302360534668
OE2,11.123575210571289
OG,12.281150817871094
OG1,13.6958589553833
N,15.110560417175293
NE,16.5252628326416
NE1,16.239316940307617
NE2,15.46745491027832
ND1,14.69549560546875
ND2,13.923639297485352
NZ,13.382729530334473
NH1,12.957342147827148
NH2,12.531953811645508
SD,12.106573104858398
SG,11.917527198791504
UNKNOWN,11.917527198791504
