atom_index,is_real_atom,atom_type_from_onehot,importance
0,1,CG2,10.58001708984375
1,1,CG,10.58001708984375
2,1,OD1,10.834145545959473
3,1,ND2,11.371448516845703
4,1,CG2,11.908750534057617
5,1,CD1,12.446052551269531
6,1,CG1,12.715946197509766
7,1,CD2,12.614923477172852
8,1,CE2,12.513899803161621
9,1,CZ,12.412875175476074
10,1,OH,12.051644325256348
11,1,CG,11.237465858459473
12,1,CD1,10.423285484313965
13,1,CD2,9.609107971191406
14,1,CG,8.948077201843262
15,1,CD1,8.62664794921875
16,1,CD2,8.305216789245605
17,1,NE1,7.983787536621094
18,1,CE2,7.652746677398682
19,1,CE3,7.293888092041016
20,1,CZ2,6.93502950668335
21,1,CZ3,6.576170921325684
22,1,CH2,6.239795684814453
