atom_index,is_real_atom,atom_type_from_onehot,importance
0,1,CA,5.994654655456543
1,1,C,5.994654655456543
2,1,O,5.994999408721924
3,1,CB,5.995729446411133
4,1,CG,5.996458530426025
5,1,CD1,5.997188568115234
6,1,CD2,5.99216890335083
7,1,NE1,5.979175090789795
8,1,CE2,5.966179370880127
9,1,CE3,5.95318603515625
10,1,CZ2,6.171445846557617
11,1,CZ3,6.792257785797119
12,1,CH2,7.41307258605957
13,1,CG,8.03388500213623
14,1,CD2,8.51165771484375
15,1,CA,8.672255516052246
16,1,CB,8.832852363586426
17,1,SD,8.993449211120605
18,1,CE,9.067691802978516
19,1,CG,8.891952514648438
20,1,ND1,8.716214179992676
21,1,CD2,8.54047679901123
22,1,CE1,8.301956176757812
23,1,NE2,7.81649112701416
24,1,O,7.331024646759033
25,1,CB,6.845559120178223
26,1,CG,6.44345760345459
27,1,CD1,6.518809795379639
28,1,CD2,6.594163417816162
29,1,NE1,6.669516086578369
30,1,CE2,6.718687057495117
31,1,CE3,6.517252445220947
32,1,CZ2,6.315817356109619
33,1,CZ3,6.114382743835449
34,1,CH2,5.911561489105225
35,1,OG1,5.675928592681885
