atom_type,importance_sum
C,3.2384986877441406
CA,3.2384986877441406
CB,3.235532283782959
CD,3.2288475036621094
CD1,3.2221620082855225
CD2,3.2154760360717773
CE,3.4414823055267334
CE1,4.132855415344238
CE2,4.824280261993408
CE3,5.51566743850708
CG,6.220306396484375
CG1,6.971437454223633
CG2,7.722567081451416
CH2,8.4736967086792
CZ,9.226479530334473
CZ2,9.992469787597656
CZ3,10.75846004486084
O,11.52444839477539
OH,12.290437698364258
OD1,11.694652557373047
OD2,11.098868370056152
OE1,10.503082275390625
OE2,9.90730094909668
OG,9.300518035888672
OG1,8.692361831665039
N,8.084207534790039
NE,7.476051330566406
NE1,7.856236934661865
NE2,8.518790245056152
ND1,9.181387901306152
ND2,9.843984603881836
NZ,10.341544151306152
NH1,10.75667953491211
NH2,11.17181396484375
SD,11.58694839477539
SG,11.771400451660156
UNKNOWN,11.771400451660156
