atom_index,is_real_atom,atom_type_from_onehot,importance
0,1,CA,6.991258144378662
1,1,C,6.991258144378662
2,1,O,6.821721076965332
3,1,CB,6.4632720947265625
4,1,CG,6.104822158813477
5,1,N,5.746371746063232
6,1,CA,5.433010101318359
7,1,CG2,5.182185649871826
8,1,CA,4.931363582611084
9,1,C,4.680539131164551
10,1,O,4.543991565704346
11,1,CB,4.606367111206055
12,1,CG,4.668743133544922
13,1,CD,4.731119155883789
14,1,NE,4.780803680419922
15,1,CZ,4.802346706390381
16,1,NH1,4.82388973236084
17,1,NH2,4.845433235168457
18,1,CA,4.813868045806885
19,1,C,4.628568649291992
20,1,O,4.4432692527771
21,1,CB,4.257970809936523
22,1,CG,4.065441608428955
23,1,CD,3.844475746154785
24,1,N,3.6235101222991943
25,1,CA,3.4025440216064453
26,1,C,3.200467586517334
27,1,O,3.106576919555664
28,1,CB,3.012686252593994
29,1,CG,2.918795347213745
30,1,CD1,2.8386340141296387
31,1,CB,2.889878273010254
32,1,CD1,2.94112229347229
33,1,CA,2.992366313934326
34,1,C,3.037628173828125
35,1,O,2.941317558288574
36,1,CB,2.8450069427490234
37,1,CG1,2.7486956119537354
38,1,CG2,2.6523845195770264
39,1,CA,2.6802260875701904
40,1,C,2.7097671031951904
41,1,O,2.739309310913086
42,1,CB,2.7688510417938232
43,1,CG,2.714850902557373
44,1,CD2,2.654797315597534
45,1,N,2.594743490219116
46,1,CA,2.5346899032592773
47,1,CB,2.5959432125091553
48,1,CG,2.6739914417266846
49,1,CD1,2.752040386199951
50,1,CG,2.8300888538360596
51,1,CD1,2.9508750438690186
52,1,CD2,3.080768585205078
53,1,CB,3.210662603378296
54,1,CG1,3.3405566215515137
55,1,CG2,3.3489201068878174
56,1,CD1,3.3210384845733643
57,1,CA,3.2931571006774902
58,1,C,3.2652747631073
59,1,O,3.2111270427703857
60,1,CB,3.1465718746185303
61,1,CG,3.0820159912109375
62,1,CD1,3.017460346221924
63,1,CD2,2.853739023208618
64,1,N,2.63942289352417
65,1,CA,2.4251060485839844
66,1,O,2.210789203643799
67,1,CB,2.0375237464904785
68,1,CG,1.8907108306884766
69,1,CD1,1.7438994646072388
70,1,CE1,1.597088098526001
71,1,CB,1.595166563987732
72,1,CG,1.7098641395568848
73,1,CD1,1.824562668800354
74,1,CD2,1.9392601251602173
75,1,CE1,2.012988567352295
76,1,CE2,2.045747756958008
77,1,CZ,2.0785067081451416
78,1,CE2,2.1112654209136963
79,1,CZ,2.177624464035034
