atom_type,importance_sum
C,5.793000221252441
CA,5.793000221252441
CB,5.794123649597168
CD,5.796642303466797
CD1,5.799186706542969
CD2,5.801703453063965
CE,6.425232887268066
CE1,8.290757179260254
CE2,10.1563081741333
CE3,12.021855354309082
CG,13.200958251953125
CG1,11.977516174316406
CG2,10.754080772399902
CH2,9.530643463134766
CZ,8.435317039489746
CZ2,8.364860534667969
CZ3,8.294400215148926
O,8.223941802978516
OH,8.153483390808105
OD1,8.178704261779785
OD2,8.203924179077148
OE1,8.229146003723145
OE2,8.254364967346191
OG,8.629840850830078
OG1,9.049102783203125
N,9.468360900878906
NE,9.887621879577637
NE1,9.369256973266602
NE2,8.583029747009277
ND1,7.796800136566162
ND2,7.010571479797363
NZ,6.8394293785095215
NH1,6.975856304168701
NH2,7.112308502197266
SD,7.248736381530762
SG,7.309360027313232
UNKNOWN,7.309360027313232
