atom_type,importance
C,0.12196867913007736
CA,0.12196867913007736
CB,0.1282425820827484
CD,0.14235810935497284
CD1,0.1564747393131256
CD2,0.17059020698070526
CE,0.18043917417526245
CE1,0.18175619840621948
CE2,0.1830720454454422
CE3,0.18438789248466492
CG,0.18487630784511566
CG1,0.1824633628129959
CG2,0.18005043268203735
CH2,0.1776374876499176
CZ,0.17699706554412842
CZ2,0.19053635001182556
CZ3,0.20407558977603912
O,0.21761487424373627
OH,0.231154203414917
OD1,0.23033632338047028
OD2,0.22951853275299072
OE1,0.2287006825208664
OE2,0.22788292169570923
OG,0.22264854609966278
OG1,0.21686223149299622
N,0.21107587218284607
NE,0.20528952777385712
NE1,0.20455104112625122
NE2,0.20525483787059784
ND1,0.20595979690551758
ND2,0.2066636085510254
NZ,0.20335803925991058
NH1,0.19804662466049194
NH2,0.19273638725280762
SD,0.18742609024047852
SG,0.18506641685962677
UNKNOWN,0.18506641685962677
