atom_index,is_real_atom,atom_type_from_onehot,importance
0,1,CE1,6.613222122192383
1,1,CE2,6.613222122192383
2,1,CZ,6.588644027709961
3,1,CD1,6.536680698394775
4,1,CE1,6.48471736907959
5,1,CE2,6.432753562927246
6,1,CZ,6.26845121383667
7,1,O,5.948326587677002
8,1,CB,5.628201007843018
9,1,CG,5.308075904846191
10,1,CD1,5.161052703857422
11,1,CD2,5.315352916717529
12,1,CE1,5.469653606414795
13,1,CE2,5.623953819274902
14,1,CZ,5.728994846343994
15,1,C,5.724809646606445
16,1,CB,5.720623970031738
17,1,N,5.716437816619873
18,1,CA,5.770984649658203
19,1,CG2,5.995545387268066
20,1,O,6.220107555389404
21,1,CB,6.444668769836426
22,1,CG1,6.678272724151611
23,1,CG2,6.947442531585693
24,1,CD1,7.21661376953125
25,1,N,7.48578405380249
26,1,CA,7.759218215942383
27,1,CB,8.0570707321167
28,1,C,8.3549222946167
29,1,O,8.6527738571167
30,1,CG2,8.920408248901367
31,1,CG2,8.898809432983398
32,1,N,8.877211570739746
33,1,CA,8.855616569519043
34,1,C,8.827938079833984
35,1,O,8.656379699707031
36,1,CB,8.484821319580078
37,1,CG,8.313261032104492
38,1,CD,8.141702651977539
39,1,C,8.014625549316406
40,1,O,7.888156414031982
41,1,CB,7.761687755584717
42,1,CB,7.635218143463135
43,1,OG,7.1290154457092285
