atom_type,importance_sum
C,10.49605655670166
CA,10.49605655670166
CB,10.83073616027832
CD,11.583810806274414
CD1,12.336800575256348
CD2,13.089875221252441
CE,13.463081359863281
CE1,13.076804161071777
CE2,12.690528869628906
CE3,12.304171562194824
CG,11.756178855895996
CG1,10.642277717590332
CG2,9.528372764587402
CH2,8.414467811584473
CZ,7.538643836975098
CZ2,8.567015647888184
CZ3,9.595428466796875
O,10.623842239379883
OH,11.652259826660156
OD1,11.12813949584961
OD2,10.604018211364746
OE1,10.0798978805542
OE2,9.555778503417969
OG,9.680046081542969
OG1,9.885356903076172
N,10.090667724609375
NE,10.295982360839844
NE1,9.660207748413086
NE2,8.784005165100098
ND1,7.9078474044799805
ND2,7.031685829162598
NZ,6.690008163452148
NH1,6.615615367889404
NH2,6.541221618652344
SD,6.4668288230896
SG,6.433762073516846
UNKNOWN,6.433762073516846
