atom_type,importance_sum
C,6.786628246307373
CA,6.786628246307373
CB,7.564018249511719
CD,9.313173294067383
CD1,11.06236457824707
CD2,12.811561584472656
CE,13.93576717376709
CE1,13.810189247131348
CE2,13.684514045715332
CE3,13.558938026428223
CG,13.67158031463623
CG1,14.617935180664062
CG2,15.564289093017578
CH2,16.510608673095703
CZ,17.316396713256836
CZ2,16.99825668334961
CZ3,16.680112838745117
O,16.36197280883789
OH,16.0438289642334
OD1,14.413372993469238
OD2,12.782913208007812
OE1,11.152458190917969
OE2,9.522001266479492
OG,9.918008804321289
OG1,10.567323684692383
N,11.216636657714844
NE,11.86595344543457
NE1,11.736649513244629
NE2,11.385042190551758
ND1,11.033333778381348
ND2,10.681626319885254
NZ,10.293100357055664
NH1,9.886151313781738
NH2,9.47912883758545
SD,9.072155952453613
SG,8.891256332397461
UNKNOWN,8.891256332397461
