atom_type,importance
C,0.1552666574716568
CA,0.1552666574716568
CB,0.16291996836662292
CD,0.18014022707939148
CD1,0.19736048579216003
CD2,0.21458150446414948
CE,0.22049249708652496
CE1,0.20378457009792328
CE2,0.18707633018493652
CE3,0.17036806046962738
CG,0.16210488975048065
CG1,0.1833978295326233
CG2,0.20469075441360474
CH2,0.22598367929458618
CZ,0.24491465091705322
CZ2,0.24494938552379608
CZ3,0.24498413503170013
O,0.24501891434192657
OH,0.2450537085533142
OD1,0.25484463572502136
OD2,0.2646354138851166
OE1,0.2744264602661133
OE2,0.28421738743782043
OG,0.28758713603019714
OG1,0.2901541590690613
N,0.29272130131721497
NE,0.2952883541584015
NE1,0.28774741291999817
NE2,0.27731823921203613
ND1,0.2668890655040741
ND2,0.2564614713191986
NZ,0.24177461862564087
NH1,0.2249593585729599
NH2,0.20814409852027893
SD,0.1913292109966278
SG,0.18385553359985352
UNKNOWN,0.18385553359985352
