atom_type,importance
C,0.12341757118701935
CA,0.12341757118701935
CB,0.13270029425621033
CD,0.15358343720436096
CD1,0.17446760833263397
CD2,0.19535177946090698
CE,0.2113085240125656
CE1,0.21741147339344025
CE2,0.22351430356502533
CE3,0.22961728274822235
CG,0.23150725662708282
CG1,0.21865329146385193
CG2,0.20579923689365387
CH2,0.1929451823234558
CZ,0.1829119622707367
CZ2,0.19544439017772675
CZ3,0.20797690749168396
O,0.22050940990447998
OH,0.23304186761379242
OD1,0.22234046459197998
OD2,0.21163895726203918
OE1,0.20093749463558197
OE2,0.19023610651493073
OG,0.18903125822544098
OG1,0.1890135407447815
N,0.1889958530664444
NE,0.1889781951904297
NE1,0.1979079246520996
NE2,0.2093949317932129
ND1,0.2208818793296814
ND2,0.2323688268661499
NZ,0.2398519068956375
NH1,0.24533124268054962
NH2,0.25081223249435425
SD,0.2562934458255768
SG,0.25873002409935
UNKNOWN,0.25873002409935
