atom_index,is_real_atom,atom_type_from_onehot,importance
0,1,O,6.750370025634766
1,1,CG2,6.750370025634766
2,1,O,6.527897834777832
3,1,CD2,6.057526588439941
4,1,CE2,5.587155342102051
5,1,N,5.116784572601318
6,1,CA,4.7409539222717285
7,1,C,4.496261119842529
8,1,O,4.251568794250488
9,1,CB,4.006875038146973
10,1,CG,3.900559902191162
11,1,CB,4.035123825073242
12,1,CB,4.169687747955322
13,1,CG,4.304251670837402
14,1,CD1,4.406904697418213
15,1,CD2,4.438796520233154
16,1,CE1,4.4706878662109375
17,1,CE2,4.5025811195373535
18,1,CZ,4.509735107421875
19,1,OH,4.445283889770508
20,1,CG,4.380831241607666
21,1,CD,4.316380023956299
22,1,CA,4.299592018127441
23,1,C,4.47028112411499
24,1,O,4.6409687995910645
25,1,CB,4.811657905578613
26,1,CG,5.012363433837891
27,1,CD1,5.384984970092773
28,1,CD2,5.757607460021973
29,1,CE1,6.130229473114014
30,1,CE2,6.449995040893555
31,1,CZ,6.263856410980225
32,1,OH,6.07771635055542
33,1,N,5.891576766967773
34,1,CA,5.702810287475586
35,1,C,5.451883792877197
36,1,O,5.200957298278809
37,1,CB,4.950029373168945
38,1,SG,4.69910192489624
39,1,N,4.7300567626953125
40,1,CA,4.764871597290039
41,1,C,4.799686431884766
42,1,CB,4.83450174331665
43,1,C,4.906178951263428
44,1,CB,4.980527400970459
45,1,CG2,5.054874420166016
46,1,N,5.129222393035889
47,1,CA,5.255993843078613
48,1,CB,5.390023231506348
49,1,CG,5.524051666259766
50,1,CD,5.658080577850342
51,1,OE1,5.367660999298096
52,1,OE2,4.986786842346191
53,1,CD2,4.605910301208496
54,1,CE1,4.225035190582275
55,1,CE2,4.2499871253967285
56,1,CZ,4.395972728729248
57,1,CD2,4.541959285736084
58,1,CE1,4.6879472732543945
59,1,CE2,4.612509727478027
60,1,CZ,4.449341297149658
61,1,CA,4.286170959472656
62,1,CB,4.1230010986328125
63,1,CG1,3.949838399887085
64,1,CG2,3.771578311920166
65,1,CB,3.593317985534668
66,1,CG,3.415057420730591
67,1,CD1,3.47507905960083
68,1,CD2,3.6886608600616455
69,1,CE1,3.902240753173828
70,1,CE2,4.11582088470459
71,1,CZ,4.275149822235107
72,1,CD2,4.390809059143066
73,1,CE1,4.506471157073975
74,1,CE2,4.62213134765625
75,1,CZ,4.508675575256348
