atom_index,is_real_atom,atom_type_from_onehot,importance
0,1,CD2,9.009525299072266
1,1,CE2,9.009525299072266
2,1,CE3,9.012517929077148
3,1,CZ2,9.018843650817871
4,1,CZ3,9.025169372558594
5,1,CH2,9.031495094299316
6,1,CA,8.908754348754883
7,1,C,8.606986999511719
8,1,O,8.305220603942871
9,1,CB,8.003453254699707
10,1,SG,7.768849849700928
11,1,N,7.651159763336182
12,1,CA,7.533468723297119
13,1,C,7.415778160095215
14,1,O,7.260607719421387
15,1,CB,7.022332668304443
16,1,CG,6.784055233001709
17,1,N,6.545780181884766
18,1,CA,6.35461950302124
19,1,CB,6.299847602844238
20,1,CG1,6.2450761795043945
21,1,CD1,6.190304279327393
22,1,N,6.150205135345459
23,1,CA,6.167815208435059
24,1,CB,6.185425281524658
25,1,C,6.203035831451416
26,1,O,6.270042419433594
27,1,CG1,6.619957447052002
28,1,CD1,6.969872951507568
29,1,CE1,7.319786548614502
30,1,CZ,7.646421909332275
31,1,CA,7.750242710113525
32,1,C,7.854065418243408
33,1,O,7.957886695861816
34,1,CB,8.070293426513672
35,1,N,8.385891914367676
36,1,CA,8.701489448547363
37,1,C,9.01708698272705
38,1,CB,9.332686424255371
39,1,CG,9.17171859741211
40,1,SD,9.00422477722168
41,1,NH1,8.836729049682617
42,1,O,8.669235229492188
43,1,CB,8.797945022583008
44,1,CB,8.948118209838867
45,1,CG1,9.09829044342041
46,1,CG2,9.248466491699219
47,1,N,8.636564254760742
48,1,CA,7.919147491455078
49,1,C,7.201728343963623
50,1,O,6.484310150146484
51,1,CB,5.940250396728516
52,1,CB,5.433138370513916
53,1,CG,4.926023483276367
54,1,CD1,4.418909072875977
55,1,CE1,4.229130268096924
56,1,CG,4.133995056152344
57,1,CD2,4.038858890533447
58,1,CE1,3.943723678588867
59,1,CE2,4.030837535858154
60,1,CZ,4.190162181854248
61,1,CG,4.3494873046875
62,1,CD1,4.50881290435791
63,1,CD2,4.88861608505249
64,1,SG,5.380906105041504
65,1,CD2,5.873198509216309
66,1,CE2,6.365489482879639
67,1,CZ,6.848640441894531
68,1,CD1,7.32590389251709
69,1,CB,7.803164005279541
70,1,CG1,8.280423164367676
71,1,CG2,8.28158187866211
72,1,CD2,7.899535655975342
73,1,NE2,7.517486572265625
74,1,OH,7.135440349578857
