atom_type,importance_sum
C,10.475122451782227
CA,10.475122451782227
CB,10.510400772094727
CD,10.58983039855957
CD1,10.669318199157715
CD2,10.748747825622559
CE,10.92924690246582
CE1,11.311785697937012
CE2,11.694324493408203
CE3,12.076911926269531
CG,12.44653606414795
CG1,12.771026611328125
CG2,13.095515251159668
CH2,13.420002937316895
CZ,13.896683692932129
CZ2,15.590924263000488
CZ3,17.285192489624023
O,18.97945785522461
OH,20.67369270324707
OD1,20.820175170898438
OD2,20.966665267944336
OE1,21.11315155029297
OE2,21.259628295898438
OG,21.530258178710938
OG1,21.816396713256836
N,22.102537155151367
NE,22.388671875
NE1,23.753416061401367
NE2,25.426488876342773
ND1,27.09956169128418
ND2,28.772523880004883
NZ,28.781490325927734
NH1,27.958446502685547
NH2,27.135299682617188
SD,26.312257766723633
SG,25.946441650390625
UNKNOWN,25.946441650390625
