atom_type,importance
C,0.14285264909267426
CA,0.14285264909267426
CB,0.14882266521453857
CD,0.16225478053092957
CD1,0.1756868064403534
CD2,0.1891188770532608
CE,0.19681206345558167
CE1,0.19302897155284882
CE2,0.18924587965011597
CE3,0.18546204268932343
CG,0.18080784380435944
CG1,0.17310357093811035
CG2,0.16539929807186127
CH2,0.1576949506998062
CZ,0.15329885482788086
CZ2,0.175368070602417
CZ3,0.19743724167346954
O,0.21950645744800568
OH,0.24157556891441345
OD1,0.2569156885147095
OD2,0.2722558379173279
OE1,0.28759580850601196
OE2,0.3029360771179199
OG,0.30295366048812866
OG1,0.3010561764240265
N,0.29915857315063477
NE,0.2972610890865326
NE1,0.28522953391075134
NE2,0.2703031897544861
ND1,0.255376935005188
ND2,0.24045072495937347
NZ,0.24246083199977875
NH1,0.2529385983943939
NH2,0.2634163498878479
SD,0.27389398217201233
SG,0.2785513997077942
UNKNOWN,0.2785513997077942
