atom_type,importance_sum
C,3.179164409637451
CA,3.179164409637451
CB,3.631160020828247
CD,4.6481194496154785
CD1,5.665094375610352
CD2,6.68204402923584
CE,7.411351680755615
CE1,7.565343856811523
CE2,7.71937370300293
CE3,7.873364448547363
CG,8.275591850280762
CG1,9.546733856201172
CG2,10.817848205566406
CH2,12.088958740234375
CZ,13.510058403015137
CZ2,16.13102912902832
CZ3,18.751928329467773
O,21.372905731201172
OH,23.993881225585938
OD1,22.76531982421875
OD2,21.53676414489746
OE1,20.30820083618164
OE2,19.07965087890625
OG,18.963733673095703
OG1,18.986900329589844
N,19.010066986083984
NE,19.033233642578125
NE1,17.79745864868164
NE2,16.202007293701172
ND1,14.606478691101074
ND2,13.011019706726074
NZ,12.178855895996094
NH1,11.728330612182617
NH2,11.27780818939209
SD,10.82728385925293
SG,10.627033233642578
UNKNOWN,10.627033233642578
