atom_type,importance
C,0.0892086923122406
CA,0.0892086923122406
CB,0.09352712333202362
CD,0.10324385017156601
CD1,0.112960584461689
CD2,0.12267687171697617
CE,0.12735113501548767
CE1,0.12194090336561203
CE2,0.11652980744838715
CE3,0.11111929267644882
CG,0.10874580591917038
CG1,0.11700265109539032
CG2,0.12525951862335205
CH2,0.1335163563489914
CZ,0.1426377296447754
CZ2,0.15867573022842407
CZ3,0.1747136414051056
O,0.19075164198875427
OH,0.20678958296775818
OD1,0.20781773328781128
OD2,0.2088458091020584
OE1,0.20987392961978912
OE2,0.21090209484100342
OG,0.20725198090076447
OG1,0.20301717519760132
N,0.1987823098897934
NE,0.19454750418663025
NE1,0.20473772287368774
NE2,0.2190479338169098
ND1,0.23335956037044525
ND2,0.2476704865694046
NZ,0.2476716935634613
NH1,0.24052001535892487
NH2,0.23336726427078247
SD,0.2262152135372162
SG,0.22303688526153564
UNKNOWN,0.22303688526153564
