atom_index,is_real_atom,atom_type_from_onehot,importance
0,1,C,9.462297439575195
1,1,O,9.462297439575195
2,1,CB,9.60003662109375
3,1,CG,9.891255378723145
4,1,CD2,10.182473182678223
5,1,CA,10.473692893981934
6,1,C,10.764719009399414
7,1,O,11.055482864379883
8,1,CB,11.346246719360352
9,1,CG,11.637008666992188
10,1,CD,11.756152153015137
11,1,NE,11.576550483703613
12,1,CZ,11.396946907043457
13,1,NH1,11.21734619140625
14,1,NH2,10.895505905151367
15,1,CB,10.258271217346191
16,1,CG,9.621036529541016
17,1,N,8.983804702758789
18,1,CA,8.453511238098145
19,1,CB,8.232792854309082
20,1,CG,8.012072563171387
21,1,CD1,7.791353702545166
22,1,CE1,7.587707042694092
23,1,CB,7.451211929321289
24,1,CD2,7.314716815948486
25,1,CA,7.178221702575684
26,1,C,7.075827121734619
27,1,O,7.168736457824707
28,1,CB,7.261646747589111
29,1,CG1,7.354555606842041
30,1,CG2,7.450682640075684
31,1,CD2,7.577600002288818
32,1,N,7.7045183181762695
33,1,CA,7.831435203552246
34,1,CB,7.950329780578613
35,1,CG,7.879348278045654
36,1,CD1,7.808366775512695
37,1,CD2,7.7373857498168945
38,1,CG1,7.666403293609619
39,1,CD1,7.5087890625
40,1,C,7.349990367889404
41,1,O,7.191189289093018
42,1,CB,7.0323896408081055
43,1,CD1,6.759393692016602
44,1,N,6.478124141693115
45,1,CA,6.196853160858154
46,1,CB,5.915582180023193
47,1,CG,5.589693546295166
48,1,CD1,5.257628440856934
49,1,CE1,4.925561428070068
50,1,CB,4.593494415283203
51,1,CG,4.615428447723389
52,1,CD1,4.712805271148682
53,1,CD2,4.810182094573975
54,1,CE1,4.907558441162109
55,1,CE2,4.9304890632629395
56,1,CZ,4.931217193603516
57,1,OH,4.931944847106934
58,1,CE2,4.932672023773193
59,1,CZ,4.655680179595947
