atom_type,importance
C,0.1413872241973877
CA,0.1413872241973877
CB,0.15056893229484558
CD,0.17122836410999298
CD1,0.1918877810239792
CD2,0.21254602074623108
CE,0.2199217677116394
CE1,0.20073038339614868
CE2,0.1815376728773117
CE3,0.16234621405601501
CG,0.14957468211650848
CG1,0.15927579998970032
CG2,0.16897694766521454
CH2,0.17867803573608398
CZ,0.18704582750797272
CZ2,0.18474695086479187
CZ3,0.18244804441928864
O,0.1801491379737854
OH,0.17785026133060455
OD1,0.1630764603614807
OD2,0.14830274879932404
OE1,0.1335289478302002
OE2,0.11875517666339874
OG,0.1128384917974472
OG1,0.1080290749669075
N,0.10321931540966034
NE,0.09840954095125198
NE1,0.09995761513710022
NE2,0.10332214087247849
ND1,0.10668666660785675
ND2,0.11005120724439621
NZ,0.11164357513189316
NH1,0.1123499646782875
NH2,0.11305627226829529
SD,0.1137632206082344
SG,0.11407699435949326
UNKNOWN,0.11407699435949326
