atom_type,importance
C,0.1455724984407425
CA,0.1455724984407425
CB,0.15477128326892853
CD,0.17546774446964264
CD1,0.19616536796092987
CD2,0.21686185896396637
CE,0.22637544572353363
CE1,0.2135176658630371
CE2,0.2006610482931137
CE3,0.1878044456243515
CG,0.1760835200548172
CG1,0.16833913326263428
CG2,0.16059471666812897
CH2,0.15285028517246246
CZ,0.14573508501052856
CZ2,0.1436530500650406
CZ3,0.14157108962535858
O,0.139489084482193
OH,0.13740715384483337
OD1,0.1405533105134964
OD2,0.14369942247867584
OE1,0.14684562385082245
OE2,0.14999176561832428
OG,0.14679397642612457
OG1,0.1428031325340271
N,0.13881230354309082
NE,0.13482141494750977
NE1,0.1347266286611557
NE2,0.13574431836605072
ND1,0.1367630660533905
ND2,0.13778184354305267
NZ,0.13600634038448334
NH1,0.13283540308475494
NH2,0.12966439127922058
SD,0.1264931708574295
SG,0.12508340179920197
UNKNOWN,0.12508340179920197
