atom_type,importance
C,0.11574874818325043
CA,0.11574874818325043
CB,0.11598972231149673
CD,0.11653149873018265
CD1,0.11707289516925812
CD2,0.11761464178562164
CE,0.12169980257749557
CE1,0.13287143409252167
CE2,0.14404301345348358
CE3,0.15521374344825745
CG,0.16384108364582062
CG1,0.16356174647808075
CG2,0.16328231990337372
CH2,0.16300296783447266
CZ,0.16551202535629272
CZ2,0.19032803177833557
CZ3,0.21514399349689484
O,0.2399599701166153
OH,0.2647760212421417
OD1,0.2532084584236145
OD2,0.2416408509016037
OE1,0.23007331788539886
OE2,0.21850571036338806
OG,0.21055155992507935
OG1,0.20304900407791138
N,0.19554650783538818
NE,0.1880439817905426
NE1,0.1981746256351471
NE2,0.21334446966648102
ND1,0.22851260006427765
ND2,0.24368228018283844
NZ,0.25043171644210815
NH1,0.25296998023986816
NH2,0.255510151386261
SD,0.258048415184021
SG,0.2591768503189087
UNKNOWN,0.2591768503189087
