atom_type,importance_sum
C,14.330795288085938
CA,14.330795288085938
CB,14.809514045715332
CD,15.886703491210938
CD1,16.96388816833496
CD2,18.040996551513672
CE,18.677051544189453
CE1,18.43038558959961
CE2,18.183870315551758
CE3,17.93720054626465
CG,17.424579620361328
CG1,15.980644226074219
CG2,14.536710739135742
CH2,13.092777252197266
CZ,11.859015464782715
CZ2,12.30659294128418
CZ3,12.754164695739746
O,13.20174503326416
OH,13.649321556091309
OD1,13.039443969726562
OD2,12.429566383361816
OE1,11.819685935974121
OE2,11.209808349609375
OG,11.21435832977295
OG1,11.295717239379883
N,11.37707233428955
NE,11.45842456817627
NE1,12.153690338134766
NE2,13.02424430847168
ND1,13.894876480102539
ND2,14.765430450439453
NZ,14.785585403442383
NH1,14.38058090209961
NH2,13.975577354431152
SD,13.570572853088379
SG,13.390539169311523
UNKNOWN,13.390539169311523
