atom_type,importance
C,0.1287722885608673
CA,0.1287722885608673
CB,0.13826987147331238
CD,0.1596381664276123
CD1,0.18100742995738983
CD2,0.20237666368484497
CE,0.21497873961925507
CE1,0.2100483477115631
CE2,0.20511692762374878
CE3,0.20018553733825684
CG,0.1988605409860611
CG1,0.21015363931655884
CG2,0.22144673764705658
CH2,0.23273979127407074
CZ,0.244187131524086
CZ2,0.25686901807785034
CZ3,0.2695508599281311
O,0.2822326719760895
OH,0.2949144244194031
OD1,0.29062238335609436
OD2,0.28633028268814087
OE1,0.2820381820201874
OE2,0.2777459919452667
OG,0.2661038339138031
OG1,0.2535427212715149
N,0.2409818321466446
NE,0.22842083871364594
NE1,0.2136499583721161
NE2,0.19824840128421783
ND1,0.18284671008586884
ND2,0.16744504868984222
NZ,0.16121834516525269
NH1,0.1595785915851593
NH2,0.15793977677822113
SD,0.15630100667476654
SG,0.15557271242141724
UNKNOWN,0.15557271242141724
