atom_type,importance
C,0.16375377774238586
CA,0.16375377774238586
CB,0.15972183644771576
CD,0.15065176784992218
CD1,0.14158175885677338
CD2,0.1325116604566574
CE,0.12506182491779327
CE1,0.12085140496492386
CE2,0.11664199829101562
CE3,0.11243251711130142
CG,0.11127392947673798
CG1,0.12079524993896484
CG2,0.13031654059886932
CH2,0.13983778655529022
CZ,0.15157951414585114
CZ2,0.1810847669839859
CZ3,0.21058997511863708
O,0.24009524285793304
OH,0.2696004807949066
OD1,0.2582171857357025
OD2,0.24683387577533722
OE1,0.23545049130916595
OE2,0.22406715154647827
OG,0.20223388075828552
OG1,0.17909438908100128
N,0.15595483779907227
NE,0.13281530141830444
NE1,0.12594716250896454
NE2,0.12372744083404541
ND1,0.12150879204273224
ND2,0.11929011344909668
NZ,0.11524054408073425
NH1,0.11027631163597107
NH2,0.10531238466501236
SD,0.10034844279289246
SG,0.09814231097698212
UNKNOWN,0.09814231097698212
