atom_index,is_real_atom,atom_type_from_onehot,importance
0,1,CG2,11.123512268066406
1,1,CD1,11.123512268066406
2,1,CA,11.382755279541016
3,1,C,11.930868148803711
4,1,O,12.478982925415039
5,1,CB,13.027094841003418
6,1,CG,13.258147239685059
7,1,CD,13.049408912658691
8,1,C,12.840666770935059
9,1,O,12.631926536560059
10,1,CB,12.443368911743164
11,1,CG2,12.289947509765625
12,1,N,12.136526107788086
13,1,CA,11.983105659484863
14,1,CB,11.903226852416992
15,1,OG,11.986434936523438
16,1,C,12.06964111328125
17,1,O,12.152848243713379
18,1,CB,12.173063278198242
19,1,N,12.010937690734863
20,1,CA,11.848810195922852
21,1,SD,11.686684608459473
22,1,CE,11.522738456726074
23,1,CD,11.351622581481934
24,1,NE,11.18050765991211
25,1,CZ,11.009389877319336
26,1,NH1,10.760986328125
27,1,NH2,10.069927215576172
28,1,CZ3,9.37886905670166
29,1,CH2,8.687810897827148
30,1,CB,8.045133590698242
31,1,CG1,7.865536689758301
32,1,CG2,7.685939788818359
33,1,CD1,7.506341934204102
34,1,CG,7.3402557373046875
35,1,CD1,7.493919372558594
36,1,CD2,7.647580623626709
37,1,CE1,7.801243782043457
38,1,CE2,7.954906463623047
39,1,CZ,7.799158573150635
40,1,OH,7.6391730308532715
41,1,CE1,7.47918701171875
42,1,CZ,7.3192009925842285
43,1,OH,6.836012840270996
