atom_index,is_real_atom,atom_type_from_onehot,importance
0,1,CZ3,8.21232795715332
1,1,CH2,8.21232795715332
2,1,CG2,8.27785587310791
3,1,CE1,8.416397094726562
4,1,CE2,8.554938316345215
5,1,CZ,8.693479537963867
6,1,OH,8.684651374816895
7,1,N,8.47140884399414
8,1,CA,8.258166313171387
9,1,C,8.04492473602295
10,1,O,7.849179744720459
11,1,CB,7.683894157409668
12,1,CG,7.5186076164245605
13,1,O,7.3533220291137695
14,1,CB,7.166018962860107
15,1,CG,6.929897308349609
16,1,CD1,6.6937761306762695
17,1,CD2,6.457653999328613
18,1,NE1,6.256721019744873
19,1,CE2,6.157656669616699
20,1,CE3,6.058591842651367
21,1,CZ2,5.959526062011719
22,1,CZ3,5.939932346343994
23,1,CH2,6.232924461364746
24,1,CD1,6.525917053222656
25,1,CE1,6.81890869140625
26,1,CE2,7.148391246795654
27,1,CZ,7.686855792999268
28,1,CD2,8.225321769714355
29,1,CE1,8.763789176940918
30,1,CE2,9.256499290466309
31,1,CZ,9.31128978729248
32,1,CA,9.366082191467285
33,1,C,9.42087173461914
34,1,O,9.461008071899414
35,1,CG,9.154282569885254
36,1,CD1,8.847558975219727
37,1,N,8.5408353805542
38,1,CA,8.234111785888672
39,1,C,8.202727317810059
40,1,O,8.175114631652832
41,1,CB,8.147501945495605
42,1,CG1,8.119888305664062
43,1,CG2,8.122506141662598
44,1,N,8.127314567565918
45,1,CA,8.132122039794922
46,1,CB,8.13692855834961
47,1,CG1,7.799906253814697
48,1,CG2,7.415555953979492
49,1,CD1,7.031203269958496
