atom_type,importance_sum
C,10.948208808898926
CA,10.948208808898926
CB,11.371193885803223
CD,12.322916984558105
CD1,13.274636268615723
CD2,14.22635555267334
CE,14.847648620605469
CE1,14.80817985534668
CE2,14.768805503845215
CE3,14.729427337646484
CG,14.684734344482422
CG1,14.62195110321045
CG2,14.559165954589844
CH2,14.496380805969238
CZ,14.453105926513672
CZ2,14.565917015075684
CZ3,14.678727149963379
O,14.791543960571289
OH,14.904353141784668
OD1,14.362910270690918
OD2,13.821473121643066
OE1,13.28003215789795
OE2,12.738588333129883
OG,12.32494068145752
OG1,11.92725658416748
N,11.529579162597656
NE,11.131901741027832
NE1,10.560991287231445
NE2,9.940610885620117
ND1,9.320213317871094
ND2,8.699762344360352
NZ,8.327067375183105
NH1,8.078207015991211
NH2,7.829351902008057
SD,7.580492973327637
SG,7.469884395599365
UNKNOWN,7.469884395599365
