atom_type,importance
C,0.10915055871009827
CA,0.10915055871009827
CB,0.11467353999614716
CD,0.12709985673427582
CD1,0.13952600955963135
CD2,0.1519521176815033
CE,0.15680895745754242
CE1,0.14652709662914276
CE2,0.13624630868434906
CE3,0.12596450746059418
CG,0.12374433875083923
CG1,0.14973726868629456
CG2,0.17573025822639465
CH2,0.20172321796417236
CZ,0.22709180414676666
CZ2,0.2474559247493744
CZ3,0.2678202688694
O,0.2881844937801361
OH,0.30854877829551697
OD1,0.2945331633090973
OD2,0.28051748871803284
OE1,0.2665020227432251
OE2,0.2524864077568054
OG,0.2368144989013672
OG1,0.22093552350997925
N,0.20505574345588684
NE,0.18917685747146606
NE1,0.17441892623901367
NE2,0.15998055040836334
ND1,0.14554210007190704
ND2,0.1311047375202179
NZ,0.12567076086997986
NH1,0.12473996728658676
NH2,0.12380944937467575
SD,0.12287845462560654
SG,0.12246480584144592
UNKNOWN,0.12246480584144592
