atom_index,is_real_atom,atom_type_from_onehot,importance
0,1,CD1,11.880510330200195
1,1,CB,11.880510330200195
2,1,CG,12.18840217590332
3,1,CE,12.839371681213379
4,1,CB,13.490341186523438
5,1,CG,14.141310691833496
6,1,OD1,14.334272384643555
7,1,ND2,13.891938209533691
8,1,CD1,13.449602127075195
9,1,CD1,13.0072660446167
10,1,CE1,12.43065357208252
11,1,CD2,11.6202974319458
12,1,CE2,10.809942245483398
13,1,CZ,9.99958610534668
14,1,OH,9.17861557006836
