atom_type,importance
C,0.06052052974700928
CA,0.06052052974700928
CB,0.06640991568565369
CD,0.07966134697198868
CD1,0.09291352331638336
CD2,0.10616495460271835
CE,0.11496705561876297
CE1,0.11486852169036865
CE2,0.11477095633745193
CE3,0.1146736666560173
CG,0.11457107216119766
CG1,0.1144573986530304
CG2,0.11434369534254074
CH2,0.11423004418611526
CZ,0.11344625800848007
CZ2,0.10730233788490295
CZ3,0.10115784406661987
O,0.09501325339078903
OH,0.088868647813797
OD1,0.0768141970038414
OD2,0.06475971639156342
OE1,0.05270484462380409
OE2,0.040650375187397
OG,0.04272186756134033
OG1,0.04655913636088371
N,0.0503963939845562
NE,0.05423373356461525
NE1,0.05719483643770218
NE2,0.05990523472428322
ND1,0.06261563301086426
ND2,0.06532678008079529
NZ,0.0801597535610199
NH1,0.10105441510677338
NH2,0.12194859981536865
SD,0.14284251630306244
SG,0.1521298587322235
UNKNOWN,0.1521298587322235
