atom_index,is_real_atom,atom_type_from_onehot,importance
0,1,CE3,7.0963358879089355
1,1,CZ3,7.0963358879089355
2,1,CH2,7.030174732208252
3,1,CG2,6.890292644500732
4,1,CD2,6.75040864944458
5,1,CE2,6.610527038574219
6,1,CZ,6.373016357421875
7,1,OH,6.000087738037109
8,1,N,5.627159118652344
9,1,CA,5.254230499267578
10,1,C,4.933228015899658
11,1,O,4.702615737915039
12,1,CB,4.4720025062561035
13,1,CG,4.241389274597168
14,1,CA,4.106268405914307
15,1,C,4.182891368865967
16,1,CB,4.259514331817627
17,1,CG,4.336137771606445
18,1,CD1,4.339828968048096
19,1,CD2,4.132406711578369
20,1,NE1,3.924983024597168
21,1,CE2,3.717560052871704
22,1,CE3,3.552480697631836
23,1,CZ2,3.553952693939209
24,1,CZ3,3.555424213409424
25,1,CH2,3.556896209716797
26,1,CG,3.653428316116333
27,1,CD1,4.294396877288818
28,1,CD2,4.935366630554199
29,1,CE1,5.576334476470947
30,1,CE2,6.154879570007324
31,1,CZ,6.1359405517578125
32,1,CE1,6.117001056671143
33,1,CE2,6.098062515258789
34,1,CZ,6.0757222175598145
35,1,O,5.972921371459961
36,1,N,5.870121955871582
37,1,CA,5.7673211097717285
38,1,C,5.664519786834717
39,1,O,5.3644914627075195
40,1,CB,5.061761856079102
41,1,CG1,4.759031295776367
42,1,CG2,4.456300258636475
43,1,N,4.365802764892578
44,1,N,4.290683746337891
45,1,CA,4.215564727783203
46,1,C,4.140445709228516
47,1,O,4.201711654663086
48,1,N,4.281861305236816
49,1,CA,4.362010955810547
50,1,CB,4.4421610832214355
51,1,CG,4.608157157897949
52,1,CD2,4.792446613311768
53,1,CE1,4.976737022399902
54,1,CE2,5.161026954650879
55,1,CZ,4.966805458068848
