atom_type,importance_sum
C,4.592352867126465
CA,4.592352867126465
CB,4.664649486541748
CD,4.827372074127197
CD1,4.990056037902832
CD2,5.152779579162598
CE,5.535946369171143
CE1,6.3600053787231445
CE2,7.184060096740723
CE3,8.008153915405273
CG,8.731376647949219
CG1,9.10183048248291
CG2,9.47228717803955
CH2,9.842740058898926
CZ,10.207873344421387
CZ2,10.530427932739258
CZ3,10.852981567382812
O,11.175536155700684
OH,11.498085975646973
OD1,11.026972770690918
OD2,10.555864334106445
OE1,10.084750175476074
OE2,9.61363410949707
OG,9.219576835632324
OG1,8.835153579711914
N,8.450726509094238
NE,8.066327095031738
NE1,8.339873313903809
NE2,8.801441192626953
ND1,9.26301097869873
ND2,9.72457504272461
NZ,10.077506065368652
NH1,10.376117706298828
NH2,10.674729347229004
SD,10.97341251373291
SG,11.10610580444336
UNKNOWN,11.10610580444336
