atom_type,importance
C,0.09866547584533691
CA,0.09866547584533691
CB,0.10257738083600998
CD,0.11137904971837997
CD1,0.1201806366443634
CD2,0.12898129224777222
CE,0.1344771534204483
CE1,0.13336029648780823
CE2,0.13224342465400696
CE3,0.13112545013427734
CG,0.1334778070449829
CG1,0.14796918630599976
CG2,0.162460595369339
CH2,0.17695194482803345
CZ,0.190724179148674
CZ2,0.19874291121959686
CZ3,0.20676161348819733
O,0.21477991342544556
OH,0.22279779613018036
OD1,0.22263245284557343
OD2,0.22246712446212769
OE1,0.22230184078216553
OE2,0.22213643789291382
OG,0.21044090390205383
OG1,0.19730272889137268
N,0.1841646134853363
NE,0.17102645337581635
NE1,0.15512722730636597
NE2,0.13843974471092224
ND1,0.12175219506025314
ND2,0.10506463795900345
NZ,0.09598337858915329
NH1,0.09070467948913574
NH2,0.08542599529027939
SD,0.08014724403619766
SG,0.0778011903166771
UNKNOWN,0.0778011903166771
