atom_type,importance_sum
C,3.7791788578033447
CA,3.7791788578033447
CB,4.403396129608154
CD,5.8078718185424805
CD1,7.212414264678955
CD2,8.616873741149902
CE,9.66289234161377
CE1,9.992064476013184
CE2,10.321124076843262
CE3,10.650181770324707
CG,10.961501121520996
CG1,11.210735321044922
CG2,11.459967613220215
CH2,11.70920181274414
CZ,11.816186904907227
CZ2,10.785185813903809
CZ3,9.75418472290039
O,8.723182678222656
OH,7.6921796798706055
OD1,6.448339462280273
OD2,5.204497337341309
OE1,3.9606845378875732
OE2,2.7168424129486084
OG,2.310955047607422
OG1,2.0098140239715576
N,1.7086803913116455
NE,1.4075467586517334
NE1,1.3512629270553589
NE2,1.3649418354034424
ND1,1.3786207437515259
ND2,1.3922996520996094
NZ,2.899831533432007
NH1,5.154303550720215
NH2,7.408747673034668
SD,9.663247108459473
SG,10.66519832611084
UNKNOWN,10.66519832611084
