atom_type,count_in_topK,percent_of_topK,topk_atoms_total,K_per_sample
C,46,5.974025974025974,770,5
CA,69,8.96103896103896,770,5
CB,108,14.025974025974024,770,5
CD,32,4.1558441558441555,770,5
CD1,50,6.493506493506493,770,5
CD2,48,6.233766233766234,770,5
CE,19,2.4675324675324677,770,5
CE1,11,1.4285714285714286,770,5
CE2,18,2.3376623376623376,770,5
CE3,1,0.12987012987012986,770,5
CG,84,10.909090909090908,770,5
CG1,30,3.896103896103896,770,5
CG2,34,4.415584415584416,770,5
CH2,3,0.38961038961038963,770,5
CZ,28,3.6363636363636362,770,5
CZ2,0,0.0,770,5
CZ3,1,0.12987012987012986,770,5
O,67,8.701298701298702,770,5
OH,5,0.6493506493506493,770,5
OD1,1,0.12987012987012986,770,5
OD2,0,0.0,770,5
OE1,7,0.9090909090909091,770,5
OE2,4,0.5194805194805194,770,5
OG,7,0.9090909090909091,770,5
OG1,2,0.2597402597402597,770,5
N,40,5.194805194805195,770,5
NE,11,1.4285714285714286,770,5
NE1,1,0.12987012987012986,770,5
NE2,2,0.2597402597402597,770,5
ND1,3,0.38961038961038963,770,5
ND2,1,0.12987012987012986,770,5
NZ,2,0.2597402597402597,770,5
NH1,6,0.7792207792207793,770,5
NH2,5,0.6493506493506493,770,5
SD,17,2.207792207792208,770,5
SG,7,0.9090909090909091,770,5
UNKNOWN,0,0.0,770,5
