atom_index,is_real_atom,atom_type_from_onehot,importance
0,1,CE2,5.382334232330322
1,1,CZ,5.382334232330322
2,1,CG,5.52834415435791
3,1,CD1,5.837050914764404
4,1,CD2,6.145756721496582
5,1,CB,6.45446252822876
6,1,CG,6.594885349273682
7,1,CD1,6.501885890960693
8,1,CD2,6.408886432647705
9,1,CE1,6.3158860206604
10,1,CE2,6.470348358154297
11,1,CZ,7.055582046508789
12,1,O,7.6408162117004395
13,1,CB,8.226049423217773
14,1,CG,8.774478912353516
15,1,CD1,9.241297721862793
16,1,CG,9.70811653137207
17,1,OD1,10.174935340881348
18,1,ND2,10.516196250915527
19,1,CA,10.494000434875488
20,1,CB,10.471807479858398
21,1,CG2,10.449614524841309
22,1,CG,10.302335739135742
23,1,CD1,9.663064956665039
24,1,CE1,9.023792266845703
25,1,CE2,8.384520530700684
26,1,CZ,7.746957302093506
