atom_type,importance_sum
C,4.635490417480469
CA,4.635490417480469
CB,4.873737812042236
CD,5.409867763519287
CD1,5.945948600769043
CD2,6.482028007507324
CE,6.986217021942139
CE1,7.426580905914307
CE2,7.866943359375
CE3,8.307305335998535
CG,8.849488258361816
CG1,9.748059272766113
CG2,10.646632194519043
CH2,11.545205116271973
CZ,12.340229988098145
CZ2,12.306884765625
CZ3,12.27353572845459
O,12.240188598632812
OH,12.206838607788086
OD1,11.11703872680664
OD2,10.027239799499512
OE1,8.937437057495117
OE2,7.847635746002197
OG,6.827854633331299
OG1,5.816825866699219
N,4.8057990074157715
NE,3.7947463989257812
NE1,3.4091060161590576
NE2,3.202141046524048
ND1,2.9952006340026855
ND2,2.788233995437622
NZ,3.413682222366333
NH1,4.455323696136475
NH2,5.496965408325195
SD,6.538608551025391
SG,7.0015869140625
UNKNOWN,7.0015869140625
