atom_type,importance
C,0.10126592218875885
CA,0.10126592218875885
CB,0.11256270110607147
CD,0.1379798948764801
CD1,0.16339673101902008
CD2,0.18881358206272125
CE,0.2080872505903244
CE1,0.21507328748703003
CE2,0.2220592498779297
CE3,0.22904518246650696
CG,0.23172450065612793
CG1,0.21932882070541382
CG2,0.20693305134773254
CH2,0.19453738629817963
CZ,0.18414337933063507
CZ2,0.1897626519203186
CZ3,0.1953819841146469
O,0.20100125670433044
OH,0.20662054419517517
OD1,0.19485443830490112
OD2,0.18308839201927185
OE1,0.171322301030159
OE2,0.15955618023872375
OG,0.15576885640621185
OG1,0.15297892689704895
N,0.15018893778324127
NE,0.1473989486694336
NE1,0.14422671496868134
NE2,0.14094486832618713
ND1,0.1376630812883377
ND2,0.13438120484352112
NZ,0.13723109662532806
NH1,0.14314551651477814
NH2,0.1490599513053894
SD,0.1549743413925171
SG,0.1576029658317566
UNKNOWN,0.1576029658317566
