atom_type,importance
C,0.1171884536743164
CA,0.1171884536743164
CB,0.1248612329363823
CD,0.14212541282176971
CD1,0.15939055383205414
CD2,0.17665477097034454
CE,0.18740755319595337
CE1,0.18513737618923187
CE2,0.18286727368831635
CE3,0.18059702217578888
CG,0.17774298787117004
CG1,0.17284172773361206
CG2,0.1679404079914093
CH2,0.16303913295269012
CZ,0.160272017121315
CZ2,0.17457841336727142
CZ3,0.18888485431671143
O,0.20319123566150665
OH,0.21749712526798248
OD1,0.23133346438407898
OD2,0.2451702356338501
OE1,0.25900697708129883
OE2,0.27284377813339233
OG,0.2738051116466522
OG1,0.2731568515300751
N,0.2725086212158203
NE,0.27186042070388794
NE1,0.26645371317863464
NE2,0.25968772172927856
ND1,0.25292178988456726
ND2,0.24615389108657837
NZ,0.23447079956531525
NH1,0.22032999992370605
NH2,0.20618857443332672
SD,0.1920468807220459
SG,0.1857626885175705
UNKNOWN,0.1857626885175705
