atom_type,importance
C,0.1040271446108818
CA,0.1040271446108818
CB,0.10940384119749069
CD,0.12150152772665024
CD1,0.13359834253787994
CD2,0.14569619297981262
CE,0.15080459415912628
CE1,0.14193648099899292
CE2,0.13306960463523865
CE3,0.12420153617858887
CG,0.1173316165804863
CG1,0.11745859682559967
CG2,0.11758553981781006
CH2,0.11771250516176224
CZ,0.12025658786296844
CZ2,0.14213784039020538
CZ3,0.1640191376209259
O,0.18590040504932404
OH,0.20778171718120575
OD1,0.20736169815063477
OD2,0.20694169402122498
OE1,0.20652168989181519
OE2,0.20610171556472778
OG,0.204767644405365
OG1,0.20331940054893494
N,0.2018710821866989
NE,0.20042279362678528
NE1,0.20958659052848816
NE2,0.22178103029727936
ND1,0.23397661745548248
ND2,0.24617040157318115
NZ,0.24570026993751526
NH1,0.23889584839344025
NH2,0.23209142684936523
SD,0.22528699040412903
SG,0.22226257622241974
UNKNOWN,0.22226257622241974
