atom_type,importance
C,0.10877751559019089
CA,0.10877751559019089
CB,0.11650577187538147
CD,0.13389602303504944
CD1,0.15128487348556519
CD2,0.16867373883724213
CE,0.1759859174489975
CE1,0.16314196586608887
CE2,0.15029661357402802
CE3,0.1374526470899582
CG,0.12777721881866455
CG1,0.1291901022195816
CG2,0.13060303032398224
CH2,0.13201594352722168
CZ,0.1330428421497345
CZ2,0.13098177313804626
CZ3,0.12892070412635803
O,0.1268596053123474
OH,0.12479852139949799
OD1,0.11881263554096222
OD2,0.11282672733068466
OE1,0.10684084892272949
OE2,0.10085495561361313
OG,0.10857004672288895
OG1,0.11799780279397964
N,0.12742552161216736
NE,0.13685324788093567
NE1,0.13355642557144165
NE2,0.1266237050294876
ND1,0.11969098448753357
ND2,0.11275804787874222
NZ,0.1150783896446228
NH1,0.12202604860067368
NH2,0.12897291779518127
SD,0.13592059910297394
SG,0.13900789618492126
UNKNOWN,0.13900788128376007
