atom_type,importance_sum
C,8.905763626098633
CA,8.905763626098633
CB,9.031064987182617
CD,9.312944412231445
CD1,9.594866752624512
CD2,9.876715660095215
CE,10.14111042022705
CE1,10.370587348937988
CE2,10.599967002868652
CE3,10.82934856414795
CG,11.190957069396973
CG1,12.015325546264648
CG2,12.839692115783691
CH2,13.664061546325684
CZ,14.431605339050293
CZ2,14.744597434997559
CZ3,15.057585716247559
O,15.370575904846191
OH,15.683565139770508
OD1,14.878972053527832
OD2,14.074378967285156
OE1,13.269787788391113
OE2,12.465195655822754
OG,11.884507179260254
OG1,11.331809043884277
N,10.779109954833984
NE,10.226411819458008
NE1,10.353625297546387
NE2,10.674992561340332
ND1,10.996355056762695
ND2,11.317715644836426
NZ,11.648778915405273
NH1,11.984588623046875
NH2,12.320396423339844
SD,12.656205177307129
SG,12.805484771728516
UNKNOWN,12.805484771728516
