atom_index,is_real_atom,atom_type_from_onehot,importance
0,1,CZ,10.47244930267334
1,1,CA,10.47244930267334
2,1,CB,10.827128410339355
3,1,OG,11.577025413513184
4,1,CD2,12.326922416687012
5,1,CE2,13.076817512512207
6,1,CZ,13.44994068145752
7,1,CA,13.300437927246094
8,1,C,13.1509370803833
9,1,O,13.001434326171875
10,1,CB,12.847665786743164
11,1,CG,12.686470985412598
12,1,CD1,12.525273323059082
13,1,C,12.364080429077148
14,1,CB,12.313745498657227
15,1,CG1,12.509232521057129
16,1,CG2,12.70472240447998
17,1,N,12.9002103805542
18,1,CA,13.103435516357422
19,1,CB,13.329063415527344
20,1,CG,13.5546875
21,1,CD,13.780314445495605
22,1,NE,13.812382698059082
23,1,CD1,13.083128929138184
24,1,CD2,12.353874206542969
25,1,CZ,11.624618530273438
