atom_type,importance_sum
C,9.397408485412598
CA,9.397408485412598
CB,10.053940773010254
CD,11.531123161315918
CD1,13.008406639099121
CD2,14.485591888427734
CE,15.48091983795166
CE1,15.51253890991211
CE2,15.544158935546875
CE3,15.57577896118164
CG,15.673030853271484
CG1,15.999881744384766
CG2,16.326730728149414
CH2,16.65358543395996
CZ,16.914697647094727
CZ2,16.649906158447266
CZ3,16.385116577148438
O,16.120330810546875
OH,15.85554027557373
OD1,15.109054565429688
OD2,14.362571716308594
OE1,13.61608600616455
OE2,12.86960220336914
OG,12.666826248168945
OG1,12.532012939453125
N,12.397197723388672
NE,12.262383460998535
NE1,11.999756813049316
NE2,11.700706481933594
ND1,11.401651382446289
ND2,11.102598190307617
NZ,10.57827377319336
NH1,9.941221237182617
NH2,9.304163932800293
SD,8.667152404785156
SG,8.384004592895508
UNKNOWN,8.384004592895508
