atom_index,is_real_atom,atom_type_from_onehot,importance
0,1,CE1,9.027124404907227
1,1,CD,9.027124404907227
2,1,NE,9.234439849853516
3,1,CZ,9.672770500183105
4,1,NH1,10.111099243164062
5,1,NH2,10.549430847167969
6,1,CD1,10.773585319519043
7,1,CE1,10.700657844543457
8,1,CE2,10.627730369567871
9,1,CZ,10.554804801940918
10,1,CB,10.586851119995117
11,1,C,10.80162239074707
12,1,O,11.016396522521973
13,1,CB,11.231167793273926
14,1,CG,11.214008331298828
15,1,CD2,10.682573318481445
16,1,CE2,10.151137351989746
17,1,N,9.619701385498047
18,1,CA,9.050416946411133
19,1,CB,8.371573448181152
20,1,CG,7.692727565765381
21,1,OD1,7.013884544372559
22,1,ND2,6.3850321769714355
