atom_type,importance_sum
C,3.098345994949341
CA,3.098345994949341
CB,3.583009719848633
CD,4.673450946807861
CD1,5.763946533203125
CD2,6.85438871383667
CE,7.5807390213012695
CE1,7.578746795654297
CE2,7.576756000518799
CE3,7.574765682220459
CG,7.600197792053223
CG1,7.721585273742676
CG2,7.842973709106445
CH2,7.964361190795898
CZ,8.117036819458008
CZ2,8.520322799682617
CZ3,8.92362117767334
O,9.326921463012695
OH,9.730220794677734
OD1,8.527948379516602
OD2,7.325724124908447
OE1,6.12345027923584
OE2,4.921176910400391
OG,4.89068078994751
OG1,5.006659984588623
N,5.122638702392578
NE,5.238617420196533
NE1,5.595272064208984
NE2,6.020707607269287
ND1,6.446142196655273
ND2,6.871576309204102
NZ,8.001558303833008
NH1,9.483840942382812
NH2,10.966073036193848
SD,12.448301315307617
SG,13.10710620880127
UNKNOWN,13.10710620880127
