atom_type,importance
C,0.18486399948596954
CA,0.18486399948596954
CB,0.1800014078617096
CD,0.16906073689460754
CD1,0.15812064707279205
CD2,0.1471799910068512
CE,0.13973397016525269
CE1,0.1392774134874344
CE2,0.13882015645503998
CE3,0.13836364448070526
CG,0.1439201831817627
CG1,0.1705235242843628
CG2,0.19712692499160767
CH2,0.22373013198375702
CZ,0.251829594373703
CZ2,0.2919022738933563
CZ3,0.3319747745990753
O,0.37204739451408386
OH,0.41211998462677
OD1,0.39974573254585266
OD2,0.3873714506626129
OE1,0.3749971389770508
OE2,0.3626229465007782
OG,0.34045061469078064
OG1,0.3170536160469055
N,0.2936566174030304
NE,0.2702596187591553
NE1,0.2708139419555664
NE2,0.27820897102355957
ND1,0.2856055200099945
ND2,0.29300057888031006
NZ,0.29105669260025024
NH1,0.2844412326812744
NH2,0.2778257131576538
SD,0.27121177315711975
SG,0.2682711184024811
UNKNOWN,0.2682711184024811
