atom_type,importance
C,0.11553915590047836
CA,0.11553915590047836
CB,0.12398708611726761
CD,0.14299604296684265
CD1,0.16200503706932068
CD2,0.18101392686367035
CE,0.19387471675872803
CE1,0.1944403201341629
CE2,0.19500596821308136
CE3,0.19557160139083862
CG,0.1955214887857437
CG1,0.1933221071958542
CG2,0.1911226361989975
CH2,0.18892325460910797
CZ,0.18695487082004547
CZ2,0.1868344396352768
CZ3,0.1867140382528305
O,0.18659362196922302
OH,0.18647326529026031
OD1,0.1818285435438156
OD2,0.1771838665008545
OE1,0.17253921926021576
OE2,0.16789449751377106
OG,0.16245678067207336
OG1,0.15691980719566345
N,0.1513829082250595
NE,0.14584596455097198
NE1,0.13556736707687378
NE2,0.12393324822187424
ND1,0.1122991144657135
ND2,0.10066499561071396
NZ,0.09767714887857437
NH1,0.09901300072669983
NH2,0.10034886747598648
SD,0.10168411582708359
SG,0.10227808356285095
UNKNOWN,0.10227808356285095
