atom_index,is_real_atom,atom_type_from_onehot,importance
0,1,O,7.0341572761535645
1,1,CA,7.0341572761535645
2,1,O,7.012746334075928
3,1,CB,6.967476844787598
4,1,CG2,6.922207832336426
5,1,CG,6.876936912536621
6,1,CD2,6.940049648284912
7,1,CA,7.153497695922852
8,1,O,7.366945266723633
9,1,CB,7.5803937911987305
10,1,CG,7.660221576690674
11,1,CD,7.50745153427124
12,1,CA,7.35468053817749
13,1,C,7.201908588409424
14,1,O,7.057869911193848
15,1,CB,6.933192729949951
16,1,CG,6.808514595031738
17,1,CD2,6.683836460113525
18,1,N,6.587321758270264
19,1,CA,6.572333335876465
20,1,OG1,6.557346343994141
21,1,CG2,6.5423583984375
22,1,CB,6.512054920196533
23,1,CG1,6.421511650085449
24,1,CG2,6.330965995788574
25,1,CD1,6.240422248840332
26,1,CE1,6.132875442504883
27,1,CE2,5.927946090698242
28,1,CZ,5.72301721572876
29,1,C,5.518089771270752
30,1,O,5.360408306121826
31,1,N,5.654965877532959
32,1,CA,5.949522018432617
33,1,CB,6.244079113006592
34,1,CD1,6.507030010223389
35,1,CA,6.021994590759277
36,1,CB,5.536960601806641
37,1,CG2,5.051925182342529
