atom_type,importance_sum
C,5.487584114074707
CA,5.487584114074707
CB,6.3143534660339355
CD,8.174559593200684
CD1,10.03472900390625
CD2,11.89498233795166
CE,12.855411529541016
CE1,12.016462326049805
CE2,11.177424430847168
CE3,10.338473320007324
CG,9.681624412536621
CG1,9.662313461303711
CG2,9.6430025100708
CH2,9.623693466186523
CZ,9.652986526489258
CZ2,10.071102142333984
CZ3,10.489222526550293
O,10.907341003417969
OH,11.325461387634277
OD1,10.182282447814941
OD2,9.039105415344238
OE1,7.895927429199219
OE2,6.752749919891357
OG,6.776711463928223
OG1,6.9465651512146
N,7.116419792175293
NE,7.2862749099731445
NE1,6.9440717697143555
NE2,6.455602169036865
ND1,5.967091083526611
ND2,5.478621959686279
NZ,5.061216354370117
NH1,4.6793622970581055
NH2,4.297525405883789
SD,3.915677070617676
SG,3.745968818664551
UNKNOWN,3.745968818664551
