atom_type,importance
C,0.16980016231536865
CA,0.16980016231536865
CB,0.17843219637870789
CD,0.19785341620445251
CD1,0.21727454662322998
CD2,0.23669447004795074
CE,0.2426125854253769
CE1,0.2215222418308258
CE2,0.20043304562568665
CE3,0.17934399843215942
CG,0.16635140776634216
CG1,0.18169832229614258
CG2,0.1970451921224594
CH2,0.21239213645458221
CZ,0.22550593316555023
CZ2,0.22076700627803802
CZ3,0.21602879464626312
O,0.21129025518894196
OH,0.20655125379562378
OD1,0.185435950756073
OD2,0.16432064771652222
OE1,0.14320532977581024
OE2,0.12209001183509827
OG,0.11504428833723068
OG1,0.10975728183984756
N,0.10447023063898087
NE,0.09918320924043655
NE1,0.09998482465744019
NE2,0.10252673178911209
ND1,0.1050686240196228
ND2,0.1076105386018753
NZ,0.11168642342090607
NH1,0.11652969568967819
NH2,0.1213729977607727
SD,0.12621623277664185
SG,0.12836876511573792
UNKNOWN,0.12836876511573792
