atom_type,importance
C,0.07845178246498108
CA,0.07845178246498108
CB,0.08588120341300964
CD,0.10259737074375153
CD1,0.11931396275758743
CD2,0.1360296905040741
CE,0.1493736207485199
CE1,0.15597544610500336
CE2,0.16257615387439728
CE3,0.16917680203914642
CG,0.17478331923484802
CG1,0.17690914869308472
CG2,0.1790349781513214
CH2,0.1811607927083969
CZ,0.18432970345020294
CZ2,0.1958433985710144
CZ3,0.2073570340871811
O,0.21887072920799255
OH,0.23038436472415924
OD1,0.21462497115135193
OD2,0.198865607380867
OE1,0.1831061989068985
OE2,0.16734682023525238
OG,0.16415859758853912
OG1,0.16254174709320068
N,0.16092494130134583
NE,0.15930812060832977
NE1,0.16010284423828125
NE2,0.16158641874790192
ND1,0.16307000815868378
ND2,0.16455359756946564
NZ,0.16570700705051422
NH1,0.16669531166553497
NH2,0.16768242418766022
SD,0.16867069900035858
SG,0.1691093146800995
UNKNOWN,0.1691093146800995
