atom_index,is_real_atom,atom_type_from_onehot,importance
0,1,CE3,7.349125862121582
1,1,CZ2,7.349125862121582
2,1,CZ3,7.30134916305542
3,1,CH2,7.200332164764404
4,1,CG2,7.099315166473389
5,1,CB,6.998299598693848
6,1,CD2,6.801619052886963
7,1,CE2,6.4722442626953125
8,1,CZ,6.142868518829346
9,1,OH,5.813493251800537
10,1,CA,5.605715274810791
11,1,C,5.609610557556152
12,1,O,5.613504409790039
13,1,CB,5.617398738861084
14,1,CG,5.617074489593506
15,1,C,5.607397079467773
16,1,O,5.597719669342041
17,1,CB,5.588042259216309
18,1,CG,5.5090765953063965
19,1,CD1,5.229542255401611
20,1,CD2,4.950007438659668
21,1,NE1,4.670474052429199
22,1,CE2,4.453881740570068
23,1,CE3,4.484862804412842
24,1,CZ2,4.515843868255615
25,1,CZ3,4.546824932098389
26,1,CH2,4.637630462646484
27,1,CD1,5.071068286895752
28,1,CE1,5.504507064819336
29,1,CE2,5.937943458557129
30,1,CZ,6.356595516204834
31,1,CD1,6.63371467590332
32,1,CD2,6.9108357429504395
33,1,CE1,7.187956809997559
34,1,CE2,7.460585117340088
35,1,CZ,7.626902103424072
36,1,O,7.793219566345215
37,1,CA,7.959537029266357
38,1,C,8.1258544921875
39,1,O,7.968710422515869
40,1,CB,7.80713415145874
41,1,CG1,7.645559310913086
42,1,N,7.48398494720459
43,1,CA,7.084253311157227
44,1,C,6.667266845703125
45,1,O,6.250277996063232
46,1,N,5.833291053771973
47,1,CA,5.672212600708008
48,1,CB,5.546569347381592
49,1,CG,5.420926570892334
50,1,CD1,5.295283794403076
51,1,CD2,5.194900989532471
52,1,CE1,5.099903583526611
53,1,CE2,5.004905700683594
54,1,CZ,4.909907341003418
