atom_index,is_real_atom,atom_type_from_onehot,importance
0,1,CB,8.799612998962402
1,1,CD1,8.799612998962402
2,1,SD,8.910388946533203
3,1,CB,9.144601821899414
4,1,CG1,9.378813743591309
5,1,CG2,9.613024711608887
6,1,CD1,9.769205093383789
7,1,CE1,9.817150115966797
8,1,CE2,9.865092277526855
9,1,CZ,9.913036346435547
10,1,CG,10.003055572509766
11,1,CD1,10.166318893432617
12,1,CD2,10.329582214355469
13,1,CA,10.49284553527832
14,1,O,10.747686386108398
15,1,CB,11.205599784851074
16,1,CA,11.663512229919434
17,1,C,12.121423721313477
18,1,O,12.352792739868164
19,1,CB,11.928373336791992
20,1,CG,11.503952980041504
21,1,N,11.079534530639648
22,1,CA,10.621944427490234
23,1,CB,10.033876419067383
24,1,CG,9.445809364318848
25,1,CD1,8.857743263244629
26,1,CE1,8.245658874511719
27,1,CB,7.496029376983643
28,1,CD2,6.746397972106934
