atom_type,importance
C,0.14180827140808105
CA,0.14180827140808105
CB,0.13865815103054047
CD,0.13156987726688385
CD1,0.12448220700025558
CD2,0.1173940896987915
CE,0.11323568969964981
CE1,0.11493619531393051
CE2,0.11663676053285599
CE3,0.1183372512459755
CG,0.12654787302017212
CG1,0.15754380822181702
CG2,0.1885397732257843
CH2,0.21953585743904114
CZ,0.2510125935077667
CZ2,0.2863309979438782
CZ3,0.32164934277534485
O,0.356967568397522
OH,0.39228594303131104
OD1,0.37784168124198914
OD2,0.36339762806892395
OE1,0.3489533066749573
OE2,0.3345090448856354
OG,0.31234610080718994
OG1,0.28921833634376526
N,0.26609066128730774
NE,0.24296288192272186
NE1,0.245476633310318
NE2,0.2553187310695648
ND1,0.26515936851501465
ND2,0.2750013470649719
NZ,0.2738015651702881
NH1,0.267081618309021
NH2,0.2603616714477539
SD,0.2536429464817047
SG,0.2506561875343323
UNKNOWN,0.2506561875343323
