atom_type,importance
C,0.1027967557311058
CA,0.1027967557311058
CB,0.1104932427406311
CD,0.12781085073947906
CD1,0.14512775838375092
CD2,0.16244468092918396
CE,0.17830289900302887
CE1,0.19124165177345276
CE2,0.20418031513690948
CE3,0.21711796522140503
CG,0.22827957570552826
CG1,0.23322230577468872
CG2,0.23816493153572083
CH2,0.24310770630836487
CZ,0.2476528435945511
CZ2,0.24901771545410156
CZ3,0.2503824830055237
O,0.2517474591732025
OH,0.2531123459339142
OD1,0.24030296504497528
OD2,0.22749356925487518
OE1,0.21468518674373627
OE2,0.2018759399652481
OG,0.18298904597759247
OG1,0.16334238648414612
N,0.14369583129882812
NE,0.12404920160770416
NE1,0.1173253282904625
NE2,0.11429387331008911
ND1,0.11126244813203812
ND2,0.10823103785514832
NZ,0.1095656305551529
NH1,0.11308310180902481
NH2,0.11660084873437881
SD,0.12011842429637909
SG,0.12168186157941818
UNKNOWN,0.12168186157941818
