atom_index,is_real_atom,atom_type_from_onehot,importance
0,1,NE,8.743559837341309
1,1,NH2,8.743559837341309
2,1,CA,9.036811828613281
3,1,O,9.656827926635742
4,1,CB,10.276845932006836
5,1,CG1,10.896862983703613
6,1,CG2,11.155388832092285
7,1,CB,10.912495613098145
8,1,CG,10.66960334777832
9,1,CD2,10.42671012878418
10,1,N,10.333439826965332
11,1,CA,10.500624656677246
12,1,CB,10.667808532714844
13,1,CD1,10.834994316101074
14,1,CA,10.903619766235352
15,1,O,10.753695487976074
16,1,CB,10.603768348693848
17,1,CB,10.45384407043457
18,1,SG,10.220367431640625
19,1,O,9.745027542114258
20,1,CB,9.26968765258789
21,1,CG1,8.79434871673584
22,1,CA,8.352222442626953
23,1,C,8.040739059448242
24,1,O,7.729252815246582
25,1,CB,7.417769432067871
26,1,CG,7.127175331115723
27,1,CD1,6.956242084503174
28,1,CD2,6.78530740737915
29,1,NE1,6.614373207092285
30,1,CE2,6.4690022468566895
31,1,CE3,6.568304538726807
32,1,CZ2,6.667605876922607
33,1,CZ3,6.766908168792725
34,1,CH2,6.859078884124756
35,1,N,6.782503128051758
36,1,CA,6.705925941467285
37,1,CB,6.629349708557129
38,1,CB,6.552773952484131
39,1,CG,6.304358005523682
40,1,CD1,6.053589820861816
41,1,CD2,5.802820682525635
