atom_type,importance_sum
C,9.104472160339355
CA,9.104472160339355
CB,9.475031852722168
CD,10.308701515197754
CD1,11.142285346984863
CD2,11.975954055786133
CE,12.694456100463867
CE1,13.182706832885742
CE2,13.6709566116333
CE3,14.159207344055176
CG,14.353290557861328
CG1,13.518064498901367
CG2,12.682825088500977
CH2,11.847596168518066
CZ,11.099705696105957
CZ2,11.050573348999023
CZ3,11.001442909240723
O,10.952311515808105
OH,10.903178215026855
OD1,10.789913177490234
OD2,10.676651000976562
OE1,10.563385963439941
OE2,10.450122833251953
OG,10.345396041870117
OG1,10.24173355102539
N,10.13807487487793
NE,10.034414291381836
NE1,10.06367301940918
NE2,10.130940437316895
ND1,10.198200225830078
ND2,10.26546573638916
NZ,10.342909812927246
NH1,10.42543888092041
NH2,10.507972717285156
SD,10.590507507324219
SG,10.62717056274414
UNKNOWN,10.62717056274414
