atom_type,importance
C,0.1059974953532219
CA,0.1059974953532219
CB,0.11081960052251816
CD,0.12166811525821686
CD1,0.13251611590385437
CD2,0.1433655321598053
CE,0.14868760108947754
CE1,0.14295922219753265
CE2,0.13723081350326538
CE3,0.1315009891986847
CG,0.12743256986141205
CG1,0.12917116284370422
CG2,0.1309097707271576
CH2,0.13264839351177216
CZ,0.13406142592430115
CZ2,0.13287028670310974
CZ3,0.13167907297611237
O,0.13048790395259857
OH,0.12929673492908478
OD1,0.12280287593603134
OD2,0.1163090392947197
OE1,0.10981518030166626
OE2,0.10332062840461731
OG,0.09699027240276337
OG1,0.09068036079406738
N,0.0843704491853714
NE,0.07806053757667542
NE1,0.08291082084178925
NE2,0.0909494161605835
ND1,0.09898799657821655
ND2,0.10702662169933319
NZ,0.11745839565992355
NH1,0.12908612191677094
NH2,0.14071355760097504
SD,0.15234127640724182
SG,0.15750958025455475
UNKNOWN,0.15750958025455475
