atom_type,importance
C,0.08562247455120087
CA,0.08562247455120087
CB,0.0851263627409935
CD,0.0840100646018982
CD1,0.0828937515616417
CD2,0.0817774310708046
CE,0.08290579169988632
CE1,0.08852145820856094
CE2,0.09413773566484451
CE3,0.09975408762693405
CG,0.10500220209360123
CG1,0.10896191000938416
CG2,0.11292162537574768
CH2,0.11688133329153061
CZ,0.12215380370616913
CZ2,0.13792851567268372
CZ3,0.15370330214500427
O,0.16947805881500244
OH,0.18525275588035583
OD1,0.17294751107692719
OD2,0.16064223647117615
OE1,0.14833702147006989
OE2,0.13603176176548004
OG,0.11932393163442612
OG1,0.10206574201583862
N,0.08480759710073471
NE,0.0675494447350502
NE1,0.0710490420460701
NE2,0.0804797112941742
ND1,0.08991038799285889
ND2,0.09934045374393463
NZ,0.10817698389291763
NH1,0.11671615391969681
NH2,0.1252555400133133
SD,0.13379554450511932
SG,0.13759104907512665
UNKNOWN,0.13759104907512665
