atom_type,importance_sum
C,3.8257179260253906
CA,3.8257179260253906
CB,3.8630330562591553
CD,3.947019338607788
CD1,4.0309882164001465
CD2,4.114964008331299
CE,4.4844136238098145
CE1,5.424907684326172
CE2,6.365363597869873
CE3,7.305819511413574
CG,8.056808471679688
CG1,8.14454174041748
CG2,8.232255935668945
CH2,8.319964408874512
CZ,8.424692153930664
CZ2,8.66557502746582
CZ3,8.90645694732666
O,9.147336959838867
OH,9.388216018676758
OD1,9.777828216552734
OD2,10.167439460754395
OE1,10.557049751281738
OE2,10.946662902832031
OG,11.002935409545898
OG1,11.017536163330078
N,11.032135963439941
NE,11.04673957824707
NE1,10.474934577941895
NE2,9.735567092895508
ND1,8.99620246887207
ND2,8.256836891174316
NZ,7.999512672424316
NH1,7.9832072257995605
NH2,7.966864585876465
SD,7.950559616088867
SG,7.9433207511901855
UNKNOWN,7.9433207511901855
