atom_index,is_real_atom,atom_type_from_onehot,importance
0,1,CE2,6.774611949920654
1,1,CZ,6.774611949920654
2,1,CE1,6.890291690826416
3,1,CZ,7.1348700523376465
4,1,CG,7.379449367523193
5,1,CD1,7.624027729034424
6,1,CD2,7.702125072479248
7,1,CG,7.549293518066406
8,1,CD2,7.3964619636535645
9,1,CA,7.243631839752197
10,1,O,7.205389976501465
11,1,CB,7.3666205406188965
12,1,CG1,7.527851104736328
13,1,CG2,7.68908166885376
14,1,CD1,7.7370500564575195
15,1,CA,7.53387451171875
16,1,C,7.330698490142822
17,1,O,7.1275224685668945
18,1,CB,6.914609909057617
19,1,SG,6.673515796661377
20,1,N,6.4324212074279785
21,1,CA,6.191327095031738
22,1,CB,6.0106048583984375
23,1,CG,6.067349433898926
24,1,CD1,6.124094009399414
25,1,CD2,6.180838584899902
26,1,CE1,6.24802303314209
27,1,CE2,6.374993801116943
28,1,CZ,6.501964569091797
29,1,CA,6.62893533706665
30,1,C,6.760241985321045
31,1,O,6.933041572570801
32,1,CB,7.105841636657715
33,1,CG,7.2786407470703125
34,1,CD2,7.437626361846924
35,1,CE2,7.269651889801025
36,1,N,7.10167932510376
37,1,CA,6.933705806732178
38,1,CB,6.765733242034912
39,1,SG,6.456945419311523
40,1,SG,6.146231174468994
