atom_index,is_real_atom,atom_type_from_onehot,importance
0,1,CD2,8.316275596618652
1,1,CE1,8.316275596618652
2,1,CE2,8.208765029907227
3,1,CZ,7.9814581871032715
4,1,CD,7.754149913787842
5,1,NE2,7.526841640472412
6,1,CG2,7.2496137619018555
7,1,N,6.903140544891357
8,1,CA,6.556667804718018
9,1,O,6.210194110870361
10,1,CB,5.814174652099609
11,1,CG1,5.331908702850342
12,1,CG2,4.849640369415283
13,1,CD1,4.367374420166016
14,1,CA,4.035013675689697
15,1,C,4.035055160522461
16,1,O,4.035096168518066
17,1,CB,4.03513765335083
18,1,OG1,4.00604772567749
19,1,CG2,3.8926286697387695
20,1,N,3.7792105674743652
21,1,CA,3.665792226791382
22,1,C,3.56208872795105
23,1,O,3.4965991973876953
24,1,CB,3.4311084747314453
25,1,CG1,3.3656182289123535
26,1,CG2,3.3548924922943115
27,1,CB,3.6578125953674316
28,1,CG1,3.960733652114868
29,1,CG2,4.263653755187988
30,1,N,4.5368123054504395
31,1,CA,4.525112152099609
32,1,CB,4.513409614562988
33,1,CG,4.501708030700684
34,1,OD1,4.497863292694092
35,1,CD2,4.67994499206543
36,1,CE2,4.862023830413818
37,1,CG,5.0441060066223145
38,1,CD1,5.226187705993652
39,1,CD2,5.273099899291992
40,1,CG2,5.318160533905029
41,1,CG,5.363222599029541
42,1,CD1,5.408283233642578
43,1,CD2,5.766310691833496
44,1,CG2,6.14701509475708
45,1,C,6.5277204513549805
46,1,O,6.9084272384643555
47,1,CB,6.78901481628418
48,1,CG,6.600357532501221
49,1,CD2,6.411699295043945
50,1,N,6.22304105758667
51,1,CA,6.098860740661621
52,1,CG,5.988422393798828
53,1,CD1,5.877983570098877
