atom_index,is_real_atom,atom_type_from_onehot,importance
0,1,CE2,7.33539342880249
1,1,CZ,7.33539342880249
2,1,OH,7.640491962432861
3,1,CE1,8.285555839538574
4,1,CZ,8.930621147155762
5,1,CG,9.575685501098633
6,1,CD2,9.939809799194336
7,1,CB,9.914240837097168
8,1,CG,9.888673782348633
9,1,CD2,9.863104820251465
10,1,CE2,9.807360649108887
11,1,CG,9.699095726013184
12,1,OD1,9.590828895568848
13,1,ND2,9.482562065124512
14,1,CA,9.395809173583984
15,1,O,9.356760025024414
16,1,CB,9.317710876464844
17,1,CG1,9.278660774230957
18,1,CG2,9.126653671264648
19,1,CD1,8.647662162780762
20,1,CB,8.168669700622559
21,1,CG2,7.6896796226501465
22,1,CD1,7.285243988037109
23,1,CD2,7.174063682556152
24,1,CE2,7.062881946563721
25,1,CZ,6.9517011642456055
