atom_type,importance
C,0.1118452176451683
CA,0.1118452176451683
CB,0.1251518726348877
CD,0.15509192645549774
CD1,0.1850329041481018
CD2,0.21497288346290588
CE,0.23652465641498566
CE1,0.2413027137517929
CE2,0.246080681681633
CE3,0.25085684657096863
CG,0.24892637133598328
CG1,0.22351610660552979
CG2,0.1981058418750763
CH2,0.17269562184810638
CZ,0.15043513476848602
CZ2,0.15337257087230682
CZ3,0.15630999207496643
O,0.15924745798110962
OH,0.1621849089860916
OD1,0.1892779916524887
OD2,0.21637123823165894
OE1,0.24346435070037842
OE2,0.2705575227737427
OG,0.2674012780189514
OG1,0.2604638934135437
N,0.2535264790058136
NE,0.24658901989459991
NE1,0.23546813428401947
NE2,0.22314989566802979
ND1,0.2108326405286789
ND2,0.1985154151916504
NZ,0.19036373496055603
NH1,0.18429431319236755
NH2,0.17822489142417908
SD,0.1721554696559906
SG,0.16945859789848328
UNKNOWN,0.16945859789848328
