atom_index,is_real_atom,atom_type_from_onehot,importance
0,1,CD2,5.087469100952148
1,1,CE2,5.087469100952148
2,1,CG,5.229162216186523
3,1,CD1,5.528741836547852
4,1,CD2,5.828323841094971
5,1,CG1,6.127904415130615
6,1,CD1,6.390809059143066
7,1,CE2,6.602842807769775
8,1,CE1,6.814876079559326
9,1,CE2,7.026908874511719
10,1,CZ,7.198277473449707
11,1,CD1,7.298859596252441
12,1,CE1,7.399441242218018
13,1,CZ,7.500023365020752
14,1,CZ2,7.597569465637207
15,1,CH2,7.688381195068359
16,1,CD1,7.779192924499512
17,1,CD2,7.870004653930664
18,1,CG,7.921627044677734
19,1,CD2,7.859805583953857
20,1,CD2,7.797986030578613
21,1,CB,7.7361650466918945
22,1,OG,7.697781085968018
23,1,O,7.751579284667969
24,1,N,7.805377006530762
25,1,CA,7.8591766357421875
26,1,CB,7.838409423828125
27,1,CG,7.390592098236084
28,1,CD1,6.942773342132568
29,1,CE1,6.494956970214844
30,1,CZ,6.053623676300049
31,1,CD1,5.674362659454346
