atom_type,importance_sum
C,4.504941463470459
CA,4.504941463470459
CB,4.863845348358154
CD,5.671451568603516
CD1,6.479057312011719
CD2,7.286613464355469
CE,7.973662376403809
CE1,8.41958999633789
CE2,8.865468978881836
CE3,9.311349868774414
CG,9.859772682189941
CG1,10.766992568969727
CG2,11.674216270446777
CH2,12.581437110900879
CZ,13.34409236907959
CZ2,12.950209617614746
CZ3,12.55632495880127
O,12.162443161010742
OH,11.768559455871582
OD1,10.595906257629395
OD2,9.423256874084473
OE1,8.250603675842285
OE2,7.077998161315918
OG,6.3724846839904785
OG1,5.7253594398498535
N,5.078236103057861
NE,4.43111515045166
NE1,4.0550408363342285
NE2,3.756396532058716
ND1,3.457773447036743
ND2,3.159149646759033
NZ,3.199627161026001
NH1,3.4096434116363525
NH2,3.6196846961975098
SD,3.8297243118286133
SG,3.9230682849884033
UNKNOWN,3.9230682849884033
