atom_type,importance
C,0.10819467157125473
CA,0.10819467157125473
CB,0.11408845335245132
CD,0.1273479461669922
CD1,0.14060845971107483
CD2,0.1538689136505127
CE,0.16117581725120544
CE1,0.15657657384872437
CE2,0.1519773155450821
CE3,0.14737927913665771
CG,0.1468566507101059
CG1,0.16060225665569305
CG2,0.1743478626012802
CH2,0.18809346854686737
CZ,0.200081005692482
CZ2,0.19800443947315216
CZ3,0.19592790305614471
O,0.1938513070344925
OH,0.19177475571632385
OD1,0.17038512229919434
OD2,0.1489955335855484
OE1,0.1276058554649353
OE2,0.10621625185012817
OG,0.10181441903114319
OG1,0.09953602403402328
N,0.09725766628980637
NE,0.09497928619384766
NE1,0.09651780873537064
NE2,0.09914770722389221
ND1,0.10177700221538544
ND2,0.10440633445978165
NZ,0.10673558712005615
NH1,0.10891488194465637
NH2,0.1110941469669342
SD,0.11327345669269562
SG,0.1142423003911972
UNKNOWN,0.1142423003911972
