atom_index,is_real_atom,atom_type_from_onehot,importance
0,1,CA,7.304233074188232
1,1,C,7.304233074188232
2,1,O,7.257901668548584
3,1,CB,7.159942626953125
4,1,CD1,7.061984539031982
5,1,CA,6.96402645111084
6,1,C,6.826503276824951
7,1,O,6.634101867675781
8,1,CB,6.441700458526611
9,1,CG,6.249298095703125
10,1,CD1,6.122771739959717
11,1,CD2,6.110916614532471
12,1,N,6.099061965942383
13,1,CA,6.0872063636779785
14,1,CB,6.096640586853027
15,1,CG2,6.153278827667236
16,1,CD1,6.20991849899292
17,1,CD2,6.266556739807129
18,1,CD1,6.279006481170654
19,1,CE1,6.163542747497559
20,1,CZ,6.048079490661621
21,1,CE2,5.932615756988525
22,1,CZ,5.887172222137451
23,1,OH,6.117141246795654
24,1,CA,6.347109794616699
25,1,C,6.577078342437744
26,1,O,6.758843421936035
27,1,CB,6.6645331382751465
28,1,CG,6.570223808288574
29,1,SD,6.475914001464844
30,1,CA,6.384398460388184
31,1,CD2,6.31964635848999
32,1,CD2,6.254892826080322
33,1,CG,6.190140724182129
34,1,CD,6.132660865783691
35,1,CD1,6.247283935546875
36,1,CE1,6.361908435821533
37,1,CE2,6.476531028747559
38,1,CZ,6.591156005859375
39,1,OH,6.48554801940918
40,1,CE,6.376926422119141
41,1,SD,6.2683024406433105
42,1,CE,6.1596784591674805
43,1,CD1,6.18186616897583
44,1,CD1,6.213532447814941
45,1,CB,6.245199203491211
46,1,CG1,6.276865482330322
47,1,CG2,6.233268737792969
48,1,CG,6.179251194000244
49,1,CD,6.1252336502075195
50,1,CG2,6.07121467590332
51,1,CD2,6.138081073760986
52,1,CG,6.230709552764893
53,1,CD1,6.323338031768799
54,1,CD2,6.415966033935547
55,1,CB,6.44338846206665
56,1,CG1,6.451364040374756
57,1,CG2,6.459340572357178
58,1,CA,6.467316150665283
59,1,C,6.580154895782471
60,1,O,6.734539031982422
61,1,CB,6.888926029205322
62,1,CG,7.043312072753906
63,1,CD1,6.984174728393555
64,1,N,6.816098690032959
65,1,CA,6.6480231285095215
66,1,CB,6.479946136474609
67,1,CB,6.342913627624512
68,1,CG,6.225886821746826
69,1,CD1,6.108860969543457
70,1,CE1,5.9918341636657715
