atom_index,is_real_atom,atom_type_from_onehot,importance
0,1,CA,6.734875679016113
1,1,NZ,6.734875679016113
2,1,CA,6.842884063720703
3,1,C,7.071244239807129
4,1,O,7.2996039390563965
5,1,CB,7.5279645919799805
6,1,CG,7.49387788772583
7,1,CD1,7.095749855041504
8,1,CD2,6.6976213455200195
9,1,CE3,6.29949426651001
10,1,CZ3,6.138179302215576
11,1,N,6.389097213745117
12,1,CA,6.640015125274658
13,1,CD1,6.890932559967041
14,1,CE1,7.057095527648926
15,1,CB,7.0353240966796875
16,1,CG,7.013552665710449
17,1,CD1,6.991781711578369
18,1,CD2,6.875938415527344
19,1,N,6.4877824783325195
20,1,CA,6.099624156951904
21,1,CB,5.711467742919922
22,1,CG,5.368680477142334
23,1,OD1,5.204349040985107
24,1,OD2,5.0400190353393555
25,1,CA,4.875689506530762
26,1,CB,4.767646312713623
27,1,CG,4.981982707977295
28,1,CD1,5.196319103240967
29,1,CD2,5.410654067993164
30,1,CE1,5.640718936920166
31,1,CE2,6.021320343017578
32,1,CZ,6.401922702789307
33,1,OH,6.7825236320495605
34,1,CA,7.149387359619141
35,1,C,7.191116809844971
36,1,O,7.232845783233643
37,1,CB,7.2745747566223145
38,1,CG,7.316303253173828
39,1,N,7.387519836425781
40,1,CD,7.459139823913574
41,1,NE,7.530759811401367
42,1,CZ,7.60237979888916
43,1,NH1,7.512199878692627
44,1,NH2,7.410295486450195
45,1,CB,7.308390140533447
46,1,CG1,7.206486225128174
47,1,CG2,7.107378959655762
48,1,CD1,7.008659839630127
49,1,CZ,6.909939289093018
50,1,NH1,6.811220169067383
51,1,NH2,6.359734535217285
