atom_type,importance_sum
C,4.110409736633301
CA,4.110409736633301
CB,4.231968879699707
CD,4.505450248718262
CD1,4.778931140899658
CD2,5.0524492263793945
CE,5.593678951263428
CE1,6.670439720153809
CE2,7.7472004890441895
CE3,8.824002265930176
CG,9.896668434143066
CG1,10.95514965057373
CG2,12.013628959655762
CH2,13.072105407714844
CZ,14.062289237976074
CZ2,14.50606632232666
CZ3,14.949848175048828
O,15.393630027770996
OH,15.837413787841797
OD1,14.784280776977539
OD2,13.731151580810547
OE1,12.678020477294922
OE2,11.62489128112793
OG,11.244587898254395
OG1,10.948386192321777
N,10.65218448638916
NE,10.35598087310791
NE1,10.209399223327637
NE2,10.10551643371582
ND1,10.001633644104004
ND2,9.89775276184082
NZ,10.606451034545898
NH1,11.721441268920898
NH2,12.836426734924316
SD,13.951417922973633
SG,14.447028160095215
UNKNOWN,14.447028160095215
