atom_type,importance
C,0.1106417328119278
CA,0.1106417328119278
CB,0.1143215149641037
CD,0.12260091304779053
CD1,0.13088048994541168
CD2,0.13916011154651642
CE,0.14738354086875916
CE1,0.1554935723543167
CE2,0.16360469162464142
CE3,0.17171478271484375
CG,0.17751388251781464
CG1,0.17522232234477997
CG2,0.17293071746826172
CH2,0.17063915729522705
CZ,0.1708470582962036
CZ2,0.19105100631713867
CZ3,0.21125490963459015
O,0.23145779967308044
OH,0.2516616880893707
OD1,0.25118201971054077
OD2,0.2507023513317108
OE1,0.2502225637435913
OE2,0.24974286556243896
OG,0.2400965392589569
OG1,0.2293044775724411
N,0.21851269900798798
NE,0.20772124826908112
NE1,0.2107921987771988
NE2,0.217824324965477
ND1,0.22485657036304474
ND2,0.23188845813274384
NZ,0.2321612536907196
NH1,0.22905388474464417
NH2,0.2259468138217926
SD,0.22283968329429626
SG,0.2214588224887848
UNKNOWN,0.2214588224887848
