atom_type,importance
C,0.1087857335805893
CA,0.1087857335805893
CB,0.11444167792797089
CD,0.12716707587242126
CD1,0.13989242911338806
CD2,0.15261775255203247
CE,0.16158702969551086
CE1,0.16304418444633484
CE2,0.16450129449367523
CE3,0.1659584492444992
CG,0.16590504348278046
CG1,0.16056367754936218
CG2,0.1552223265171051
CH2,0.14988097548484802
CZ,0.14721770584583282
CZ2,0.16597934067249298
CZ3,0.18474091589450836
O,0.20350249111652374
OH,0.22226297855377197
OD1,0.2230624109506607
OD2,0.22386184334754944
OE1,0.2246612310409546
OE2,0.22546066343784332
OG,0.22600054740905762
OG1,0.22650790214538574
N,0.22701537609100342
NE,0.22752276062965393
NE1,0.2218630164861679
NE2,0.21444201469421387
ND1,0.2070198953151703
ND2,0.19959774613380432
NZ,0.1921953409910202
NH1,0.1848016381263733
NH2,0.17740903794765472
SD,0.17001639306545258
SG,0.166730597615242
UNKNOWN,0.166730597615242
