atom_type,importance_sum
C,9.280305862426758
CA,9.280305862426758
CB,9.764413833618164
CD,10.85358715057373
CD1,11.942750930786133
CD2,13.032014846801758
CE,13.801668167114258
CE1,13.932207107543945
CE2,14.062750816345215
CE3,14.193286895751953
CG,14.440403938293457
CG1,15.09539794921875
CG2,15.75039005279541
CH2,16.4053955078125
CZ,16.998489379882812
CZ2,17.096126556396484
CZ3,17.19376564025879
O,17.291404724121094
OH,17.389041900634766
OD1,16.302061080932617
OD2,15.215126037597656
OE1,14.128202438354492
OE2,13.041275024414062
OG,12.670985221862793
OG1,12.39027214050293
N,12.109561920166016
NE,11.828848838806152
NE1,11.363802909851074
NE2,10.84616756439209
ND1,10.328431129455566
ND2,9.810800552368164
NZ,9.404343605041504
NH1,9.05347728729248
NH2,8.70266056060791
SD,8.35179328918457
SG,8.195887565612793
UNKNOWN,8.195887565612793
