atom_type,mean_importance_across_atoms,max_importance_across_atoms
C,0.16183795034885406,0.4381805956363678
CA,0.16183795034885406,0.4381805956363678
CB,0.16881172358989716,0.4379427433013916
CD,0.18450260162353516,0.43740761280059814
CD1,0.20019344985485077,0.4368724524974823
CD2,0.21588438749313354,0.48776349425315857
CE,0.22987723350524902,0.5089103579521179
CE1,0.24047406017780304,0.4361344277858734
CE2,0.25107091665267944,0.4715180993080139
CE3,0.26166772842407227,0.5183852910995483
CG,0.28931477665901184,0.5579931735992432
CG1,0.3766377866268158,0.5721930861473083
CG2,0.46396079659461975,0.6474123001098633
CH2,0.5512838959693909,0.8169173002243042
CZ,0.6301044225692749,1.0
CZ2,0.6409072279930115,0.9674829840660095
CZ3,0.651710033416748,0.9349660277366638
O,0.6625126600265503,0.9039207100868225
OH,0.6733154654502869,0.8747441172599792
OD1,0.6586582064628601,0.8144400715827942
OD2,0.6440007090568542,0.7698726058006287
OE1,0.629343569278717,0.815141499042511
OE2,0.6146862506866455,0.9124446511268616
OG,0.5787323117256165,0.8660343885421753
OG1,0.540116012096405,0.8016597032546997
N,0.501500129699707,0.7372851967811584
NE,0.4628841280937195,0.6793168187141418
NE1,0.473988801240921,0.6359555721282959
NE2,0.4992993175983429,0.7079806327819824
ND1,0.5246098041534424,0.7841054201126099
ND2,0.5499200224876404,0.8905123472213745
NZ,0.5302034020423889,0.8935752511024475
NH1,0.4879733920097351,0.8449661731719971
NH2,0.4457431733608246,0.7963572144508362
SD,0.40351322293281555,0.7477481365203857
SG,0.3847442865371704,0.7261441349983215
UNKNOWN,0.3847442865371704,0.7261441349983215
