atom_index,is_real_atom,atom_type_from_onehot,importance
0,1,CA,7.552234649658203
1,1,C,7.552234649658203
2,1,N,7.554229259490967
3,1,CA,7.558445930480957
4,1,C,7.562664031982422
5,1,CB,7.5668816566467285
6,1,OG1,7.457056045532227
7,1,N,7.189041614532471
8,1,CA,6.921027660369873
9,1,CB,6.653012752532959
10,1,CG,6.559474945068359
11,1,CD1,6.769652843475342
12,1,CD2,6.979831695556641
13,1,CE1,7.190009117126465
14,1,CE2,7.4984450340271
15,1,CZ,8.024751663208008
16,1,CE,8.551061630249023
17,1,CE2,9.07736873626709
18,1,CZ,9.618950843811035
19,1,CD2,10.20474910736084
20,1,CB,10.790544509887695
21,1,CG,11.376343727111816
22,1,CD2,11.794661521911621
23,1,CB,11.554234504699707
24,1,OG1,11.313806533813477
25,1,CG2,11.07337760925293
26,1,CD,10.861089706420898
27,1,NE,10.809968948364258
28,1,CZ,10.758844375610352
29,1,NH1,10.707720756530762
30,1,NH2,10.656792640686035
31,1,CA,10.607732772827148
32,1,C,10.558674812316895
33,1,O,10.509615898132324
34,1,CB,10.4406156539917
35,1,CG,9.899680137634277
36,1,CE1,9.358748435974121
37,1,CE2,8.8178129196167
38,1,CZ,8.276878356933594
