atom_type,importance_sum
C,6.915215969085693
CA,6.915215969085693
CB,7.682135105133057
CD,9.407675743103027
CD1,11.133217811584473
CD2,12.858757972717285
CE,13.78636360168457
CE1,13.118188858032227
CE2,12.449921607971191
CE3,11.781661033630371
CG,11.769434928894043
CG1,14.053018569946289
CG2,16.336605072021484
CH2,18.62019157409668
CZ,20.593061447143555
CZ2,20.080257415771484
CZ3,19.56744956970215
O,19.054637908935547
OH,18.54183006286621
OD1,15.975760459899902
OD2,13.409687995910645
OE1,10.84361457824707
OE2,8.277542114257812
OG,8.460724830627441
OG1,8.987566947937012
N,9.514408111572266
NE,10.04124641418457
NE1,9.954516410827637
NE2,9.692341804504395
ND1,9.430255889892578
ND2,9.168171882629395
NZ,9.685141563415527
NH1,10.591682434082031
NH2,11.498130798339844
SD,12.404672622680664
SG,12.807541847229004
UNKNOWN,12.807541847229004
