atom_type,importance
C,0.10235843062400818
CA,0.10235843062400818
CB,0.10681578516960144
CD,0.11684627830982208
CD1,0.12687581777572632
CD2,0.13690519332885742
CE,0.14194722473621368
CE1,0.13701336085796356
CE2,0.13208064436912537
CE3,0.12714669108390808
CG,0.12570978701114655
CG1,0.1365123689174652
CG2,0.1473149061203003
CH2,0.15811751782894135
CZ,0.16842436790466309
CZ2,0.1747654676437378
CZ3,0.1811065673828125
O,0.18744772672653198
OH,0.19378885626792908
OD1,0.18146012723445892
OD2,0.16913142800331116
OE1,0.15680274367332458
OE2,0.14447399973869324
OG,0.14031510055065155
OG1,0.13717737793922424
N,0.13403962552547455
NE,0.13090193271636963
NE1,0.1301807463169098
NE2,0.1301490217447281
ND1,0.13011735677719116
ND2,0.13008564710617065
NZ,0.1358734369277954
NH1,0.1445721834897995
NH2,0.1532696932554245
SD,0.1619671881198883
SG,0.1658334583044052
UNKNOWN,0.1658334583044052
