atom_index,is_real_atom,atom_type_from_onehot,importance
0,1,CG2,8.364236831665039
1,1,CD1,8.364236831665039
2,1,CA,8.40212631225586
3,1,C,8.4822359085083
4,1,O,8.562347412109375
5,1,CB,8.642455101013184
6,1,CG,8.657013893127441
7,1,CD,8.580645561218262
8,1,C,8.504278182983398
9,1,O,8.427907943725586
10,1,CB,8.366171836853027
11,1,CG2,8.329900741577148
12,1,N,8.293627738952637
13,1,CA,8.257356643676758
14,1,CB,8.313484191894531
15,1,OG,8.574491500854492
16,1,C,8.83549976348877
17,1,O,9.096508026123047
18,1,CB,9.20087718963623
19,1,N,8.851815223693848
20,1,CA,8.502754211425781
21,1,SD,8.153693199157715
22,1,CE,7.868936061859131
23,1,CD,7.8371124267578125
24,1,NE,7.805288314819336
25,1,CZ,7.773464679718018
26,1,NH1,7.67484712600708
27,1,NH2,7.193685531616211
28,1,CZ3,6.712522029876709
29,1,CH2,6.23136043548584
30,1,CG1,5.804828643798828
31,1,CD1,5.901199817657471
32,1,CG,5.9975690841674805
33,1,CD1,6.093940258026123
34,1,CD2,6.173178672790527
35,1,CE1,5.846970558166504
36,1,CE2,5.520761966705322
37,1,CZ,5.194553375244141
38,1,OH,4.868343353271484
39,1,CE1,4.621346473693848
40,1,CZ,4.3754353523254395
41,1,OH,4.129522323608398
