atom_type,importance_sum
C,3.7259459495544434
CA,3.7259459495544434
CB,4.509697914123535
CD,6.273109436035156
CD1,8.036521911621094
CD2,9.799936294555664
CE,10.575719833374023
CE1,9.376076698303223
CE2,8.17651653289795
CE3,6.976956367492676
CG,6.037609577178955
CG1,6.009141445159912
CG2,5.980673313140869
CH2,5.952203750610352
CZ,6.193629741668701
CZ2,8.594196319580078
CZ3,10.994760513305664
O,13.395322799682617
OH,15.795886993408203
OD1,14.536087036132812
OD2,13.27628231048584
OE1,12.0164794921875
OE2,10.756677627563477
OG,10.859230041503906
OG1,11.132080078125
N,11.404930114746094
NE,11.677780151367188
NE1,11.158473014831543
NE2,10.412821769714355
ND1,9.667166709899902
ND2,8.921598434448242
NZ,9.240821838378906
NH1,10.092567443847656
NH2,10.944398880004883
SD,11.796138763427734
SG,12.174674987792969
UNKNOWN,12.174674987792969
