atom_type,importance_sum
C,6.794519901275635
CA,6.794519901275635
CB,7.137424945831299
CD,7.908972263336182
CD1,8.680516242980957
CD2,9.452092170715332
CE,10.186960220336914
CE1,10.848484992980957
CE2,11.510027885437012
CE3,12.17156982421875
CG,12.778178215026855
CG1,13.192611694335938
CG2,13.60704517364502
CH2,14.021478652954102
CZ,14.425675392150879
CZ2,14.747970581054688
CZ3,15.07026481628418
O,15.392562866210938
OH,15.714862823486328
OD1,16.69810676574707
OD2,17.68134880065918
OE1,18.664594650268555
OE2,19.64784049987793
OG,19.23624038696289
OG1,18.650291442871094
N,18.064342498779297
NE,17.478391647338867
NE1,17.303245544433594
NE2,17.245508193969727
ND1,17.18764877319336
ND2,17.129898071289062
NZ,16.855228424072266
NH1,16.47207260131836
NH2,16.08896827697754
SD,15.705872535705566
SG,15.535550117492676
UNKNOWN,15.535550117492676
