atom_type,importance
C,0.10934460908174515
CA,0.10934460908174515
CB,0.12281399965286255
CD,0.15311919152736664
CD1,0.18342438340187073
CD2,0.21372956037521362
CE,0.23853027820587158
CE1,0.25231805443763733
CE2,0.26610779762268066
CE3,0.2798956036567688
CG,0.2830486595630646
CG1,0.24897275865077972
CG2,0.21489685773849487
CH2,0.1808210015296936
CZ,0.15086737275123596
CZ2,0.15389132499694824
CZ3,0.15691527724266052
O,0.159939244389534
OH,0.16296319663524628
OD1,0.17851576209068298
OD2,0.1940683275461197
OE1,0.20962093770503998
OE2,0.2251734882593155
OG,0.23137269914150238
OG1,0.23640279471874237
N,0.24143272638320923
NE,0.24646276235580444
NE1,0.2313278764486313
NE2,0.21043209731578827
ND1,0.18953637778759003
ND2,0.16864056885242462
NZ,0.16430728137493134
NH1,0.1682552546262741
NH2,0.1722031980752945
SD,0.1761501133441925
SG,0.1779051274061203
UNKNOWN,0.1779051274061203
