atom_type,importance
C,0.10124891251325607
CA,0.10124891251325607
CB,0.10197576880455017
CD,0.10361096262931824
CD1,0.10524662584066391
CD2,0.10688181221485138
CE,0.10981876403093338
CE1,0.1153595969080925
CE2,0.12090060859918594
CE3,0.1264413297176361
CG,0.1377992182970047
CG1,0.16951914131641388
CG2,0.20123906433582306
CH2,0.23295989632606506
CZ,0.2611362338066101
CZ2,0.260964035987854
CZ3,0.26079198718070984
O,0.2606198489665985
OH,0.26044780015945435
OD1,0.2676832377910614
OD2,0.27491873502731323
OE1,0.2821541726589203
OE2,0.2893896698951721
OG,0.28401124477386475
OG1,0.2770559787750244
N,0.270100861787796
NE,0.26314577460289
NE1,0.25913330912590027
NE2,0.2559609115123749
ND1,0.2527904808521271
ND2,0.2496200054883957
NZ,0.2520005404949188
NH1,0.2571595013141632
NH2,0.2623184621334076
SD,0.2674773633480072
SG,0.26976945996284485
UNKNOWN,0.26976945996284485
