atom_index,is_real_atom,atom_type_from_onehot,importance
0,1,ND2,9.999539375305176
1,1,CA,9.999539375305176
2,1,C,10.20950984954834
3,1,O,10.653447151184082
4,1,CB,11.097383499145508
5,1,CG,11.541324615478516
6,1,ND2,11.756867408752441
7,1,N,11.655610084533691
8,1,CA,11.554352760314941
9,1,CB,11.453092575073242
10,1,CG1,11.31083869934082
11,1,CG2,11.097213745117188
12,1,CD1,10.883590698242188
13,1,CB,10.669966697692871
14,1,OG,10.530261993408203
15,1,CG2,10.554452896118164
16,1,CG2,10.57864761352539
17,1,CD1,10.6028413772583
18,1,CB,10.517450332641602
19,1,OE2,10.114847183227539
20,1,CD2,9.712242126464844
21,1,CB,9.309640884399414
22,1,OG,8.815472602844238
