atom_type,importance_sum
C,8.145465850830078
CA,8.145465850830078
CB,8.357192993164062
CD,8.833663940429688
CD1,9.310148239135742
CD2,9.786530494689941
CE,10.067715644836426
CE1,9.958194732666016
CE2,9.848677635192871
CE3,9.739155769348145
CG,9.59492301940918
CG1,9.329070091247559
CG2,9.063217163085938
CH2,8.79736328125
CZ,8.512810707092285
CZ2,8.078654289245605
CZ3,7.644498825073242
O,7.2103447914123535
OH,6.77618932723999
OD1,6.45659065246582
OD2,6.136991500854492
OE1,5.817394733428955
OE2,5.497796058654785
OG,6.190550327301025
OG1,7.009850978851318
N,7.82914924621582
NE,8.648448944091797
NE1,8.531254768371582
NE2,8.146525382995605
ND1,7.761741638183594
ND2,7.376959323883057
NZ,7.335270404815674
NH1,7.465026378631592
NH2,7.594781398773193
SD,7.7245893478393555
SG,7.7822699546813965
UNKNOWN,7.7822699546813965
