atom_type,importance_sum
C,4.074095726013184
CA,4.074095726013184
CB,4.74945592880249
CD,6.268977642059326
CD1,7.788495063781738
CD2,9.308056831359863
CE,10.338541984558105
CE1,10.390874862670898
CE2,10.44320011138916
CE3,10.495431900024414
CG,10.61313247680664
CG1,10.9595308303833
CG2,11.305928230285645
CH2,11.652324676513672
CZ,12.048460960388184
CZ2,12.84252643585205
CZ3,13.636588096618652
O,14.430652618408203
OH,15.22471809387207
OD1,14.696938514709473
OD2,14.169163703918457
OE1,13.641386985778809
OE2,13.113608360290527
OG,13.343900680541992
OG1,13.66895580291748
N,13.99400520324707
NE,14.319058418273926
NE1,13.977090835571289
NE2,13.444602966308594
ND1,12.912016868591309
ND2,12.37943172454834
NZ,11.962658882141113
NH1,11.603795051574707
NH2,11.244930267333984
SD,10.886048316955566
SG,10.726503372192383
UNKNOWN,10.726503372192383
