atom_type,importance
C,0.16183649003505707
CA,0.16183649003505707
CB,0.16986070573329926
CD,0.1879158318042755
CD1,0.20597097277641296
CD2,0.22402551770210266
CE,0.2405066192150116
CE1,0.2538387179374695
CE2,0.26717066764831543
CE3,0.28050288558006287
CG,0.2912699282169342
CG1,0.2930587828159332
CG2,0.2948477268218994
CH2,0.2966366410255432
CZ,0.29670000076293945
CZ2,0.28295934200286865
CZ3,0.26921865344047546
O,0.25547799468040466
OH,0.24173736572265625
OD1,0.22675460577011108
OD2,0.21177181601524353
OE1,0.19678902626037598
OE2,0.18180622160434723
OG,0.1837865114212036
OG1,0.1878872513771057
N,0.191988006234169
NE,0.1960887312889099
NE1,0.2004455178976059
NE2,0.20487532019615173
ND1,0.2093060463666916
ND2,0.21373586356639862
NZ,0.21275082230567932
NH1,0.20905807614326477
NH2,0.20536519587039948
SD,0.20167340338230133
SG,0.20003153383731842
UNKNOWN,0.20003153383731842
