atom_index,is_real_atom,atom_type_from_onehot,importance
0,1,O,8.359968185424805
1,1,CG,8.359968185424805
2,1,CD1,8.719015121459961
3,1,CD2,9.478137969970703
4,1,CE1,10.237262725830078
5,1,CE2,10.996386528015137
6,1,CZ,11.422780990600586
7,1,OH,11.387651443481445
8,1,C,11.352521896362305
9,1,O,11.317390441894531
10,1,CB,11.324259757995605
11,1,CG2,11.404242515563965
12,1,N,11.484224319458008
13,1,CA,11.564208030700684
14,1,O,11.479434967041016
15,1,CB,11.029340744018555
16,1,OG,10.579246520996094
17,1,CA,10.129150390625
18,1,CB,9.817794799804688
19,1,SG,9.908059120178223
20,1,CB,9.998321533203125
21,1,CG1,10.088584899902344
22,1,CG2,10.227960586547852
23,1,CB,10.56051254272461
24,1,CG1,10.893067359924316
25,1,CG2,11.225619316101074
26,1,CD1,11.531599998474121
27,1,CD2,11.685382843017578
28,1,CA,11.839164733886719
29,1,O,11.992948532104492
30,1,CB,12.12234115600586
31,1,CG,12.018261909484863
32,1,CD,11.914186477661133
33,1,NE,11.810107231140137
34,1,CZ,11.693012237548828
35,1,NH2,11.26781940460205
36,1,CB,10.842630386352539
37,1,CG2,10.417438507080078
38,1,CD1,9.9922456741333
39,1,CD1,9.473672866821289
40,1,CB,8.953824043273926
41,1,CG,8.433972358703613
42,1,CD1,7.914120674133301
43,1,CD2,7.587029933929443
44,1,NE1,7.273909091949463
45,1,CE2,6.960786819458008
46,1,CE3,6.647663116455078
47,1,CZ2,6.432915687561035
48,1,CZ3,6.231788158416748
49,1,CH2,6.030660629272461
50,1,CE1,5.82953405380249
51,1,CZ,5.522782325744629
