atom_index,is_real_atom,atom_type_from_onehot,importance
0,1,C,7.057753562927246
1,1,O,7.057753562927246
2,1,CA,6.846419811248779
3,1,C,6.399600028991699
4,1,O,5.952779769897461
5,1,CB,5.505960464477539
6,1,CG2,5.123387813568115
7,1,N,4.829935073852539
8,1,CB,4.536481857299805
9,1,CG,4.243028163909912
10,1,ND1,4.080760478973389
11,1,CD2,4.146852970123291
12,1,CE1,4.212945461273193
13,1,NE2,4.2790374755859375
14,1,CD2,4.4031195640563965
15,1,CE1,4.655786514282227
16,1,CE2,4.908454418182373
17,1,CZ,5.161121845245361
18,1,N,5.339481353759766
19,1,CA,5.302741527557373
20,1,O,5.266001224517822
21,1,CB,5.22926139831543
22,1,CG2,5.2101593017578125
23,1,CD1,5.260437488555908
24,1,CG1,5.310714244842529
25,1,CD1,5.360992908477783
26,1,CG2,5.420400142669678
27,1,CD1,5.532099723815918
28,1,CA,5.643798828125
29,1,C,5.755496978759766
30,1,O,5.862994194030762
31,1,CB,5.930271625518799
32,1,CG1,5.997549057006836
33,1,CG2,6.064826965332031
34,1,CA,6.128173351287842
35,1,C,6.098470211029053
36,1,O,6.068767547607422
37,1,CB,6.039064407348633
38,1,CG,6.00936222076416
39,1,CD1,5.845166206359863
40,1,N,5.679129600524902
41,1,CA,5.513091564178467
42,1,C,5.3470540046691895
43,1,O,5.122988700866699
44,1,CB,4.89471960067749
45,1,CA,4.666450023651123
46,1,C,4.438180446624756
47,1,CB,4.680978775024414
48,1,CG1,4.988997936248779
49,1,CG2,5.297019958496094
50,1,N,5.605042457580566
51,1,CA,5.839550018310547
52,1,CB,6.058390140533447
53,1,O,6.2772321701049805
54,1,CB,6.496073246002197
55,1,SD,6.5651326179504395
56,1,CE,6.5895209312438965
57,1,CB,6.613908767700195
