atom_index,is_real_atom,atom_type_from_onehot,importance
0,1,O,10.541216850280762
1,1,OG1,10.541216850280762
2,1,CG2,10.623276710510254
3,1,C,10.796772956848145
4,1,O,10.970270156860352
5,1,CD2,11.143768310546875
6,1,N,11.253005981445312
7,1,CA,11.27310848236084
8,1,O,11.29321002960205
9,1,CB,11.313312530517578
10,1,CG,11.301023483276367
11,1,CD,11.23235034942627
12,1,CA,11.163679122924805
13,1,C,11.09500789642334
14,1,O,11.02931022644043
15,1,CB,10.970211029052734
16,1,OG,10.91110897064209
17,1,N,10.852008819580078
18,1,CA,10.787261009216309
19,1,CB,10.70616340637207
20,1,CG2,10.625068664550781
21,1,CA,10.543971061706543
22,1,CB,10.389863014221191
23,1,CG2,9.948575973510742
24,1,CB,9.507291793823242
25,1,SG,9.066007614135742
26,1,SG,8.580090522766113
27,1,CD1,7.838552951812744
