atom_index,is_real_atom,atom_type_from_onehot,importance
0,1,CZ2,8.316518783569336
1,1,CZ3,8.316518783569336
2,1,CH2,8.543417930603027
3,1,CA,9.023148536682129
4,1,C,9.502880096435547
5,1,O,9.9826078414917
6,1,CB,10.265497207641602
7,1,CG1,10.275344848632812
8,1,CG2,10.28519344329834
9,1,CB,10.29504108428955
10,1,CD1,10.35208797454834
11,1,CE1,10.491284370422363
12,1,CB,10.630483627319336
13,1,CG1,10.769683837890625
14,1,CG2,10.890389442443848
15,1,CD1,10.970080375671387
16,1,CG2,11.049775123596191
17,1,CB,11.129469871520996
18,1,CG1,11.247090339660645
19,1,N,11.474509239196777
20,1,CA,11.701923370361328
21,1,CB,11.929338455200195
22,1,CG2,12.085845947265625
23,1,CB,11.963443756103516
24,1,CG1,11.84104061126709
25,1,CA,11.718639373779297
26,1,CB,11.621134757995605
27,1,OG,11.66622543334961
28,1,CD1,11.71131420135498
29,1,CA,11.7564058303833
30,1,C,11.77261734008789
31,1,O,11.512431144714355
32,1,CB,11.252242088317871
33,1,O,10.99205493927002
34,1,CB,10.731490135192871
35,1,CG,10.462007522583008
36,1,CD,10.192526817321777
37,1,C,9.92304515838623
38,1,O,9.653562545776367
39,1,N,9.58656120300293
40,1,CA,9.522334098815918
41,1,C,9.458105087280273
42,1,O,9.393877983093262
43,1,CB,8.86717700958252
44,1,CD,8.306963920593262
45,1,OE1,7.7467498779296875
