atom_index,is_real_atom,atom_type_from_onehot,importance
0,1,CD2,8.55694580078125
1,1,CD1,8.55694580078125
2,1,CB,8.739710807800293
3,1,CG1,9.126133918762207
4,1,N,9.512554168701172
5,1,CA,9.898975372314453
6,1,O,10.017034530639648
7,1,CB,9.762855529785156
8,1,CG,9.508674621582031
9,1,CD,9.25449275970459
10,1,CA,9.163249015808105
11,1,C,9.355628967285156
12,1,CB,9.548008918762207
13,1,CG1,9.74039077758789
14,1,CD1,9.795766830444336
15,1,CB,9.547343254089355
16,1,CG1,9.298921585083008
17,1,CG2,9.05049991607666
18,1,CG1,8.868282318115234
19,1,O,8.877706527709961
20,1,CB,8.887134552001953
21,1,OG,8.896560668945312
