atom_type,importance_sum
C,9.810133934020996
CA,9.810133934020996
CB,9.88458251953125
CD,10.052267074584961
CD1,10.219852447509766
CD2,10.38753890991211
CE,10.245643615722656
CE1,9.48488712310791
CE2,8.724129676818848
CE3,7.963321685791016
CG,7.397345066070557
CG1,7.513148784637451
CG2,7.628951549530029
CH2,7.744755268096924
CZ,7.846566200256348
CZ2,7.836448669433594
CZ3,7.826330184936523
O,7.816211223602295
OH,7.806092739105225
OD1,7.35154390335083
OD2,6.896994113922119
OE1,6.442444324493408
OE2,5.987894535064697
OG,6.1675567626953125
OG1,6.426495552062988
N,6.685434818267822
NE,6.9443745613098145
NE1,6.462555885314941
NE2,5.769174575805664
ND1,5.075741291046143
ND2,4.382359981536865
NZ,4.226515769958496
NH1,4.3394622802734375
NH2,4.452418804168701
SD,4.565374374389648
SG,4.615577220916748
UNKNOWN,4.615577220916748
