atom_index,is_real_atom,atom_type_from_onehot,importance
0,1,CG,8.24113655090332
1,1,CD1,8.24113655090332
2,1,CD2,8.526422500610352
3,1,CE1,9.129599571228027
4,1,CE2,9.732778549194336
5,1,CZ,10.335954666137695
6,1,C,10.722612380981445
7,1,O,10.808938980102539
8,1,CB,10.895261764526367
9,1,CA,10.981589317321777
10,1,C,10.974456787109375
11,1,O,10.804637908935547
12,1,N,10.634819030761719
13,1,CA,10.46500015258789
14,1,CG,10.326126098632812
15,1,CD1,10.255867958068848
16,1,CE1,10.185609817504883
17,1,CZ,10.115351676940918
18,1,CB,9.927091598510742
19,1,CG1,9.397246360778809
20,1,CG2,8.867396354675293
21,1,CZ2,8.33755111694336
22,1,CH2,7.7785420417785645
