atom_type,importance_sum
C,4.111713886260986
CA,4.111713886260986
CB,4.526752948760986
CD,5.460598945617676
CD1,6.3944597244262695
CD2,7.328319072723389
CE,7.920077323913574
CE1,7.827627658843994
CE2,7.735179901123047
CE3,7.642732620239258
CG,7.81929349899292
CG1,8.937394142150879
CG2,10.055496215820312
CH2,11.173592567443848
CZ,12.284445762634277
CZ2,13.337336540222168
CZ3,14.390226364135742
O,15.443114280700684
OH,16.496000289916992
OD1,14.99104118347168
OD2,13.486074447631836
OE1,11.981110572814941
OE2,10.47614860534668
OG,9.75218677520752
OG1,9.125852584838867
N,8.499520301818848
NE,7.873186111450195
NE1,7.338724136352539
NE2,6.830519199371338
ND1,6.322261333465576
ND2,5.814056873321533
NZ,6.067165374755859
NH1,6.700850963592529
NH2,7.33453893661499
SD,7.9682745933532715
SG,8.249922752380371
UNKNOWN,8.249922752380371
