atom_index,is_real_atom,atom_type_from_onehot,importance
0,1,CG1,8.77170467376709
1,1,O,8.77170467376709
2,1,CB,8.874932289123535
3,1,CG1,9.09319019317627
4,1,CG2,9.311444282531738
5,1,CA,9.52970027923584
6,1,O,9.699509620666504
7,1,C,9.802122116088867
8,1,O,9.904735565185547
9,1,CB,10.007349014282227
10,1,CG,10.156954765319824
11,1,CD1,10.388365745544434
12,1,CD2,10.61977481842041
13,1,CD1,10.85118293762207
14,1,C,10.929439544677734
15,1,CB,10.668097496032715
16,1,CG,10.406750679016113
17,1,CD2,10.145404815673828
18,1,N,9.882246971130371
19,1,CA,9.61384105682373
20,1,CB,9.345433235168457
21,1,CD1,9.07702922821045
22,1,CG,8.951308250427246
23,1,CD1,9.38681411743164
24,1,CD2,9.822319984436035
25,1,CE1,10.257827758789062
26,1,CE2,10.581013679504395
27,1,CZ,10.260910987854004
28,1,OH,9.94080924987793
29,1,C,9.620704650878906
30,1,O,9.2727689743042
31,1,N,8.658416748046875
32,1,CA,8.044065475463867
