atom_index,is_real_atom,atom_type_from_onehot,importance
0,1,CE3,7.146339416503906
1,1,CZ2,7.146339416503906
2,1,CZ3,7.077898025512695
3,1,CH2,6.933194160461426
4,1,CG2,6.788490295410156
5,1,CB,6.643786430358887
6,1,CD2,6.4401726722717285
7,1,CE1,6.154845237731934
8,1,CE2,5.869519233703613
9,1,CZ,5.584191799163818
10,1,OH,5.363070964813232
11,1,CA,5.253714084625244
12,1,C,5.144357681274414
13,1,O,5.035000324249268
14,1,CB,4.996950626373291
15,1,CG,5.11701774597168
16,1,CA,5.237085819244385
17,1,C,5.357151508331299
18,1,O,5.418612003326416
19,1,CB,5.310416221618652
20,1,CG,5.202221870422363
21,1,CD1,5.0940260887146
22,1,CD2,4.974119663238525
23,1,NE1,4.808145523071289
24,1,CE2,4.642169952392578
25,1,CE3,4.476195812225342
26,1,CZ2,4.3734307289123535
27,1,CZ3,4.632681846618652
28,1,CH2,4.891933441162109
29,1,CD1,5.151185512542725
30,1,CE1,5.4070305824279785
31,1,CE2,5.630275726318359
32,1,CZ,5.853518962860107
33,1,CD1,6.076763153076172
34,1,CD2,6.306047439575195
35,1,CE1,6.678274154663086
36,1,CE2,7.0504984855651855
37,1,CZ,7.422725677490234
38,1,O,7.794952869415283
39,1,CA,7.8329176902771
40,1,C,7.866304397583008
41,1,O,7.899691104888916
42,1,CB,7.933078289031982
43,1,CG1,7.732500076293945
44,1,N,7.514969348907471
45,1,CA,7.29743766784668
46,1,C,7.0799055099487305
47,1,O,6.67669153213501
48,1,N,6.247770309448242
49,1,CA,5.818846225738525
50,1,CB,5.389922618865967
51,1,CG,5.419985294342041
52,1,CD1,5.5478620529174805
53,1,CD2,5.675741195678711
54,1,CE1,5.803618907928467
55,1,CE2,5.61757230758667
56,1,CZ,5.337900638580322
