atom_type,importance_sum
C,6.749124050140381
CA,6.749124050140381
CB,6.842092514038086
CD,7.051248073577881
CD1,7.260440826416016
CD2,7.469594955444336
CE,7.769850254058838
CE1,8.25226879119873
CE2,8.73465347290039
CE3,9.217072486877441
CG,9.773314476013184
CG1,10.588024139404297
CG2,11.402746200561523
CH2,12.217466354370117
CZ,12.991740226745605
CZ2,13.442449569702148
CZ3,13.89316463470459
O,14.343875885009766
OH,14.794587135314941
OD1,15.66684627532959
OD2,16.53911781311035
OE1,17.411407470703125
OE2,18.28369140625
OG,18.561429977416992
OG1,18.764856338500977
N,18.96827507019043
NE,19.171693801879883
NE1,18.642953872680664
NE2,17.904930114746094
ND1,17.166959762573242
ND2,16.428966522216797
NZ,15.747395515441895
NH1,15.093881607055664
NH2,14.44044303894043
SD,13.787004470825195
SG,13.496596336364746
UNKNOWN,13.496596336364746
