atom_index,is_real_atom,atom_type_from_onehot,importance
0,1,CD1,8.589045524597168
1,1,CE1,8.589045524597168
2,1,CZ,8.692276000976562
3,1,OH,8.910536766052246
4,1,SD,9.128799438476562
5,1,CE,9.347060203552246
6,1,CG,9.431604385375977
7,1,ND1,9.330671310424805
8,1,CD2,9.229736328125
9,1,CE1,9.128803253173828
10,1,NE2,9.011817932128906
11,1,CB,8.866889953613281
12,1,CG1,8.721963882446289
13,1,CG2,8.577038764953613
14,1,CD1,8.363319396972656
15,1,CZ,7.997060298919678
16,1,CD2,7.630799770355225
17,1,NE1,7.264541149139404
18,1,CE2,6.927324295043945
19,1,CE3,6.674172878265381
20,1,CZ2,6.421021938323975
21,1,CZ3,6.16787052154541
22,1,CH2,5.870810031890869
