atom_type,importance_sum
C,2.8282134532928467
CA,2.8282134532928467
CB,2.9755094051361084
CD,3.306905746459961
CD1,3.6383025646209717
CD2,3.9697251319885254
CE,4.353368282318115
CE1,4.841475486755371
CE2,5.329583644866943
CE3,5.817691802978516
CG,6.336648941040039
CG1,6.9634480476379395
CG2,7.590245723724365
CH2,8.21704387664795
CZ,8.810288429260254
CZ2,9.135089874267578
CZ3,9.459890365600586
O,9.784690856933594
OH,10.10949420928955
OD1,9.010503768920898
OD2,7.911515235900879
OE1,6.81252384185791
OE2,5.713534832000732
OG,5.060117721557617
OG1,4.462395668029785
N,3.8646492958068848
NE,3.266929864883423
NE1,3.692652702331543
NE2,4.410806179046631
ND1,5.12890625
ND2,5.84705924987793
NZ,6.510246753692627
NH1,7.145980358123779
NH2,7.78171443939209
SD,8.417449951171875
SG,8.700031280517578
UNKNOWN,8.700031280517578
