atom_type,importance
C,0.09902821481227875
CA,0.09902821481227875
CB,0.10565144568681717
CD,0.12055253237485886
CD1,0.13545355200767517
CD2,0.15035566687583923
CE,0.158571258187294
CE1,0.15341483056545258
CE2,0.14825835824012756
CE3,0.14310303330421448
CG,0.1383116990327835
CG1,0.1347975730895996
CG2,0.13128341734409332
CH2,0.12776930630207062
CZ,0.12653008103370667
CZ2,0.1434895098209381
CZ3,0.16044898331165314
O,0.17740844190120697
OH,0.1943679302930832
OD1,0.19405658543109894
OD2,0.19374527037143707
OE1,0.19343392550945282
OE2,0.19312265515327454
OG,0.192834734916687
OG1,0.1925496608018875
N,0.1922646462917328
NE,0.1919795721769333
NE1,0.194126695394516
NE2,0.1969688981771469
ND1,0.19981221854686737
ND2,0.20265445113182068
NZ,0.19739511609077454
NH1,0.18808463215827942
NH2,0.17877396941184998
SD,0.16946345567703247
SG,0.16532517969608307
UNKNOWN,0.16532517969608307
