atom_index,is_real_atom,atom_type_from_onehot,importance
0,1,CA,6.805791854858398
1,1,C,6.805791854858398
2,1,O,6.5977959632873535
3,1,CD1,6.1580352783203125
4,1,O,5.718273162841797
5,1,CG,5.278512001037598
6,1,CD1,4.978627681732178
7,1,CD2,4.872766494750977
8,1,CG,4.766904830932617
9,1,CD2,4.661043167114258
10,1,CE2,4.6206231117248535
11,1,CZ,4.694119453430176
12,1,CD2,4.767617225646973
13,1,CE1,4.841114521026611
14,1,CE2,5.0501017570495605
15,1,CZ,5.559528350830078
16,1,CG1,6.06895637512207
17,1,CG2,6.57838249206543
18,1,CD1,7.054950714111328
19,1,CG,7.436402797698975
20,1,CD1,7.817856311798096
21,1,CD2,8.19930648803711
22,1,C,8.503199577331543
23,1,O,8.502029418945312
24,1,CB,8.500858306884766
25,1,CG,8.49968433380127
26,1,CD,8.460309028625488
27,1,OE2,8.202136039733887
28,1,N,7.9439616203308105
29,1,CA,7.685787200927734
30,1,O,7.428912162780762
31,1,CD2,7.184469699859619
32,1,CB,6.940025806427002
33,1,CG1,6.695584297180176
34,1,CG2,6.456923484802246
35,1,CD1,6.3551483154296875
36,1,N,6.253371238708496
37,1,CA,6.151595115661621
38,1,CB,6.049818992614746
39,1,CG,5.970946788787842
40,1,CD1,5.8923869132995605
41,1,CE1,5.813827991485596
42,1,CB,5.7352681159973145
43,1,CG1,5.426153659820557
44,1,CG2,5.100332260131836
45,1,CG2,4.774510860443115
