atom_type,importance
C,0.08954063057899475
CA,0.08954063057899475
CB,0.09557744860649109
CD,0.1091613918542862
CD1,0.12274472415447235
CD2,0.13632804155349731
CE,0.14390429854393005
CE1,0.13946646451950073
CE2,0.1350274235010147
CE3,0.130589559674263
CG,0.1266874521970749
CG1,0.12466223537921906
CG2,0.12263698875904083
CH2,0.12061172723770142
CZ,0.12066574394702911
CZ2,0.13735371828079224
CZ3,0.15404167771339417
O,0.1707296371459961
OH,0.1874176412820816
OD1,0.18321648240089417
OD2,0.1790153533220291
OE1,0.17481417953968048
OE2,0.17061306536197662
OG,0.17021703720092773
OG1,0.1702965945005417
N,0.17037618160247803
NE,0.17045576870441437
NE1,0.1730475276708603
NE2,0.17635796964168549
ND1,0.17966851592063904
ND2,0.182979017496109
NZ,0.17906424403190613
NH1,0.1715373545885086
NH2,0.1640104353427887
SD,0.15648360550403595
SG,0.1531388908624649
UNKNOWN,0.1531388908624649
