atom_type,importance
C,0.12523342669010162
CA,0.12523342669010162
CB,0.13632792234420776
CD,0.16128960251808167
CD1,0.18625125288963318
CD2,0.21121293306350708
CE,0.22944697737693787
CE1,0.23422111570835114
CE2,0.23899520933628082
CE3,0.24377161264419556
CG,0.24466514587402344
CG1,0.2319781482219696
CG2,0.21929104626178741
CH2,0.20660410821437836
CZ,0.19513534009456635
CZ2,0.19341304898262024
CZ3,0.19169068336486816
O,0.1899683028459549
OH,0.1882459819316864
OD1,0.18965329229831696
OD2,0.1910606324672699
OE1,0.19246795773506165
OE2,0.19387520849704742
OG,0.19509504735469818
OG1,0.1962914764881134
N,0.19748784601688385
NE,0.19868424534797668
NE1,0.1940751075744629
NE2,0.18780826032161713
ND1,0.18154148757457733
ND2,0.17527461051940918
NZ,0.17039671540260315
NH1,0.16621507704257965
NH2,0.16203218698501587
SD,0.15785053372383118
SG,0.1559920310974121
UNKNOWN,0.1559920310974121
