atom_type,importance
C,0.10122264921665192
CA,0.10122264921665192
CB,0.10848293453454971
CD,0.12481912225484848
CD1,0.14115524291992188
CD2,0.15749256312847137
CE,0.16580818593502045
CE1,0.1580861210823059
CE2,0.15036296844482422
CE3,0.14264099299907684
CG,0.13592444360256195
CG1,0.13273364305496216
CG2,0.12954281270503998
CH2,0.1263519525527954
CZ,0.12545205652713776
CZ2,0.14287951588630676
CZ3,0.16030697524547577
O,0.17773444950580597
OH,0.19516190886497498
OD1,0.19518133997917175
OD2,0.19520075619220734
OE1,0.1952202171087265
OE2,0.1952396184206009
OG,0.19392183423042297
OG1,0.19243694841861725
N,0.19095195829868317
NE,0.18946705758571625
NE1,0.19159261882305145
NE2,0.19474849104881287
ND1,0.19790543615818024
ND2,0.2010624259710312
NZ,0.19557756185531616
NH1,0.18577337265014648
NH2,0.1759691834449768
SD,0.16616502404212952
SG,0.16180703043937683
UNKNOWN,0.16180703043937683
