atom_index,is_real_atom,atom_type_from_onehot,importance
0,1,CD1,5.8430495262146
1,1,CE1,5.8430495262146
2,1,CZ,5.432861804962158
3,1,C,4.565606117248535
4,1,O,3.6983509063720703
5,1,N,2.8310959339141846
6,1,CA,2.3373947143554688
7,1,C,2.3618483543395996
8,1,O,2.3863017559051514
9,1,CB,2.410755157470703
10,1,N,2.455051898956299
11,1,CA,2.5338895320892334
12,1,C,2.6127278804779053
13,1,O,2.69156551361084
14,1,N,2.7238407135009766
15,1,C,2.65286922454834
16,1,N,2.5818967819213867
17,1,CA,2.510924816131592
18,1,C,2.4537854194641113
19,1,O,2.436690092086792
20,1,CB,2.4195942878723145
21,1,CG,2.402498960494995
22,1,CD1,2.3629708290100098
23,1,CD2,2.2352099418640137
24,1,N,2.1074492931365967
25,1,CA,1.9796885251998901
26,1,C,1.8802964687347412
27,1,O,1.9433796405792236
28,1,CB,2.006463050842285
29,1,CG,2.0695462226867676
30,1,OD1,2.117738723754883
31,1,OD2,2.0234081745147705
32,1,N,1.9290771484375
33,1,CA,1.8347464799880981
34,1,C,1.7514653205871582
35,1,O,1.9296948909759521
36,1,CB,2.107923746109009
37,1,CG1,2.286153554916382
38,1,CG2,2.464383125305176
39,1,O,2.4062068462371826
40,1,CA,2.3447928428649902
41,1,C,2.2833783626556396
42,1,O,2.221963882446289
43,1,CB,2.221412420272827
44,1,CG,2.225271224975586
45,1,N,2.2291293144226074
46,1,CA,2.232988119125366
47,1,C,2.1548538208007812
48,1,O,2.065366744995117
49,1,CB,1.9758795499801636
50,1,CG,1.8863922357559204
51,1,ND1,1.7399914264678955
52,1,CE1,1.5814615488052368
53,1,N,1.422931432723999
54,1,CA,1.2644013166427612
55,1,C,1.2569633722305298
56,1,CB,1.2945873737335205
57,1,CG,1.3322118520736694
58,1,CD1,1.3698359727859497
59,1,CD2,1.4133758544921875
60,1,CE1,1.459258794784546
61,1,CE2,1.5051422119140625
62,1,CZ,1.551025629043579
63,1,CA,1.5796196460723877
64,1,C,1.5993926525115967
65,1,O,1.6191658973693848
66,1,CB,1.6389387845993042
67,1,N,1.7120866775512695
68,1,CA,1.8196324110031128
69,1,C,1.9271771907806396
70,1,O,2.034722328186035
71,1,C,2.246915340423584
72,1,N,2.5433349609375
73,1,CA,2.8397562503814697
74,1,C,3.136176109313965
75,1,O,3.1962294578552246
76,1,CB,3.0199155807495117
77,1,CG,2.843602180480957
78,1,SD,2.6672892570495605
79,1,CE,2.521200656890869
80,1,N,2.412665367126465
81,1,CA,2.304128885269165
82,1,C,2.1955935955047607
83,1,O,2.160529613494873
84,1,CB,2.239473581314087
85,1,N,2.3184165954589844
86,1,CB,2.397359609603882
87,1,CG2,2.3572888374328613
88,1,CD1,2.0839524269104004
89,1,CG1,1.8106132745742798
