atom_type,importance_sum
C,7.4454827308654785
CA,7.4454827308654785
CB,7.634973049163818
CD,8.061330795288086
CD1,8.487682342529297
CD2,8.914037704467773
CE,9.557493209838867
CE1,10.635215759277344
CE2,11.712981224060059
CE3,12.790706634521484
CG,12.972702026367188
CG1,10.01956558227539
CG2,7.066421985626221
CH2,4.113283634185791
CZ,1.5027236938476562
CZ2,1.6328206062316895
CZ3,1.7629178762435913
O,1.8930144309997559
OH,2.023111343383789
OD1,1.7943731546401978
OD2,1.56563401222229
OE1,1.3368949890136719
OE2,1.1081565618515015
OG,1.172370195388794
OG1,1.2732023000717163
N,1.3740347623825073
NE,1.474867343902588
NE1,2.8442904949188232
NE2,4.576170444488525
ND1,6.3080596923828125
ND2,8.039950370788574
NZ,8.845190048217773
NH1,9.187169075012207
NH2,9.529143333435059
SD,9.87108325958252
SG,10.02306079864502
UNKNOWN,10.02306079864502
