atom_index,is_real_atom,atom_type_from_onehot,importance
0,1,CG2,8.415183067321777
1,1,CG,8.415183067321777
2,1,OD1,8.61303424835205
3,1,ND2,9.03134822845459
4,1,CG2,9.449663162231445
5,1,CD1,9.8679780960083
6,1,CG1,9.988627433776855
7,1,CD2,9.69638442993164
8,1,CE2,9.404143333435059
9,1,CZ,9.11190128326416
10,1,OH,8.806346893310547
11,1,CG,8.477617263793945
12,1,CD1,8.148886680603027
13,1,CD2,7.820157527923584
14,1,CG,7.482872009277344
15,1,CD1,7.126615047454834
16,1,CD2,6.770357131958008
17,1,NE1,6.4141011238098145
18,1,CE2,6.060330867767334
19,1,CE3,5.713761806488037
20,1,CZ2,5.36719274520874
21,1,CZ3,5.020623683929443
22,1,CH2,4.690832614898682
