atom_type,importance_sum
C,1.1815296411514282
CA,1.1815296411514282
CB,1.4546254873275757
CD,2.0690724849700928
CD1,2.6835148334503174
CD2,3.2979726791381836
CE,3.8708081245422363
CE1,4.360426902770996
CE2,4.849995136260986
CE3,5.339613914489746
CG,5.910984992980957
CG1,6.768512725830078
CG2,7.626043319702148
CH2,8.483521461486816
CZ,9.280757904052734
CZ2,9.595664978027344
CZ3,9.910574913024902
O,10.225484848022461
OH,10.540390968322754
OD1,9.655778884887695
OD2,8.77116584777832
OE1,7.886608600616455
OE2,7.001998424530029
OG,5.863461017608643
OG1,4.693182945251465
N,3.5228781700134277
NE,2.3526015281677246
NE1,2.76180100440979
NE2,3.622288227081299
ND1,4.482776165008545
ND2,5.34326171875
NZ,6.065726280212402
NH1,6.719204902648926
NH2,7.372684955596924
SD,8.026213645935059
SG,8.316628456115723
UNKNOWN,8.316628456115723
