atom_type,importance_sum
C,10.026124000549316
CA,10.026124000549316
CB,10.020251274108887
CD,10.007128715515137
CD1,9.994002342224121
CD2,9.980877876281738
CE,10.412858963012695
CE1,11.735066413879395
CE2,13.057205200195312
CE3,14.379344940185547
CG,16.053722381591797
CG1,18.960847854614258
CG2,21.867919921875
CH2,24.774982452392578
CZ,27.198928833007812
CZ2,25.757875442504883
CZ3,24.31682777404785
O,22.875776290893555
OH,21.434724807739258
OD1,21.527435302734375
OD2,21.62014389038086
OE1,21.712846755981445
OE2,21.80554962158203
OG,21.436460494995117
OG1,21.009647369384766
N,20.582828521728516
NE,20.15601348876953
NE1,19.926841735839844
NE2,19.75408172607422
ND1,19.581438064575195
ND2,19.40868377685547
NZ,20.166250228881836
NH1,21.38885498046875
NH2,22.611467361450195
SD,23.834068298339844
SG,24.377470016479492
UNKNOWN,24.377470016479492
