atom_index,is_real_atom,atom_type_from_onehot,importance
0,1,CG,8.697488784790039
1,1,CD,8.697488784790039
2,1,OE1,8.746338844299316
3,1,NE2,8.849624633789062
4,1,C,8.952910423278809
5,1,O,9.056195259094238
6,1,CG2,8.771976470947266
7,1,N,7.950250625610352
8,1,CA,7.128523349761963
9,1,C,6.306796550750732
10,1,O,5.748692512512207
11,1,CB,5.649487495422363
12,1,CG,5.550282001495361
13,1,CD1,5.451077461242676
14,1,CE1,5.422234058380127
15,1,CZ,5.549413204193115
16,1,CA,5.6765923500061035
17,1,C,5.803771018981934
18,1,O,5.908030033111572
19,1,CB,5.945943832397461
20,1,CG,5.983857154846191
21,1,CD,6.021770477294922
22,1,N,6.101402759552002
23,1,CA,6.345127582550049
24,1,CG2,6.588850975036621
25,1,CG1,6.832575798034668
26,1,CD1,7.127132892608643
27,1,CD1,7.712821960449219
28,1,CE1,8.298511505126953
29,1,CZ,8.884200096130371
30,1,CG,9.443848609924316
31,1,SD,9.75424861907959
32,1,CE,10.064648628234863
33,1,CD2,10.375048637390137
34,1,NE2,10.667413711547852
35,1,CB,10.532994270324707
36,1,OG1,10.398574829101562
37,1,CG2,10.264156341552734
38,1,CB,10.12973690032959
39,1,CG,9.336755752563477
