atom_index,is_real_atom,atom_type_from_onehot,importance
0,1,CG,7.349328994750977
1,1,CD2,7.349328994750977
2,1,O,7.231436729431152
3,1,CB,6.982180118560791
4,1,OG,6.732922077178955
5,1,N,6.483665466308594
6,1,CA,6.249762058258057
7,1,CB,6.037153244018555
8,1,CB,5.824545383453369
9,1,CG,5.611937999725342
10,1,CE1,5.5397796630859375
11,1,CE2,5.712105751037598
12,1,CZ,5.884433269500732
13,1,OH,6.056758880615234
14,1,CG,6.154821395874023
15,1,CD1,6.0882086753845215
16,1,CD2,6.021597385406494
17,1,O,5.954983711242676
18,1,CA,5.918376445770264
19,1,CB,5.968622207641602
20,1,OG1,6.018869400024414
21,1,CA,6.06911563873291
22,1,C,6.108551979064941
23,1,O,6.105462074279785
24,1,CD1,6.1023736000061035
25,1,CE1,6.099285125732422
26,1,CZ,6.163556098937988
27,1,CA,6.613608360290527
28,1,CB,7.063663005828857
29,1,CB,7.513715744018555
30,1,CG2,7.909515857696533
31,1,CD,7.786028861999512
32,1,CE,7.662542819976807
33,1,NZ,7.539056777954102
34,1,C,7.407217502593994
35,1,O,7.077708721160889
36,1,CB,6.748201847076416
37,1,CG,6.4186930656433105
38,1,CD2,6.089183807373047
39,1,CE2,5.9717936515808105
40,1,N,5.857309341430664
41,1,CA,5.742824554443359
42,1,CG,5.628339767456055
43,1,CD1,5.471981525421143
44,1,CA,5.312589645385742
45,1,C,5.1531982421875
46,1,O,4.9938063621521
47,1,CB,4.833434581756592
48,1,N,4.672929763793945
49,1,CA,4.512422561645508
50,1,C,4.35191535949707
51,1,CB,4.042495250701904
52,1,CG,3.7013416290283203
53,1,CD2,3.3601861000061035
54,1,CE2,3.0190303325653076
