atom_index,is_real_atom,atom_type_from_onehot,importance
0,1,CZ,8.093231201171875
1,1,CA,8.093231201171875
2,1,CB,8.397637367248535
3,1,OG,9.04123306274414
4,1,CD2,9.684830665588379
5,1,CE2,10.32843017578125
6,1,CZ,10.688563346862793
7,1,CA,10.655503273010254
8,1,C,10.622445106506348
9,1,O,10.589384078979492
10,1,CB,10.518218040466309
11,1,CG,10.380714416503906
12,1,CD1,10.243206977844238
13,1,C,10.10570240020752
14,1,CB,10.114741325378418
15,1,CG1,10.448724746704102
16,1,CG2,10.782710075378418
17,1,N,11.116695404052734
18,1,CA,11.297905921936035
19,1,CB,11.036871910095215
20,1,CG,10.77584171295166
21,1,CD,10.514808654785156
22,1,NE,10.264089584350586
23,1,CD1,10.053942680358887
24,1,CD2,9.843790054321289
25,1,CZ,9.633638381958008
