atom_type,importance_sum
C,6.682303428649902
CA,6.682303428649902
CB,7.027322292327881
CD,7.803703308105469
CD1,8.580081939697266
CD2,9.35636043548584
CE,9.999653816223145
CE1,10.376773834228516
CE2,10.75389289855957
CE3,11.131114959716797
CG,11.49402904510498
CG1,11.807331085205078
CG2,12.120628356933594
CH2,12.433927536010742
CZ,12.672890663146973
CZ2,12.317171096801758
CZ3,11.961454391479492
O,11.605735778808594
OH,11.250017166137695
OD1,10.429832458496094
OD2,9.60965347290039
OE1,8.789470672607422
OE2,7.969288349151611
OG,7.909801483154297
OG1,7.945401668548584
N,7.981001853942871
NE,8.016599655151367
NE1,7.742523670196533
NE2,7.379999160766602
ND1,7.017471790313721
ND2,6.654946327209473
NZ,6.319790363311768
NH1,5.998317718505859
NH2,5.676846504211426
SD,5.355381011962891
SG,5.212525844573975
UNKNOWN,5.212525844573975
