atom_index,is_real_atom,atom_type_from_onehot,importance
0,1,CA,8.899991035461426
1,1,C,8.899991035461426
2,1,O,8.911635398864746
3,1,CB,8.936262130737305
4,1,CG,8.960888862609863
5,1,CD2,8.985514640808105
6,1,CE3,8.917118072509766
7,1,CZ3,8.719694137573242
8,1,N,8.522270202636719
9,1,CA,8.324846267700195
10,1,CB,8.260843276977539
11,1,CG1,8.429091453552246
12,1,CD1,8.597341537475586
13,1,CA,8.765589714050293
14,1,C,8.85254955291748
15,1,N,8.759251594543457
16,1,CA,8.66595458984375
17,1,SD,8.57265853881836
18,1,CE,8.439581871032715
19,1,CD1,8.191359519958496
20,1,CE1,7.943136692047119
21,1,CZ,7.6949143409729
22,1,CG1,7.503130912780762
23,1,CG2,7.533332824707031
24,1,CG,7.563536643981934
25,1,CD2,7.593738079071045
26,1,CE3,7.630727291107178
27,1,CZ3,7.706579685211182
28,1,CH2,7.782433986663818
29,1,CG2,7.858285903930664
30,1,CE1,7.947149276733398
31,1,CZ,8.16054630279541
32,1,CD1,8.373941421508789
33,1,CE1,8.587339401245117
34,1,CA,8.800206184387207
35,1,C,9.00053596496582
36,1,O,9.2008638381958
37,1,CB,9.401191711425781
38,1,CG,9.601520538330078
39,1,SD,9.508889198303223
40,1,CE,9.412246704101562
41,1,N,9.31560230255127
42,1,CA,9.218955993652344
43,1,CB,9.103780746459961
44,1,CG,8.987260818481445
45,1,ND1,8.870738983154297
46,1,CB,8.75422191619873
47,1,CG1,8.232441902160645
48,1,CG2,7.6545538902282715
49,1,CB,7.076662540435791
