atom_type,importance
C,0.07866088300943375
CA,0.07866088300943375
CB,0.07829023152589798
CD,0.07745642215013504
CD1,0.07662317901849747
CD2,0.07578933984041214
CE,0.07524127513170242
CE1,0.07526350766420364
CE2,0.07528571784496307
CE3,0.07530791312456131
CG,0.07989019900560379
CG1,0.10043254494667053
CG2,0.12097484618425369
CH2,0.14151720702648163
CZ,0.16106662154197693
CZ2,0.17267288267612457
CZ3,0.1842791736125946
O,0.19588544964790344
OH,0.20749175548553467
OD1,0.2005242258310318
OD2,0.1935567408800125
OE1,0.18658924102783203
OE2,0.17962175607681274
OG,0.17150336503982544
OG1,0.16324108839035034
N,0.15497882664203644
NE,0.14671657979488373
NE1,0.13342979550361633
NE2,0.11870792508125305
ND1,0.10398609936237335
ND2,0.08926422894001007
NZ,0.08513139933347702
NH1,0.08629241585731506
NH2,0.0874534323811531
SD,0.0886150598526001
SG,0.08913104981184006
UNKNOWN,0.08913104981184006
