atom_index,is_real_atom,atom_type_from_onehot,importance
0,1,CA,9.096999168395996
1,1,NZ,9.096999168395996
2,1,CA,8.947700500488281
3,1,C,8.632041931152344
4,1,O,8.316383361816406
5,1,CB,8.000724792480469
6,1,CG,7.945311546325684
7,1,CD1,8.250882148742676
8,1,CD2,8.556453704833984
9,1,CE3,8.86202621459961
10,1,CZ3,8.981809616088867
11,1,N,8.778180122375488
12,1,CA,8.57455062866211
13,1,CD1,8.370923042297363
14,1,CE1,8.289180755615234
15,1,CB,8.477712631225586
16,1,CG,8.666243553161621
17,1,CD1,8.85477352142334
18,1,CD2,8.919720649719238
19,1,N,8.626916885375977
20,1,CA,8.334115028381348
21,1,CB,8.041314125061035
22,1,CG,7.725685119628906
23,1,OD1,7.32027530670166
24,1,OD2,6.914865016937256
25,1,CA,6.509454250335693
26,1,CB,6.224677562713623
27,1,CG,6.63079833984375
28,1,CD1,7.036920070648193
29,1,CD2,7.443041801452637
30,1,CE1,7.817139148712158
31,1,CE2,7.884725570678711
32,1,CZ,7.9523115158081055
33,1,OH,8.0198974609375
34,1,CA,8.107043266296387
35,1,C,8.657111167907715
36,1,O,9.207178115844727
37,1,CB,9.757244110107422
38,1,CG,10.30731201171875
39,1,N,10.298592567443848
40,1,CD,10.282217979431152
41,1,NE,10.26584529876709
42,1,CZ,10.249471664428711
43,1,NH1,10.033037185668945
44,1,NH2,9.802106857299805
45,1,CB,9.571178436279297
46,1,CG1,9.34024715423584
47,1,CG2,9.011492729187012
48,1,CD1,8.669196128845215
49,1,CZ,8.326898574829102
50,1,NH1,7.9846014976501465
51,1,NH2,7.141016006469727
