atom_type,importance
C,0.08743159472942352
CA,0.08743159472942352
CB,0.09222187846899033
CD,0.10299985855817795
CD1,0.11377815157175064
CD2,0.12455636262893677
CE,0.1295374184846878
CE1,0.12292361259460449
CE2,0.11630977690219879
CE3,0.10969600826501846
CG,0.1091388463973999
CG1,0.12977924942970276
CG2,0.15041927993297577
CH2,0.17105929553508759
CZ,0.19061101973056793
CZ2,0.20145641267299652
CZ3,0.21230173110961914
O,0.22314614057540894
OH,0.23399148881435394
OD1,0.23054562509059906
OD2,0.2270997166633606
OE1,0.22365371882915497
OE2,0.22020812332630157
OG,0.21584424376487732
OG1,0.21136532723903656
N,0.20688606798648834
NE,0.20240698754787445
NE1,0.19412174820899963
NE2,0.18475085496902466
ND1,0.1753789335489273
ND2,0.16600802540779114
NZ,0.1773139089345932
NH1,0.19895750284194946
NH2,0.22060218453407288
SD,0.24224641919136047
SG,0.25186586380004883
UNKNOWN,0.25186586380004883
