atom_type,count_in_topK,percent_of_topK,topk_atoms_total,K_per_sample
C,64,8.311688311688311,770,5
CA,72,9.35064935064935,770,5
CB,103,13.376623376623375,770,5
CD,21,2.727272727272727,770,5
CD1,47,6.103896103896104,770,5
CD2,48,6.233766233766234,770,5
CE,14,1.8181818181818181,770,5
CE1,13,1.6883116883116882,770,5
CE2,23,2.987012987012987,770,5
CE3,2,0.2597402597402597,770,5
CG,74,9.61038961038961,770,5
CG1,36,4.675324675324675,770,5
CG2,39,5.0649350649350655,770,5
CH2,2,0.2597402597402597,770,5
CZ,21,2.727272727272727,770,5
CZ2,2,0.2597402597402597,770,5
CZ3,1,0.12987012987012986,770,5
O,83,10.779220779220779,770,5
OH,9,1.1688311688311688,770,5
OD1,7,0.9090909090909091,770,5
OD2,1,0.12987012987012986,770,5
OE1,4,0.5194805194805194,770,5
OE2,3,0.38961038961038963,770,5
OG,6,0.7792207792207793,770,5
OG1,4,0.5194805194805194,770,5
N,38,4.935064935064935,770,5
NE,5,0.6493506493506493,770,5
NE1,1,0.12987012987012986,770,5
NE2,4,0.5194805194805194,770,5
ND1,1,0.12987012987012986,770,5
ND2,5,0.6493506493506493,770,5
NZ,3,0.38961038961038963,770,5
NH1,0,0.0,770,5
NH2,2,0.2597402597402597,770,5
SD,9,1.1688311688311688,770,5
SG,3,0.38961038961038963,770,5
UNKNOWN,0,0.0,770,5
