atom_index,is_real_atom,atom_type_from_onehot,importance
0,1,OG,6.167119979858398
1,1,CB,6.167119979858398
2,1,CG,6.460608005523682
3,1,CD1,7.081123352050781
4,1,CD2,7.7016401290893555
5,1,CE1,8.322155952453613
6,1,CE2,8.645631790161133
7,1,CZ,8.557086944580078
8,1,CG,8.468539237976074
9,1,CD2,8.37999153137207
10,1,CB,8.363099098205566
11,1,OG1,8.470932960510254
12,1,CG2,8.578770637512207
13,1,CB,8.686605453491211
14,1,CG,8.864964485168457
15,1,CD1,9.19969367980957
16,1,CD2,9.534428596496582
17,1,CE1,9.869159698486328
18,1,CE2,10.125138282775879
19,1,CZ,10.15314769744873
20,1,N,10.181158065795898
21,1,CA,10.209166526794434
22,1,O,10.313884735107422
23,1,CB,10.720325469970703
24,1,CG,11.1267671585083
25,1,CD2,11.533209800720215
26,1,CE2,11.836647987365723
27,1,CG,11.550158500671387
28,1,CD,11.26366901397705
29,1,OE2,10.977178573608398
30,1,CG,10.619808197021484
31,1,CD2,9.584002494812012
32,1,CD2,8.548192977905273
