atom_type,importance_sum
C,4.012935638427734
CA,4.012935638427734
CB,4.587551593780518
CD,5.880442142486572
CD1,7.173295497894287
CD2,8.466197967529297
CE,9.676742553710938
CE1,10.722567558288574
CE2,11.768396377563477
CE3,12.814318656921387
CG,13.98430347442627
CG1,15.588936805725098
CG2,17.193572998046875
CH2,18.798208236694336
CZ,20.050189971923828
CZ2,18.480987548828125
CZ3,16.911771774291992
O,15.342562675476074
OH,13.773355484008789
OD1,12.88168716430664
OD2,11.990021705627441
OE1,11.09835433959961
OE2,10.20668888092041
OG,10.793510437011719
OG1,11.565145492553711
N,12.336780548095703
NE,13.108415603637695
NE1,12.314815521240234
NE2,11.073979377746582
ND1,9.833243370056152
ND2,8.59241008758545
NZ,8.135308265686035
NH1,8.070051193237305
NH2,8.004796028137207
SD,7.939584255218506
SG,7.910553932189941
UNKNOWN,7.910553932189941
