atom_index,is_real_atom,atom_type_from_onehot,importance
0,1,CB,6.791288375854492
1,1,CG1,6.791288375854492
2,1,CG2,7.026857852935791
3,1,CB,7.524918556213379
4,1,CG,8.022979736328125
5,1,CD1,8.521040916442871
6,1,CG,8.65936279296875
7,1,CD1,8.29869556427002
8,1,CD2,7.9380269050598145
9,1,CD2,7.577359676361084
10,1,O,7.405917644500732
11,1,CB,7.563868522644043
12,1,CG,7.721820831298828
13,1,CD1,7.879771709442139
14,1,CD2,7.899168014526367
15,1,CE1,7.611337661743164
16,1,CE2,7.323504447937012
17,1,C,7.03567361831665
18,1,N,6.829387187957764
19,1,CA,6.859157562255859
20,1,CB,6.888927936553955
21,1,CG,6.918697834014893
22,1,CD1,6.936126708984375
23,1,CD2,6.90501594543457
24,1,CD2,6.873905181884766
25,1,CG,6.842794418334961
26,1,CD1,6.783988952636719
27,1,CD2,6.566577911376953
28,1,CG1,6.3491668701171875
29,1,CG2,6.131754398345947
30,1,CD1,5.928911209106445
31,1,CB,5.865508556365967
32,1,CG1,5.8021039962768555
33,1,CG2,5.738701820373535
34,1,CD1,5.666489601135254
