atom_index,is_real_atom,atom_type_from_onehot,importance
0,1,CD2,6.353748798370361
1,1,CE2,6.353748798370361
2,1,CG,6.427371025085449
3,1,CD1,6.583029747009277
4,1,CD2,6.738688945770264
5,1,CG,6.894347667694092
6,1,CD1,6.993857383728027
7,1,CE1,7.015480995178223
8,1,CZ,7.037105083465576
9,1,CE1,7.058729648590088
10,1,CE2,7.015109539031982
11,1,CZ,6.857916831970215
12,1,CZ2,6.7007246017456055
13,1,CH2,6.543531894683838
14,1,CG,6.540836334228516
15,1,CD1,6.880718231201172
16,1,CD2,7.220600128173828
17,1,CG,7.560482501983643
18,1,CD1,7.873170852661133
19,1,CD2,8.107139587402344
20,1,CG,8.341108322143555
21,1,CD2,8.575075149536133
22,1,CA,8.701168060302734
23,1,CB,8.40294361114502
24,1,OG,8.104719161987305
25,1,O,7.806496620178223
26,1,CD1,7.50340461730957
27,1,CE1,7.1724348068237305
28,1,CZ,6.841464519500732
29,1,CD1,6.510496139526367
