atom_type,importance
C,0.07215606421232224
CA,0.07215606421232224
CB,0.0795307382941246
CD,0.09612373262643814
CD1,0.11271652579307556
CD2,0.12930916249752045
CE,0.1419987678527832
CE1,0.14688284695148468
CE2,0.1517656445503235
CE3,0.15664972364902496
CG,0.16241595149040222
CG1,0.17127422988414764
CG2,0.18013246357440948
CH2,0.18899068236351013
CZ,0.19731326401233673
CZ2,0.20135027170181274
CZ3,0.20538730919361115
O,0.20942430198192596
OH,0.21346138417720795
OD1,0.20248252153396606
OD2,0.19150368869304657
OE1,0.18052493035793304
OE2,0.16954611241817474
OG,0.15557268261909485
OG1,0.1412249058485031
N,0.12687712907791138
NE,0.11252952367067337
NE1,0.10471301525831223
NE2,0.09876254200935364
ND1,0.0928114727139473
ND2,0.08686040341854095
NZ,0.08925798535346985
NH1,0.09582989662885666
NH2,0.10240177810192108
SD,0.1089736819267273
SG,0.11189428716897964
UNKNOWN,0.11189428716897964
