atom_index,is_real_atom,atom_type_from_onehot,importance
0,1,CG,10.847582817077637
1,1,CD2,10.847582817077637
2,1,CA,11.18074893951416
3,1,C,11.885157585144043
4,1,O,12.589568138122559
5,1,C,13.293977737426758
6,1,O,13.544702529907227
7,1,CB,13.166123390197754
8,1,CG2,12.787542343139648
9,1,CD1,12.408964157104492
10,1,N,12.217325210571289
11,1,CA,12.351091384887695
12,1,C,12.484859466552734
13,1,O,12.61862850189209
14,1,C,12.575057983398438
15,1,O,12.138256072998047
16,1,CB,11.70145320892334
17,1,SG,11.264652252197266
18,1,N,10.769482612609863
19,1,CA,10.10534954071045
20,1,CD1,9.441214561462402
21,1,CB,8.777082443237305
