atom_type,importance_sum
C,6.736730575561523
CA,6.736730575561523
CB,7.678128719329834
CD,9.796175956726074
CD1,11.91427230834961
CD2,14.03237247467041
CE,14.881776809692383
CE1,13.193901062011719
CE2,11.5059232711792
CE3,9.818046569824219
CG,8.296367645263672
CG1,7.3566460609436035
CG2,6.416921138763428
CH2,5.477198123931885
CZ,4.80830717086792
CZ2,6.3061628341674805
CZ3,7.8040080070495605
O,9.301852226257324
OH,10.799697875976562
OD1,10.676713943481445
OD2,10.553730010986328
OE1,10.43074893951416
OE2,10.307767868041992
OG,10.777227401733398
OG1,11.32075023651123
N,11.86427116394043
NE,12.40778923034668
NE1,11.967926979064941
NE2,11.247159004211426
ND1,10.526288032531738
ND2,9.805520057678223
NZ,10.238677978515625
NH1,11.248795509338379
NH2,12.258913040161133
SD,13.269126892089844
SG,13.718025207519531
UNKNOWN,13.718025207519531
