atom_type,importance
C,0.10284946113824844
CA,0.10284946113824844
CB,0.10910572111606598
CD,0.123182512819767
CD1,0.13725928962230682
CD2,0.15133607387542725
CE,0.16645421087741852
CE1,0.18365578353405
CE2,0.20085743069648743
CE3,0.21805888414382935
CG,0.23068949580192566
CG1,0.2273218035697937
CG2,0.2239542156457901
CH2,0.2205866277217865
CZ,0.2181553691625595
CZ2,0.22321531176567078
CZ3,0.22827525436878204
O,0.2333352416753769
OH,0.23839512467384338
OD1,0.240227609872818
OD2,0.24205999076366425
OE1,0.24389246106147766
OE2,0.2457248717546463
OG,0.24493074417114258
OG1,0.24380838871002197
N,0.24268600344657898
NE,0.24156369268894196
NE1,0.2631181478500366
NE2,0.29115113615989685
ND1,0.319184273481369
ND2,0.3472173511981964
NZ,0.34695836901664734
NH1,0.3325551748275757
NH2,0.31815025210380554
SD,0.30374714732170105
SG,0.297344833612442
UNKNOWN,0.297344833612442
