atom_type,importance
C,0.19703929126262665
CA,0.19703929126262665
CB,0.19601337611675262
CD,0.1937054693698883
CD1,0.19139833748340607
CD2,0.18909044563770294
CE,0.18092569708824158
CE1,0.16104784607887268
CE2,0.1411699801683426
CE3,0.12129215151071548
CG,0.11143320798873901
CG1,0.13663999736309052
CG2,0.16184698045253754
CH2,0.18705396354198456
CZ,0.20932962000370026
CZ2,0.2081547975540161
CZ3,0.20697997510433197
O,0.2058052122592926
OH,0.20463033020496368
OD1,0.2369837760925293
OD2,0.2693365812301636
OE1,0.30168941617012024
OE2,0.33404237031936646
OG,0.33604148030281067
OG1,0.3342463970184326
N,0.33245131373405457
NE,0.3306562006473541
NE1,0.3278767764568329
NE2,0.32481497526168823
ND1,0.32175442576408386
ND2,0.3186938166618347
NZ,0.30500611662864685
NH1,0.286002516746521
NH2,0.267000287771225
SD,0.2479981929063797
SG,0.23955175280570984
UNKNOWN,0.23955175280570984
