atom_type,importance
C,0.07855837792158127
CA,0.07855837792158127
CB,0.0894659161567688
CD,0.1140064001083374
CD1,0.1385481059551239
CD2,0.16308894753456116
CE,0.18259260058403015
CE1,0.192023366689682
CE2,0.2014540582895279
CE3,0.21088474988937378
CG,0.21761789917945862
CG1,0.21490783989429474
CG2,0.21219785511493683
CH2,0.20948773622512817
CZ,0.2084507793188095
CZ2,0.220798522233963
CZ3,0.23314633965492249
O,0.24549411237239838
OH,0.25784188508987427
OD1,0.25783011317253113
OD2,0.2578183710575104
OE1,0.257806658744812
OE2,0.2577948570251465
OG,0.24464444816112518
OG1,0.229851633310318
N,0.2150588184595108
NE,0.2002660185098648
NE1,0.18390537798404694
NE2,0.16709505021572113
ND1,0.15028585493564606
ND2,0.1334766149520874
NZ,0.12738099694252014
NH1,0.12664207816123962
NH2,0.12590409815311432
SD,0.12516546249389648
SG,0.12483683228492737
UNKNOWN,0.12483683228492737
