atom_type,importance
C,0.10115781426429749
CA,0.10115781426429749
CB,0.10839197784662247
CD,0.12466822564601898
CD1,0.1409439891576767
CD2,0.15722079575061798
CE,0.16550776362419128
CE1,0.1578170508146286
CE2,0.1501263976097107
CE3,0.14243566989898682
CG,0.1357448548078537
CG1,0.1325550228357315
CG2,0.1293652206659317
CH2,0.12617544829845428
CZ,0.12527447938919067
CZ2,0.14268429577350616
CZ3,0.16009412705898285
O,0.17750397324562073
OH,0.1949138045310974
OD1,0.19495820999145508
OD2,0.19500267505645752
OE1,0.19504709541797638
OE2,0.19509150087833405
OG,0.19378359615802765
OG1,0.19230663776397705
N,0.19082966446876526
NE,0.18935269117355347
NE1,0.19146788120269775
NE2,0.19461002945899963
ND1,0.1977521926164627
ND2,0.20089319348335266
NZ,0.19543281197547913
NH1,0.1856716126203537
NH2,0.17591045796871185
SD,0.16614927351474762
SG,0.1618102788925171
UNKNOWN,0.1618102788925171
