atom_type,importance_sum
C,1.0128512382507324
CA,1.0128512382507324
CB,1.2889914512634277
CD,1.910306692123413
CD1,2.53163480758667
CD2,3.1529364585876465
CE,3.848604679107666
CE1,4.6929521560668945
CE2,5.5372724533081055
CE3,6.381593227386475
CG,7.142858028411865
CG1,7.613395690917969
CG2,8.083951950073242
CH2,8.554524421691895
CZ,9.072729110717773
CZ2,9.97229290008545
CZ3,10.87185287475586
O,11.771415710449219
OH,12.670976638793945
OD1,10.804337501525879
OD2,8.937697410583496
OE1,7.071005821228027
OE2,5.204365253448486
OG,4.335294723510742
OG1,3.5909199714660645
N,2.8465466499328613
NE,2.102179765701294
NE1,2.7309439182281494
NE2,3.7520217895507812
ND1,4.773097991943359
ND2,5.7941508293151855
NZ,6.0593461990356445
NH1,5.946535110473633
NH2,5.8337788581848145
SD,5.720968723297119
SG,5.6708664894104
UNKNOWN,5.6708664894104
