atom_index,is_real_atom,atom_type_from_onehot,importance
0,1,CB,8.214301109313965
1,1,CD1,8.214301109313965
2,1,CB,8.466373443603516
3,1,CG1,8.9993257522583
4,1,CG2,9.532280921936035
5,1,CD1,10.065231323242188
6,1,CD2,10.391714096069336
7,1,CE1,10.431798934936523
8,1,CE2,10.47188663482666
9,1,CZ,10.511971473693848
10,1,O,10.696786880493164
11,1,CG,11.13353157043457
12,1,CD1,11.570277214050293
13,1,CD2,12.007022857666016
14,1,O,12.363975524902344
15,1,CB,12.543992042541504
16,1,CA,12.724010467529297
17,1,C,12.90402889251709
18,1,O,12.95981216430664
19,1,CB,12.655975341796875
20,1,CG,12.352136611938477
21,1,N,12.048300743103027
22,1,CA,11.714983940124512
23,1,CB,11.265718460083008
24,1,CG,10.81645393371582
25,1,CD1,10.367191314697266
26,1,CE1,9.83195972442627
27,1,CB,8.804378509521484
28,1,CD2,7.776797771453857
