atom_type,importance_sum
C,8.007600784301758
CA,8.007600784301758
CB,8.762212753295898
CD,10.460097312927246
CD1,12.157983779907227
CD2,13.855874061584473
CE,14.961437225341797
CE1,14.882247924804688
CE2,14.802962303161621
CE3,14.723773002624512
CG,14.59929084777832
CG1,14.316179275512695
CG2,14.033068656921387
CH2,13.749958992004395
CZ,13.540441513061523
CZ2,13.919665336608887
CZ3,14.298887252807617
O,14.678114891052246
OH,15.057337760925293
OD1,14.0137357711792
OD2,12.970133781433105
OE1,11.926535606384277
OE2,10.88293170928955
OG,10.503209114074707
OG1,10.206474304199219
N,9.909735679626465
NE,9.61299991607666
NE1,8.964058876037598
NE2,8.214532852172852
ND1,7.465005874633789
ND2,6.715476989746094
NZ,6.937207221984863
NH1,7.644489765167236
NH2,8.35177230834961
SD,9.059094429016113
SG,9.373442649841309
UNKNOWN,9.373442649841309
