atom_type,importance
C,0.12405011802911758
CA,0.12405011802911758
CB,0.13756462931632996
CD,0.1679721474647522
CD1,0.1983805149793625
CD2,0.22878728806972504
CE,0.2458050549030304
CE1,0.2360403686761856
CE2,0.2262757569551468
CE3,0.21651196479797363
CG,0.21076153218746185
CG1,0.21905960142612457
CG2,0.2273576557636261
CH2,0.23565569519996643
CZ,0.24421504139900208
CZ2,0.2548644244670868
CZ3,0.2655138373374939
O,0.2761632204055786
OH,0.2868126928806305
OD1,0.28286534547805786
OD2,0.2789180278778076
OE1,0.27497076988220215
OE2,0.27102339267730713
OG,0.268698513507843
OG1,0.26657646894454956
N,0.26445433497428894
NE,0.26233237981796265
NE1,0.26896873116493225
NE2,0.2781078815460205
ND1,0.287246972322464
ND2,0.2963859438896179
NZ,0.2925010621547699
NH1,0.28210413455963135
NH2,0.271707147359848
SD,0.2613120377063751
SG,0.25669151544570923
UNKNOWN,0.25669151544570923
