atom_type,importance
C,0.14048483967781067
CA,0.14048483967781067
CB,0.14367228746414185
CD,0.15084491670131683
CD1,0.15801754593849182
CD2,0.16519016027450562
CE,0.1706697791814804
CE1,0.17276589572429657
CE2,0.17486199736595154
CE3,0.1769580990076065
CG,0.18229110538959503
CG1,0.19895438849925995
CG2,0.21561749279499054
CH2,0.23227986693382263
CZ,0.24782012403011322
CZ2,0.25437554717063904
CZ3,0.2609309256076813
O,0.2674863636493683
OH,0.2740418612957001
OD1,0.24883125722408295
OD2,0.22362060844898224
OE1,0.19841121137142181
OE2,0.1732005625963211
OG,0.17371082305908203
OG1,0.1774362176656723
N,0.18116158246994019
NE,0.18488694727420807
NE1,0.18406392633914948
NE2,0.18194223940372467
ND1,0.17982058227062225
ND2,0.17769894003868103
NZ,0.1865624040365219
NH1,0.20091849565505981
NH2,0.21527570486068726
SD,0.22963149845600128
SG,0.2360122948884964
UNKNOWN,0.2360123246908188
