atom_index,is_real_atom,atom_type_from_onehot,importance
0,1,CE2,7.547543525695801
1,1,CZ,7.547543525695801
2,1,CE1,7.54548454284668
3,1,CZ,7.541130542755127
4,1,CD1,7.536776065826416
5,1,CD2,7.532421112060547
6,1,CD2,7.577966690063477
7,1,CG,7.692728042602539
8,1,CD1,7.807489395141602
9,1,CD2,7.922251224517822
10,1,CA,8.025440216064453
11,1,C,8.10848617553711
12,1,O,8.191532135009766
13,1,CB,8.274578094482422
14,1,CG1,8.313702583312988
15,1,CG2,8.255428314208984
16,1,CA,8.19715690612793
17,1,C,8.138884544372559
18,1,O,7.949295520782471
19,1,CB,7.379579067230225
20,1,SG,6.809860706329346
21,1,N,6.240145683288574
22,1,CA,5.779622554779053
23,1,C,5.748600959777832
24,1,CB,5.717577934265137
25,1,CG,5.686556339263916
26,1,CD1,5.709238052368164
27,1,CD2,6.039496421813965
28,1,CE1,6.369755268096924
29,1,CE2,6.700014114379883
30,1,CZ,7.022424697875977
31,1,CA,7.269713401794434
32,1,C,7.517004013061523
33,1,O,7.7642927169799805
34,1,CB,8.006935119628906
35,1,CG,8.13962173461914
36,1,CD2,8.272306442260742
37,1,CE2,8.40499210357666
38,1,N,8.537677764892578
39,1,CA,8.082097053527832
40,1,CB,7.618460655212402
41,1,SG,7.154822826385498
42,1,SG,6.691184997558594
