atom_type,importance_sum
C,9.777826309204102
CA,9.777826309204102
CB,9.647902488708496
CD,9.35567569732666
CD1,9.063389778137207
CD2,8.771139144897461
CE,8.67092514038086
CE1,8.95478343963623
CE2,9.238658905029297
CE3,9.522480010986328
CG,9.7151460647583
CG1,9.588560104370117
CG2,9.4619722366333
CH2,9.335386276245117
CZ,9.364917755126953
CZ2,10.643380165100098
CZ3,11.921849250793457
O,13.200312614440918
OH,14.478779792785645
OD1,14.322092056274414
OD2,14.165404319763184
OE1,14.00871467590332
OE2,13.852027893066406
OG,13.462882995605469
OG1,13.044684410095215
N,12.626481056213379
NE,12.208280563354492
NE1,13.026902198791504
NE2,14.198963165283203
ND1,15.371020317077637
ND2,16.542997360229492
NZ,16.376338958740234
NH1,15.540301322937012
NH2,14.704257011413574
SD,13.868128776550293
SG,13.49658489227295
UNKNOWN,13.49658489227295
