atom_index,is_real_atom,atom_type_from_onehot,importance
0,1,CD1,8.246731758117676
1,1,CG,8.246731758117676
2,1,CD1,8.584994316101074
3,1,CD2,9.300178527832031
4,1,CE1,10.015362739562988
5,1,CE2,10.730546951293945
6,1,CZ,11.169412612915039
7,1,OH,11.22499942779541
8,1,C,11.280587196350098
9,1,O,11.336176872253418
10,1,OD1,11.172310829162598
11,1,ND2,10.626436233520508
12,1,N,10.080560684204102
13,1,CA,9.534686088562012
14,1,C,9.039286613464355
15,1,O,8.655816078186035
16,1,CB,8.272345542907715
17,1,CG,7.888875484466553
18,1,CD1,7.626718044281006
19,1,CD2,7.715732574462891
20,1,CE1,7.804744720458984
21,1,CE2,7.89375638961792
22,1,CZ,7.993737697601318
23,1,OH,8.136855125427246
24,1,CA,8.2799711227417
25,1,C,8.423089981079102
26,1,O,8.56785774230957
27,1,CB,8.722076416015625
28,1,N,8.876297950744629
29,1,CA,9.030517578125
30,1,O,9.166023254394531
31,1,CB,9.122404098510742
32,1,CG,9.078784942626953
33,1,C,9.03516674041748
34,1,O,8.994540214538574
35,1,CB,9.024754524230957
36,1,N,9.054969787597656
37,1,CA,9.085184097290039
38,1,CB,9.115398406982422
39,1,CG,8.740095138549805
40,1,CD,8.359236717224121
41,1,CE,7.978376865386963
