atom_type,importance_sum
C,9.267955780029297
CA,9.267955780029297
CB,9.444543838500977
CD,9.84180736541748
CD1,10.239083290100098
CD2,10.636407852172852
CE,11.006682395935059
CE1,11.323113441467285
CE2,11.639545440673828
CE3,11.95606517791748
CG,12.280725479125977
CG1,12.634139060974121
CG2,12.987550735473633
CH2,13.34096622467041
CZ,13.742426872253418
CZ2,14.5282564163208
CZ3,15.314085960388184
O,16.099916458129883
OH,16.885744094848633
OD1,17.484525680541992
OD2,18.08330535888672
OE1,18.682085037231445
OE2,19.28086280822754
OG,19.275678634643555
OG1,19.194997787475586
N,19.11431121826172
NE,19.03363037109375
NE1,18.493276596069336
NE2,17.821529388427734
ND1,17.149776458740234
ND2,16.478111267089844
NZ,16.108131408691406
NH1,15.888917922973633
NH2,15.669787406921387
SD,15.450576782226562
SG,15.353147506713867
UNKNOWN,15.353147506713867
