atom_index,is_real_atom,atom_type_from_onehot,importance
0,1,CG1,7.628517150878906
1,1,CG2,7.628517150878906
2,1,CD1,7.5325236320495605
3,1,CB,7.329563140869141
4,1,OG,7.126605033874512
5,1,CD2,6.923645973205566
6,1,CE1,6.623035907745361
7,1,CE2,6.18697452545166
8,1,CZ,5.750912666320801
9,1,O,5.3148512840271
10,1,CB,5.043985366821289
11,1,CG,5.060685157775879
12,1,CD1,5.077383518218994
13,1,CD2,5.094081878662109
14,1,CE1,5.112888336181641
15,1,CZ,5.136371612548828
16,1,CD1,5.159853935241699
17,1,N,5.18333625793457
18,1,CA,5.178070068359375
19,1,CB,5.089582920074463
20,1,OG1,5.001093864440918
21,1,CG2,4.9126057624816895
22,1,CG,4.879261493682861
23,1,CD1,5.062812805175781
24,1,CD2,5.246363162994385
25,1,NE1,5.429914474487305
26,1,CE2,5.647031784057617
27,1,CE3,6.056393146514893
28,1,CZ2,6.465755939483643
29,1,CZ3,6.875117301940918
30,1,CH2,7.247995853424072
31,1,CZ,7.271671772003174
32,1,NH1,7.295348644256592
33,1,NH2,7.31902551651001
34,1,OG,7.343932628631592
35,1,CG2,7.397956848144531
36,1,CA,7.451979160308838
37,1,C,7.5060038566589355
38,1,O,7.560028076171875
39,1,CB,7.350337505340576
40,1,CG1,7.137035369873047
41,1,CG2,6.923732280731201
42,1,CB,6.710430145263672
43,1,OG,6.534935474395752
44,1,CA,6.362181663513184
45,1,O,6.189425945281982
46,1,CB,6.016671657562256
47,1,OG1,5.964079856872559
48,1,CG2,5.928125858306885
49,1,CB,5.892172813415527
50,1,CG1,5.856219291687012
51,1,CG2,6.059866428375244
52,1,CD1,6.314577102661133
53,1,CA,6.5692877769470215
54,1,CD1,6.823997497558594
55,1,CE1,6.863012790679932
56,1,CZ,6.837698459625244
57,1,CB,6.812384605407715
58,1,OG,6.787070274353027
59,1,CB,6.954735279083252
60,1,CG1,7.198862552642822
61,1,CG2,7.442990303039551
62,1,CD1,7.687118053436279
63,1,CA,7.557681083679199
64,1,C,7.237650394439697
65,1,O,6.9176177978515625
66,1,CB,6.597587585449219
67,1,OG,6.623974800109863
68,1,N,6.873610019683838
69,1,CA,7.1232452392578125
70,1,CG,7.372878551483154
71,1,CD,7.427238464355469
72,1,OE1,7.324423789978027
73,1,CA,7.2216081619262695
74,1,C,7.11879301071167
75,1,O,6.988099575042725
76,1,CB,6.829526901245117
77,1,CG,6.67095422744751
78,1,N,6.5123820304870605
79,1,CA,6.332266807556152
80,1,C,6.1253886222839355
