atom_type,importance_sum
C,12.017631530761719
CA,12.017631530761719
CB,12.00908088684082
CD,11.989797592163086
CD1,11.97056770324707
CD2,11.951336860656738
CE,12.041755676269531
CE1,12.351425170898438
CE2,12.66114330291748
CE3,12.970863342285156
CG,13.305547714233398
CG1,13.727556228637695
CG2,14.14956283569336
CH2,14.571566581726074
CZ,15.158361434936523
CZ2,17.063486099243164
CZ3,18.96860122680664
O,20.873722076416016
OH,22.77884292602539
OD1,22.03279685974121
OD2,21.286754608154297
OE1,20.540708541870117
OE2,19.794658660888672
OG,20.532636642456055
OG1,21.456130981445312
N,22.379621505737305
NE,23.303102493286133
NE1,23.406627655029297
NE2,23.27589988708496
ND1,23.145187377929688
ND2,23.014463424682617
NZ,22.12386703491211
NH1,20.85332489013672
NH2,19.5828914642334
SD,18.312360763549805
SG,17.747652053833008
UNKNOWN,17.747652053833008
