atom_type,importance_sum
C,3.537214994430542
CA,3.537214994430542
CB,3.7689430713653564
CD,4.290316581726074
CD1,4.811690330505371
CD2,5.333098411560059
CE,5.864295482635498
CE1,6.4151387214660645
CE2,6.965981483459473
CE3,7.516856670379639
CG,8.509806632995605
CG1,11.050025939941406
CG2,13.590248107910156
CH2,16.130420684814453
CZ,18.474224090576172
CZ2,19.24692153930664
CZ3,20.019617080688477
O,20.79231071472168
OH,21.565004348754883
OD1,18.750627517700195
OD2,15.93631649017334
OE1,13.121936798095703
OE2,10.307557106018066
OG,10.072319030761719
OG1,10.159473419189453
N,10.246625900268555
NE,10.333785057067871
NE1,10.01003646850586
NE2,9.568926811218262
ND1,9.127819061279297
ND2,8.686712265014648
NZ,8.63271427154541
NH1,8.772336959838867
NH2,8.91188907623291
SD,9.05151081085205
SG,9.113525390625
UNKNOWN,9.113525390625
