atom_type,importance
C,0.09331639856100082
CA,0.09331639856100082
CB,0.09867171198129654
CD,0.11072135716676712
CD1,0.12277103215456009
CD2,0.13482068479061127
CE,0.14439097046852112
CE1,0.14900264143943787
CE2,0.1536131054162979
CE3,0.15822362899780273
CG,0.15997429192066193
CG1,0.15171264111995697
CG2,0.14345094561576843
CH2,0.1351892650127411
CZ,0.12882965803146362
CZ2,0.1376868635416031
CZ3,0.14654400944709778
O,0.15540114045143127
OH,0.16425830125808716
OD1,0.16952314972877502
OD2,0.17478793859481812
OE1,0.1800527572631836
OE2,0.18531757593154907
OG,0.1857651323080063
OG1,0.1856105476617813
N,0.18545597791671753
NE,0.18530139327049255
NE1,0.1838352233171463
NE2,0.18199385702610016
ND1,0.18015237152576447
ND2,0.1783110499382019
NZ,0.18090514838695526
NH1,0.18571583926677704
NH2,0.1905265599489212
SD,0.19533602893352509
SG,0.19747430086135864
UNKNOWN,0.19747430086135864
