atom_index,is_real_atom,atom_type_from_onehot,importance
0,1,OG,7.85966682434082
1,1,CA,7.85966682434082
2,1,O,7.862323760986328
3,1,CB,7.867941856384277
4,1,CA,7.873559474945068
5,1,C,7.879177093505859
6,1,CB,7.943561553955078
7,1,CG,8.089463233947754
8,1,CD1,8.23536491394043
9,1,N,8.381265640258789
10,1,CG,8.57726001739502
11,1,CD2,8.860454559326172
12,1,CD1,9.14365005493164
13,1,CE1,9.426846504211426
14,1,CZ,9.632946968078613
15,1,CB,9.668097496032715
16,1,CG,9.70324993133545
17,1,O,9.7384033203125
18,1,CB,9.762350082397461
19,1,O,9.753865242004395
20,1,CA,9.745379447937012
21,1,C,9.736892700195312
22,1,CB,9.660873413085938
23,1,CG,9.319219589233398
24,1,N,8.97756576538086
25,1,CA,8.635912895202637
26,1,C,8.287032127380371
27,1,O,7.89675235748291
28,1,CB,7.506471633911133
29,1,OG,7.116191864013672
30,1,N,6.723352432250977
31,1,CB,6.306011199951172
32,1,CG,5.888669013977051
33,1,CD1,5.471328258514404
34,1,CD2,5.067609786987305
35,1,NE1,4.9863152503967285
36,1,CE2,4.905020236968994
37,1,CE3,4.823724269866943
38,1,CZ2,4.742428779602051
39,1,CZ3,4.890736103057861
40,1,CH2,5.042186737060547
41,1,CD1,5.193638324737549
42,1,NE1,5.345089435577393
43,1,CE2,5.523183822631836
44,1,CZ2,5.703208923339844
45,1,O,5.883233547210693
46,1,N,6.063257217407227
47,1,CA,6.439725875854492
48,1,C,6.843390941619873
49,1,O,7.247058391571045
50,1,CB,7.650726318359375
51,1,OG1,7.800561904907227
52,1,N,7.896303176879883
53,1,CA,7.992044448852539
54,1,CB,8.087785720825195
55,1,OG1,7.414565086364746
56,1,CG2,6.512009143829346
