atom_type,importance
C,0.08472398668527603
CA,0.08472398668527603
CB,0.08285326510667801
CD,0.07864388078451157
CD1,0.07443451881408691
CD2,0.07022514194250107
CE,0.06927557289600372
CE1,0.07484641671180725
CE2,0.08041729032993317
CE3,0.0859876498579979
CG,0.09178448468446732
CG1,0.0983729213476181
CG2,0.10496135801076889
CH2,0.11154979467391968
CZ,0.11966464668512344
CZ2,0.13999097049236298
CZ3,0.16031724214553833
O,0.18064354360103607
OH,0.200969859957695
OD1,0.20049430429935455
OD2,0.2000187635421753
OE1,0.1995432823896408
OE2,0.19906768202781677
OG,0.1939881592988968
OG1,0.18833310902118683
N,0.1826779991388321
NE,0.17702297866344452
NE1,0.19477099180221558
NE2,0.21920624375343323
ND1,0.24364039301872253
ND2,0.2680765390396118
NZ,0.26421719789505005
NH1,0.2462119609117508
NH2,0.22820530831813812
SD,0.2101995050907135
SG,0.20219668745994568
UNKNOWN,0.20219668745994568
