atom_index,is_real_atom,atom_type_from_onehot,importance
0,1,CG,8.420129776000977
1,1,CB,8.420129776000977
2,1,CG2,8.778947830200195
3,1,CD1,9.537590980529785
4,1,CG,10.296231269836426
5,1,CD2,11.054874420166016
6,1,O,11.403660774230957
7,1,CB,11.183937072753906
8,1,OG1,10.964213371276855
9,1,CG2,10.744490623474121
10,1,CA,10.431684494018555
11,1,C,9.956847190856934
12,1,O,9.482009887695312
13,1,CB,9.007172584533691
14,1,CG,8.563299179077148
15,1,CD,8.188077926635742
16,1,N,7.812856674194336
17,1,CA,7.437636375427246
18,1,C,7.1642231941223145
19,1,O,7.185515880584717
20,1,N,7.206809997558594
21,1,CA,7.228102207183838
22,1,CB,7.262680530548096
23,1,CG,7.349513053894043
24,1,CD1,7.436344146728516
25,1,NE1,7.523176193237305
26,1,OG,7.591248989105225
27,1,CG,7.551888942718506
28,1,CD1,7.512527942657471
29,1,CD2,7.473167896270752
