atom_type,importance_sum
C,5.795956611633301
CA,5.795956611633301
CB,6.042600154876709
CD,6.59758186340332
CD1,7.15256404876709
CD2,7.707545280456543
CE,8.45268726348877
CE1,9.578283309936523
CE2,10.703786849975586
CE3,11.829288482666016
CG,12.60663890838623
CG1,12.165262222290039
CG2,11.723884582519531
CH2,11.282508850097656
CZ,10.868379592895508
CZ2,10.672243118286133
CZ3,10.476106643676758
O,10.2799711227417
OH,10.083830833435059
OD1,9.35695743560791
OD2,8.630082130432129
OE1,7.903253078460693
OE2,7.176379203796387
OG,7.380504131317139
OG1,7.701005935668945
N,8.02150821685791
NE,8.341961860656738
NE1,8.099750518798828
NE2,7.696730613708496
ND1,7.293684482574463
ND2,6.890687942504883
NZ,6.7195611000061035
NH1,6.664442539215088
NH2,6.609323978424072
SD,6.554157733917236
SG,6.529665946960449
UNKNOWN,6.529665946960449
