atom_index,is_real_atom,atom_type_from_onehot,importance
0,1,CB,9.647956848144531
1,1,SG,9.647956848144531
2,1,SD,9.821759223937988
3,1,CE,10.189228057861328
4,1,CG,10.556695938110352
5,1,CD1,10.924163818359375
6,1,CD2,10.873244285583496
7,1,CG2,10.241981506347656
8,1,CD1,9.61072063446045
9,1,CD1,8.979455947875977
10,1,O,8.525158882141113
11,1,CB,8.378914833068848
12,1,CG,8.23266887664795
13,1,CD1,8.08642292022705
14,1,CD2,8.035483360290527
15,1,CE1,8.195870399475098
16,1,CE2,8.356256484985352
17,1,CZ,8.516641616821289
18,1,OH,8.75991153717041
19,1,CG1,9.243101119995117
20,1,O,9.72629165649414
21,1,CG1,10.209481239318848
22,1,CD1,10.647164344787598
23,1,CA,10.905845642089844
24,1,C,11.164525985717773
25,1,O,11.42320728302002
26,1,CB,11.56950569152832
27,1,SG,11.072154998779297
28,1,N,10.574803352355957
29,1,CA,10.077452659606934
30,1,CG2,9.541814804077148
31,1,CD1,8.639726638793945
32,1,CG1,7.737637519836426
