atom_index,is_real_atom,atom_type_from_onehot,importance
0,1,CG,9.934257507324219
1,1,CD1,9.934257507324219
2,1,CD2,10.191404342651367
3,1,C,10.735084533691406
4,1,O,11.278764724731445
5,1,CB,11.8224458694458
6,1,OG1,11.932941436767578
7,1,CG2,11.44256591796875
8,1,CG,10.952189445495605
9,1,CD1,10.461814880371094
10,1,CG,10.084054946899414
11,1,CD2,9.902322769165039
12,1,CA,9.72059440612793
13,1,CB,9.538863182067871
14,1,CE1,9.336518287658691
15,1,CE2,9.088460922241211
16,1,CZ,8.840400695800781
17,1,OH,8.592342376708984
18,1,CG,8.469944953918457
19,1,CD1,8.71130084991455
20,1,CD2,8.952658653259277
21,1,CG,9.194015502929688
22,1,SD,9.387215614318848
23,1,CG,9.391000747680664
24,1,CD1,9.394783973693848
25,1,CD2,9.398569107055664
26,1,CB,9.30372428894043
27,1,CG,8.644002914428711
28,1,CE1,7.984282493591309
29,1,CZ,7.324563026428223
