atom_type,importance_sum
C,4.069289207458496
CA,4.069289207458496
CB,4.587646961212158
CD,5.753955841064453
CD1,6.920249938964844
CD2,8.086545944213867
CE,9.367443084716797
CE1,10.877584457397461
CE2,12.38763427734375
CE3,13.897775650024414
CG,15.414644241333008
CG1,16.95524024963379
CG2,18.49582862854004
CH2,20.036422729492188
CZ,21.274967193603516
CZ2,20.097110748291016
CZ3,18.919254302978516
O,17.741395950317383
OH,16.563541412353516
OD1,14.988746643066406
OD2,13.413960456848145
OE1,11.839168548583984
OE2,10.264378547668457
OG,9.379308700561523
OG1,8.580484390258789
N,7.781648635864258
NE,6.982795715332031
NE1,6.3452677726745605
NE2,5.75385856628418
ND1,5.1624016761779785
ND2,4.570992469787598
NZ,5.277110576629639
NH1,6.63201904296875
NH2,7.986935615539551
SD,9.341818809509277
SG,9.943990707397461
UNKNOWN,9.943990707397461
