atom_index,is_real_atom,atom_type_from_onehot,importance
0,1,CE1,11.836065292358398
1,1,CA,11.836065292358398
2,1,C,12.137044906616211
3,1,O,12.773401260375977
4,1,CB,13.409759521484375
5,1,N,14.04611587524414
6,1,CA,14.240614891052246
7,1,C,13.822216033935547
8,1,O,13.403818130493164
9,1,CB,12.985418319702148
10,1,CG1,12.674654960632324
11,1,N,12.551251411437988
12,1,CA,12.427848815917969
13,1,C,12.30444622039795
14,1,O,12.119060516357422
15,1,N,11.796235084533691
16,1,CA,11.473405838012695
17,1,C,11.150581359863281
18,1,O,10.965733528137207
19,1,CB,11.180299758911133
20,1,CG1,11.394866943359375
21,1,CG2,11.609434127807617
22,1,CA,11.744593620300293
23,1,CB,11.567426681518555
24,1,OG,11.39026165008545
25,1,CG1,11.213091850280762
26,1,CD1,10.926730155944824
27,1,CD1,10.014973640441895
