atom_type,importance
C,0.13312889635562897
CA,0.13312889635562897
CB,0.13403062522411346
CD,0.13605940341949463
CD1,0.1380881816148758
CD2,0.14011698961257935
CE,0.1370842009782791
CE1,0.12392818182706833
CE2,0.11077236384153366
CE3,0.09761668741703033
CG,0.09521837532520294
CG1,0.13047142326831818
CG2,0.1657244861125946
CH2,0.20097750425338745
CZ,0.23343835771083832
CZ2,0.2435617297887802
CZ3,0.25368520617485046
O,0.26380857825279236
OH,0.27393200993537903
OD1,0.25513067841529846
OD2,0.2363293170928955
OE1,0.21752800047397614
OE2,0.19872668385505676
OG,0.18833917379379272
OG1,0.17900337278842926
N,0.1696675717830658
NE,0.1603318601846695
NE1,0.15849456191062927
NE2,0.1587987095117569
ND1,0.15910384058952332
ND2,0.15940789878368378
NZ,0.15375877916812897
NH1,0.1451309770345688
NH2,0.13650421798229218
SD,0.12787656486034393
SG,0.12404254823923111
UNKNOWN,0.12404254823923111
