atom_index,is_real_atom,atom_type_from_onehot,importance
0,1,O,9.453451156616211
1,1,CG,9.453451156616211
2,1,CD,9.779258728027344
3,1,NE,10.468109130859375
4,1,CZ,11.156960487365723
5,1,NH1,11.845810890197754
6,1,CD1,12.159948348999023
7,1,CE1,11.954326629638672
8,1,C,11.74870491027832
9,1,O,11.543085098266602
10,1,CB,11.350341796875
11,1,CG1,11.180020332336426
12,1,CG2,11.009696006774902
13,1,CB,10.839372634887695
14,1,CG,10.723523139953613
15,1,OD1,10.72846508026123
16,1,ND2,10.733404159545898
17,1,CD1,10.73834228515625
18,1,O,10.621811866760254
19,1,CG,10.153655052185059
20,1,CD1,9.68549919128418
21,1,CD2,9.2173433303833
22,1,CG2,8.726890563964844
23,1,CG,8.148736000061035
24,1,CD1,7.570581912994385
25,1,CD2,6.992428779602051
