atom_index,is_real_atom,atom_type_from_onehot,importance
0,1,CE2,6.5565900802612305
1,1,CZ,6.5565900802612305
2,1,CE1,6.702233791351318
3,1,CZ,7.010166168212891
4,1,CD1,7.318098545074463
5,1,CD2,7.6260294914245605
6,1,CD2,7.777641296386719
7,1,CD1,7.712419033050537
8,1,CD2,7.647197723388672
9,1,CA,7.581975936889648
10,1,O,7.502985000610352
11,1,CB,7.400029182434082
12,1,CG1,7.297074317932129
13,1,CG2,7.194119453430176
14,1,C,6.9384050369262695
15,1,O,6.343966484069824
16,1,CB,5.749526023864746
17,1,SG,5.155086040496826
18,1,N,4.699433326721191
19,1,CA,4.645535469055176
20,1,C,4.59163761138916
21,1,CB,4.5377397537231445
22,1,CG,4.498782157897949
23,1,CD1,4.518587589263916
24,1,CD2,4.538392066955566
25,1,CE1,4.558197975158691
26,1,CE2,4.5966596603393555
27,1,CZ,4.741974353790283
28,1,CA,4.887289524078369
29,1,C,5.032603740692139
30,1,O,5.169779300689697
31,1,CB,5.229054927825928
32,1,CG,5.288331985473633
33,1,CD2,5.3476080894470215
34,1,CE2,5.39360237121582
35,1,N,5.125275611877441
36,1,CA,4.856949806213379
37,1,CB,4.588622093200684
38,1,SG,4.3202948570251465
