atom_type,importance
C,0.09273847937583923
CA,0.09273847937583923
CB,0.10008647292852402
CD,0.11662004142999649
CD1,0.13315296173095703
CD2,0.14968588948249817
CE,0.1589665412902832
CE1,0.15373767912387848
CE2,0.14851003885269165
CE3,0.14328239858150482
CG,0.13926267623901367
CG1,0.13947303593158722
CG2,0.13968341052532196
CH2,0.13989374041557312
CZ,0.1409291923046112
CZ2,0.14856509864330292
CZ3,0.15620096027851105
O,0.16383685171604156
OH,0.1714727282524109
OD1,0.17064177989959717
OD2,0.16981080174446106
OE1,0.16897983849048615
OE2,0.16814890503883362
OG,0.16197167336940765
OG1,0.15512613952159882
N,0.14828065037727356
NE,0.1414351612329483
NE1,0.13597822189331055
NE2,0.13091906905174255
ND1,0.12585869431495667
ND2,0.12079960852861404
NZ,0.11958201229572296
NH1,0.12028706818819046
NH2,0.12099175900220871
SD,0.12169643491506577
SG,0.12200938165187836
UNKNOWN,0.12200938165187836
