atom_index,is_real_atom,atom_type_from_onehot,importance
0,1,CG,5.834405899047852
1,1,CD1,5.834405899047852
2,1,CE1,5.618302345275879
3,1,CZ,5.161400318145752
4,1,C,4.704497337341309
5,1,O,4.247595310211182
6,1,CB,3.947371244430542
7,1,CG,3.8644752502441406
8,1,CD1,3.7815792560577393
9,1,N,3.698683023452759
10,1,CA,3.6670403480529785
11,1,CG,3.7246134281158447
12,1,CD2,3.782186985015869
13,1,CB,3.8397603034973145
14,1,CG,3.867926836013794
15,1,CD1,3.8308839797973633
16,1,CD2,3.793842315673828
17,1,CD1,3.7568001747131348
18,1,C,3.7495265007019043
19,1,O,3.8284239768981934
20,1,CB,3.9073216915130615
21,1,CG,3.9862191677093506
22,1,CD1,4.04931640625
23,1,CD2,4.050265789031982
24,1,CE1,4.051215171813965
25,1,CE2,4.052164554595947
26,1,CZ,4.016080379486084
27,1,CA,3.767893075942993
28,1,C,3.5197055339813232
29,1,O,3.2715187072753906
30,1,CB,3.036292552947998
31,1,N,2.9251205921173096
32,1,CA,2.8139488697052
33,1,CG,2.7027769088745117
34,1,CD,2.606578826904297
35,1,CB,2.864746570587158
36,1,CG,3.122913360595703
37,1,CD1,3.3810815811157227
38,1,CD2,3.639249324798584
39,1,CE1,3.623587131500244
40,1,CE2,3.6041741371154785
41,1,CZ,3.584761381149292
42,1,OH,3.5653483867645264
43,1,C,3.442734479904175
44,1,O,3.312643051147461
45,1,CB,3.1825509071350098
46,1,CG,3.052459239959717
47,1,OD1,2.7962911128997803
48,1,OD2,2.52266788482666
49,1,N,2.2490432262420654
50,1,CA,1.9754189252853394
51,1,CB,1.9046642780303955
52,1,CG1,1.8771439790725708
53,1,CG2,1.8496235609054565
54,1,CD1,1.8221031427383423
55,1,CB,1.8768824338912964
56,1,CG1,1.956206202507019
57,1,CG2,2.0355310440063477
58,1,CD1,2.1148550510406494
59,1,CD2,2.2209665775299072
60,1,CE1,2.33769154548645
61,1,CE2,2.4544169902801514
62,1,CZ,2.5711421966552734
63,1,CE1,2.486496925354004
64,1,CZ,2.2991135120391846
65,1,CD2,2.111729383468628
