atom_type,importance_sum
C,1.0139566659927368
CA,1.0139566659927368
CB,1.1058616638183594
CD,1.3126449584960938
CD1,1.5194276571273804
CD2,1.726218581199646
CE,1.9263542890548706
CE1,2.1132051944732666
CE2,2.300050973892212
CE3,2.4869070053100586
CG,3.0559165477752686
CG1,4.962529182434082
CG2,6.869130611419678
CH2,8.775727272033691
CZ,10.721052169799805
CZ2,12.976155281066895
CZ3,15.231256484985352
O,17.486360549926758
OH,19.741466522216797
OD1,17.10024642944336
OD2,14.459009170532227
OE1,11.81778335571289
OE2,9.176558494567871
OG,8.282634735107422
OG1,7.607125282287598
N,6.931614875793457
NE,6.256109237670898
NE1,6.05219030380249
NE2,5.982997894287109
ND1,5.913839340209961
ND2,5.8446760177612305
NZ,5.478841304779053
NH1,4.964681148529053
NH2,4.450521945953369
SD,3.9363625049591064
SG,3.7078514099121094
UNKNOWN,3.7078514099121094
