atom_type,importance_sum
C,2.7546091079711914
CA,2.7546091079711914
CB,3.164058208465576
CD,4.085338592529297
CD1,5.006628513336182
CD2,5.927921772003174
CE,6.8308329582214355
CE1,7.697044849395752
CE2,8.563209533691406
CE3,9.429471015930176
CG,10.42822551727295
CG1,11.891095161437988
CG2,13.35396671295166
CH2,14.816832542419434
CZ,16.143695831298828
CZ2,16.38252830505371
CZ3,16.621362686157227
O,16.860197067260742
OH,17.099029541015625
OD1,15.904369354248047
OD2,14.709707260131836
OE1,13.515039443969727
OE2,12.320377349853516
OG,11.66574764251709
OG1,11.078621864318848
N,10.491497039794922
NE,9.90437126159668
NE1,10.756553649902344
NE2,12.020061492919922
ND1,13.28347110748291
ND2,14.54688549041748
NZ,15.539311408996582
NH1,16.39614486694336
NH2,17.253028869628906
SD,18.109882354736328
SG,18.490663528442383
UNKNOWN,18.490663528442383
