atom_index,is_real_atom,atom_type_from_onehot,importance
0,1,CE1,7.411584854125977
1,1,CA,7.411584854125977
2,1,C,7.27140474319458
3,1,O,6.9750237464904785
4,1,CB,6.678644180297852
5,1,N,6.382264137268066
6,1,CA,6.166204452514648
7,1,C,6.0615553855896
8,1,O,5.956907272338867
9,1,CB,5.852259635925293
10,1,CG1,5.666945934295654
11,1,CG2,5.341217041015625
12,1,CD1,5.015485763549805
13,1,N,4.689756393432617
14,1,CA,4.478002548217773
15,1,C,4.518979549407959
16,1,O,4.559955596923828
17,1,N,4.600931167602539
18,1,CA,4.596504211425781
19,1,C,4.460647106170654
20,1,O,4.324789047241211
21,1,CB,4.188931465148926
22,1,CG1,4.09909200668335
23,1,CG2,4.190256118774414
24,1,N,4.281420707702637
25,1,N,4.372584819793701
26,1,CA,4.454401969909668
27,1,C,4.482687473297119
28,1,O,4.510971546173096
29,1,CB,4.539257049560547
30,1,OG,4.547252178192139
31,1,N,4.361043930053711
32,1,CA,4.174834728240967
33,1,CB,3.988626480102539
34,1,CG1,3.8207952976226807
35,1,CG2,4.087902545928955
36,1,CD1,4.355008125305176
37,1,CB,4.622115135192871
38,1,CG1,4.889222145080566
39,1,CG2,4.733388423919678
40,1,CD1,4.571763515472412
41,1,CD2,4.410137176513672
42,1,CE1,4.248510837554932
43,1,CE2,3.812425374984741
44,1,CZ,3.356454372406006
