atom_type,importance_sum
C,4.9055280685424805
CA,4.9055280685424805
CB,5.260686874389648
CD,6.059833526611328
CD1,6.858982086181641
CD2,7.6580891609191895
CE,8.095779418945312
CE1,7.8105363845825195
CE2,7.52528715133667
CE3,7.240039348602295
CG,7.04138708114624
CG1,7.145878791809082
CG2,7.250372409820557
CH2,7.354865074157715
CZ,7.463380336761475
CZ2,7.604065418243408
CZ3,7.744751453399658
O,7.885437965393066
OH,8.026123046875
OD1,6.657963275909424
OD2,5.289801597595215
OE1,3.921663284301758
OE2,2.553502082824707
OG,3.1632330417633057
OG1,4.020201206207275
N,4.877148151397705
NE,5.734116554260254
NE1,6.941036701202393
NE2,8.247943878173828
ND1,9.554807662963867
ND2,10.861674308776855
NZ,10.745388984680176
NH1,9.917450904846191
NH2,9.08951473236084
SD,8.261540412902832
SG,7.893562316894531
UNKNOWN,7.893562316894531
