atom_type,importance
C,0.08810333162546158
CA,0.08810333162546158
CB,0.091924749314785
CD,0.10052381455898285
CD1,0.1091223880648613
CD2,0.1177208200097084
CE,0.1220187246799469
CE1,0.11771255731582642
CE2,0.11340709775686264
CE3,0.10910134762525558
CG,0.1064566969871521
CG1,0.109625905752182
CG2,0.11279516667127609
CH2,0.11596442013978958
CZ,0.12057419866323471
CZ2,0.13670939207077026
CZ3,0.15284457802772522
O,0.16897977888584137
OH,0.1851149946451187
OD1,0.18657411634922028
OD2,0.18803314864635468
OE1,0.18949228525161743
OE2,0.19095133244991302
OG,0.18748189508914948
OG1,0.18339629471302032
N,0.17931070923805237
NE,0.17522507905960083
NE1,0.18935155868530273
NE2,0.2086830586194992
ND1,0.22801226377487183
ND2,0.24734492599964142
NZ,0.2484792023897171
NH1,0.24051564931869507
NH2,0.2325519621372223
SD,0.22458834946155548
SG,0.22104907035827637
UNKNOWN,0.22104907035827637
