atom_index,is_real_atom,atom_type_from_onehot,importance
0,1,NH2,7.175510883331299
1,1,CZ3,7.175510883331299
2,1,CB,7.221268653869629
3,1,CG,7.3180155754089355
4,1,CD1,7.414762496948242
5,1,CD2,7.511508464813232
6,1,NE1,7.3741607666015625
7,1,CE2,6.912100791931152
8,1,CE3,6.450040340423584
9,1,CZ2,5.987980842590332
10,1,CZ3,5.723669528961182
11,1,CH2,5.803585052490234
12,1,CD1,5.883500099182129
13,1,CD1,5.963415145874023
14,1,CD2,6.108175754547119
15,1,CE1,6.396718978881836
16,1,CE2,6.685263156890869
17,1,CZ,6.9738078117370605
18,1,CA,7.19681978225708
19,1,C,7.230133056640625
20,1,O,7.2634453773498535
21,1,CB,7.296757698059082
22,1,CG2,7.310199737548828
23,1,CA,7.24547815322876
24,1,C,7.180759429931641
25,1,O,7.116037368774414
26,1,CB,7.049005508422852
27,1,CG,6.968735218048096
28,1,CD2,6.88846492767334
29,1,N,6.808195114135742
30,1,CA,6.713471412658691
31,1,CB,6.480411052703857
32,1,CG,6.247350692749023
33,1,CD1,6.014290809631348
34,1,CD2,5.796773910522461
35,1,CB,5.947127819061279
36,1,OG1,6.097480773925781
37,1,CG2,6.247836112976074
38,1,CB,6.398189067840576
39,1,CG1,6.1788787841796875
40,1,CG2,5.9545063972473145
41,1,CD1,5.730132102966309
42,1,CD1,5.505757808685303
43,1,CD2,5.200707912445068
