atom_index,is_real_atom,atom_type_from_onehot,importance
0,1,CE2,9.56866455078125
1,1,CZ,9.56866455078125
2,1,O,9.671440124511719
3,1,CD2,9.8887357711792
4,1,CA,10.106029510498047
5,1,C,10.323325157165527
6,1,O,10.409154891967773
7,1,CB,10.312629699707031
8,1,CG1,10.216106414794922
9,1,CG2,10.119582176208496
10,1,CD1,10.047285079956055
11,1,N,10.017163276672363
12,1,CA,9.987038612365723
13,1,CB,9.956913948059082
14,1,CG,9.87420654296875
15,1,CD1,9.674904823303223
16,1,CD2,9.475602149963379
17,1,CG,9.276297569274902
18,1,CD2,9.125015258789062
19,1,CE2,9.112737655639648
20,1,CZ,9.100458145141602
21,1,OH,9.088178634643555
22,1,O,9.236953735351562
23,1,CB,10.019198417663574
24,1,CG,10.801438331604004
25,1,CD1,11.583681106567383
26,1,CD2,12.243061065673828
27,1,CG,12.198766708374023
28,1,CD1,12.154472351074219
29,1,CZ,12.110175132751465
30,1,NH2,12.029059410095215
31,1,CB,11.595499038696289
32,1,OG1,11.161941528320312
33,1,CG2,10.728381156921387
