atom_type,importance_sum
C,7.626556873321533
CA,7.626556873321533
CB,8.117452621459961
CD,9.22194766998291
CD1,10.326407432556152
CD2,11.43093204498291
CE,12.211252212524414
CE1,12.343352317810059
CE2,12.475448608398438
CE3,12.607545852661133
CG,12.886261940002441
CG1,13.678053855895996
CG2,14.469847679138184
CH2,15.261639595031738
CZ,16.02682876586914
CZ2,16.57915496826172
CZ3,17.1314697265625
O,17.68379020690918
OH,18.236108779907227
OD1,18.23118782043457
OD2,18.226268768310547
OE1,18.221349716186523
OE2,18.216428756713867
OG,17.713478088378906
OG1,17.148269653320312
N,16.58306121826172
NE,16.017845153808594
NE1,15.541716575622559
NE2,15.091082572937012
ND1,14.640535354614258
ND2,14.189898490905762
NZ,13.986536979675293
NH1,13.906856536865234
NH2,13.82717514038086
SD,13.7474946975708
SG,13.712092399597168
UNKNOWN,13.712092399597168
