atom_type,importance
C,0.08621800690889359
CA,0.08621800690889359
CB,0.08419758826494217
CD,0.0796511173248291
CD1,0.07510428875684738
CD2,0.0705578476190567
CE,0.06880591809749603
CE1,0.07264221459627151
CE2,0.0764785036444664
CE3,0.08031482994556427
CG,0.08520008623600006
CG1,0.09375578910112381
CG2,0.10231149941682816
CH2,0.11086719483137131
CZ,0.12075480073690414
CZ2,0.1412975937128067
CZ3,0.16184048354625702
O,0.1823832243680954
OH,0.20292605459690094
OD1,0.19878922402858734
OD2,0.19465239346027374
OE1,0.19051559269428253
OE2,0.18637877702713013
OG,0.18242000043392181
OG1,0.17848354578018188
N,0.1745469868183136
NE,0.1706104278564453
NE1,0.18974760174751282
NE2,0.21547698974609375
ND1,0.2412073016166687
ND2,0.26693665981292725
NZ,0.26185736060142517
NH1,0.24137450754642487
NH2,0.22089260816574097
SD,0.20041005313396454
SG,0.19130630791187286
UNKNOWN,0.19130630791187286
