atom_type,importance
C,0.1173594519495964
CA,0.1173594519495964
CB,0.12497860938310623
CD,0.14212250709533691
CD1,0.15926632285118103
CD2,0.17641016840934753
CE,0.18381549417972565
CE1,0.17174507677555084
CE2,0.15967600047588348
CE3,0.14760564267635345
CG,0.13947699964046478
CG1,0.1451486349105835
CG2,0.1508202701807022
CH2,0.15649186074733734
CZ,0.16238734126091003
CZ2,0.1700739562511444
CZ3,0.17776045203208923
O,0.18544705212116241
OH,0.19313354790210724
OD1,0.1955883502960205
OD2,0.19804324209690094
OE1,0.2004980891942978
OE2,0.20295286178588867
OG,0.2004963904619217
OG1,0.1974259912967682
N,0.19435566663742065
NE,0.19128526747226715
NE1,0.19044898450374603
NE2,0.19025059044361115
ND1,0.19005219638347626
ND2,0.18985384702682495
NZ,0.19069111347198486
NH1,0.19204746186733246
NH2,0.1934025138616562
SD,0.1947575956583023
SG,0.19536016881465912
UNKNOWN,0.19536016881465912
