atom_index,is_real_atom,atom_type_from_onehot,importance
0,1,CA,7.131098747253418
1,1,C,7.131098747253418
2,1,O,7.1270599365234375
3,1,CB,7.118519306182861
4,1,CG,7.109977722167969
5,1,CD1,7.101437568664551
6,1,CD2,7.0892157554626465
7,1,N,7.0718865394592285
8,1,CA,7.054557800292969
9,1,C,7.037229537963867
10,1,O,7.045787334442139
11,1,CB,7.099409103393555
12,1,C,7.153031349182129
13,1,O,7.206653594970703
14,1,CB,7.29108190536499
15,1,OG,7.443819522857666
16,1,N,7.596557140350342
17,1,CA,7.749294757843018
18,1,CB,7.909756183624268
19,1,O,8.09257698059082
20,1,CB,8.275399208068848
21,1,CA,8.458220481872559
22,1,C,8.543938636779785
23,1,O,8.247719764709473
24,1,CB,7.9514994621276855
25,1,CG,7.655280590057373
26,1,SD,7.408102512359619
27,1,CE,7.441794395446777
28,1,N,7.475486755371094
29,1,CA,7.509178161621094
30,1,CB,7.554150104522705
31,1,CG,7.70707893371582
32,1,CD1,7.860006809234619
33,1,C,8.012935638427734
34,1,CB,8.143333435058594
35,1,OG,7.740488529205322
36,1,CB,7.337645530700684
37,1,CG2,6.934800148010254
38,1,CD1,6.531955718994141
39,1,CG1,5.739434719085693
40,1,CG2,4.941580772399902
