atom_type,importance_sum
C,5.218144416809082
CA,5.218144416809082
CB,6.384370803833008
CD,9.008402824401855
CD1,11.632478713989258
CD2,14.2564697265625
CE,15.797080039978027
CE1,15.17084789276123
CE2,14.544527053833008
CE3,13.918296813964844
CG,13.129419326782227
CG1,11.771469116210938
CG2,10.4135160446167
CH2,9.055564880371094
CZ,7.838247299194336
CZ2,7.746410846710205
CZ3,7.654573917388916
O,7.562737464904785
OH,7.470900058746338
OD1,6.917612552642822
OD2,6.364328861236572
OE1,5.811041831970215
OE2,5.257757663726807
OG,6.4587082862854
OG1,7.878942489624023
N,9.299219131469727
NE,10.719457626342773
NE1,10.278007507324219
NE2,9.304645538330078
ND1,8.331377983093262
ND2,7.358060359954834
NZ,7.343088626861572
NH1,7.807310104370117
NH2,8.27148723602295
SD,8.73568058013916
SG,8.942022323608398
UNKNOWN,8.942022323608398
