atom_type,importance
C,0.07729329913854599
CA,0.07729329913854599
CB,0.07968144118785858
CD,0.08505448698997498
CD1,0.09042751789093018
CD2,0.09580056369304657
CE,0.09837275743484497
CE1,0.09534274786710739
CE2,0.09231274574995041
CE3,0.089283287525177
CG,0.08745598047971725
CG1,0.08983895927667618
CG2,0.0922219455242157
CH2,0.09460495412349701
CZ,0.09890580922365189
CZ2,0.11855010688304901
CZ3,0.13819386065006256
O,0.15783758461475372
OH,0.17748132348060608
OD1,0.17923066020011902
OD2,0.18097999691963196
OE1,0.1827293038368225
OE2,0.18447861075401306
OG,0.18260283768177032
OG1,0.18027396500110626
N,0.17794500291347504
NE,0.1756161004304886
NE1,0.18978780508041382
NE2,0.20867450535297394
ND1,0.2275601476430893
ND2,0.24644571542739868
NZ,0.2461368590593338
NH1,0.23623041808605194
NH2,0.22632217407226562
SD,0.21641483902931213
SG,0.21201206743717194
UNKNOWN,0.21201206743717194
