atom_type,importance
C,0.11260990053415298
CA,0.11260990053415298
CB,0.11957884579896927
CD,0.13526029884815216
CD1,0.15094046294689178
CD2,0.16662192344665527
CE,0.1744874119758606
CE1,0.16672493517398834
CE2,0.15896117687225342
CE3,0.15119874477386475
CG,0.14654640853405
CG1,0.15278106927871704
CG2,0.1590157002210617
CH2,0.16525036096572876
CZ,0.16998443007469177
CZ2,0.16271395981311798
CZ3,0.15544350445270538
O,0.14817306399345398
OH,0.1409025937318802
OD1,0.13096651434898376
OD2,0.12103039771318436
OE1,0.111094169318676
OE2,0.10115755349397659
OG,0.10168567299842834
OG1,0.10352180153131485
N,0.10535795241594315
NE,0.10719418525695801
NE1,0.10811968147754669
NE2,0.10878489166498184
ND1,0.10944976657629013
ND2,0.11011499911546707
NZ,0.11222217231988907
NH1,0.11505012214183807
NH2,0.11787807196378708
SD,0.1207064837217331
SG,0.12196332216262817
UNKNOWN,0.12196332216262817
