atom_index,is_real_atom,atom_type_from_onehot,importance
0,1,CB,6.402801513671875
1,1,OG,6.402801513671875
2,1,CG,6.359258651733398
3,1,CD1,6.2671990394592285
4,1,CD2,6.175138473510742
5,1,CE1,6.083078861236572
6,1,CE2,5.901790142059326
7,1,CZ,5.596730709075928
8,1,SD,5.291672706604004
9,1,CE,4.986614227294922
10,1,CA,4.889450550079346
11,1,O,5.154178142547607
12,1,CB,5.4189066886901855
13,1,CG,5.683633327484131
14,1,CD1,5.839118957519531
15,1,CE1,5.752368927001953
16,1,CZ,5.665619373321533
17,1,CG,5.5788679122924805
18,1,CD2,5.522359848022461
19,1,N,5.553389072418213
20,1,CA,5.584417819976807
21,1,CB,5.615447521209717
22,1,OG1,5.583040237426758
23,1,CG2,5.3011155128479
24,1,CG,5.019191265106201
25,1,CD2,4.73726749420166
26,1,NE1,4.544409275054932
27,1,CE2,4.861662864685059
28,1,CE3,5.178915977478027
29,1,CZ2,5.49616813659668
30,1,CZ3,5.773982048034668
31,1,CH2,5.674308776855469
32,1,C,5.574634552001953
33,1,O,5.474961757659912
34,1,CB,5.385527610778809
35,1,CG2,5.538432598114014
36,1,N,5.691338539123535
37,1,CA,5.844244480133057
38,1,C,5.997150421142578
39,1,O,5.867832660675049
40,1,CB,5.734650135040283
41,1,CG2,5.601467132568359
42,1,CA,5.468283176422119
43,1,C,5.398200988769531
44,1,O,5.332691192626953
45,1,CB,5.26718282699585
46,1,OG,5.201672077178955
47,1,N,5.236743927001953
48,1,CA,5.285741806030273
49,1,C,5.334740161895752
50,1,O,5.3837385177612305
51,1,CB,5.459229946136475
52,1,OG1,5.5403666496276855
53,1,CG2,5.621504306793213
54,1,CA,5.702641487121582
55,1,C,5.797604084014893
56,1,CB,5.89669132232666
57,1,CG1,5.995778560638428
58,1,CG2,6.094865322113037
59,1,CD1,6.054010391235352
60,1,N,5.957709789276123
61,1,CZ,5.861408710479736
62,1,OH,5.765107154846191
63,1,CA,5.8956193923950195
64,1,CB,6.141853332519531
65,1,OG,6.388086318969727
66,1,CA,6.6343207359313965
67,1,CB,6.694273471832275
68,1,CG1,6.6341776847839355
69,1,CG2,6.574082374572754
70,1,CD1,6.513987064361572
71,1,CA,6.342550277709961
72,1,C,6.081499099731445
73,1,O,5.820446491241455
74,1,CB,5.559394836425781
75,1,OG,5.637882232666016
76,1,N,6.055910587310791
77,1,CA,6.473934650421143
78,1,CB,6.891960144042969
79,1,CG,7.192720890045166
80,1,CD,7.347785949707031
81,1,OE1,7.5028510093688965
82,1,CG,7.657916069030762
83,1,SD,7.604093074798584
84,1,CE,7.22613000869751
85,1,N,6.848170280456543
86,1,CA,6.470210075378418
87,1,C,6.027349948883057
88,1,O,5.457296371459961
