atom_type,importance_sum
C,18.371807098388672
CA,18.371807098388672
CB,18.25189971923828
CD,17.982229232788086
CD1,17.71246910095215
CD2,17.44280242919922
CE,17.3707218170166
CE1,17.694002151489258
CE2,18.017366409301758
CE3,18.34064292907715
CG,18.315134048461914
CG1,17.068941116333008
CG2,15.822779655456543
CH2,14.576586723327637
CZ,13.59769344329834
CZ2,14.757256507873535
CZ3,15.916817665100098
O,17.076345443725586
OH,18.235904693603516
OD1,16.91072654724121
OD2,15.58556842803955
OE1,14.260385513305664
OE2,12.935196876525879
OG,13.47010326385498
OG1,14.237523078918457
N,15.004941940307617
NE,15.772356033325195
NE1,16.319074630737305
NE2,16.80275535583496
ND1,17.2863826751709
ND2,17.77006721496582
NZ,17.666988372802734
NH1,17.270469665527344
NH2,16.873971939086914
SD,16.477458953857422
SG,16.30122184753418
UNKNOWN,16.30122184753418
