atom_index,is_real_atom,atom_type_from_onehot,importance
0,1,O,9.482402801513672
1,1,CB,9.482402801513672
2,1,CG1,9.623376846313477
3,1,CG2,9.921432495117188
4,1,CD1,10.219489097595215
5,1,N,10.517546653747559
6,1,CA,10.589591026306152
7,1,C,10.348136901855469
8,1,O,10.106684684753418
9,1,CB,9.86523151397705
10,1,CG,9.638486862182617
11,1,ND1,9.437345504760742
12,1,CE1,9.236202239990234
13,1,NE2,9.035062789916992
14,1,CG,8.907163619995117
15,1,CD1,8.941668510437012
16,1,CD2,8.976174354553223
17,1,CE1,9.0106782913208
18,1,CE2,8.9833984375
19,1,CZ,8.777267456054688
20,1,OH,8.571135520935059
21,1,CB,8.36500358581543
22,1,SG,8.15591812133789
23,1,CB,7.935218811035156
24,1,CG1,7.7145185470581055
25,1,CG2,7.4938178062438965
