atom_index,is_real_atom,atom_type_from_onehot,importance
0,1,CD1,7.820415019989014
1,1,CD2,7.820415019989014
2,1,CE1,8.152359008789062
3,1,CZ,8.85418701171875
4,1,C,9.556014060974121
5,1,O,10.257843017578125
6,1,CB,10.450316429138184
7,1,CG,9.93627643585205
8,1,CD2,9.422232627868652
9,1,CG2,8.908190727233887
10,1,N,8.413208961486816
11,1,CA,7.951413631439209
12,1,O,7.489614963531494
13,1,CB,7.027816295623779
14,1,CG,6.626434803009033
15,1,CD1,6.3590192794799805
16,1,CE1,6.091604709625244
17,1,CB,5.824190139770508
18,1,CG,5.638417720794678
19,1,CD1,5.6889801025390625
20,1,CD2,5.7395429611206055
21,1,CE1,5.79010534286499
22,1,CE2,5.825845718383789
23,1,CZ,5.803285598754883
24,1,OH,5.780725479125977
