atom_type,importance_sum
C,4.024603366851807
CA,4.024603366851807
CB,4.167717933654785
CD,4.48969841003418
CD1,4.811695098876953
CD2,5.133693695068359
CE,5.51006555557251
CE1,5.995086669921875
CE2,6.480103969573975
CE3,6.965123653411865
CG,7.435360431671143
CG1,7.853841304779053
CG2,8.272378921508789
CH2,8.6908597946167
CZ,9.102798461914062
CZ2,9.462388038635254
CZ3,9.821981430053711
O,10.181571960449219
OH,10.541165351867676
OD1,9.900498390197754
OD2,9.2598295211792
OE1,8.619165420532227
OE2,7.9784417152404785
OG,7.339360237121582
OG1,6.700474739074707
N,6.061590194702148
NE,5.422706604003906
NE1,4.818996429443359
NE2,4.225335597991943
ND1,3.631648063659668
ND2,3.0379879474639893
NZ,3.0673937797546387
NH1,3.4083456993103027
NH2,3.749298095703125
SD,4.090249538421631
SG,4.241793632507324
UNKNOWN,4.241793632507324
