atom_type,importance_sum
C,3.8149051666259766
CA,3.8149051666259766
CB,4.750920295715332
CD,6.856939792633057
CD1,8.96296215057373
CD2,11.068982124328613
CE,11.95654582977295
CE1,10.407195091247559
CE2,8.857913970947266
CE3,7.308528900146484
CG,6.129822254180908
CG1,6.248354434967041
CG2,6.366884231567383
CH2,6.485414505004883
CZ,6.760833263397217
CZ2,8.291337966918945
CZ3,9.821843147277832
O,11.352347373962402
OH,12.882848739624023
OD1,12.401835441589355
OD2,11.920811653137207
OE1,11.439797401428223
OE2,10.958775520324707
OG,10.76355266571045
OG1,10.604053497314453
N,10.444549560546875
NE,10.285052299499512
NE1,10.194923400878906
NE2,10.124557495117188
ND1,10.054191589355469
ND2,9.983899116516113
NZ,9.788536071777344
NH1,9.530647277832031
NH2,9.272825241088867
SD,9.014944076538086
SG,8.900364875793457
UNKNOWN,8.900364875793457
