atom_type,importance
C,0.11426541954278946
CA,0.11426541954278946
CB,0.1199025958776474
CD,0.13258813321590424
CD1,0.14527253806591034
CD2,0.15795688331127167
CE,0.16446441411972046
CE1,0.15861579775810242
CE2,0.15276719629764557
CE3,0.14691981673240662
CG,0.14269165694713593
CG1,0.1441366970539093
CG2,0.14558179676532745
CH2,0.14702683687210083
CZ,0.14879128336906433
CZ2,0.153110533952713
CZ3,0.1574297845363617
O,0.16174902021884918
OH,0.16606827080249786
OD1,0.15977007150650024
OD2,0.15347199141979218
OE1,0.14717376232147217
OE2,0.14087563753128052
OG,0.13651563227176666
OG1,0.13239789009094238
N,0.1282801479101181
NE,0.12416240572929382
NE1,0.12897847592830658
NE2,0.13634705543518066
ND1,0.14371684193611145
ND2,0.15108542144298553
NZ,0.1552337110042572
NH1,0.1577724814414978
NH2,0.1603112518787384
SD,0.16285008192062378
SG,0.1639777570962906
UNKNOWN,0.1639777570962906
