atom_type,importance_sum
C,10.950637817382812
CA,10.950637817382812
CB,11.280599594116211
CD,12.023059844970703
CD1,12.765524864196777
CD2,13.508063316345215
CE,14.142337799072266
CE1,14.560327529907227
CE2,14.978385925292969
CE3,15.396370887756348
CG,15.520026206970215
CG1,14.613341331481934
CG2,13.706656455993652
CH2,12.79997444152832
CZ,12.007438659667969
CZ2,12.128104209899902
CZ3,12.248764991760254
O,12.369423866271973
OH,12.49008846282959
OD1,12.428346633911133
OD2,12.366602897644043
OE1,12.304862022399902
OE2,12.24311637878418
OG,11.875852584838867
OG1,11.4704008102417
N,11.064950942993164
NE,10.65949535369873
NE1,10.55423641204834
NE2,10.534764289855957
ND1,10.515290260314941
ND2,10.495810508728027
NZ,10.198576927185059
NH1,9.762395858764648
NH2,9.326287269592285
SD,8.890105247497559
SG,8.696267127990723
UNKNOWN,8.696267127990723
