atom_index,is_real_atom,atom_type_from_onehot,importance
0,1,CE2,7.151593208312988
1,1,CZ,7.151593208312988
2,1,CE1,7.276055812835693
3,1,CZ,7.539204120635986
4,1,CG,7.802353382110596
5,1,CD1,8.065503120422363
6,1,CD2,8.259721755981445
7,1,CG,8.358327865600586
8,1,CD2,8.456933975219727
9,1,CA,8.55553913116455
10,1,O,8.727545738220215
11,1,CB,9.027323722839355
12,1,CG1,9.32710075378418
13,1,CG2,9.626877784729004
14,1,CD1,9.745331764221191
15,1,CA,9.461721420288086
16,1,C,9.178110122680664
17,1,O,8.894499778747559
18,1,CB,8.547739028930664
19,1,SG,8.018172264099121
20,1,N,7.488605499267578
21,1,CA,6.959039688110352
22,1,CB,6.57772159576416
23,1,CG,6.779515266418457
24,1,CD1,6.981309413909912
25,1,CD2,7.183102607727051
26,1,CE1,7.367343425750732
27,1,CE2,7.451048851013184
28,1,CZ,7.534756183624268
29,1,CA,7.618462562561035
30,1,C,7.729617118835449
31,1,O,8.103490829467773
32,1,CB,8.477363586425781
33,1,CG,8.851238250732422
34,1,CD2,9.196039199829102
35,1,CE2,8.852800369262695
36,1,N,8.509561538696289
37,1,CA,8.1663236618042
38,1,CB,7.823083877563477
39,1,SG,7.2626633644104
40,1,SG,6.699271202087402
