atom_index,is_real_atom,atom_type_from_onehot,importance
0,1,CA,8.13925838470459
1,1,CB,8.13925838470459
2,1,CG,8.256453514099121
3,1,CD1,8.50423812866211
4,1,CE1,8.752023696899414
5,1,CZ,8.999808311462402
6,1,CB,9.084253311157227
7,1,OG1,8.94212532043457
8,1,CG2,8.799999237060547
9,1,CG1,8.65787410736084
10,1,CD1,8.579728126525879
11,1,O,8.612953186035156
12,1,CG,8.64617919921875
13,1,ND1,8.679405212402344
14,1,CE1,8.581445693969727
15,1,NE2,8.192594528198242
16,1,CA,7.803744316101074
17,1,C,7.414893627166748
18,1,O,7.10961389541626
19,1,CB,7.0462517738342285
20,1,OG1,6.982888221740723
21,1,CG2,6.919525623321533
22,1,N,6.875624656677246
23,1,CA,6.908273220062256
24,1,C,6.940922737121582
25,1,O,6.973572731018066
26,1,CB,6.9948883056640625
27,1,CG1,6.951296806335449
28,1,CG2,6.907705307006836
29,1,CD1,6.8641133308410645
30,1,N,6.828636646270752
31,1,CA,6.870837211608887
32,1,C,6.913036823272705
33,1,O,6.955235958099365
34,1,N,7.013589859008789
35,1,CA,7.454226016998291
36,1,CG2,7.894862651824951
37,1,CB,8.33549976348877
38,1,CA,8.776137351989746
39,1,C,9.112975120544434
40,1,O,9.448390007019043
41,1,CB,9.78380298614502
42,1,CG,10.119219779968262
43,1,C,9.98952865600586
44,1,O,9.82613468170166
45,1,CB,9.662740707397461
46,1,CG,9.499347686767578
47,1,CD1,9.490114212036133
48,1,CD2,9.502227783203125
49,1,N,9.514341354370117
50,1,CA,9.526455879211426
51,1,CB,9.242199897766113
52,1,CG,8.89478588104248
53,1,CD,8.547371864318848
54,1,CB,8.199957847595215
55,1,CG1,7.59255838394165
