atom_type,importance_sum
C,12.362567901611328
CA,12.362567901611328
CB,12.965999603271484
CD,14.323702812194824
CD1,15.681478500366211
CD2,17.039216995239258
CE,17.901966094970703
CE1,17.77444839477539
CE2,17.64708137512207
CE3,17.519567489624023
CG,17.419893264770508
CG1,17.41729164123535
CG2,17.41469383239746
CH2,17.412094116210938
CZ,17.466453552246094
CZ2,17.9764404296875
CZ3,18.48643684387207
O,18.99642562866211
OH,19.50641632080078
OD1,17.081886291503906
OD2,14.657358169555664
OE1,12.232827186584473
OE2,9.808300971984863
OG,10.48437786102295
OG1,11.548032760620117
N,12.611686706542969
NE,13.675342559814453
NE1,14.07247257232666
NE2,14.279170036315918
ND1,14.485860824584961
ND2,14.692557334899902
NZ,14.861659049987793
NH1,15.01189136505127
NH2,15.162198066711426
SD,15.312433242797852
SG,15.37921142578125
UNKNOWN,15.37921142578125
