atom_type,importance
C,0.10739180445671082
CA,0.10739180445671082
CB,0.11427274346351624
CD,0.12975367903709412
CD1,0.14523601531982422
CD2,0.1607169359922409
CE,0.16671739518642426
CE1,0.15375423431396484
CE2,0.14079107344150543
CE3,0.12782925367355347
CG,0.11614500731229782
CG1,0.108934186398983
CG2,0.10172262787818909
CH2,0.09451182931661606
CZ,0.08858320116996765
CZ2,0.09291230142116547
CZ3,0.09724140167236328
O,0.1015705093741417
OH,0.10589960962533951
OD1,0.10776139795780182
OD2,0.10962304472923279
OE1,0.11148441582918167
OE2,0.11334577947854996
OG,0.11054569482803345
OG1,0.1071624606847763
N,0.10377952456474304
NE,0.1003967821598053
NE1,0.0968913659453392
NE2,0.09335029870271683
ND1,0.08980996161699295
ND2,0.08626891672611237
NZ,0.09111558645963669
NH1,0.1001557856798172
NH2,0.10919662564992905
SD,0.11823668330907822
SG,0.12225458770990372
UNKNOWN,0.12225458770990372
