atom_index,is_real_atom,atom_type_from_onehot,importance
0,1,CB,5.935710906982422
1,1,CG,5.935710906982422
2,1,CD1,6.0050272941589355
3,1,CD2,6.15158224105835
4,1,CE1,6.298137187957764
5,1,CE2,6.444692134857178
6,1,CZ,6.6813507080078125
7,1,OH,7.042989253997803
8,1,CG2,7.404629707336426
9,1,CA,7.766268730163574
10,1,C,8.142806053161621
11,1,O,8.545279502868652
12,1,CB,8.947755813598633
13,1,O,9.350227355957031
14,1,SG,9.512275695800781
15,1,C,9.141202926635742
16,1,O,8.770126342773438
17,1,CB,8.399053573608398
18,1,CG,8.028335571289062
19,1,CD1,7.658649921417236
20,1,N,7.288964748382568
21,1,CA,6.919280052185059
22,1,O,6.729808807373047
23,1,CB,7.249175071716309
24,1,CG1,7.768543243408203
25,1,CG2,8.287911415100098
26,1,CB,8.721600532531738
27,1,CG1,8.664580345153809
28,1,CG2,8.607562065124512
29,1,CD1,8.550543785095215
30,1,CG,8.439765930175781
31,1,CD,7.8144450187683105
32,1,NE,7.189122200012207
33,1,CZ,6.56380033493042
34,1,NH1,5.948347568511963
