atom_index,is_real_atom,atom_type_from_onehot,importance
0,1,O,7.195295810699463
1,1,CA,7.195295810699463
2,1,CB,7.137078285217285
3,1,CG,7.013988494873047
4,1,CD,6.890899181365967
5,1,CD2,6.76780891418457
6,1,CE1,6.546233177185059
7,1,CE2,6.188045024871826
8,1,CZ,5.829858303070068
9,1,CG,5.471670627593994
10,1,CD1,5.401730537414551
11,1,CD2,5.83355188369751
12,1,O,6.265374183654785
13,1,CG,6.697196006774902
14,1,CD1,7.1363019943237305
15,1,CE1,7.591558933258057
16,1,CZ,8.046814918518066
17,1,O,8.50207233428955
18,1,CB,8.948326110839844
19,1,CG2,9.368518829345703
20,1,CD2,9.788712501525879
21,1,O,10.208906173706055
22,1,CB,10.586274147033691
23,1,SG,10.795199394226074
24,1,SD,11.004124641418457
25,1,CE,11.21304988861084
26,1,CA,11.370748519897461
27,1,C,11.235074996948242
28,1,O,11.09939956665039
29,1,CB,10.963728904724121
30,1,CG2,10.812827110290527
31,1,N,10.516206741333008
32,1,CA,10.219587326049805
33,1,CA,9.922964096069336
34,1,C,9.62839412689209
35,1,O,9.382338523864746
36,1,CB,9.136282920837402
37,1,CG2,8.890229225158691
38,1,N,8.644173622131348
39,1,CA,8.725933074951172
40,1,CB,8.81218147277832
41,1,CG,8.898430824279785
42,1,CD,8.98468017578125
43,1,OE1,8.562281608581543
44,1,NE2,8.103028297424316
45,1,CB,7.643773555755615
46,1,CG1,7.184518337249756
47,1,CG2,7.447551250457764
48,1,CD1,7.810591220855713
49,1,CD2,8.17363166809082
50,1,CE2,8.536672592163086
51,1,CZ,8.624445915222168
52,1,CE,8.653554916381836
53,1,CG2,8.682662963867188
54,1,CA,8.711772918701172
55,1,CB,8.698369979858398
56,1,OG1,8.672285079956055
57,1,CB,8.646201133728027
58,1,CD1,8.620118141174316
