atom_index,is_real_atom,atom_type_from_onehot,importance
0,1,CG,8.509385108947754
1,1,OD1,8.509385108947754
2,1,ND2,8.80003547668457
3,1,CG1,9.414549827575684
4,1,CD1,10.029064178466797
5,1,CG,10.643582344055176
6,1,CD1,11.113837242126465
7,1,CD2,11.38398551940918
8,1,CD1,11.654135704040527
9,1,CG1,11.924286842346191
10,1,CD1,12.05182933807373
11,1,CD1,11.931123733520508
12,1,N,11.810419082641602
13,1,CA,11.689714431762695
14,1,C,11.645514488220215
15,1,O,11.770952224731445
16,1,CB,11.89638900756836
17,1,CG,12.021824836730957
18,1,CD,12.04662036895752
19,1,CE,11.780096054077148
20,1,NZ,11.513570785522461
21,1,CA,11.24704360961914
22,1,C,10.95409107208252
23,1,O,10.557182312011719
24,1,CB,10.160272598266602
25,1,SG,9.7633638381958
26,1,N,9.397725105285645
27,1,CA,9.211190223693848
28,1,C,9.024652481079102
29,1,CB,8.838116645812988
30,1,CG,8.63823127746582
31,1,CD1,8.310593605041504
32,1,CB,7.982955455780029
33,1,CG,7.655317306518555
34,1,CD1,7.324999809265137
35,1,CD2,6.931252479553223
36,1,NE1,6.537508487701416
37,1,CE2,6.143763065338135
38,1,CE3,5.750016689300537
39,1,CZ2,5.635756492614746
40,1,CZ3,5.525327682495117
41,1,CH2,5.414896488189697
42,1,CE1,5.304465293884277
43,1,CE2,5.093785285949707
44,1,CZ,4.875842094421387
