atom_type,importance_sum
C,9.419583320617676
CA,9.419583320617676
CB,9.680779457092285
CD,10.268486976623535
CD1,10.856210708618164
CD2,11.443846702575684
CE,12.352038383483887
CE1,13.901172637939453
CE2,15.450300216674805
CE3,16.999435424804688
CG,18.183555603027344
CG1,18.09044647216797
CG2,17.997339248657227
CH2,17.90423011779785
CZ,17.80630111694336
CZ2,17.669818878173828
CZ3,17.533342361450195
O,17.39686393737793
OH,17.260387420654297
OD1,16.42823600769043
OD2,15.596083641052246
OE1,14.763930320739746
OE2,13.931780815124512
OG,13.445466041564941
OG1,13.0023775100708
N,12.559290885925293
NE,12.116206169128418
NE1,12.352478981018066
NE2,12.782820701599121
ND1,13.213242530822754
ND2,13.643584251403809
NZ,13.769240379333496
NH1,13.742504119873047
NH2,13.715689659118652
SD,13.688957214355469
SG,13.677067756652832
UNKNOWN,13.677067756652832
