atom_index,is_real_atom,atom_type_from_onehot,importance
0,1,CB,8.125960350036621
1,1,CG1,8.125960350036621
2,1,CD1,8.478963851928711
3,1,CE1,9.225313186645508
4,1,CE2,9.971661567687988
5,1,CZ,10.718009948730469
6,1,CD1,11.033656120300293
7,1,CD2,10.751879692077637
8,1,CE1,10.470102310180664
9,1,CZ,10.188326835632324
10,1,OH,9.894081115722656
11,1,CD1,9.578133583068848
12,1,CD2,9.262186050415039
13,1,CG,8.946233749389648
14,1,CD1,8.846014022827148
15,1,CD2,9.224152565002441
16,1,CB,9.60229206085205
17,1,CG,9.980428695678711
18,1,CD1,10.226202011108398
19,1,CD2,10.088818550109863
20,1,CE2,9.951435089111328
21,1,NE1,9.814050674438477
22,1,CE2,9.62272834777832
23,1,CZ2,9.219255447387695
24,1,CZ3,8.815779685974121
25,1,CH2,8.412304878234863
