atom_type,importance_sum
C,3.2529921531677246
CA,3.2529921531677246
CB,3.985442876815796
CD,5.633463382720947
CD1,7.281485080718994
CD2,8.929527282714844
CE,10.142159461975098
CE1,10.484126091003418
CE2,10.826090812683105
CE3,11.167959213256836
CG,11.708185195922852
CG1,12.942032814025879
CG2,14.175875663757324
CH2,15.40971851348877
CZ,16.53083038330078
CZ2,16.750097274780273
CZ3,16.969364166259766
O,17.18863296508789
OH,17.40790367126465
OD1,15.648171424865723
OD2,13.888446807861328
OE1,12.128718376159668
OE2,10.368988990783691
OG,9.099714279174805
OG1,7.891717433929443
N,6.6837592124938965
NE,5.475803375244141
NE1,5.386577129364014
NE2,5.617026329040527
ND1,5.84747838973999
ND2,6.077880382537842
NZ,6.830405235290527
NH1,7.844017028808594
NH2,8.857640266418457
SD,9.871261596679688
SG,10.321730613708496
UNKNOWN,10.321730613708496
