atom_type,importance
C,0.07924777269363403
CA,0.07924777269363403
CB,0.08726619184017181
CD,0.10530740767717361
CD1,0.12334920465946198
CD2,0.14138975739479065
CE,0.1551118791103363
CE1,0.16019439697265625
CE2,0.16527816653251648
CE3,0.17036069929599762
CG,0.17439118027687073
CG1,0.17473991215229034
CG2,0.17508865892887115
CH2,0.17543728649616241
CZ,0.17633305490016937
CZ2,0.18160511553287506
CZ3,0.18687720596790314
O,0.19214923679828644
OH,0.1974213570356369
OD1,0.18467745184898376
OD2,0.17193353176116943
OE1,0.15918970108032227
OE2,0.1464458405971527
OG,0.14072276651859283
OG1,0.13587725162506104
N,0.13103176653385162
NE,0.12618626654148102
NE1,0.13662181794643402
NE2,0.15142332017421722
ND1,0.16622482240200043
ND2,0.18102633953094482
NZ,0.18247157335281372
NH1,0.17723682522773743
NH2,0.17200322449207306
SD,0.16676846146583557
SG,0.16444195806980133
UNKNOWN,0.16444195806980133
