atom_type,importance
C,0.11222603172063828
CA,0.11222603172063828
CB,0.11867763847112656
CD,0.13319529592990875
CD1,0.14771293103694916
CD2,0.16223061084747314
CE,0.17045757174491882
CE1,0.16610434651374817
CE2,0.16175247728824615
CE3,0.15740057826042175
CG,0.15672962367534637
CG1,0.16894559562206268
CG2,0.18116158246994019
CH2,0.1933775544166565
CZ,0.2042316347360611
CZ2,0.2041904777288437
CZ3,0.20414921641349792
O,0.20410804450511932
OH,0.20406684279441833
OD1,0.18920116126537323
OD2,0.17433542013168335
OE1,0.15946978330612183
OE2,0.14460404217243195
OG,0.13369512557983398
OG1,0.12328071892261505
N,0.11286633461713791
NE,0.10245195031166077
NE1,0.10152231901884079
NE2,0.10330193489789963
ND1,0.10508161038160324
ND2,0.10686185210943222
NZ,0.10972996801137924
NH1,0.11314242333173752
NH2,0.11655432730913162
SD,0.11996676027774811
SG,0.12148335576057434
UNKNOWN,0.12148335576057434
