atom_index,is_real_atom,atom_type_from_onehot,importance
0,1,N,10.084080696105957
1,1,CA,10.084080696105957
2,1,C,10.16690444946289
3,1,O,10.342012405395508
4,1,N,10.517121315002441
5,1,CA,10.692228317260742
6,1,CG,10.665740013122559
7,1,CD,10.359612464904785
8,1,CB,10.053486824035645
9,1,CG1,9.747359275817871
10,1,CG2,9.46498966217041
11,1,CB,9.22397518157959
12,1,CG,8.982958793640137
13,1,CD1,8.74194622039795
14,1,CD2,8.483442306518555
15,1,NE1,8.186162948608398
16,1,CE2,7.8888840675354
17,1,CE3,7.591606140136719
18,1,CZ2,7.3658881187438965
19,1,CZ3,7.347322940826416
20,1,CH2,7.328757286071777
21,1,CA,7.3101911544799805
22,1,CB,7.346588611602783
23,1,CG,7.599167823791504
24,1,CD1,7.851746559143066
25,1,CD2,8.104326248168945
26,1,NE1,8.299301147460938
27,1,CE2,8.164365768432617
28,1,CE3,8.02942943572998
29,1,CZ3,7.894493103027344
30,1,CH2,7.766822338104248
31,1,CB,7.708693504333496
32,1,SG,7.650561809539795
33,1,CG,7.59243106842041
34,1,CD1,7.511803150177002
35,1,CD2,6.898746490478516
