atom_type,importance_sum
C,8.923154830932617
CA,8.923154830932617
CB,9.04489517211914
CD,9.318899154663086
CD1,9.59286117553711
CD2,9.866888999938965
CE,10.268078804016113
CE1,10.923956871032715
CE2,11.579741477966309
CE3,12.23552131652832
CG,12.895214080810547
CG1,13.568803787231445
CG2,14.242401123046875
CH2,14.915994644165039
CZ,15.512356758117676
CZ2,15.490893363952637
CZ3,15.469432830810547
O,15.447973251342773
OH,15.426514625549316
OD1,14.51717758178711
OD2,13.607845306396484
OE1,12.698512077331543
OE2,11.789176940917969
OG,10.690164566040039
OG1,9.567438125610352
N,8.444714546203613
NE,7.321993827819824
NE1,8.153223991394043
NE2,9.542640686035156
ND1,10.932126998901367
ND2,12.321626663208008
NZ,12.690547943115234
NH1,12.549365997314453
NH2,12.408089637756348
SD,12.266814231872559
SG,12.204015731811523
UNKNOWN,12.204015731811523
