atom_index,is_real_atom,atom_type_from_onehot,importance
0,1,CA,6.164538860321045
1,1,C,6.164538860321045
2,1,O,5.938425540924072
3,1,CB,5.460360527038574
4,1,CG1,4.982292652130127
5,1,CG2,4.504228115081787
6,1,C,4.182895183563232
7,1,CB,4.078968048095703
8,1,CG,3.9750399589538574
9,1,CD2,3.87111234664917
10,1,N,3.8052759170532227
11,1,CA,3.8057456016540527
12,1,CB,3.806215763092041
13,1,CG,3.806684970855713
14,1,CD1,3.8583853244781494
15,1,CD2,4.023682594299316
16,1,CG,4.188981056213379
17,1,CD1,4.354278087615967
18,1,CD2,4.488105297088623
19,1,CB,4.530832767486572
20,1,CG1,4.5735602378845215
21,1,CG2,4.6162872314453125
22,1,CD1,4.588986873626709
23,1,C,4.2862467765808105
24,1,O,3.983505964279175
25,1,CB,3.6807656288146973
26,1,CG,3.376103639602661
27,1,CD2,3.060438394546509
28,1,N,2.7447731494903564
29,1,CA,2.429108142852783
30,1,O,2.1313133239746094
31,1,CB,2.0045623779296875
32,1,CG,1.877811312675476
33,1,CD1,1.7510604858398438
34,1,CE1,1.633061408996582
35,1,CB,1.7221856117248535
36,1,CG,1.811309576034546
37,1,CD1,1.9004340171813965
38,1,CD2,1.989558458328247
39,1,CE1,2.2722251415252686
40,1,CE2,2.557542562484741
41,1,CZ,2.8428614139556885
42,1,CE2,3.1281795501708984
43,1,CZ,3.1411662101745605
44,1,CA,3.1344192028045654
45,1,C,3.1276721954345703
46,1,O,3.120924949645996
47,1,CB,3.3387258052825928
48,1,CG,3.587616443634033
49,1,N,3.83650803565979
50,1,CA,4.085400104522705
51,1,CG2,4.304022789001465
52,1,CA,4.516193866729736
53,1,C,4.728365421295166
54,1,O,4.940537452697754
55,1,CB,5.042295455932617
56,1,CG,5.111123561859131
57,1,CD,5.1799516677856445
58,1,NE,5.248780250549316
59,1,CZ,5.122270107269287
60,1,NH1,4.918363094329834
61,1,CA,4.714455604553223
62,1,CB,4.510547637939453
63,1,CG,4.279445171356201
64,1,CD,4.034470558166504
65,1,N,3.7894937992095947
66,1,CA,3.544517993927002
67,1,C,3.2122483253479004
68,1,O,2.823719024658203
69,1,CB,2.4351937770843506
70,1,CG,2.0466670989990234
71,1,CD1,1.8214983940124512
72,1,CE1,1.7278156280517578
73,1,CB,1.634131908416748
74,1,CD2,1.5404490232467651
