atom_type,importance
C,0.08373802900314331
CA,0.08373802900314331
CB,0.08470857888460159
CD,0.08689218014478683
CD1,0.08907628059387207
CD2,0.09125988930463791
CE,0.09907682240009308
CE1,0.11815989017486572
CE2,0.13724347949028015
CE3,0.15632611513137817
CG,0.17296375334262848
CG1,0.18103981018066406
CG2,0.18911583721637726
CH2,0.19719183444976807
CZ,0.20601238310337067
CZ2,0.2207888513803482
CZ3,0.23556531965732574
O,0.25034186244010925
OH,0.26511839032173157
OD1,0.2642521560192108
OD2,0.26338595151901245
OE1,0.26251986622810364
OE2,0.26165375113487244
OG,0.2494983971118927
OG1,0.23593193292617798
N,0.22236551344394684
NE,0.2087990641593933
NE1,0.20554278790950775
NE2,0.20523208379745483
ND1,0.20492242276668549
ND2,0.20461170375347137
NZ,0.20184792578220367
NH1,0.1978580802679062
NH2,0.1938682496547699
SD,0.1898784190416336
SG,0.18810537457466125
UNKNOWN,0.18810537457466125
