atom_index,is_real_atom,atom_type_from_onehot,importance
0,1,CD1,9.659163475036621
1,1,CA,9.659163475036621
2,1,C,9.666916847229004
3,1,O,9.68331241607666
4,1,C,9.699707984924316
5,1,O,9.716103553771973
6,1,CB,9.694313049316406
7,1,CG,9.619560241699219
8,1,CD2,9.544806480407715
9,1,N,9.470053672790527
10,1,CA,9.426965713500977
11,1,C,9.439002990722656
12,1,O,9.451038360595703
13,1,CB,9.4630765914917
14,1,CD1,9.499488830566406
15,1,OH,9.589953422546387
16,1,CG,9.680418014526367
17,1,CD2,9.770883560180664
18,1,CA,9.857187271118164
19,1,CB,9.93144702911377
20,1,CG,10.005703926086426
21,1,CD1,10.079962730407715
22,1,CE1,10.070768356323242
23,1,CZ,9.733325958251953
24,1,C,9.395879745483398
25,1,O,9.058435440063477
26,1,CB,8.77994155883789
27,1,OG,8.839068412780762
28,1,N,8.89819622039795
29,1,CA,8.957322120666504
30,1,CB,9.029237747192383
31,1,CB,9.223557472229004
32,1,CG,9.417875289916992
33,1,CD1,9.61219596862793
34,1,CD2,9.795738220214844
35,1,CG,9.724225997924805
36,1,CD2,9.652715682983398
37,1,CE2,9.581206321716309
38,1,CZ,9.50969409942627
39,1,OH,9.226140022277832
40,1,NE1,8.939681053161621
41,1,CE2,8.653223037719727
42,1,CZ2,8.3667631149292
43,1,CH2,7.804510593414307
