atom_type,importance_sum
C,7.617409706115723
CA,7.617409706115723
CB,8.16683292388916
CD,9.403013229370117
CD1,10.63914966583252
CD2,11.875368118286133
CE,12.867972373962402
CE1,13.373340606689453
CE2,13.878707885742188
CE3,14.384073257446289
CG,14.941856384277344
CG1,15.682870864868164
CG2,16.423877716064453
CH2,17.164867401123047
CZ,17.84182357788086
CZ2,18.006526947021484
CZ3,18.17122459411621
O,18.335922241210938
OH,18.50061798095703
OD1,18.979015350341797
OD2,19.45741844177246
OE1,19.93581771850586
OE2,20.41421890258789
OG,20.034753799438477
OG1,19.548059463500977
N,19.061363220214844
NE,18.57467269897461
NE1,18.033750534057617
NE2,17.477209091186523
ND1,16.920700073242188
ND2,16.364152908325195
NZ,15.684130668640137
NH1,14.942344665527344
NH2,14.200645446777344
SD,13.458856582641602
SG,13.129143714904785
UNKNOWN,13.129143714904785
