atom_index,is_real_atom,atom_type_from_onehot,importance
0,1,CG,6.403710842132568
1,1,CD2,6.403710842132568
2,1,CG,6.585040092468262
3,1,ND1,6.968419075012207
4,1,CD2,7.3517985343933105
5,1,CE1,7.735177993774414
6,1,NE2,8.066200256347656
7,1,CB,8.324596405029297
8,1,CG1,8.582990646362305
9,1,CG2,8.841387748718262
10,1,CD1,9.0398530960083
11,1,CA,9.133992195129395
12,1,O,9.228131294250488
13,1,CB,9.32226848602295
14,1,CG2,9.287040710449219
15,1,CG,8.964948654174805
16,1,CD1,8.642857551574707
17,1,CG2,8.32076644897461
18,1,CD1,8.016254425048828
19,1,CG,7.762632369995117
20,1,CD1,7.509008407592773
21,1,CD2,7.255385875701904
22,1,NE1,6.985698699951172
23,1,CE2,6.652828216552734
24,1,CE3,6.319957733154297
25,1,CZ2,5.987087249755859
26,1,CZ3,5.6840925216674805
27,1,CH2,5.552206993103027
28,1,CD2,5.420322418212891
29,1,CE1,5.2884368896484375
