atom_index,is_real_atom,atom_type_from_onehot,importance
0,1,O,10.105355262756348
1,1,CG,10.105355262756348
2,1,CD2,10.316046714782715
3,1,CE1,10.76151180267334
4,1,CE2,11.206975936889648
5,1,CZ,11.652441024780273
6,1,OH,11.86048412322998
7,1,C,11.739201545715332
8,1,O,11.617918968200684
9,1,CB,11.496633529663086
10,1,CG2,11.406968116760254
11,1,N,11.372339248657227
12,1,CA,11.3377103805542
13,1,O,11.303081512451172
14,1,CB,11.170878410339355
15,1,OG,10.822318077087402
16,1,CB,10.473758697509766
17,1,SG,10.125198364257812
18,1,CB,9.874900817871094
19,1,CG1,9.909042358398438
20,1,CG2,9.943185806274414
21,1,CE2,9.97732925415039
22,1,CZ,10.055437088012695
23,1,CG1,10.306465148925781
24,1,CG2,10.557493209838867
25,1,CD1,10.80852222442627
26,1,CD2,11.039656639099121
27,1,CA,11.156831741333008
28,1,C,11.274008750915527
29,1,O,11.391185760498047
30,1,CB,11.499946594238281
31,1,CG,11.528167724609375
32,1,CD,11.556388854980469
33,1,NE,11.584609985351562
34,1,CZ,11.59709644317627
35,1,NH2,11.237249374389648
36,1,CB,10.877405166625977
37,1,CG2,10.517558097839355
38,1,CD1,10.157710075378418
39,1,N,9.730880737304688
40,1,CG,9.303138732910156
41,1,CD2,8.875391960144043
42,1,CB,8.44764518737793
43,1,CG,8.103988647460938
44,1,CD1,7.7664265632629395
45,1,CD2,7.428863525390625
46,1,NE1,7.0913004875183105
47,1,CE2,6.779404640197754
48,1,CE3,6.471063137054443
49,1,CZ2,6.162720680236816
50,1,CZ3,5.8543782234191895
51,1,CH2,5.462884426116943
52,1,CZ,5.053672790527344
