atom_type,importance_sum
C,8.339014053344727
CA,8.339014053344727
CB,8.874893188476562
CD,10.080604553222656
CD1,11.286277770996094
CD2,12.491951942443848
CE,13.296096801757812
CE1,13.29697036743164
CE2,13.297844886779785
CE3,13.29883098602295
CG,13.254053115844727
CG1,13.049822807312012
CG2,12.84559154510498
CH2,12.641358375549316
CZ,12.458334922790527
CZ2,12.444971084594727
CZ3,12.431610107421875
O,12.41824722290039
OH,12.40488338470459
OD1,12.462121963500977
OD2,12.519362449645996
OE1,12.5766019821167
OE2,12.633845329284668
OG,12.703408241271973
OG1,12.774513244628906
N,12.845617294311523
NE,12.916723251342773
NE1,12.730480194091797
NE2,12.470630645751953
ND1,12.21078109741211
ND2,11.950926780700684
NZ,11.774280548095703
NH1,11.639342308044434
NH2,11.504383087158203
SD,11.369377136230469
SG,11.309393882751465
UNKNOWN,11.309393882751465
