atom_type,importance
C,0.10283660143613815
CA,0.10283660143613815
CB,0.10649900138378143
CD,0.11473900824785233
CD1,0.12298000603914261
CD2,0.131220281124115
CE,0.1439541131258011
CE1,0.1656741350889206
CE2,0.18739527463912964
CE3,0.20911644399166107
CG,0.2257203906774521
CG1,0.2244148701429367
CG2,0.22310936450958252
CH2,0.22180381417274475
CZ,0.22043073177337646
CZ2,0.21851709485054016
CZ3,0.21660344302654266
O,0.21468982100486755
OH,0.21277619898319244
OD1,0.20110824704170227
OD2,0.18944022059440613
OE1,0.17777225375175476
OE2,0.1661042720079422
OG,0.15928545594215393
OG1,0.15307267010211945
N,0.14685998857021332
NE,0.14064724743366241
NE1,0.14395983517169952
NE2,0.14999471604824066
ND1,0.15602847933769226
ND2,0.16206340491771698
NZ,0.1638248711824417
NH1,0.16344907879829407
NH2,0.16307441890239716
SD,0.16269978880882263
SG,0.1625334620475769
UNKNOWN,0.1625334620475769
