atom_index,is_real_atom,atom_type_from_onehot,importance
0,1,CA,8.236400604248047
1,1,O,8.236400604248047
2,1,CB,8.538395881652832
3,1,CG,9.176904678344727
4,1,CD1,9.815411567687988
5,1,CD2,10.453920364379883
6,1,NE1,10.878324508666992
7,1,CE2,11.005748748779297
8,1,CZ2,11.133174896240234
9,1,CG,11.260598182678223
10,1,CD1,11.316587448120117
11,1,CD2,11.248223304748535
12,1,NE1,11.179859161376953
13,1,CE2,11.111494064331055
14,1,CG1,10.891515731811523
15,1,CD1,10.335357666015625
16,1,CG,9.779193878173828
17,1,CD1,9.223031044006348
18,1,CD1,8.652129173278809
