atom_index,is_real_atom,atom_type_from_onehot,importance
0,1,CG,8.361103057861328
1,1,CD1,8.361103057861328
2,1,CD1,8.510933876037598
3,1,CG,8.82772445678711
4,1,CD1,9.144513130187988
5,1,CD2,9.46130084991455
6,1,CG2,9.537115097045898
7,1,N,9.278668403625488
8,1,CA,9.02022647857666
9,1,O,8.761780738830566
10,1,CB,8.597259521484375
11,1,CG,8.596227645874023
12,1,CD,8.595198631286621
13,1,C,8.594168663024902
14,1,CB,8.568178176879883
15,1,N,8.48684310913086
16,1,CA,8.40550708770752
17,1,CG1,8.324172973632812
18,1,CD1,8.179706573486328
19,1,CG1,7.852499485015869
20,1,CG2,7.525291919708252
21,1,CG1,7.198084354400635
22,1,CB,6.845089435577393
23,1,OG,6.390664100646973
