atom_type,importance
C,0.09408985823392868
CA,0.09408985823392868
CB,0.10171850770711899
CD,0.11888246983289719
CD1,0.13604550063610077
CD2,0.15320950746536255
CE,0.16714368760585785
CE1,0.17461711168289185
CE2,0.18209058046340942
CE3,0.18956400454044342
CG,0.19595471024513245
CG1,0.19855260848999023
CG2,0.20115052163600922
CH2,0.20374846458435059
CZ,0.20587040483951569
CZ2,0.20418472588062286
CZ3,0.20249903202056885
O,0.20081332325935364
OH,0.19912759959697723
OD1,0.20431776344776154
OD2,0.2095079869031906
OE1,0.21469828486442566
OE2,0.21988904476165771
OG,0.2306540459394455
OG1,0.24211563169956207
N,0.25357717275619507
NE,0.2650386691093445
NE1,0.2656479775905609
NE2,0.2631588280200958
ND1,0.26066967844963074
ND2,0.2581785023212433
NZ,0.2518230974674225
NH1,0.24353671073913574
NH2,0.23524820804595947
SD,0.2269611805677414
SG,0.2232777178287506
UNKNOWN,0.2232777178287506
