atom_index,is_real_atom,atom_type_from_onehot,importance
0,1,CB,10.41878890991211
1,1,CG2,10.41878890991211
2,1,CA,10.599268913269043
3,1,C,10.980854988098145
4,1,O,11.362441062927246
5,1,CB,11.744026184082031
6,1,N,11.963373184204102
7,1,CA,11.957676887512207
8,1,CG,11.951982498168945
9,1,CD1,11.946285247802734
10,1,CE1,11.85140323638916
11,1,CZ,11.601268768310547
12,1,OH,11.351133346557617
13,1,CA,11.10099983215332
14,1,CB,11.001470565795898
15,1,OG,11.235894203186035
16,1,CD1,11.470317840576172
17,1,CD1,11.704739570617676
18,1,CD1,11.930331230163574
19,1,CE1,12.130353927612305
20,1,CZ,12.330375671386719
21,1,CB,12.530397415161133
22,1,CG,12.673100471496582
23,1,CD1,12.590354919433594
24,1,CE1,12.507607460021973
25,1,CZ,12.424858093261719
26,1,N,12.295439720153809
27,1,CA,11.898717880249023
28,1,CB,11.501991271972656
29,1,CG,11.105266571044922
30,1,NE,10.665410041809082
