atom_index,is_real_atom,atom_type_from_onehot,importance
0,1,CE2,8.644774436950684
1,1,CZ,8.644774436950684
2,1,CE1,8.756781578063965
3,1,CZ,8.993596076965332
4,1,CD1,9.230411529541016
5,1,CD2,9.467225074768066
6,1,CD1,9.654325485229492
7,1,CA,9.772470474243164
8,1,O,9.890612602233887
9,1,CB,10.008755683898926
10,1,CG2,9.973797798156738
11,1,CD1,9.672331809997559
12,1,C,9.370864868164062
13,1,O,9.06939697265625
14,1,CB,8.660893440246582
15,1,SG,8.015042304992676
16,1,N,7.369190692901611
17,1,CA,6.7233405113220215
18,1,C,6.240609169006348
19,1,CB,6.230066776275635
20,1,CG,6.219525337219238
21,1,CD1,6.208981990814209
22,1,CD2,6.217072010040283
23,1,CE1,6.298445701599121
24,1,CE2,6.379819393157959
25,1,CZ,6.461193084716797
26,1,CA,6.611474514007568
27,1,C,7.1564106941223145
28,1,O,7.701348304748535
29,1,CB,8.246284484863281
30,1,CG,8.723564147949219
31,1,CD2,8.553278923034668
32,1,CE2,8.382990837097168
33,1,N,8.212705612182617
34,1,CA,8.0221586227417
35,1,CB,7.352099895477295
36,1,SG,6.6820454597473145
