atom_type,importance
C,0.11556372046470642
CA,0.11556372046470642
CB,0.11934363096952438
CD,0.1278488039970398
CD1,0.1363532841205597
CD2,0.14485903084278107
CE,0.14759545028209686
CE1,0.1387968510389328
CE2,0.12999825179576874
CE3,0.12119966000318527
CG,0.11657029390335083
CG1,0.12653197348117828
CG2,0.13649366796016693
CH2,0.146455317735672
CZ,0.1572294384241104
CZ2,0.17450329661369324
CZ3,0.19177718460559845
O,0.20905102789402008
OH,0.2263248711824417
OD1,0.20400671660900116
OD2,0.18168853223323822
OE1,0.1593702733516693
OE2,0.13705208897590637
OG,0.13450926542282104
OG1,0.13443833589553833
N,0.13436739146709442
NE,0.1342964619398117
NE1,0.13490065932273865
NE2,0.13569724559783936
ND1,0.13649509847164154
ND2,0.13729168474674225
NZ,0.14322111010551453
NH1,0.1517181694507599
NH2,0.16021399199962616
SD,0.16870976984500885
SG,0.17248694598674774
UNKNOWN,0.17248694598674774
