atom_index,is_real_atom,atom_type_from_onehot,importance
0,1,CD2,5.866438865661621
1,1,CE2,5.866438865661621
2,1,CZ,5.721879482269287
3,1,CE1,5.4162397384643555
4,1,CZ,5.110599517822266
5,1,CG,4.804959297180176
6,1,CG,4.740079879760742
7,1,CD1,5.009159088134766
8,1,CD1,5.278237819671631
9,1,CD2,5.547314643859863
10,1,CD2,5.644386291503906
11,1,CG,5.442038059234619
12,1,CD1,5.239688396453857
13,1,CD2,5.037339687347412
14,1,CA,4.936460018157959
15,1,C,5.060578346252441
16,1,O,5.184699058532715
17,1,CB,5.3088178634643555
18,1,CG1,5.342691421508789
19,1,CG2,5.115324974060059
20,1,CA,4.887958526611328
21,1,C,4.660592555999756
22,1,O,4.431877613067627
23,1,CB,4.197859764099121
24,1,SG,3.9638419151306152
25,1,N,3.7298247814178467
26,1,CA,3.548021078109741
27,1,C,3.665264129638672
28,1,CB,3.7825071811676025
29,1,CG,3.899750232696533
30,1,CD1,4.0144524574279785
31,1,CD2,4.104835510253906
32,1,CE1,4.195218563079834
33,1,CE2,4.2856011390686035
34,1,CZ,4.3823418617248535
35,1,CA,4.629540920257568
36,1,C,4.87673807144165
37,1,O,5.123937129974365
38,1,CB,5.371135234832764
39,1,CG,5.336699485778809
40,1,CD2,5.298405647277832
41,1,CE2,5.260112285614014
42,1,N,5.2218170166015625
43,1,CA,4.769599914550781
44,1,CB,4.287390232086182
45,1,SG,3.8051788806915283
46,1,SG,3.322967767715454
