atom_type,importance_sum
C,2.280078172683716
CA,2.280078172683716
CB,2.464339017868042
CD,2.878979444503784
CD1,3.293600082397461
CD2,3.708221435546875
CE,4.139856338500977
CE1,4.605521202087402
CE2,5.071185111999512
CE3,5.536849021911621
CG,6.1947174072265625
CG1,7.525212287902832
CG2,8.855752944946289
CH2,10.186250686645508
CZ,11.433490753173828
CZ2,12.014702796936035
CZ3,12.59591007232666
O,13.17712116241455
OH,13.758328437805176
OD1,11.863213539123535
OD2,9.968094825744629
OE1,8.072948455810547
OE2,6.177818775177002
OG,5.882802963256836
OG1,5.787802696228027
N,5.692802906036377
NE,5.5978007316589355
NE1,5.679086208343506
NE2,5.810726642608643
ND1,5.94236421585083
ND2,6.074003219604492
NZ,6.44939661026001
NH1,6.9466938972473145
NH2,7.443986892700195
SD,7.9412841796875
SG,8.162307739257812
UNKNOWN,8.162307739257812
