atom_index,is_real_atom,atom_type_from_onehot,importance
0,1,CA,8.140410423278809
1,1,C,8.140410423278809
2,1,O,8.106239318847656
3,1,CB,8.033990859985352
4,1,CG,7.961741924285889
5,1,CD1,7.889492034912109
6,1,CD2,7.79990291595459
7,1,NE1,7.686259746551514
8,1,CE2,7.5726165771484375
9,1,CE3,7.458973407745361
10,1,CZ2,7.6742262840271
11,1,CZ3,8.46200180053711
12,1,CH2,9.249776840209961
13,1,CG,10.037551879882812
14,1,CD2,10.702442169189453
15,1,CA,11.094850540161133
16,1,CB,11.487259864807129
17,1,SD,11.879667282104492
18,1,CE,12.115076065063477
19,1,CG,11.896016120910645
20,1,ND1,11.676955223083496
21,1,CD2,11.457897186279297
22,1,CE1,11.150964736938477
23,1,NE2,10.498406410217285
24,1,O,9.84584903717041
25,1,CB,9.193292617797852
26,1,CG,8.609037399291992
27,1,CD1,8.415974617004395
28,1,CD2,8.22291088104248
29,1,NE1,8.029848098754883
30,1,CE2,7.8564653396606445
31,1,CE3,7.871452331542969
32,1,CZ2,7.886440753936768
33,1,CZ3,7.901427745819092
34,1,CH2,7.900829315185547
35,1,OG1,7.5313920974731445
