atom_type,mean_importance
C,6.163336753845215
CA,6.163336753845215
CB,6.763035774230957
CD,8.112357139587402
CD1,9.46167278289795
CD2,10.810998916625977
CE,11.74070930480957
CE1,11.831178665161133
CE2,11.921651840209961
CE3,12.012124061584473
CG,12.197271347045898
CG1,12.713766098022461
CG2,13.230262756347656
CH2,13.746759414672852
CZ,14.290131568908691
CZ2,15.048526763916016
CZ3,15.806921005249023
O,16.565319061279297
OH,17.32371711730957
OD1,15.980295181274414
OD2,14.63687801361084
OE1,13.293458938598633
OE2,11.950042724609375
OG,12.197333335876465
OG1,12.643464088439941
N,13.089594841003418
NE,13.535726547241211
NE1,13.384243965148926
NE2,13.06200885772705
ND1,12.739777565002441
ND2,12.417552947998047
NZ,12.404725074768066
NH1,12.546585083007812
NH2,12.688451766967773
SD,12.830315589904785
SG,12.893362998962402
UNKNOWN,12.893362998962402
