atom_type,count_in_topK,percent_of_topK,topk_atoms_total,K_per_sample
C,23,8.070175438596491,285,5
CA,26,9.12280701754386,285,5
CB,31,10.87719298245614,285,5
CD,6,2.1052631578947367,285,5
CD1,15,5.263157894736842,285,5
CD2,16,5.614035087719298,285,5
CE,4,1.4035087719298245,285,5
CE1,10,3.508771929824561,285,5
CE2,19,6.666666666666667,285,5
CE3,3,1.0526315789473684,285,5
CG,23,8.070175438596491,285,5
CG1,5,1.7543859649122806,285,5
CG2,14,4.912280701754386,285,5
CH2,1,0.3508771929824561,285,5
CZ,16,5.614035087719298,285,5
CZ2,4,1.4035087719298245,285,5
CZ3,3,1.0526315789473684,285,5
O,33,11.578947368421053,285,5
OH,2,0.7017543859649122,285,5
OD1,1,0.3508771929824561,285,5
OD2,0,0.0,285,5
OE1,2,0.7017543859649122,285,5
OE2,1,0.3508771929824561,285,5
OG,1,0.3508771929824561,285,5
OG1,2,0.7017543859649122,285,5
N,13,4.56140350877193,285,5
NE,1,0.3508771929824561,285,5
NE1,1,0.3508771929824561,285,5
NE2,1,0.3508771929824561,285,5
ND1,1,0.3508771929824561,285,5
ND2,0,0.0,285,5
NZ,3,1.0526315789473684,285,5
NH1,0,0.0,285,5
NH2,1,0.3508771929824561,285,5
SD,3,1.0526315789473684,285,5
SG,0,0.0,285,5
UNKNOWN,0,0.0,285,5
