atom_index,is_real_atom,atom_type_from_onehot,importance
0,1,CD1,6.821446895599365
1,1,CE1,6.821446895599365
2,1,CE2,6.838131904602051
3,1,CZ,6.873408794403076
4,1,CG,6.908684730529785
5,1,CD1,6.9439616203308105
6,1,CD2,7.0085906982421875
7,1,CG,7.113929748535156
8,1,CD1,7.219269752502441
9,1,CD2,7.324609756469727
10,1,CG,7.472734451293945
11,1,CD2,7.695337772369385
12,1,CE2,7.917942047119141
13,1,CZ,8.140545845031738
14,1,OH,8.428121566772461
15,1,CA,8.859766006469727
16,1,C,9.291411399841309
17,1,O,9.723053932189941
18,1,CB,10.05091667175293
19,1,CA,10.078354835510254
20,1,C,10.105792045593262
21,1,O,10.133228302001953
22,1,CB,10.129437446594238
23,1,CD1,10.002821922302246
24,1,N,9.876202583312988
25,1,CA,9.74958610534668
26,1,C,9.61785888671875
27,1,O,9.456878662109375
28,1,CB,9.295896530151367
29,1,CG2,9.134916305541992
30,1,CG1,8.973321914672852
31,1,CD1,8.805853843688965
32,1,N,8.638385772705078
33,1,CA,8.470917701721191
34,1,O,8.305768013000488
35,1,CB,8.195528030395508
36,1,CG,8.085288047790527
37,1,CD1,7.975049018859863
38,1,CE1,7.86480712890625
39,1,CB,7.730494499206543
40,1,CG1,7.595851421356201
41,1,CG2,7.461209297180176
42,1,CD1,7.326565265655518
