atom_type,importance
C,0.24390976130962372
CA,0.24390976130962372
CB,0.23435556888580322
CD,0.21285907924175262
CD1,0.1913626492023468
CD2,0.16986623406410217
CE,0.15382082760334015
CE1,0.14867892861366272
CE2,0.1435369998216629
CE3,0.13839508593082428
CG,0.14037714898586273
CG1,0.167291060090065
CG2,0.19420500099658966
CH2,0.22111879289150238
CZ,0.2502988576889038
CZ2,0.2976137399673462
CZ3,0.34492865204811096
O,0.3922434449195862
OH,0.4395587742328644
OD1,0.4266293942928314
OD2,0.4137006402015686
OE1,0.4007716774940491
OE2,0.38784289360046387
OG,0.36499831080436707
OG1,0.3409143388271332
N,0.3168303370475769
NE,0.2927463948726654
NE1,0.2965822219848633
NE2,0.30839380621910095
ND1,0.32020702958106995
ND2,0.33201864361763
NZ,0.33058616518974304
NH1,0.3225325345993042
NH2,0.31447866559028625
SD,0.3064248263835907
SG,0.3028464913368225
UNKNOWN,0.3028464913368225
