atom_index,is_real_atom,atom_type_from_onehot,importance
0,1,CD,7.638750076293945
1,1,NE,7.638750076293945
2,1,CA,7.932186126708984
3,1,C,8.552591323852539
4,1,O,9.172995567321777
5,1,CB,9.793400764465332
6,1,CG,9.942042350769043
7,1,CD,9.436299324035645
8,1,CE,8.930557250976562
9,1,CA,8.424814224243164
10,1,C,8.02144718170166
11,1,CB,7.796289920806885
12,1,CG,7.571131706237793
13,1,CD2,7.345973491668701
14,1,N,7.103640079498291
15,1,CA,6.823219299316406
16,1,CB,6.5427985191345215
17,1,CG,6.262378692626953
18,1,ND1,6.056431293487549
19,1,CD2,6.06606388092041
20,1,CE1,6.07569694519043
21,1,NE2,6.085330963134766
22,1,CB,6.200331211090088
23,1,CG1,6.729772567749023
24,1,CG2,7.25921630859375
25,1,CD1,7.788658618927002
26,1,CB,8.215848922729492
27,1,CG1,8.057408332824707
28,1,CG2,7.898969650268555
29,1,CD1,7.740530490875244
30,1,CE1,7.584066867828369
31,1,CZ,7.446519374847412
32,1,OH,7.308971405029297
33,1,CB,7.171424865722656
34,1,CG,7.024537563323975
35,1,CD1,6.656615734100342
36,1,CD2,6.288695812225342
37,1,NE1,5.920774936676025
38,1,CE2,5.552854061126709
39,1,CE3,5.32133150100708
40,1,CZ2,5.091679573059082
41,1,CZ3,4.862025737762451
42,1,CH2,4.632372856140137
43,1,CG,4.634754180908203
44,1,CD1,4.65394926071167
45,1,CD2,4.673145294189453
