atom_type,importance
C,0.08780966699123383
CA,0.08780966699123383
CB,0.09579259902238846
CD,0.11375585198402405
CD1,0.13171833753585815
CD2,0.14968083798885345
CE,0.15959812700748444
CE1,0.15342074632644653
CE2,0.14724475145339966
CE3,0.14106732606887817
CG,0.13722051680088043
CG1,0.14153146743774414
CG2,0.14584237337112427
CH2,0.15015332400798798
CZ,0.1532454639673233
CZ2,0.14658766984939575
CZ3,0.139929860830307
O,0.13327208161354065
OH,0.1266142576932907
OD1,0.12052512168884277
OD2,0.11443597078323364
OE1,0.10834722220897675
OE2,0.1022583544254303
OG,0.10330310463905334
OG1,0.1052396297454834
N,0.1071760430932045
NE,0.1091122031211853
NE1,0.108499675989151
NE2,0.10715801268815994
ND1,0.10581664741039276
ND2,0.104475237429142
NZ,0.11222459375858307
NH1,0.12452031672000885
NH2,0.1368148922920227
SD,0.14911045134067535
SG,0.15457522869110107
UNKNOWN,0.15457522869110107
