atom_type,importance_sum
C,8.390338897705078
CA,8.390338897705078
CB,8.793973922729492
CD,9.702184677124023
CD1,10.610333442687988
CD2,11.518583297729492
CE,11.990409851074219
CE1,11.589603424072266
CE2,11.18868350982666
CE3,10.787766456604004
CG,10.49852466583252
CG1,10.599993705749512
CG2,10.701462745666504
CH2,10.802931785583496
CZ,10.82923698425293
CZ2,10.25423526763916
CZ3,9.67923355102539
O,9.104247093200684
OH,8.529267311096191
OD1,7.9589996337890625
OD2,7.388715744018555
OE1,6.818430423736572
OE2,6.248145580291748
OG,6.163758754730225
OG1,6.140109539031982
N,6.11646032333374
NE,6.092809200286865
NE1,6.625980854034424
NE2,7.318310737609863
ND1,8.010641098022461
ND2,8.702973365783691
NZ,9.248026847839355
NH1,9.71941089630127
NH2,10.190855979919434
SD,10.662219047546387
SG,10.871716499328613
UNKNOWN,10.871716499328613
