atom_type,importance
C,0.08061934262514114
CA,0.08061934262514114
CB,0.08327065408229828
CD,0.08923440426588058
CD1,0.0951988697052002
CD2,0.10116330534219742
CE,0.10250037163496017
CE1,0.09458273649215698
CE2,0.086665078997612
CE3,0.07874742150306702
CG,0.07378748059272766
CG1,0.07918038964271545
CG2,0.08457332849502563
CH2,0.08996622264385223
CZ,0.09643599390983582
CZ2,0.11151979118585587
CZ3,0.12660424411296844
O,0.14168871939182281
OH,0.156773179769516
OD1,0.1578938215970993
OD2,0.1590144783258438
OE1,0.16013512015342712
OE2,0.16125574707984924
OG,0.15479260683059692
OG1,0.14738143980503082
N,0.1399703174829483
NE,0.1325591653585434
NE1,0.12741398811340332
NE2,0.12291444092988968
ND1,0.11841493099927902
ND2,0.11391549557447433
NZ,0.11119864135980606
NH1,0.10937263816595078
NH2,0.10754648596048355
SD,0.10572045296430588
SG,0.1049087718129158
UNKNOWN,0.1049087718129158
