atom_index,is_real_atom,atom_type_from_onehot,importance
0,1,CE1,9.325309753417969
1,1,CZ,9.325309753417969
2,1,CA,9.419754981994629
3,1,CB,9.619441986083984
4,1,OG,9.81912899017334
5,1,CA,10.018815994262695
6,1,C,10.094223022460938
7,1,O,9.997241020202637
8,1,CB,9.900257110595703
9,1,CG1,9.803277015686035
10,1,CG2,9.835748672485352
11,1,CD1,10.09356689453125
12,1,CA,10.351387023925781
13,1,C,10.60920524597168
14,1,O,10.821918487548828
15,1,CB,10.934611320495605
16,1,CG,11.047306060791016
17,1,CD,11.15999984741211
18,1,NZ,11.206233024597168
19,1,N,11.060076713562012
20,1,CA,10.913923263549805
21,1,CB,10.767769813537598
22,1,CG,10.597192764282227
23,1,OD1,10.330556869506836
24,1,ND2,10.063920974731445
25,1,CB,9.797286033630371
26,1,CG1,9.627942085266113
27,1,CG2,10.015786170959473
28,1,CD1,10.403634071350098
29,1,CE1,10.791481971740723
30,1,CZ,11.157784461975098
31,1,CA,11.31787109375
32,1,O,11.477958679199219
33,1,CB,11.638046264648438
34,1,CG,11.78799057006836
35,1,CD,11.697835922241211
36,1,CE,11.607680320739746
37,1,NZ,11.517523765563965
38,1,C,11.4273681640625
39,1,O,10.912662506103516
40,1,CB,10.392143249511719
41,1,OG,9.871623992919922
42,1,N,9.351104736328125
43,1,CA,9.166757583618164
44,1,CG2,9.006771087646484
45,1,C,8.846784591674805
46,1,O,8.686799049377441
47,1,CB,8.217855453491211
48,1,CG,7.706136703491211
49,1,CD1,7.194416522979736
50,1,CD2,6.6826958656311035
51,1,NE1,6.564267158508301
52,1,CE2,6.529654026031494
53,1,CE3,6.4950408935546875
54,1,CZ2,6.4604291915893555
55,1,CZ3,6.520936012268066
56,1,CH2,6.609810829162598
57,1,N,6.698685646057129
58,1,CA,6.787561416625977
59,1,CB,6.93101167678833
60,1,CG,7.096084117889404
61,1,CD1,7.261157989501953
62,1,CD2,7.4262309074401855
63,1,CE1,6.913784980773926
64,1,CZ,6.055671215057373
