atom_type,importance_sum
C,13.036125183105469
CA,13.036125183105469
CB,13.523195266723633
CD,14.619119644165039
CD1,15.715041160583496
CD2,16.81096649169922
CE,17.557687759399414
CE1,17.606019973754883
CE2,17.654342651367188
CE3,17.702672958374023
CG,17.766773223876953
CG1,17.886199951171875
CG2,18.005626678466797
CH2,18.125051498413086
CZ,18.380481719970703
CZ2,19.723939895629883
CZ3,21.067405700683594
O,22.410865783691406
OH,23.75432586669922
OD1,22.790414810180664
OD2,21.82650375366211
OE1,20.862585067749023
OE2,19.898670196533203
OG,19.950265884399414
OG1,20.12879180908203
N,20.30731201171875
NE,20.48583984375
NE1,20.193403244018555
NE2,19.76643180847168
ND1,19.33946990966797
ND2,18.91250228881836
NZ,19.04337501525879
NH1,19.45310401916504
NH2,19.862821578979492
SD,20.272550582885742
SG,20.454666137695312
UNKNOWN,20.454666137695312
