atom_index,is_real_atom,atom_type_from_onehot,importance
0,1,CA,10.735840797424316
1,1,C,10.735840797424316
2,1,O,10.991094589233398
3,1,CB,11.530769348144531
4,1,CG,12.07044506072998
5,1,CD2,12.610122680664062
6,1,N,12.995999336242676
7,1,O,13.168539047241211
8,1,CG,13.341079711914062
9,1,CD2,13.51362133026123
10,1,CG,13.479446411132812
11,1,CD,13.085430145263672
12,1,NE,12.691413879394531
13,1,CZ,12.297398567199707
14,1,NH1,11.78908634185791
15,1,NH2,11.027341842651367
16,1,CG,10.26559829711914
17,1,CD1,9.503853797912598
18,1,CD2,8.79210090637207
