atom_index,is_real_atom,atom_type_from_onehot,importance
0,1,CG,9.385528564453125
1,1,CD,9.385528564453125
2,1,NE,9.16479778289795
3,1,CZ,8.69810676574707
4,1,NH1,8.231417655944824
5,1,N,7.764727592468262
6,1,CA,7.266153335571289
7,1,C,6.723350524902344
8,1,O,6.180548667907715
9,1,CB,5.637745380401611
10,1,CG,5.255372047424316
11,1,CD2,5.1522626876831055
12,1,CE2,5.0491533279418945
13,1,CG1,4.946043968200684
14,1,CD1,4.841450214385986
15,1,CE3,4.733562469482422
16,1,CZ3,4.625675678253174
17,1,CH2,4.517789363861084
18,1,CG,4.582312107086182
19,1,CD1,5.145913124084473
20,1,CD2,5.709514617919922
21,1,CE,6.2731170654296875
22,1,CE1,6.759958267211914
23,1,CE2,6.944877624511719
24,1,CZ,7.129796981811523
25,1,CG,7.314716815948486
26,1,CD2,7.541604042053223
27,1,CH2,8.008851051330566
28,1,CA,8.476099967956543
29,1,C,8.943346977233887
30,1,O,9.364617347717285
31,1,CB,9.345810890197754
32,1,CG,9.327003479003906
33,1,CD,9.308199882507324
34,1,CA,9.28836727142334
35,1,C,9.244216918945312
36,1,O,9.200069427490234
37,1,CB,9.155920028686523
38,1,N,9.111770629882812
39,1,CA,8.706216812133789
40,1,CG2,8.295713424682617
41,1,CG2,7.885207653045654
42,1,CA,7.474700927734375
43,1,C,7.002528190612793
44,1,CB,6.525888442993164
45,1,OG,6.0492472648620605
46,1,N,5.572604656219482
47,1,CA,5.492156028747559
48,1,C,5.466562747955322
49,1,CB,5.440970420837402
50,1,CG1,5.415377616882324
51,1,N,5.536457538604736
52,1,CA,5.6887946128845215
53,1,C,5.841131687164307
54,1,O,5.993469715118408
55,1,OG1,5.955597877502441
56,1,CG,5.860996246337891
57,1,CD,5.76639461517334
58,1,OE1,5.671792984008789
59,1,NE2,5.754129886627197
60,1,CD,5.906572341918945
61,1,OE1,6.059016227722168
62,1,NE2,6.211458683013916
63,1,CE1,6.400144100189209
64,1,CZ,6.6073174476623535
65,1,C,6.8144917488098145
66,1,O,7.021665573120117
67,1,CG,6.999420166015625
68,1,CD1,6.82932710647583
69,1,CD2,6.659235000610352
70,1,CG2,6.489142894744873
