atom_index,is_real_atom,atom_type_from_onehot,importance
0,1,CD2,5.362194061279297
1,1,CE3,5.362194061279297
2,1,CZ2,5.342008113861084
3,1,CZ3,5.299328327178955
4,1,CH2,5.256648063659668
5,1,CB,5.213968276977539
6,1,CG2,5.086056709289551
7,1,CB,4.839921951293945
8,1,CD2,4.593787670135498
9,1,CE1,4.347651958465576
10,1,CE2,4.155986785888672
11,1,CZ,4.059136390686035
12,1,OH,3.962285280227661
13,1,CA,3.8654353618621826
14,1,C,3.805603504180908
15,1,O,3.8278567790985107
16,1,CB,3.8501102924346924
17,1,CG,3.872364044189453
18,1,CA,3.887857675552368
19,1,C,3.883784770965576
20,1,O,3.879711389541626
21,1,CB,3.875638961791992
22,1,CG,3.850525379180908
23,1,CD1,3.74265718460083
24,1,CD2,3.6347882747650146
25,1,NE1,3.5269198417663574
26,1,CE2,3.4548685550689697
27,1,CE3,3.5879554748535156
28,1,CZ2,3.721043109893799
29,1,CZ3,3.854130268096924
30,1,CH2,3.991337299346924
31,1,CD1,4.16796875
32,1,CE1,4.344601154327393
33,1,CE2,4.521233081817627
34,1,CZ,4.690373420715332
35,1,CD1,4.682197570800781
36,1,CD2,4.6740217208862305
37,1,CE1,4.6658453941345215
38,1,CE2,4.657670497894287
39,1,CZ,4.748195171356201
40,1,O,4.840071678161621
41,1,CA,4.931950569152832
42,1,C,5.023828029632568
43,1,O,4.952249050140381
44,1,CB,4.8688273429870605
45,1,CG1,4.785404205322266
46,1,N,4.701981544494629
47,1,CA,4.431252956390381
48,1,C,4.134591102600098
49,1,O,3.8379275798797607
50,1,N,3.541264772415161
51,1,CA,3.530334234237671
52,1,CB,3.5802969932556152
53,1,CG,3.6302599906921387
54,1,CD1,3.680223226547241
55,1,CD2,3.7090470790863037
56,1,CE1,3.731566905975342
57,1,CE2,3.7540862560272217
58,1,CZ,3.776606321334839
