atom_type,importance_sum
C,6.661553382873535
CA,6.661553382873535
CB,6.936151504516602
CD,7.554036617279053
CD1,8.171868324279785
CD2,8.789755821228027
CE,9.42290210723877
CE1,10.086468696594238
CE2,10.750140190124512
CE3,11.413812637329102
CG,11.899733543395996
CG1,11.7638578414917
CG2,11.627984046936035
CH2,11.492107391357422
CZ,11.304222106933594
CZ2,10.700273513793945
CZ3,10.09632682800293
O,9.492377281188965
OH,8.888428688049316
OD1,8.651701927185059
OD2,8.414976119995117
OE1,8.178248405456543
OE2,7.94152307510376
OG,8.145646095275879
OG1,8.404877662658691
N,8.664108276367188
NE,8.923338890075684
NE1,8.92055606842041
NE2,8.842864036560059
ND1,8.765201568603516
ND2,8.68751335144043
NZ,8.883577346801758
NH1,9.21643352508545
NH2,9.549341201782227
SD,9.882196426391602
SG,10.030153274536133
UNKNOWN,10.030153274536133
