atom_type,importance
C,0.05197012424468994
CA,0.05197012424468994
CB,0.0614236444234848
CD,0.08269433677196503
CD1,0.10396496206521988
CD2,0.12523503601551056
CE,0.14520549774169922
CE1,0.1625755876302719
CE2,0.17994561791419983
CE3,0.19731442630290985
CG,0.20877400040626526
CG1,0.19954663515090942
CG2,0.19031934440135956
CH2,0.18109199404716492
CZ,0.17463144659996033
CZ2,0.19030511379241943
CZ3,0.20597878098487854
O,0.22165241837501526
OH,0.23732607066631317
OD1,0.22893930971622467
OD2,0.22055254876613617
OE1,0.21216577291488647
OE2,0.2037789672613144
OG,0.19231438636779785
OG1,0.18046511709690094
N,0.16861581802368164
NE,0.15676654875278473
NE1,0.15342923998832703
NE2,0.15252308547496796
ND1,0.1516181230545044
ND2,0.15071195363998413
NZ,0.1503933072090149
NH1,0.15036842226982117
NH2,0.15034350752830505
SD,0.15031862258911133
SG,0.1503070890903473
UNKNOWN,0.1503070890903473
