atom_index,is_real_atom,atom_type_from_onehot,importance
0,1,CD,11.275679588317871
1,1,NE,11.275679588317871
2,1,NH1,11.393892288208008
3,1,O,11.64382266998291
4,1,CB,11.893754005432129
5,1,CG1,12.143689155578613
6,1,CG2,12.337132453918457
7,1,CG,12.452227592468262
8,1,CD2,12.567320823669434
9,1,CB,12.682414054870605
10,1,CA,12.779874801635742
11,1,CA,12.846638679504395
12,1,CB,12.91340446472168
13,1,CB,12.980168342590332
14,1,SG,12.917021751403809
15,1,O,12.565810203552246
16,1,CG1,12.21459674835205
17,1,CG2,11.863385200500488
18,1,C,11.4714937210083
19,1,O,10.961859703063965
20,1,CB,10.452223777770996
21,1,CG,9.942584991455078
22,1,CD1,9.484848022460938
23,1,CD2,9.231241226196289
24,1,NE1,8.977635383605957
25,1,CE2,8.724030494689941
26,1,CE3,8.53762149810791
27,1,CZ2,8.736061096191406
28,1,CZ3,8.934500694274902
29,1,CH2,9.132940292358398
30,1,N,9.296161651611328
31,1,CA,9.122289657592773
32,1,CB,8.948416709899902
33,1,CB,8.774545669555664
34,1,CG,8.574525833129883
35,1,CD2,7.755697727203369
