atom_type,importance_sum
C,14.446037292480469
CA,14.446037292480469
CB,14.921577453613281
CD,15.991586685180664
CD1,17.061466217041016
CD2,18.131505966186523
CE,18.585561752319336
CE1,17.807857513427734
CE2,17.030292510986328
CE3,16.25263786315918
CG,15.591740608215332
CG1,15.339578628540039
CG2,15.087414741516113
CH2,14.835247039794922
CZ,14.577744483947754
CZ2,14.277486801147461
CZ3,13.977226257324219
O,13.676970481872559
OH,13.376714706420898
OD1,13.421894073486328
OD2,13.467074394226074
OE1,13.512256622314453
OE2,13.557435989379883
OG,13.074389457702637
OG1,12.525309562683105
N,11.976231575012207
NE,11.427157402038574
NE1,11.461301803588867
NE2,11.662019729614258
ND1,11.862733840942383
ND2,12.063446998596191
NZ,11.920775413513184
NH1,11.606277465820312
NH2,11.29186725616455
SD,10.977458953857422
SG,10.837749481201172
UNKNOWN,10.837749481201172
