atom_type,importance
C,0.08924737572669983
CA,0.08924737572669983
CB,0.09927766770124435
CD,0.12184454500675201
CD1,0.14441269636154175
CD2,0.16698084771633148
CE,0.18123559653759003
CE1,0.17886744439601898
CE2,0.17649929225444794
CE3,0.1741310954093933
CG,0.17253021895885468
CG1,0.1736128032207489
CG2,0.1746954470872879
CH2,0.17577800154685974
CZ,0.17790916562080383
CZ2,0.18842853605747223
CZ3,0.19894787669181824
O,0.20946729183197021
OH,0.21998539566993713
OD1,0.20866656303405762
OD2,0.19734641909599304
OE1,0.18602634966373444
OE2,0.17470620572566986
OG,0.1632995307445526
OG1,0.15188199281692505
N,0.14046455919742584
NE,0.12904703617095947
NE1,0.12118814140558243
NE2,0.11434800177812576
ND1,0.10750657320022583
ND2,0.10066577047109604
NZ,0.09840419143438339
NH1,0.09843285381793976
NH2,0.09846147894859314
SD,0.09848949313163757
SG,0.09850237518548965
UNKNOWN,0.09850237518548965
