atom_index,is_real_atom,atom_type_from_onehot,importance
0,1,O,9.776031494140625
1,1,N,9.776031494140625
2,1,CA,9.745121002197266
3,1,C,9.679762840270996
4,1,O,9.614404678344727
5,1,CB,9.54904556274414
6,1,CG,9.451101303100586
7,1,CD2,9.307961463928223
8,1,N,9.164820671081543
9,1,N,9.021679878234863
10,1,CA,8.86053466796875
11,1,C,8.668048858642578
12,1,O,8.475563049316406
13,1,CB,8.283076286315918
14,1,CG,8.165703773498535
15,1,CD1,8.214884757995605
16,1,CD2,8.264066696166992
17,1,N,8.31324577331543
18,1,CA,8.296649932861328
19,1,CB,8.089638710021973
20,1,N,7.88262939453125
21,1,CA,7.675619125366211
22,1,CB,7.564632892608643
23,1,CG,7.83134126663208
24,1,CD1,8.09804916381836
25,1,CD2,8.364755630493164
26,1,CE1,8.550353050231934
27,1,CE2,8.271417617797852
28,1,CZ,7.99247932434082
29,1,CA,7.713542938232422
30,1,O,7.499714374542236
31,1,CB,7.9090704917907715
32,1,CG1,8.318427085876465
33,1,CG2,8.727783203125
34,1,CA,9.124503135681152
35,1,C,9.222155570983887
36,1,O,9.319807052612305
37,1,CB,9.417458534240723
38,1,OG,9.515110969543457
39,1,N,9.654108047485352
40,1,CA,9.793671607971191
41,1,CB,9.933231353759766
42,1,CG1,10.072794914245605
43,1,CG2,9.34428882598877
44,1,CD1,8.552886009216309
45,1,OG1,7.761476993560791
