atom_type,importance_sum
C,7.878422260284424
CA,7.878422260284424
CB,8.608404159545898
CD,10.250848770141602
CD1,11.893314361572266
CD2,13.535780906677246
CE,14.611741065979004
CE1,14.554582595825195
CE2,14.49742603302002
CE3,14.440275192260742
CG,14.281597137451172
CG1,13.767680168151855
CG2,13.25376033782959
CH2,12.739843368530273
CZ,12.391867637634277
CZ2,13.371499061584473
CZ3,14.351133346557617
O,15.330768585205078
OH,16.31039810180664
OD1,14.392062187194824
OD2,12.473724365234375
OE1,10.555387496948242
OE2,8.637075424194336
OG,10.80582332611084
OG1,13.485496520996094
N,16.165159225463867
NE,18.84482192993164
NE1,19.26606559753418
NE2,19.041770935058594
ND1,18.817646026611328
ND2,18.593515396118164
NZ,17.98932456970215
NH1,17.195072174072266
NH2,16.400890350341797
SD,15.606586456298828
SG,15.253639221191406
UNKNOWN,15.253639221191406
