atom_type,importance_sum
C,4.291840553283691
CA,4.291840553283691
CB,5.075623035430908
CD,6.8391337394714355
CD1,8.602643966674805
CD2,10.366201400756836
CE,11.703187942504883
CE1,12.187213897705078
CE2,12.671150207519531
CE3,13.15517807006836
CG,13.791522979736328
CG1,14.961153030395508
CG2,16.130786895751953
CH2,17.300416946411133
CZ,18.339767456054688
CZ2,18.336837768554688
CZ3,18.333913803100586
O,18.33098602294922
OH,18.328062057495117
OD1,16.287912368774414
OD2,14.247764587402344
OE1,12.207612037658691
OE2,10.167461395263672
OG,9.351737022399902
OG1,8.689078330993652
N,8.026418685913086
NE,7.363739967346191
NE1,7.947788715362549
NE2,8.888111114501953
ND1,9.828380584716797
ND2,10.76872444152832
NZ,12.045282363891602
NH1,13.48990535736084
NH2,14.934619903564453
SD,16.379240036010742
SG,17.0213623046875
UNKNOWN,17.0213623046875
