atom_index,is_real_atom,atom_type_from_onehot,importance
0,1,CD1,7.103947639465332
1,1,CG,7.103947639465332
2,1,CD1,7.227827548980713
3,1,CD2,7.489747524261475
4,1,CE1,7.751666069030762
5,1,CE2,8.013585090637207
6,1,CZ,8.118324279785156
7,1,OH,8.005040168762207
8,1,C,7.891756534576416
9,1,O,7.778472423553467
10,1,OD1,7.613442897796631
11,1,ND2,7.358342170715332
12,1,N,7.103240966796875
13,1,CA,6.848138809204102
14,1,C,6.6346330642700195
15,1,O,6.513360023498535
16,1,CB,6.392086982727051
17,1,CG,6.27081298828125
18,1,CD1,6.173890113830566
19,1,CD2,6.147449970245361
20,1,CE1,6.1210103034973145
21,1,CE2,6.094571113586426
22,1,CZ,6.078739643096924
23,1,OH,6.10463809967041
24,1,CA,6.130536079406738
25,1,C,6.156435012817383
26,1,CB,6.201633453369141
27,1,N,6.357367992401123
28,1,CA,6.513103485107422
29,1,O,6.668838024139404
30,1,CB,6.789278030395508
31,1,CG,6.571899890899658
32,1,C,6.354520797729492
33,1,O,6.137141704559326
34,1,CB,5.922859191894531
35,1,N,5.781851291656494
36,1,CA,5.640842437744141
37,1,CB,5.4998345375061035
38,1,CG,5.35882568359375
39,1,CD,4.630975246429443
40,1,CE,3.8950893878936768
