atom_type,importance_sum
C,2.847508430480957
CA,2.847508430480957
CB,2.971752882003784
CD,3.251298427581787
CD1,3.5308427810668945
CD2,3.810410976409912
CE,4.128269195556641
CE1,4.522795677185059
CE2,4.917322158813477
CE3,5.311850547790527
CG,5.737964153289795
CG1,6.2746710777282715
CG2,6.811376571655273
CH2,7.348083019256592
CZ,8.046353340148926
CZ2,10.037139892578125
CZ3,12.027921676635742
O,14.018704414367676
OH,16.009490966796875
OD1,14.3628511428833
OD2,12.716216087341309
OE1,11.069581031799316
OE2,9.422942161560059
OG,9.015501022338867
OG1,8.762967109680176
N,8.510428428649902
NE,8.257892608642578
NE1,8.58881950378418
NE2,9.086413383483887
ND1,9.584009170532227
ND2,10.081603050231934
NZ,10.126227378845215
NH1,9.944417953491211
NH2,9.762600898742676
SD,9.580784797668457
SG,9.500020027160645
UNKNOWN,9.500020027160645
