atom_index,is_real_atom,atom_type_from_onehot,importance
0,1,OG,8.167567253112793
1,1,CB,8.167567253112793
2,1,CG,8.216255187988281
3,1,CD1,8.319195747375488
4,1,CD2,8.422137260437012
5,1,CE2,8.52507495880127
6,1,CZ,8.509282112121582
7,1,CB,8.328794479370117
8,1,CG2,8.14830493927002
9,1,CG,7.967816352844238
10,1,CD1,7.8869805335998535
11,1,CD2,7.979612827301025
12,1,CE1,8.072244644165039
13,1,CE2,8.164876937866211
14,1,CZ,8.296241760253906
15,1,CA,8.51348876953125
16,1,O,8.730734825134277
17,1,CB,8.947980880737305
18,1,CG,9.131383895874023
19,1,CD2,9.216818809509277
20,1,CG,9.302252769470215
21,1,CB,9.387687683105469
22,1,CG,9.32686710357666
23,1,CD1,8.690779685974121
24,1,CD1,8.054691314697266
25,1,CE2,7.418605804443359
