atom_index,is_real_atom,atom_type_from_onehot,importance
0,1,CE1,10.153297424316406
1,1,CD,10.153297424316406
2,1,NE,10.576940536499023
3,1,CZ,11.472644805908203
4,1,NH1,12.36834716796875
5,1,NH2,13.26405143737793
6,1,CD1,13.785840034484863
7,1,CE1,13.788969039916992
8,1,CE2,13.792099952697754
9,1,CZ,13.795228958129883
10,1,CB,13.922773361206055
11,1,C,14.266889572143555
12,1,O,14.611006736755371
13,1,CB,14.955124855041504
14,1,CG,15.147370338439941
15,1,CD2,15.002859115600586
16,1,CE2,14.858343124389648
17,1,N,14.713830947875977
18,1,CA,14.37230396270752
19,1,CB,13.460479736328125
20,1,CG,12.548653602600098
21,1,OD1,11.63683032989502
22,1,ND2,10.717087745666504
