atom_index,is_real_atom,atom_type_from_onehot,importance
0,1,CG,8.900649070739746
1,1,SD,8.900649070739746
2,1,CE,8.94660472869873
3,1,C,9.043766975402832
4,1,O,9.14093017578125
5,1,CB,9.238090515136719
6,1,N,9.384380340576172
7,1,CA,9.5988187789917
8,1,C,9.813254356384277
9,1,O,10.027692794799805
10,1,CB,10.271805763244629
11,1,CG1,10.567581176757812
12,1,CD1,10.863354682922363
13,1,O,11.15912914276123
14,1,CB,11.448671340942383
15,1,SG,11.724393844604492
16,1,CA,12.000117301940918
17,1,C,12.275839805603027
18,1,O,12.379405975341797
19,1,CB,11.984626770019531
20,1,CG,11.589849472045898
21,1,N,11.195072174072266
22,1,CA,10.850973129272461
23,1,CB,10.706233024597168
24,1,CG,10.56148910522461
25,1,CE,10.416744232177734
26,1,CB,10.30079174041748
27,1,CG,10.34972858428955
28,1,CD2,10.398666381835938
29,1,CE2,10.447604179382324
30,1,C,10.502534866333008
31,1,O,10.614849090576172
32,1,CB,10.727164268493652
33,1,CG,10.8394775390625
34,1,CD1,10.952159881591797
35,1,CD2,11.073546409606934
36,1,CA,11.194931030273438
37,1,C,11.31631851196289
38,1,O,11.437704086303711
39,1,CB,11.219865798950195
40,1,CG,10.997384071350098
41,1,N,10.774900436401367
42,1,CA,10.552417755126953
43,1,CB,10.499556541442871
44,1,OG,10.458988189697266
45,1,CD1,10.418416976928711
46,1,CE1,10.377848625183105
47,1,CZ,10.353815078735352
48,1,CG2,10.332069396972656
49,1,CD1,10.310325622558594
50,1,CG,10.288580894470215
51,1,CD,9.588905334472656
52,1,CE,8.744757652282715
53,1,NZ,7.900604724884033
