atom_type,importance_sum
C,13.18628978729248
CA,13.18628978729248
CB,13.966597557067871
CD,15.722284317016602
CD1,17.477962493896484
CD2,19.233644485473633
CE,20.673574447631836
CE1,21.482297897338867
CE2,22.29087257385254
CE3,23.09960174560547
CG,23.4078426361084
CG1,21.964868545532227
CG2,20.521894454956055
CH2,19.078916549682617
CZ,17.893085479736328
CZ2,18.764394760131836
CZ3,19.635704040527344
O,20.50700569152832
OH,21.378307342529297
OD1,20.388822555541992
OD2,19.39933204650879
OE1,18.409841537475586
OE2,17.420352935791016
OG,17.68060302734375
OG1,18.097064971923828
N,18.513530731201172
NE,18.93000602722168
NE1,17.980043411254883
NE2,16.639617919921875
ND1,15.299193382263184
ND2,13.958808898925781
NZ,14.042509078979492
NH1,14.8382568359375
NH2,15.634074211120605
SD,16.42982292175293
SG,16.783512115478516
UNKNOWN,16.783512115478516
