atom_type,importance
C,0.13825005292892456
CA,0.13825005292892456
CB,0.1505793184041977
CD,0.1783207207918167
CD1,0.2060612142086029
CD2,0.2338017076253891
CE,0.25519639253616333
CE1,0.2638937830924988
CE2,0.27258917689323425
CE3,0.2812865674495697
CG,0.2861544191837311
CG1,0.2776199281215668
CG2,0.2690854072570801
CH2,0.2605508863925934
CZ,0.2532690763473511
CZ2,0.2560081481933594
CZ3,0.25874724984169006
O,0.26148632168769836
OH,0.26422542333602905
OD1,0.25550535321235657
OD2,0.2467852532863617
OE1,0.23806515336036682
OE2,0.2293451428413391
OG,0.22768725454807281
OG1,0.22691211104393005
N,0.2261369377374649
NE,0.22536180913448334
NE1,0.24028028547763824
NE2,0.25968149304389954
ND1,0.27908456325531006
ND2,0.29848581552505493
NZ,0.3000735640525818
NH1,0.29275280237197876
NH2,0.28543201088905334
SD,0.2781112790107727
SG,0.2748585641384125
UNKNOWN,0.2748585641384125
