atom_type,importance
C,0.1429591029882431
CA,0.1429591029882431
CB,0.143940731883049
CD,0.14614690840244293
CD1,0.14835309982299805
CD2,0.150559201836586
CE,0.15500332415103912
CE1,0.1639232337474823
CE2,0.1728431135416031
CE3,0.18176190555095673
CG,0.18687519431114197
CG1,0.17866696417331696
CG2,0.1704588383436203
CH2,0.1622506082057953
CZ,0.15654784440994263
CZ2,0.17088855803012848
CZ3,0.18522928655147552
O,0.19957000017166138
OH,0.21391066908836365
OD1,0.20567411184310913
OD2,0.1974375694990158
OE1,0.18920092284679413
OE2,0.18096432089805603
OG,0.178809255361557
OG1,0.17741432785987854
N,0.17601941525936127
NE,0.17462454736232758
NE1,0.1759231686592102
NE2,0.17799262702465057
ND1,0.18006101250648499
ND2,0.18213047087192535
NZ,0.17741386592388153
NH1,0.16930703818798065
NH2,0.16119909286499023
SD,0.15309108793735504
SG,0.14948806166648865
UNKNOWN,0.14948806166648865
