atom_type,importance_sum
C,8.437734603881836
CA,8.437734603881836
CB,8.685123443603516
CD,9.241798400878906
CD1,9.798408508300781
CD2,10.355056762695312
CE,10.991690635681152
CE1,11.788267135620117
CE2,12.5848388671875
CE3,13.381416320800781
CG,14.128680229187012
CG1,14.703592300415039
CG2,15.278502464294434
CH2,15.853416442871094
CZ,16.243938446044922
CZ2,15.159379959106445
CZ3,14.074819564819336
O,12.99026107788086
OH,11.905701637268066
OD1,11.14967155456543
OD2,10.393645286560059
OE1,9.637617111206055
OE2,8.881611824035645
OG,8.348823547363281
OG1,7.843925476074219
N,7.339020729064941
NE,6.834116458892822
NE1,7.011654376983643
NE2,7.384222030639648
ND1,7.756789207458496
ND2,8.129359245300293
NZ,8.679335594177246
NH1,9.318041801452637
NH2,9.95674991607666
SD,10.595453262329102
SG,10.879372596740723
UNKNOWN,10.879372596740723
