atom_type,importance
C,0.10600515455007553
CA,0.10600515455007553
CB,0.11379998177289963
CD,0.13133859634399414
CD1,0.14887680113315582
CD2,0.16641508042812347
CE,0.17848534882068634
CE1,0.17961956560611725
CE2,0.18075250089168549
CE3,0.1818867176771164
CG,0.18318681418895721
CG1,0.18506713211536407
CG2,0.18694740533828735
CH2,0.18882763385772705
CZ,0.1905030757188797
CZ2,0.1905408501625061
CZ3,0.19057856500148773
O,0.19061622023582458
OH,0.19065390527248383
OD1,0.18435007333755493
OD2,0.17804627120494843
OE1,0.17174246907234192
OE2,0.16543865203857422
OG,0.16088956594467163
OG1,0.1565598100423813
N,0.15223003923892975
NE,0.1479002982378006
NE1,0.13751216232776642
NE2,0.12539353966712952
ND1,0.11327491700649261
ND2,0.10115630179643631
NZ,0.10045593976974487
NH1,0.10546502470970154
NH2,0.11047475039958954
SD,0.11548373103141785
SG,0.11771003901958466
UNKNOWN,0.11771003901958466
