atom_type,importance
C,0.07969032973051071
CA,0.07969032973051071
CB,0.08386826515197754
CD,0.09326829016208649
CD1,0.10266835242509842
CD2,0.11206822842359543
CE,0.1243382915854454
CE1,0.14235030114650726
CE2,0.1603613793849945
CE3,0.17837251722812653
CG,0.18974566459655762
CG1,0.17788326740264893
CG2,0.16602087020874023
CH2,0.15415850281715393
CZ,0.14423087239265442
CZ2,0.14978106319904327
CZ3,0.15533122420310974
O,0.16088144481182098
OH,0.16643160581588745
OD1,0.16632665693759918
OD2,0.16622166335582733
OE1,0.16611672937870026
OE2,0.1660117655992508
OG,0.1763426512479782
OG1,0.1879778951406479
N,0.19961333274841309
NE,0.21124869585037231
NE1,0.22313672304153442
NE2,0.23509521782398224
ND1,0.24705541133880615
ND2,0.259013831615448
NZ,0.26428210735321045
NH1,0.2662026286125183
NH2,0.2681250274181366
SD,0.2700456380844116
SG,0.27089959383010864
UNKNOWN,0.27089959383010864
