atom_index,is_real_atom,atom_type_from_onehot,importance
0,1,CE2,9.29117488861084
1,1,CZ,9.29117488861084
2,1,CE1,9.512022018432617
3,1,CZ,9.978955268859863
4,1,CD1,10.445890426635742
5,1,CD2,10.912826538085938
6,1,CD2,11.28560733795166
7,1,CD1,11.527791023254395
8,1,CD2,11.769975662231445
9,1,CA,12.012162208557129
10,1,O,12.112398147583008
11,1,CB,11.965540885925293
12,1,CG1,11.818685531616211
13,1,CG2,11.671828269958496
14,1,C,11.310938835144043
15,1,O,10.475452423095703
16,1,CB,9.639963150024414
17,1,SG,8.80447769165039
18,1,N,8.114150047302246
19,1,CA,7.844018936157227
20,1,CB,7.573887348175049
21,1,CG,7.303756237030029
22,1,CD1,7.1221418380737305
23,1,CD2,7.288698196411133
24,1,CE1,7.455254077911377
25,1,CE2,7.621809482574463
26,1,CZ,7.820016860961914
27,1,CA,8.199499130249023
28,1,C,8.57898235321045
29,1,O,8.958463668823242
30,1,CB,9.316315650939941
31,1,CG,9.467126846313477
32,1,CD2,9.617942810058594
33,1,CE2,9.768754959106445
34,1,N,9.89262866973877
35,1,CA,9.378936767578125
36,1,CB,8.86524772644043
37,1,SG,8.351555824279785
