atom_type,importance_sum
C,7.0113420486450195
CA,7.0113420486450195
CB,7.122286319732666
CD,7.371878147125244
CD1,7.621467590332031
CD2,7.871092796325684
CE,8.417901039123535
CE1,9.559112548828125
CE2,10.70032024383545
CE3,11.841529846191406
CG,12.714069366455078
CG1,12.64633560180664
CG2,12.578598976135254
CH2,12.510865211486816
CZ,12.519914627075195
CZ2,13.143240928649902
CZ3,13.766566276550293
O,14.389893531799316
OH,15.013219833374023
OD1,14.457744598388672
OD2,13.90226936340332
OE1,13.346790313720703
OE2,12.791311264038086
OG,13.195895195007324
OG1,13.720489501953125
N,14.24508285522461
NE,14.769671440124512
NE1,14.790390014648438
NE2,14.667131423950195
ND1,14.543871879577637
ND2,14.420604705810547
NZ,13.818286895751953
NH1,12.976401329040527
NH2,12.1345796585083
SD,11.292696952819824
SG,10.918575286865234
UNKNOWN,10.918575286865234
