atom_type,importance
C,0.10005376487970352
CA,0.10005376487970352
CB,0.10510537773370743
CD,0.11647108942270279
CD1,0.12783679366111755
CD2,0.13920249044895172
CE,0.14878785610198975
CE1,0.15481138229370117
CE2,0.1608361154794693
CE3,0.1668596863746643
CG,0.17542405426502228
CG1,0.19288422167301178
CG2,0.21034441888332367
CH2,0.22780458629131317
CZ,0.24210873246192932
CZ2,0.2311640977859497
CZ3,0.2202194482088089
O,0.2092747837305069
OH,0.19833022356033325
OD1,0.1975824236869812
OD2,0.19683468341827393
OE1,0.19608691334724426
OE2,0.1953391283750534
OG,0.1884995996952057
OG1,0.18089865148067474
N,0.1732976883649826
NE,0.16569672524929047
NE1,0.16599543392658234
NE2,0.16855096817016602
ND1,0.1711064726114273
ND2,0.17366084456443787
NZ,0.17569242417812347
NH1,0.17746305465698242
NH2,0.17923259735107422
SD,0.18100206553936005
SG,0.18178945779800415
UNKNOWN,0.18178945779800415
