residue,count_in_topK,percent_of_topK,topk_atoms_total,K_per_sample
ALA,13,4.56140350877193,285,5
ARG,11,3.8596491228070176,285,5
ASN,3,1.0526315789473684,285,5
ASP,1,0.3508771929824561,285,5
CYS,2,0.7017543859649122,285,5
GLN,3,1.0526315789473684,285,5
GLU,13,4.56140350877193,285,5
GLY,7,2.456140350877193,285,5
HIS,6,2.1052631578947367,285,5
ILE,28,9.824561403508772,285,5
LEU,31,10.87719298245614,285,5
LYS,7,2.456140350877193,285,5
MET,5,1.7543859649122806,285,5
PHE,37,12.982456140350877,285,5
PRO,17,5.964912280701754,285,5
SER,9,3.1578947368421053,285,5
THR,16,5.614035087719298,285,5
TRP,41,14.385964912280702,285,5
TYR,9,3.1578947368421053,285,5
VAL,26,9.12280701754386,285,5
