atom_type,importance_sum
C,13.283859252929688
CA,13.283859252929688
CB,13.799301147460938
CD,14.958942413330078
CD1,16.11858367919922
CD2,17.27824592590332
CE,18.21059226989746
CE1,18.688337326049805
CE2,19.16608428955078
CE3,19.643829345703125
CG,19.833585739135742
CG1,19.015634536743164
CG2,18.19768524169922
CH2,17.379756927490234
CZ,16.702579498291016
CZ2,17.15135383605957
CZ3,17.600128173828125
O,18.04890251159668
OH,18.497678756713867
OD1,19.230138778686523
OD2,19.962596893310547
OE1,20.69505500793457
OE2,21.42751121520996
OG,21.11058807373047
OG1,20.662490844726562
N,20.21438980102539
NE,19.766298294067383
NE1,18.742830276489258
NE2,17.55487632751465
ND1,16.366918563842773
ND2,15.178956985473633
NZ,14.693224906921387
NH1,14.558487892150879
NH2,14.42375373840332
SD,14.289095878601074
SG,14.229196548461914
UNKNOWN,14.229196548461914
