atom_type,importance
C,0.10024766623973846
CA,0.10024766623973846
CB,0.10768137872219086
CD,0.12440755218267441
CD1,0.14113371074199677
CD2,0.1578598916530609
CE,0.16771414875984192
CE1,0.16382594406604767
CE2,0.1599363088607788
CE3,0.15604811906814575
CG,0.15258726477622986
CG1,0.1506234109401703
CG2,0.1486595720052719
CH2,0.14669573307037354
CZ,0.1440868377685547
CZ2,0.136317640542984
CZ3,0.12854847311973572
O,0.12077932059764862
OH,0.11301011592149734
OD1,0.1035190001130104
OD2,0.09402788430452347
OE1,0.08453676849603653
OE2,0.075045645236969
OG,0.08280698210000992
OG1,0.09272488206624985
N,0.10264277458190918
NE,0.11256066709756851
NE1,0.11142903566360474
NE2,0.10714147239923477
ND1,0.10285386443138123
ND2,0.09856630116701126
NZ,0.10117332637310028
NH1,0.1072283536195755
NH2,0.11328405886888504
SD,0.11933920532464981
SG,0.12203031033277512
UNKNOWN,0.12203031033277512
