atom_index,is_real_atom,atom_type_from_onehot,importance
0,1,CZ,7.630220890045166
1,1,OH,7.630220890045166
2,1,CA,7.8969879150390625
3,1,CB,8.46101188659668
4,1,OG1,9.025035858154297
5,1,CB,9.589056968688965
6,1,CG,10.010115623474121
7,1,CD2,10.232865333557129
8,1,CD2,10.455613136291504
9,1,CD1,10.678363800048828
10,1,CG,10.732003211975098
11,1,CD,10.491272926330566
12,1,NE2,10.250542640686035
13,1,CD1,10.009812355041504
14,1,O,9.824976921081543
15,1,CG1,9.764082908630371
16,1,CD1,9.703187942504883
17,1,CA,9.642295837402344
18,1,C,9.517955780029297
19,1,O,9.209951400756836
20,1,CB,8.901948928833008
21,1,CG,8.593945503234863
22,1,CD1,8.295604705810547
23,1,CD2,8.035262107849121
24,1,NE1,7.7749199867248535
25,1,N,7.514578342437744
26,1,CA,7.300682544708252
27,1,CB,7.3528008460998535
28,1,OG,7.404918670654297
29,1,CG,7.457036972045898
30,1,CD2,7.446515083312988
31,1,CG,6.836456298828125
32,1,CD1,6.2263946533203125
33,1,CD2,5.616333961486816
