atom_type,importance_sum
C,1.6485823392868042
CA,1.6485823392868042
CB,2.120535135269165
CD,3.1824355125427246
CD1,4.244335174560547
CD2,5.306211471557617
CE,6.425629138946533
CE1,7.659991264343262
CE2,8.894349098205566
CE3,10.128755569458008
CG,11.482473373413086
CG1,13.253872871398926
CG2,15.02528190612793
CH2,16.796777725219727
CZ,18.16180419921875
CZ2,16.275903701782227
CZ3,14.389907836914062
O,12.50400161743164
OH,10.618090629577637
OD1,9.741730690002441
OD2,8.865371704101562
OE1,7.989007949829102
OE2,7.112648963928223
OG,7.574457168579102
OG1,8.203543663024902
N,8.832629203796387
NE,9.461711883544922
NE1,9.940709114074707
NE2,10.37672233581543
ND1,10.812828063964844
ND2,11.248930931091309
NZ,10.544007301330566
NH1,9.268702507019043
NH2,7.993309020996094
SD,6.717914581298828
SG,6.151076316833496
UNKNOWN,6.151076316833496
