atom_type,importance
C,0.08563286811113358
CA,0.08563286811113358
CB,0.09162445366382599
CD,0.10510533303022385
CD1,0.1185862123966217
CD2,0.1320676952600479
CE,0.1405230015516281
CE1,0.13892953097820282
CE2,0.1373348832130432
CE3,0.1357414573431015
CG,0.13682563602924347
CG1,0.14728325605392456
CG2,0.15774093568325043
CH2,0.16819854080677032
CZ,0.17735709249973297
CZ2,0.176122784614563
CZ3,0.17488844692707062
O,0.17365416884422302
OH,0.17241984605789185
OD1,0.15948206186294556
OD2,0.14654432237148285
OE1,0.13360656797885895
OE2,0.12066877633333206
OG,0.11373696476221085
OG1,0.10755537450313568
N,0.10137425363063812
NE,0.09519319236278534
NE1,0.0938045084476471
NE2,0.09378513693809509
ND1,0.0937657281756401
ND2,0.09374631941318512
NZ,0.09390541166067123
NH1,0.09415502846240997
NH2,0.09440397471189499
SD,0.09465356171131134
SG,0.09476436674594879
UNKNOWN,0.09476436674594879
