atom_index,is_real_atom,atom_type_from_onehot,importance
0,1,CB,11.385762214660645
1,1,CG2,11.385762214660645
2,1,CD1,11.722832679748535
3,1,CA,12.435492515563965
4,1,C,13.148155212402344
5,1,O,13.86081600189209
6,1,CB,14.059229850769043
7,1,CG,13.544332504272461
8,1,C,13.02943229675293
9,1,O,12.514533042907715
10,1,CB,12.026582717895508
11,1,CG2,11.585546493530273
12,1,N,11.14450740814209
13,1,CA,10.703472137451172
14,1,C,10.46656608581543
15,1,CB,10.682302474975586
16,1,OG,10.898038864135742
17,1,CA,11.113774299621582
18,1,C,11.251640319824219
19,1,O,11.164092063903809
20,1,CB,11.076544761657715
21,1,N,10.988998413085938
22,1,CA,10.883042335510254
23,1,SD,10.704671859741211
24,1,CE,10.526300430297852
25,1,CZ,10.347932815551758
26,1,NH1,10.10756778717041
27,1,NH2,9.512161254882812
28,1,CZ2,8.916749954223633
29,1,CZ3,8.321340560913086
30,1,CH2,7.768933296203613
31,1,CG1,7.628104209899902
32,1,CD1,7.487274169921875
33,1,CG,7.346444606781006
34,1,CD1,7.219343662261963
35,1,CD2,7.417159557342529
36,1,CE1,7.614973545074463
37,1,CE2,7.812788963317871
38,1,CZ,8.010603904724121
39,1,OH,7.746151924133301
40,1,CE2,7.475369453430176
41,1,CZ,7.204585552215576
42,1,OH,6.933801651000977
