atom_type,importance
C,0.05650797486305237
CA,0.05650797486305237
CB,0.05835613235831261
CD,0.06251516938209534
CD1,0.06667368859052658
CD2,0.07083290070295334
CE,0.07505003362894058
CE1,0.07938365638256073
CE2,0.08371800184249878
CE3,0.08805232495069504
CG,0.09401417523622513
CG1,0.10567442327737808
CG2,0.11733469367027283
CH2,0.12899497151374817
CZ,0.13915982842445374
CZ2,0.1373613476753235
CZ3,0.13556291162967682
O,0.13376446068286896
OH,0.1319659799337387
OD1,0.126723513007164
OD2,0.1214810460805893
OE1,0.11623857170343399
OE2,0.1109960526227951
OG,0.1046053022146225
OG1,0.09807097166776657
N,0.09153664112091064
NE,0.0850023478269577
NE1,0.08536510914564133
NE2,0.08769857883453369
ND1,0.09003132581710815
ND2,0.09236478805541992
NZ,0.10292994976043701
NH1,0.11761033535003662
NH2,0.13229133188724518
SD,0.14697235822677612
SG,0.1534973531961441
UNKNOWN,0.1534973531961441
