atom_type,importance
C,0.1014544814825058
CA,0.1014544814825058
CB,0.10689514130353928
CD,0.11913701146841049
CD1,0.13137845695018768
CD2,0.14361989498138428
CE,0.15026290714740753
CE1,0.1457080841064453
CE2,0.141154482960701
CE3,0.1366008073091507
CG,0.13227181136608124
CG1,0.12872911989688873
CG2,0.12518638372421265
CH2,0.12164366245269775
CZ,0.12059949338436127
CZ2,0.13954348862171173
CZ3,0.158487468957901
O,0.17743147909641266
OH,0.1963755190372467
OD1,0.1919378638267517
OD2,0.1875002533197403
OE1,0.18306264281272888
OE2,0.17862506210803986
OG,0.17831028997898102
OG1,0.17851096391677856
N,0.17871160805225372
NE,0.17891226708889008
NE1,0.178066685795784
NE2,0.17692361772060394
ND1,0.17577938735485077
ND2,0.17463631927967072
NZ,0.1705281287431717
NH1,0.16493748128414154
NH2,0.1593467891216278
SD,0.15375730395317078
SG,0.15127189457416534
UNKNOWN,0.15127189457416534
