atom_index,is_real_atom,atom_type_from_onehot,importance
0,1,CD2,10.891647338867188
1,1,CG,10.891647338867188
2,1,OD1,11.288715362548828
3,1,ND2,12.128227233886719
4,1,CD1,12.967741966247559
5,1,CD1,13.807255744934082
6,1,CE1,14.229873657226562
7,1,CE2,14.074217796325684
8,1,CZ,13.918562889099121
9,1,O,13.762907028198242
10,1,CE,13.661691665649414
11,1,NZ,13.655241966247559
12,1,C,13.648794174194336
13,1,O,13.642342567443848
14,1,CB,13.438282012939453
15,1,SG,12.796041488647461
16,1,N,12.153800010681152
17,1,CA,11.511558532714844
18,1,C,10.89781665802002
19,1,O,10.366571426391602
20,1,CB,9.835326194763184
21,1,CG2,9.304080963134766
22,1,CA,8.832306861877441
23,1,C,8.594451904296875
24,1,O,8.356596946716309
25,1,CB,8.118741035461426
26,1,CG,7.91160774230957
27,1,CD1,7.8804240226745605
28,1,CD2,7.849240779876709
29,1,NE1,7.818058013916016
30,1,CE2,7.799090385437012
31,1,CE3,7.897045135498047
32,1,CZ2,7.995000839233398
33,1,N,8.092955589294434
34,1,CA,8.186046600341797
35,1,CB,8.164036750793457
36,1,CG,8.142026901245117
37,1,CD2,8.120016098022461
38,1,CA,8.098006248474121
