atom_index,is_real_atom,atom_type_from_onehot,importance
0,1,CA,12.162674903869629
1,1,C,12.162674903869629
2,1,O,12.560358047485352
3,1,CB,13.401178359985352
4,1,CG,14.241994857788086
5,1,CD2,15.082812309265137
6,1,N,15.437688827514648
7,1,O,15.118514060974121
8,1,CG,14.799338340759277
9,1,CD2,14.48016357421875
10,1,CG,14.134620666503906
11,1,CD,13.743178367614746
12,1,NE,13.35173511505127
13,1,CZ,12.960291862487793
14,1,NH1,12.495351791381836
15,1,NH2,11.867435455322266
16,1,CG,11.239519119262695
17,1,CD1,10.611602783203125
18,1,CD2,9.952308654785156
