atom_type,importance_sum
C,6.057016372680664
CA,6.057016372680664
CB,6.677306652069092
CD,8.072907447814941
CD1,9.468528747558594
CD2,10.864163398742676
CE,11.936860084533691
CE1,12.36375904083252
CE2,12.790657043457031
CE3,13.21755599975586
CG,13.506425857543945
CG1,13.312091827392578
CG2,13.117756843566895
CH2,12.923423767089844
CZ,12.690042495727539
CZ2,12.144298553466797
CZ3,11.598555564880371
O,11.052810668945312
OH,10.507062911987305
OD1,10.301775932312012
OD2,10.096487045288086
OE1,9.891197204589844
OE2,9.685906410217285
OG,9.61902141571045
OG1,9.569435119628906
N,9.51984977722168
NE,9.47026252746582
NE1,9.705336570739746
NE2,10.021817207336426
ND1,10.338298797607422
ND2,10.654670715332031
NZ,10.968685150146484
NH1,11.281356811523438
NH2,11.594029426574707
SD,11.906702995300293
SG,12.045665740966797
UNKNOWN,12.045665740966797
