atom_index,is_real_atom,atom_type_from_onehot,importance
0,1,CG2,7.28063440322876
1,1,CD1,7.28063440322876
2,1,CB,7.54796028137207
3,1,CG1,8.113161087036133
4,1,CG2,8.678361892700195
5,1,CD1,9.243565559387207
6,1,CG,9.694793701171875
7,1,CD,9.987929344177246
8,1,CB,10.281065940856934
9,1,CG,10.574202537536621
10,1,CD2,10.708760261535645
11,1,CE2,10.567276000976562
12,1,SD,10.42579460144043
13,1,CE,10.284310340881348
14,1,CG2,9.978361129760742
15,1,CD1,9.307735443115234
16,1,CE2,8.637106895446777
17,1,CZ,7.9664812088012695
