atom_type,importance_sum
C,3.740233898162842
CA,3.740233898162842
CB,4.289361953735352
CD,5.524910926818848
CD1,6.760494232177734
CD2,7.996023178100586
CE,9.017524719238281
CE1,9.61097240447998
CE2,10.204419136047363
CE3,10.79786491394043
CG,11.441213607788086
CG1,12.259252548217773
CG2,13.077292442321777
CH2,13.895329475402832
CZ,14.500645637512207
CZ2,13.40418529510498
CZ3,12.30772876739502
O,11.211267471313477
OH,10.11480712890625
OD1,8.291531562805176
OD2,6.4682793617248535
OE1,4.645044326782227
OE2,2.8218109607696533
OG,2.3275578022003174
OG1,1.9994233846664429
N,1.6712836027145386
NE,1.3431432247161865
NE1,1.3409502506256104
NE2,1.4318820238113403
ND1,1.5228135585784912
ND2,1.6137453317642212
NZ,2.9018242359161377
NH1,4.78847599029541
NH2,6.675096035003662
SD,8.56176471710205
SG,9.400267601013184
UNKNOWN,9.400267601013184
