atom_type,importance
C,0.12265881896018982
CA,0.12265881896018982
CB,0.1276063621044159
CD,0.13873836398124695
CD1,0.14987146854400635
CD2,0.16100461781024933
CE,0.16887111961841583
CE1,0.1702045202255249
CE2,0.17153900861740112
CE3,0.17287352681159973
CG,0.17511744797229767
CG1,0.18054382503032684
CG2,0.1859702169895172
CH2,0.1913965791463852
CZ,0.1981254369020462
CZ2,0.21527358889579773
CZ3,0.2324213683605194
O,0.249569833278656
OH,0.26671838760375977
OD1,0.2587718367576599
OD2,0.250825434923172
OE1,0.2428789734840393
OE2,0.23493258655071259
OG,0.22083736956119537
OG1,0.20597468316555023
N,0.19111090898513794
NE,0.17624719440937042
NE1,0.1610586941242218
NE2,0.14577803015708923
ND1,0.1304972767829895
ND2,0.11521639674901962
NZ,0.11142528802156448
NH1,0.11337924003601074
NH2,0.11533314734697342
SD,0.11728687584400177
SG,0.11815550178289413
UNKNOWN,0.11815550178289413
