atom_type,importance
C,0.09659455716609955
CA,0.09659455716609955
CB,0.10728422552347183
CD,0.1313355565071106
CD1,0.15538816154003143
CD2,0.1794394701719284
CE,0.1937377154827118
CE1,0.1885286271572113
CE2,0.18332085013389587
CE3,0.1781117022037506
CG,0.17101508378982544
CG1,0.15730978548526764
CG2,0.14360447227954865
CH2,0.12989914417266846
CZ,0.11897017061710358
CZ2,0.13025173544883728
CZ3,0.14153330028057098
O,0.1528148502111435
OH,0.164096400141716
OD1,0.15316727757453918
OD2,0.14223812520503998
OE1,0.13130901753902435
OE2,0.12037990242242813
OG,0.12088396400213242
OG1,0.12281721830368042
N,0.12475045770406723
NE,0.12668363749980927
NE1,0.12818695604801178
NE2,0.1295660436153412
ND1,0.130945086479187
ND2,0.13232417404651642
NZ,0.13706868886947632
NH1,0.1434938907623291
NH2,0.14992035925388336
SD,0.15634559094905853
SG,0.1592017412185669
UNKNOWN,0.1592017412185669
