atom_index,is_real_atom,atom_type_from_onehot,importance
0,1,CD1,12.427594184875488
1,1,CE1,12.427594184875488
2,1,CD,12.635993957519531
3,1,NE,13.07660961151123
4,1,CZ,13.517228126525879
5,1,NH2,13.957843780517578
6,1,NZ,13.994864463806152
7,1,CD1,13.472061157226562
8,1,CE1,12.949254035949707
9,1,CE2,12.426448822021484
10,1,CZ,12.025384902954102
11,1,CB,11.836244583129883
12,1,CB,11.647102355957031
13,1,CG,11.45796012878418
14,1,CD1,11.297654151916504
15,1,CD2,11.2012939453125
16,1,CE1,11.104931831359863
17,1,CE2,11.008567810058594
18,1,CZ,10.986276626586914
19,1,N,11.17839241027832
20,1,CB,11.37051010131836
21,1,CG,11.562626838684082
22,1,OD1,11.52689266204834
23,1,ND2,10.59495735168457
