atom_type,importance_sum
C,7.3339033126831055
CA,7.3339033126831055
CB,7.712011814117432
CD,8.56269645690918
CD1,9.413443565368652
CD2,10.264187812805176
CE,10.80830192565918
CE1,10.73946762084961
CE2,10.67052936553955
CE3,10.601590156555176
CG,10.736396789550781
CG1,11.584456443786621
CG2,12.432518005371094
CH2,13.280577659606934
CZ,14.030409812927246
CZ2,13.99442195892334
CZ3,13.9584321975708
O,13.922443389892578
OH,13.886453628540039
OD1,13.340128898620605
OD2,12.793806076049805
OE1,12.247479438781738
OE2,11.701155662536621
OG,11.635821342468262
OG1,11.630609512329102
N,11.625394821166992
NE,11.620183944702148
NE1,11.790226936340332
NE2,12.01028060913086
ND1,12.230337142944336
ND2,12.45039176940918
NZ,12.945513725280762
NH1,13.578167915344238
NH2,14.210819244384766
SD,14.843473434448242
SG,15.124662399291992
UNKNOWN,15.124662399291992
