atom_type,importance
C,0.0689619779586792
CA,0.0689619779586792
CB,0.0758722797036171
CD,0.09142165631055832
CD1,0.10697100311517715
CD2,0.12251977622509003
CE,0.13339750468730927
CE1,0.13492965698242188
CE2,0.13646310567855835
CE3,0.13799650967121124
CG,0.14097365736961365
CG1,0.14900830388069153
CG2,0.1570429801940918
CH2,0.16507764160633087
CZ,0.1716458797454834
CZ2,0.1664825826883316
CZ3,0.16131934523582458
O,0.15615607798099518
OH,0.15099279582500458
OD1,0.12799277901649475
OD2,0.10499272495508194
OE1,0.08199271559715271
OE2,0.05899269878864288
OG,0.04839307442307472
OG1,0.03934349864721298
N,0.030293937772512436
NE,0.02124437876045704
NE1,0.023242369294166565
NE2,0.028396911919116974
ND1,0.03355152904987335
ND2,0.038706012070178986
NZ,0.05505545809864998
NH1,0.07700236886739731
NH2,0.09894906729459763
SD,0.12089583277702332
SG,0.1306500881910324
UNKNOWN,0.1306500881910324
