atom_type,importance
C,0.06581369787454605
CA,0.06581369787454605
CB,0.07476680725812912
CD,0.09491085261106491
CD1,0.11505492031574249
CD2,0.13519898056983948
CE,0.1528468132019043
CE1,0.16550332307815552
CE2,0.17815983295440674
CE3,0.190815269947052
CG,0.19782155752182007
CG1,0.18505117297172546
CG2,0.1722807139158249
CH2,0.1595103144645691
CZ,0.14991512894630432
CZ2,0.16572146117687225
CZ3,0.18152783811092377
O,0.1973341852426529
OH,0.2131405770778656
OD1,0.2203415185213089
OD2,0.2275431603193283
OE1,0.23474499583244324
OE2,0.24194684624671936
OG,0.2502301335334778
OG1,0.258648544549942
N,0.2670670449733734
NE,0.27548548579216003
NE1,0.26733148097991943
NE2,0.25444021821022034
ND1,0.2415512353181839
ND2,0.22866007685661316
NZ,0.22105717658996582
NH1,0.2160976380109787
NH2,0.21113884449005127
SD,0.20618003606796265
SG,0.2039756178855896
UNKNOWN,0.2039756178855896
