atom_index,is_real_atom,atom_type_from_onehot,importance
0,1,CA,8.199844360351562
1,1,O,8.199844360351562
2,1,CB,8.21625804901123
3,1,CG1,8.250962257385254
4,1,CG2,8.285665512084961
5,1,CD1,8.3203706741333
6,1,CE,8.109404563903809
7,1,SD,7.557668209075928
8,1,CE,7.005931854248047
9,1,O,6.454197406768799
10,1,CB,6.143688201904297
11,1,CG,6.253094673156738
12,1,CD1,6.362501621246338
13,1,CE1,6.4719085693359375
14,1,CD1,6.531949043273926
15,1,CE1,6.4825263023376465
16,1,CZ,6.433103561401367
17,1,CG,6.38368034362793
18,1,CD,6.288825988769531
19,1,NE,6.062458515167236
20,1,CZ,5.836091041564941
21,1,NH1,5.609723091125488
22,1,NH2,5.496718883514404
23,1,CD2,5.8296074867248535
24,1,CE1,6.162497043609619
25,1,CE2,6.495385646820068
26,1,CZ,6.844674587249756
27,1,OH,7.28788948059082
28,1,CB,7.731104850769043
29,1,CG1,8.174320220947266
30,1,CG,8.523829460144043
31,1,CD,7.976452827453613
32,1,OE1,7.429075717926025
33,1,NE2,6.881696701049805
34,1,C,6.342292308807373
35,1,O,5.991577625274658
36,1,N,5.640864372253418
37,1,CA,5.290149211883545
38,1,C,4.939435005187988
39,1,O,5.0625810623168945
40,1,N,5.192216873168945
41,1,C,5.321853160858154
42,1,O,5.451488971710205
43,1,N,5.500364303588867
44,1,CA,5.543386459350586
45,1,CB,5.586409091949463
46,1,CG,5.629432201385498
47,1,N,5.9576497077941895
48,1,CG,6.325352668762207
49,1,CD,6.693058013916016
50,1,CG2,7.060762405395508
51,1,CA,7.782495498657227
52,1,CB,8.57967472076416
53,1,CG,9.376856803894043
54,1,CB,10.17403793334961
55,1,CB,10.500662803649902
56,1,CG,10.686944961547852
57,1,CB,10.873229026794434
58,1,CG,11.059514999389648
59,1,ND2,10.621087074279785
60,1,O,9.935137748718262
61,1,CB,9.249185562133789
62,1,SG,8.563234329223633
63,1,CG1,8.124119758605957
64,1,CG2,7.810942649841309
65,1,O,7.497763633728027
66,1,CG1,7.184585094451904
67,1,CD1,7.141900539398193
68,1,CG,7.273536205291748
69,1,CD1,7.405170917510986
70,1,CD2,7.536805629730225
71,1,CD1,7.279046535491943
72,1,CD,6.707876205444336
73,1,OE1,6.1367011070251465
