atom_index,is_real_atom,atom_type_from_onehot,importance
0,1,NE,7.767380237579346
1,1,CZ,7.767380237579346
2,1,NH1,8.009902000427246
3,1,NH2,8.522663116455078
4,1,CE3,9.03542423248291
5,1,CZ3,9.548186302185059
6,1,CH2,9.661044120788574
7,1,CB,9.219202995300293
8,1,CG1,8.777361869812012
9,1,CD1,8.335519790649414
10,1,CA,7.932302951812744
11,1,CB,7.596319675445557
12,1,OG,7.260336875915527
13,1,CB,6.924355506896973
14,1,CG,6.651209354400635
15,1,CD1,6.517398357391357
16,1,CD2,6.3835883140563965
17,1,CE1,6.249777317047119
18,1,CE2,6.235592842102051
19,1,CZ,6.567693710327148
20,1,OH,6.8997955322265625
21,1,CA,7.231896877288818
22,1,CB,7.581123352050781
23,1,CG2,7.997712135314941
24,1,CB,8.414301872253418
25,1,CG,8.830889701843262
26,1,CD2,9.208921432495117
27,1,CE2,9.366117477416992
28,1,OH,9.523316383361816
29,1,CA,9.680513381958008
30,1,C,9.834991455078125
31,1,O,9.963435173034668
32,1,CB,10.091883659362793
33,1,CG,10.220328330993652
34,1,OE1,10.326872825622559
35,1,N,9.915067672729492
36,1,CA,9.503264427185059
37,1,CG,9.091460227966309
38,1,CD,8.679656028747559
39,1,CA,8.235662460327148
40,1,CB,7.79123067855835
41,1,CB,7.34679651260376
42,1,CG,6.9023637771606445
43,1,CD2,6.427185535430908
44,1,CE2,5.949782848358154
