atom_type,importance_sum
C,9.839851379394531
CA,9.839851379394531
CB,10.099211692810059
CD,10.682836532592773
CD1,11.266377449035645
CD2,11.8499174118042
CE,12.35525894165039
CE1,12.704195976257324
CE2,13.053051948547363
CE3,13.401992797851562
CG,13.754239082336426
CG1,14.118419647216797
CG2,14.482597351074219
CH2,14.84677791595459
CZ,15.190210342407227
CZ2,15.367673873901367
CZ3,15.545143127441406
O,15.722607612609863
OH,15.900070190429688
OD1,15.035390853881836
OD2,14.170707702636719
OE1,13.306031227111816
OE2,12.4413480758667
OG,11.692666053771973
OG1,10.958487510681152
N,10.2243070602417
NE,9.490126609802246
NE1,8.701859474182129
NE2,7.89809513092041
ND1,7.094379425048828
ND2,6.290657997131348
NZ,6.00764799118042
NH1,5.98505973815918
NH2,5.962472438812256
SD,5.939881324768066
SG,5.929850101470947
UNKNOWN,5.929850101470947
