atom_type,importance_sum
C,2.8798773288726807
CA,2.8798773288726807
CB,3.189596652984619
CD,3.8864924907684326
CD1,4.583364963531494
CD2,5.280239105224609
CE,5.769044399261475
CE1,5.841628551483154
CE2,5.914210796356201
CE3,5.98679256439209
CG,6.056518077850342
CG1,6.116240978240967
CG2,6.175961971282959
CH2,6.235682487487793
CZ,6.500645160675049
CZ2,8.407523155212402
CZ3,10.314403533935547
O,12.221282958984375
OH,14.128164291381836
OD1,12.543383598327637
OD2,10.958613395690918
OE1,9.373836517333984
OE2,7.789062976837158
OG,7.587498664855957
OG1,7.558834552764893
N,7.5301713943481445
NE,7.501508712768555
NE1,7.661740303039551
NE2,7.876016616821289
ND1,8.090254783630371
ND2,8.304485321044922
NZ,8.528478622436523
NH1,8.757257461547852
NH2,8.986104965209961
SD,9.21495532989502
SG,9.316617965698242
UNKNOWN,9.316617965698242
