atom_type,importance
C,0.12246209383010864
CA,0.12246209383010864
CB,0.134876549243927
CD,0.16281089186668396
CD1,0.19074416160583496
CD2,0.21867816150188446
CE,0.24009373784065247
CE1,0.2484723925590515
CE2,0.256850928068161
CE3,0.26522937417030334
CG,0.2712271511554718
CG1,0.2688993513584137
CG2,0.2665715515613556
CH2,0.2642436921596527
CZ,0.2624472975730896
CZ2,0.2649022042751312
CZ3,0.2673570513725281
O,0.2698119282722473
OH,0.2722667455673218
OD1,0.26616379618644714
OD2,0.2600608766078949
OE1,0.25395798683166504
OE2,0.24785512685775757
OG,0.24833060801029205
OG1,0.24962860345840454
N,0.2509264051914215
NE,0.252224326133728
NE1,0.2650923728942871
NE2,0.2812638282775879
ND1,0.2974371314048767
ND2,0.31360846757888794
NZ,0.31165963411331177
NH1,0.30064964294433594
NH2,0.289641797542572
SD,0.27863189578056335
SG,0.27373772859573364
UNKNOWN,0.27373772859573364
