atom_type,importance
C,0.1032673642039299
CA,0.1032673642039299
CB,0.1106022372841835
CD,0.1271059662103653
CD1,0.143608957529068
CD2,0.1601131707429886
CE,0.16581766307353973
CE1,0.1499226689338684
CE2,0.1340288370847702
CE3,0.11813382804393768
CG,0.10566426068544388
CG1,0.105183906853199
CG2,0.10470350831747055
CH2,0.10422311723232269
CZ,0.10511922091245651
CZ2,0.11702726036310196
CZ3,0.12893535196781158
O,0.14084342122077942
OH,0.15275143086910248
OD1,0.16106539964675903
OD2,0.1693793684244156
OE1,0.17769326269626617
OE2,0.18600720167160034
OG,0.18330080807209015
OG1,0.1792168915271759
N,0.17513298988342285
NE,0.1710490882396698
NE1,0.16921468079090118
NE2,0.168021559715271
ND1,0.16682851314544678
ND2,0.16563543677330017
NZ,0.1617312729358673
NH1,0.15647166967391968
NH2,0.15121203660964966
SD,0.14595118165016174
SG,0.14361386001110077
UNKNOWN,0.14361386001110077
