atom_type,importance
C,0.11503034085035324
CA,0.11503034085035324
CB,0.12224694341421127
CD,0.1384848952293396
CD1,0.15472373366355896
CD2,0.1709616631269455
CE,0.17905892431735992
CE1,0.17087465524673462
CE2,0.16269125044345856
CE3,0.15450698137283325
CG,0.1467062532901764
CG1,0.14024387300014496
CG2,0.13378159701824188
CH2,0.12731927633285522
CZ,0.12317315489053726
CZ2,0.13755683600902557
CZ3,0.1519404798746109
O,0.16632413864135742
OH,0.18070781230926514
OD1,0.18916654586791992
OD2,0.1976252943277359
OE1,0.20608404278755188
OE2,0.21454282104969025
OG,0.21857327222824097
OG1,0.22205014526844025
N,0.22552698850631714
NE,0.2290039360523224
NE1,0.2418862134218216
NE2,0.25745725631713867
ND1,0.2730264961719513
ND2,0.28859755396842957
NZ,0.28348249197006226
NH1,0.2680269777774811
NH2,0.2525697350502014
SD,0.23711423575878143
SG,0.23024408519268036
UNKNOWN,0.23024408519268036
