atom_type,importance_sum
C,7.231817722320557
CA,7.231817722320557
CB,7.547705173492432
CD,8.2583646774292
CD1,8.969011306762695
CD2,9.679657936096191
CE,10.089990615844727
CE1,9.899630546569824
CE2,9.709269523620605
CE3,9.518908500671387
CG,9.524223327636719
CG1,10.214438438415527
CG2,10.904656410217285
CH2,11.59487247467041
CZ,12.278061866760254
CZ2,12.905037879943848
CZ3,13.532008171081543
O,14.158980369567871
OH,14.785954475402832
OD1,14.445671081542969
OD2,14.105388641357422
OE1,13.76510238647461
OE2,13.424817085266113
OG,12.903745651245117
OG1,12.36007308959961
N,11.816400527954102
NE,11.27272891998291
NE1,11.052848815917969
NE2,10.925457000732422
ND1,10.797978401184082
ND2,10.670584678649902
NZ,10.387166976928711
NH1,10.025704383850098
NH2,9.664298057556152
SD,9.30285358428955
SG,9.142230987548828
UNKNOWN,9.142230987548828
