atom_index,is_real_atom,atom_type_from_onehot,importance
0,1,CG1,9.431838035583496
1,1,CG2,9.431838035583496
2,1,CD1,9.480537414550781
3,1,CA,9.583500862121582
4,1,CB,9.686464309692383
5,1,C,9.7894287109375
6,1,O,9.924322128295898
7,1,CB,10.103507041931152
8,1,N,10.282690048217773
9,1,CA,10.461874961853027
10,1,C,10.465828895568848
11,1,O,10.16476058959961
12,1,CB,9.863689422607422
13,1,SG,9.562618255615234
14,1,N,9.353184700012207
15,1,CG,9.346944808959961
16,1,CD,9.340703010559082
17,1,CA,9.334463119506836
18,1,C,9.270625114440918
19,1,O,9.040055274963379
20,1,CB,8.809484481811523
21,1,CG,8.578916549682617
22,1,CD1,8.276703834533691
23,1,CD2,7.692694664001465
24,1,CD1,7.108682632446289
25,1,CE2,6.524672985076904
26,1,CZ,5.94730281829834
