atom_type,importance_sum
C,4.43652868270874
CA,4.43652868270874
CB,5.173093795776367
CD,6.830373764038086
CD1,8.48770523071289
CD2,10.144989967346191
CE,11.189458847045898
CE1,11.008405685424805
CE2,10.827346801757812
CE3,10.646193504333496
CG,10.394586563110352
CG1,9.896058082580566
CG2,9.397529602050781
CH2,8.898999214172363
CZ,8.507534980773926
CZ2,8.972554206848145
CZ3,9.437577247619629
O,9.90259838104248
OH,10.367620468139648
OD1,9.332351684570312
OD2,8.297082901000977
OE1,7.261864185333252
OE2,6.226596355438232
OG,6.1959052085876465
OG1,6.290787696838379
N,6.385669708251953
NE,6.480551242828369
NE1,6.468423843383789
NE2,6.42577600479126
ND1,6.383129119873047
ND2,6.340478897094727
NZ,6.452608108520508
NH1,6.64212703704834
NH2,6.831645488739014
SD,7.0211639404296875
SG,7.105406284332275
UNKNOWN,7.105406284332275
