atom_index,is_real_atom,atom_type_from_onehot,importance
0,1,CB,7.092801570892334
1,1,CG1,7.092801570892334
2,1,CG2,7.185545444488525
3,1,CD1,7.381630897521973
4,1,CB,7.577717304229736
5,1,CG2,7.773802757263184
6,1,CD1,7.795720100402832
7,1,O,7.576051235198975
8,1,CB,7.356381893157959
9,1,CG1,7.136712551116943
10,1,CG2,6.963906288146973
11,1,CD1,6.872677326202393
12,1,CA,6.781447410583496
13,1,C,6.690218448638916
14,1,O,6.594361782073975
15,1,CB,6.488247871398926
16,1,CG2,6.382133960723877
17,1,CD1,6.276019096374512
18,1,N,6.167876243591309
19,1,CA,6.05386209487915
20,1,C,5.939846038818359
21,1,O,5.825831890106201
22,1,CB,5.782769203186035
23,1,OG1,6.018784523010254
24,1,CG2,6.254799842834473
25,1,CG,6.49081563949585
26,1,CD2,6.711076259613037
27,1,CD1,6.841105937957764
28,1,CA,6.971134185791016
29,1,C,7.1011643409729
30,1,O,7.229517936706543
31,1,CB,7.3418354988098145
32,1,CG,7.454153060913086
33,1,N,7.566471576690674
34,1,CA,7.670237064361572
35,1,CG2,7.57161808013916
36,1,N,7.47299861907959
37,1,CA,7.374379634857178
38,1,SG,7.275759696960449
39,1,CE1,6.960142612457275
40,1,CE2,6.641555309295654
41,1,CZ,6.322966575622559
42,1,OH,6.004377841949463
