atom_index,is_real_atom,atom_type_from_onehot,importance
0,1,O,11.136082649230957
1,1,CG,11.136082649230957
2,1,CD1,11.275708198547363
3,1,CD2,11.57091999053955
4,1,O,11.866130828857422
5,1,CB,12.161341667175293
6,1,OG1,12.124661445617676
7,1,CG2,11.627609252929688
8,1,CG,11.130558967590332
9,1,CD1,10.633506774902344
10,1,CD2,10.167770385742188
11,1,CG,9.756543159484863
12,1,CD2,9.34531307220459
13,1,CA,8.934086799621582
14,1,CB,8.630484580993652
15,1,CD2,8.565543174743652
16,1,CE1,8.500597953796387
17,1,CE2,8.435653686523438
18,1,CZ,8.466987609863281
19,1,OH,8.77701473236084
20,1,CG,9.087043762207031
21,1,CD1,9.397073745727539
22,1,CD2,9.718966484069824
23,1,CG,10.087529182434082
24,1,SD,10.456089973449707
25,1,CD2,10.824651718139648
26,1,CB,11.008834838867188
27,1,CD1,10.1370210647583
28,1,CG,9.265207290649414
