atom_index,is_real_atom,atom_type_from_onehot,importance
0,1,ND2,9.819918632507324
1,1,CG,9.819918632507324
2,1,CD2,9.842026710510254
3,1,OG1,9.888764381408691
4,1,CG2,9.935504913330078
5,1,CD2,9.982244491577148
6,1,CE2,9.741601943969727
7,1,CZ,9.10232925415039
8,1,CG1,8.463059425354004
9,1,CD1,7.823789119720459
10,1,CB,7.368527889251709
11,1,CG,7.233578205108643
12,1,CD1,7.098626613616943
13,1,CD2,6.963675498962402
14,1,CE2,7.0704474449157715
15,1,CD2,7.71320915222168
16,1,CB,8.355972290039062
17,1,CG1,8.998735427856445
18,1,CG2,9.57517147064209
19,1,CG1,9.959616661071777
20,1,CG2,10.344063758850098
21,1,CD1,10.728509902954102
22,1,CG,10.9834566116333
23,1,OD1,10.729044914245605
24,1,ND2,10.474634170532227
25,1,CD1,10.220220565795898
26,1,CE1,9.911186218261719
27,1,CZ,9.289298057556152
28,1,CA,8.66740894317627
29,1,CB,8.045522689819336
30,1,CG1,7.41987419128418
31,1,CG2,6.758230209350586
32,1,CB,6.096587657928467
33,1,CG,5.4349446296691895
34,1,CD1,4.801496982574463
35,1,CD2,4.835371017456055
36,1,CE1,4.869243621826172
37,1,CE2,4.9031171798706055
38,1,CZ,4.936990737915039
39,1,CG1,5.064483642578125
40,1,CD1,5.193258762359619
41,1,CB,5.322033405303955
42,1,CG1,5.450808525085449
43,1,CG2,5.606815814971924
44,1,CD1,5.764795303344727
45,1,CD2,5.922775745391846
46,1,CG,6.080756187438965
47,1,CD1,6.02132511138916
48,1,CE1,5.931792259216309
49,1,CE2,5.842258453369141
50,1,CZ,5.752725124359131
