atom_type,importance_sum
C,7.73314094543457
CA,7.73314094543457
CB,7.9961256980896
CD,8.587891578674316
CD1,9.179604530334473
CD2,9.771345138549805
CE,10.070684432983398
CE1,9.785104751586914
CE2,9.499540328979492
CE3,9.213995933532715
CG,9.390838623046875
CG1,11.1862154006958
CG2,12.98161506652832
CH2,14.777012825012207
CZ,16.5410099029541
CZ2,18.053783416748047
CZ3,19.566556930541992
O,21.079336166381836
OH,22.59210968017578
OD1,21.697635650634766
OD2,20.80316925048828
OE1,19.908689498901367
OE2,19.014211654663086
OG,18.222278594970703
OG1,17.44316291809082
N,16.664045333862305
NE,15.884925842285156
NE1,15.667699813842773
NE2,15.611013412475586
ND1,15.554317474365234
ND2,15.497626304626465
NZ,15.8975191116333
NH1,16.525774002075195
NH2,17.15400505065918
SD,17.78227996826172
SG,18.061466217041016
UNKNOWN,18.061466217041016
