atom_index,is_real_atom,atom_type_from_onehot,importance
0,1,C,9.631718635559082
1,1,O,9.631718635559082
2,1,CA,9.541754722595215
3,1,C,9.35153865814209
4,1,O,9.161325454711914
5,1,CB,8.971111297607422
6,1,CG2,8.658888816833496
7,1,N,8.177428245544434
8,1,CB,7.695969581604004
9,1,CG,7.214509963989258
10,1,ND1,6.928225040435791
11,1,CD2,6.981687068939209
12,1,CE1,7.035150051116943
13,1,NE2,7.088611602783203
14,1,CD2,7.177559852600098
15,1,CE1,7.3451924324035645
16,1,CE2,7.512825965881348
17,1,CZ,7.6804585456848145
18,1,N,7.8319878578186035
19,1,CA,7.936901092529297
20,1,O,8.041814804077148
21,1,CB,8.146728515625
22,1,CG2,8.251999855041504
23,1,CD1,8.358680725097656
24,1,CG1,8.465362548828125
25,1,CD1,8.572041511535645
26,1,CG2,8.690838813781738
27,1,CD1,8.87901496887207
28,1,CA,9.067193984985352
29,1,C,9.255373001098633
30,1,O,9.457362174987793
31,1,CB,9.791536331176758
32,1,CG1,10.125713348388672
33,1,CG2,10.459891319274902
34,1,CA,10.778347969055176
35,1,C,10.72476577758789
36,1,O,10.671185493469238
37,1,CB,10.61760425567627
38,1,CG,10.564023971557617
39,1,CD1,10.168913841247559
40,1,N,9.769126892089844
41,1,CA,9.369336128234863
42,1,C,8.969548225402832
43,1,O,8.806191444396973
44,1,CB,8.659968376159668
45,1,CA,8.513744354248047
46,1,C,8.367520332336426
47,1,CB,8.631909370422363
48,1,CG1,8.953146934509277
49,1,CG2,9.274388313293457
50,1,N,9.59562873840332
51,1,CA,9.980969429016113
52,1,CB,10.379972457885742
53,1,O,10.778974533081055
54,1,CB,11.177977561950684
55,1,SD,11.022381782531738
56,1,CE,10.701380729675293
57,1,CB,10.380377769470215
