atom_type,importance_sum
C,13.266887664794922
CA,13.266887664794922
CB,13.757495880126953
CD,14.861313819885254
CD1,15.965201377868652
CD2,17.0690860748291
CE,18.06275177001953
CE1,18.836105346679688
CE2,19.609458923339844
CE3,20.382678985595703
CG,20.86244010925293
CG1,20.314430236816406
CG2,19.76641082763672
CH2,19.218402862548828
CZ,18.79808235168457
CZ2,19.399272918701172
CZ3,20.000459671020508
O,20.601652145385742
OH,21.202838897705078
OD1,21.131746292114258
OD2,21.060659408569336
OE1,20.989572525024414
OE2,20.91848373413086
OG,20.690412521362305
OG1,20.442720413208008
N,20.19503402709961
NE,19.947349548339844
NE1,19.78264045715332
NE2,19.641752243041992
ND1,19.500850677490234
ND2,19.35995864868164
NZ,18.817869186401367
NH1,18.07516860961914
NH2,17.33246612548828
SD,16.589771270751953
SG,16.259674072265625
UNKNOWN,16.259674072265625
