atom_type,importance
C,0.039367739111185074
CA,0.039367739111185074
CB,0.041803404688835144
CD,0.0472833625972271
CD1,0.052763305604457855
CD2,0.058243103325366974
CE,0.06287352740764618
CE1,0.06580398231744766
CE2,0.06873521953821182
CE3,0.07166644930839539
CG,0.07500007003545761
CG1,0.07974393665790558
CG2,0.08448783308267593
CH2,0.08923168480396271
CZ,0.09308681637048721
CZ2,0.08983204513788223
CZ3,0.08657728880643845
O,0.08332250267267227
OH,0.08006774634122849
OD1,0.07509525120258331
OD2,0.07012276351451874
OE1,0.06515028327703476
OE2,0.060177795588970184
OG,0.05790163204073906
OG1,0.05596248805522919
N,0.05402333661913872
NE,0.052084192633628845
NE1,0.05697125568985939
NE2,0.06380810588598251
ND1,0.07064571231603622
ND2,0.07748331129550934
NZ,0.09022941440343857
NH1,0.10593055188655853
NH2,0.12163089960813522
SD,0.1373324990272522
SG,0.14430978894233704
UNKNOWN,0.14430978894233704
