atom_index,is_real_atom,atom_type_from_onehot,importance
0,1,CD2,8.412755966186523
1,1,CE1,8.412755966186523
2,1,CE2,8.528970718383789
3,1,CZ,8.774688720703125
4,1,OH,9.020405769348145
5,1,CB,9.266122817993164
6,1,O,9.296480178833008
7,1,CB,9.028116226196289
8,1,CG,8.759753227233887
9,1,CD2,8.491389274597168
10,1,CA,8.255889892578125
11,1,C,8.077595710754395
12,1,O,7.899301052093506
13,1,CB,7.721007823944092
14,1,CG1,7.46331787109375
15,1,CG2,7.029579162597656
16,1,CD1,6.595839977264404
17,1,N,6.1621012687683105
18,1,CA,5.801602363586426
19,1,CB,5.653110027313232
20,1,CG,5.504617691040039
21,1,CD1,5.3561248779296875
22,1,CD2,5.243932723999023
23,1,CE1,5.274521350860596
24,1,CE2,5.305109977722168
25,1,CZ,5.335699081420898
26,1,CB,5.422451019287109
27,1,CG1,5.830864906311035
28,1,CG2,6.239278316497803
29,1,CE3,6.6476922035217285
30,1,CZ2,6.987428188323975
31,1,CZ3,6.669824123382568
32,1,CH2,6.352219104766846
33,1,CD2,6.034614562988281
34,1,CA,5.719326019287109
35,1,C,5.458833694458008
36,1,O,5.1983442306518555
37,1,CB,4.937851428985596
38,1,CG,4.677361011505127
39,1,CD1,4.57050085067749
40,1,CD2,4.465747833251953
41,1,CE1,4.360992431640625
42,1,CE2,4.256237983703613
43,1,CZ,4.39694881439209
44,1,CA,4.555446624755859
45,1,CG,4.713945388793945
46,1,CD2,4.8724446296691895
47,1,CB,4.982300281524658
48,1,CG1,5.085420608520508
49,1,CG2,5.188541889190674
