atom_type,importance_sum
C,11.98030948638916
CA,11.98030948638916
CB,11.990608215332031
CD,12.013763427734375
CD1,12.036991119384766
CD2,12.060145378112793
CE,12.038548469543457
CE1,11.927525520324707
CE2,11.816498756408691
CE3,11.705404281616211
CG,11.76392936706543
CG1,12.415992736816406
CG2,13.0680570602417
CH2,13.720122337341309
CZ,14.395812034606934
CZ2,15.260499954223633
CZ3,16.125185012817383
O,16.989913940429688
OH,17.854637145996094
OD1,17.199522018432617
OD2,16.54439926147461
OE1,15.889291763305664
OE2,15.234200477600098
OG,14.061602592468262
OG1,12.82430648803711
N,11.587015151977539
NE,10.349725723266602
NE1,9.666559219360352
NE2,9.141759872436523
ND1,8.616912841796875
ND2,8.09208869934082
NZ,7.928818225860596
NH1,7.946385383605957
NH2,7.963953495025635
SD,7.981520175933838
SG,7.9893035888671875
UNKNOWN,7.9893035888671875
