atom_index,is_real_atom,atom_type_from_onehot,importance
0,1,CE3,6.267841339111328
1,1,CZ2,6.267841339111328
2,1,CZ3,6.3743672370910645
3,1,CH2,6.599593639373779
4,1,CB,6.824820518493652
5,1,CG2,7.050047397613525
6,1,CB,7.130271911621094
7,1,CD2,7.009366035461426
8,1,CE1,6.888461112976074
9,1,CE2,6.767555236816406
10,1,CZ,6.620146751403809
11,1,OH,6.426604270935059
12,1,CA,6.2330641746521
13,1,C,6.039522171020508
14,1,O,5.916934967041016
15,1,CB,5.951683044433594
16,1,CG,5.986430644989014
17,1,CA,6.02117919921875
18,1,C,6.007443428039551
19,1,O,5.853359699249268
20,1,CB,5.69927453994751
21,1,CG,5.545192241668701
22,1,CD1,5.416286468505859
23,1,CD2,5.386418342590332
24,1,NE1,5.356550693511963
25,1,CE2,5.326683044433594
26,1,CE3,5.312527179718018
27,1,CZ2,5.3883585929870605
28,1,CZ3,5.464189052581787
29,1,CH2,5.540019989013672
30,1,CD1,5.652767658233643
31,1,CE1,6.118851184844971
32,1,CE2,6.584935665130615
33,1,CZ,7.051019191741943
34,1,CD1,7.504405975341797
35,1,CD2,7.65728759765625
36,1,CE1,7.810169219970703
37,1,CE2,7.963050365447998
38,1,CZ,8.115933418273926
39,1,O,8.210636138916016
40,1,CA,8.304540634155273
41,1,C,8.398447036743164
42,1,O,8.492353439331055
43,1,CB,8.158437728881836
44,1,CG1,7.793521881103516
45,1,N,7.428606033325195
46,1,CA,7.063689231872559
47,1,C,6.875871658325195
48,1,O,6.7125749588012695
49,1,N,6.549278259277344
50,1,CA,6.385982036590576
51,1,CB,6.545284271240234
52,1,CG,6.773336410522461
53,1,CD1,7.001389503479004
54,1,CD2,7.229443073272705
55,1,CE1,7.045194149017334
56,1,CE2,6.737980842590332
57,1,CZ,6.4307661056518555
