atom_type,importance_sum
C,3.5007317066192627
CA,3.5007317066192627
CB,4.019906044006348
CD,5.188048362731934
CD1,6.35620641708374
CD2,7.524327754974365
CE,8.326872825622559
CE1,8.398194313049316
CE2,8.46950626373291
CE3,8.540840148925781
CG,8.896000862121582
CG1,10.2445650100708
CG2,11.593128204345703
CH2,12.941689491271973
CZ,14.409147262573242
CZ2,16.827733993530273
CZ3,19.246356964111328
O,21.66499137878418
OH,24.08363151550293
OD1,22.188352584838867
OD2,20.293060302734375
OE1,18.39777183532715
OE2,16.502517700195312
OG,16.35812759399414
OG1,16.432580947875977
N,16.50703239440918
NE,16.581485748291016
NE1,16.37611961364746
NE2,16.090778350830078
ND1,15.80548095703125
ND2,15.520115852355957
NZ,14.891703605651855
NH1,14.091765403747559
NH2,13.291829109191895
SD,12.491891860961914
SG,12.136409759521484
UNKNOWN,12.136409759521484
