atom_type,mean_importance
C,10.414862632751465
CA,10.414862632751465
CB,10.633828163146973
CD,11.126508712768555
CD1,11.619187355041504
CD2,12.11186695098877
CE,12.44376277923584
CE1,12.454092025756836
CE2,12.464414596557617
CE3,12.474745750427246
CG,12.509123802185059
CG1,12.627685546875
CG2,12.746248245239258
CH2,12.864810943603516
CZ,13.01686954498291
CZ2,13.43690013885498
CZ3,13.85693073272705
O,14.276961326599121
OH,14.696990966796875
OD1,14.332825660705566
OD2,13.968661308288574
OE1,13.604496002197266
OE2,13.240331649780273
OG,12.875589370727539
OG1,12.510773658752441
N,12.145959854125977
NE,11.781147003173828
NE1,11.822444915771484
NE2,11.979777336120605
ND1,12.137104988098145
ND2,12.294434547424316
NZ,12.15529727935791
NH1,11.86792278289795
NH2,11.580549240112305
SD,11.293179512023926
SG,11.165460586547852
UNKNOWN,11.165460586547852
