atom_index,is_real_atom,atom_type_from_onehot,importance
0,1,O,10.453897476196289
1,1,CA,10.453897476196289
2,1,C,10.555663108825684
3,1,O,10.770821571350098
4,1,CB,10.985980033874512
5,1,OG,11.20113754272461
6,1,N,11.343835830688477
7,1,CA,11.386013984680176
8,1,CB,11.428194999694824
9,1,CB,11.470377922058105
10,1,CG1,11.526544570922852
11,1,CG2,11.607057571411133
12,1,CA,11.68757152557373
13,1,C,11.768083572387695
14,1,O,11.6886568069458
15,1,CB,11.2545747756958
16,1,CG,10.8204927444458
17,1,CE,10.386411666870117
18,1,N,10.020977973937988
19,1,C,9.854269027709961
20,1,O,9.687556266784668
21,1,N,9.52084732055664
22,1,CA,9.38065242767334
23,1,C,9.344755172729492
24,1,CB,9.308858871459961
25,1,N,9.272964477539062
26,1,CA,9.264375686645508
27,1,C,9.412181854248047
28,1,O,9.559988975524902
29,1,CB,9.707795143127441
30,1,CG,9.788637161254883
31,1,SD,9.228536605834961
32,1,CE,8.668437004089355
33,1,O,8.108335494995117
34,1,CB,7.550523281097412
35,1,CG,7.0468525886535645
36,1,CD1,6.543184280395508
37,1,CD2,6.039514064788818
38,1,CE1,5.5358428955078125
39,1,CE2,5.282918453216553
40,1,CZ,5.033430099487305
41,1,CG,4.783940315246582
42,1,CD1,4.534451007843018
43,1,CD2,5.083202362060547
44,1,CG,5.68979549407959
45,1,CD1,6.296389579772949
46,1,CD2,6.902983665466309
47,1,CG1,7.025100231170654
48,1,CG2,7.080136299133301
49,1,CD1,7.135171890258789
