atom_index,is_real_atom,atom_type_from_onehot,importance
0,1,CD1,6.4892964363098145
1,1,O,6.4892964363098145
2,1,SG,6.467302322387695
3,1,CA,6.42080020904541
4,1,C,6.374299049377441
5,1,O,6.327796459197998
6,1,CB,6.384111404418945
7,1,CG1,6.583044528961182
8,1,CG2,6.781975746154785
9,1,CB,6.980909824371338
10,1,CG,7.10800838470459
11,1,CD,7.1100640296936035
12,1,CA,7.112117767333984
13,1,O,7.11417293548584
14,1,CB,7.067173004150391
15,1,OG,6.91139554977417
16,1,N,6.755620002746582
17,1,CA,6.599844455718994
18,1,C,6.438858985900879
19,1,O,6.262795925140381
20,1,CB,6.086732387542725
21,1,CG,5.910670280456543
22,1,CD,5.711749076843262
23,1,OE1,5.422921180725098
24,1,N,5.134092330932617
25,1,CA,4.845265865325928
26,1,C,4.588085174560547
27,1,O,4.5121588706970215
28,1,CB,4.436230659484863
29,1,CG,4.360304832458496
30,1,CD1,4.306607246398926
31,1,CD2,4.465682506561279
32,1,NE1,4.624756813049316
33,1,CE2,4.783830642700195
34,1,CE3,4.945164203643799
35,1,CZ2,5.159939765930176
36,1,CZ3,5.3747148513793945
37,1,CH2,5.589491844177246
38,1,N,5.804267406463623
39,1,CA,5.699100494384766
40,1,C,5.5895514488220215
41,1,O,5.480002403259277
42,1,N,5.370452880859375
43,1,CA,5.114557266235352
44,1,CB,4.848058223724365
45,1,CG,4.581557273864746
46,1,SD,4.315056800842285
47,1,CE,4.296707630157471
48,1,CB,4.312716960906982
49,1,CG1,4.328726768493652
50,1,CG2,4.344735622406006
51,1,CG,4.046021461486816
52,1,CD1,3.680237054824829
53,1,CD2,3.3144500255584717
