atom_type,importance_sum
C,5.215641975402832
CA,5.215641975402832
CB,5.773792266845703
CD,7.0295491218566895
CD1,8.285331726074219
CD2,9.541092872619629
CE,10.434462547302246
CE1,10.603137969970703
CE2,10.771810531616211
CE3,10.940481185913086
CG,10.825862884521484
CG1,9.719423294067383
CG2,8.612979888916016
CH2,7.5065016746521
CZ,6.592850208282471
CZ2,7.221502780914307
CZ3,7.85015869140625
O,8.478849411010742
OH,9.107507705688477
OD1,8.410710334777832
OD2,7.713878154754639
OE1,7.017083168029785
OE2,6.320289611816406
OG,6.823792457580566
OG1,7.477334976196289
N,8.130903244018555
NE,8.784453392028809
NE1,9.473487854003906
NE2,10.172713279724121
ND1,10.871865272521973
ND2,11.571089744567871
NZ,11.796905517578125
NH1,11.786005020141602
NH2,11.775111198425293
SD,11.764214515686035
SG,11.759382247924805
UNKNOWN,11.759382247924805
