atom_index,is_real_atom,atom_type_from_onehot,importance
0,1,CD2,9.329085350036621
1,1,CD2,9.329085350036621
2,1,CE2,9.359890937805176
3,1,CA,9.425019264221191
4,1,C,9.49014663696289
5,1,O,9.555275917053223
6,1,C,9.53459644317627
7,1,O,9.394893646240234
8,1,CB,9.255192756652832
9,1,CG,9.11549186706543
10,1,CD2,9.075479507446289
11,1,N,9.209001541137695
12,1,CA,9.342525482177734
13,1,CB,9.47604751586914
14,1,CG1,9.567919731140137
15,1,CD1,9.567435264587402
16,1,CZ,9.566947937011719
17,1,OH,9.566465377807617
18,1,CD1,9.660104751586914
19,1,CD2,10.026209831237793
20,1,CA,10.392316818237305
21,1,CB,10.758421897888184
22,1,CG,10.991495132446289
23,1,CD1,10.70130729675293
24,1,CE1,10.411118507385254
25,1,C,10.120933532714844
26,1,O,9.855450630187988
27,1,CB,9.731444358825684
28,1,N,9.607439994812012
29,1,CA,9.48343563079834
30,1,CB,9.369215965270996
31,1,CB,9.348655700683594
32,1,CG,9.328095436096191
33,1,CD2,9.307536125183105
34,1,CG,9.285560607910156
35,1,CD2,9.230096817016602
36,1,CE1,9.174633026123047
37,1,CE2,9.119170188903809
38,1,CZ,9.063706398010254
39,1,OH,8.941838264465332
40,1,NE1,8.819060325622559
41,1,CE2,8.696283340454102
42,1,CZ2,8.573504447937012
43,1,CZ3,8.068475723266602
44,1,CH2,7.535750389099121
