atom_type,importance_sum
C,8.091269493103027
CA,8.091269493103027
CB,8.474943161010742
CD,9.33821964263916
CD1,10.20145320892334
CD2,11.064687728881836
CE,11.769701957702637
CE1,12.158132553100586
CE2,12.546479225158691
CE3,12.934903144836426
CG,13.511241912841797
CG1,14.745345115661621
CG2,15.979445457458496
CH2,17.213552474975586
CZ,18.349987030029297
CZ2,18.705066680908203
CZ3,19.06015396118164
O,19.41522979736328
OH,19.770313262939453
OD1,20.26445770263672
OD2,20.758609771728516
OE1,21.25275421142578
OE2,21.746904373168945
OG,21.171451568603516
OG1,20.462299346923828
N,19.753154754638672
NE,19.044002532958984
NE1,18.511550903320312
NE2,18.02959442138672
ND1,17.54767417907715
ND2,17.06578254699707
NZ,16.359235763549805
NH1,15.540360450744629
NH2,14.721392631530762
SD,13.902509689331055
SG,13.538599967956543
UNKNOWN,13.538599967956543
