atom_type,importance
C,0.11776959896087646
CA,0.11776959896087646
CB,0.12169019132852554
CD,0.1305101364850998
CD1,0.13933099806308746
CD2,0.14815185964107513
CE,0.15814398229122162
CE1,0.1704796403646469
CE2,0.18281523883342743
CE3,0.1951509416103363
CG,0.20713897049427032
CG1,0.21791140735149384
CG2,0.22868379950523376
CH2,0.23945631086826324
CZ,0.2503102719783783
CZ2,0.2618163526058197
CZ3,0.27332231402397156
O,0.28482839465141296
OH,0.29633456468582153
OD1,0.30174964666366577
OD2,0.30716484785079956
OE1,0.31258001923561096
OE2,0.3179952800273895
OG,0.3085688054561615
OG1,0.297287255525589
N,0.2860056459903717
NE,0.27472400665283203
NE1,0.2597140371799469
NE2,0.24363704025745392
ND1,0.22756017744541168
ND2,0.2114841789007187
NZ,0.21032796800136566
NH1,0.21663111448287964
NH2,0.2229350060224533
SD,0.22923804819583893
SG,0.2320399284362793
UNKNOWN,0.2320399284362793
