atom_type,importance
C,0.16016444563865662
CA,0.16016444563865662
CB,0.16851627826690674
CD,0.18730765581130981
CD1,0.2060990333557129
CD2,0.22489120066165924
CE,0.2305109202861786
CE1,0.20979070663452148
CE2,0.18906936049461365
CE3,0.16834807395935059
CG,0.1560291200876236
CG1,0.17311614751815796
CG2,0.19020314514636993
CH2,0.20729020237922668
CZ,0.22354108095169067
CZ2,0.2331121563911438
CZ3,0.24268323183059692
O,0.25225433707237244
OH,0.2618253529071808
OD1,0.23905426263809204
OD2,0.21628369390964508
OE1,0.19351278245449066
OE2,0.17074155807495117
OG,0.15951624512672424
OG1,0.14973418414592743
N,0.13995212316513062
NE,0.1301700919866562
NE1,0.1387939453125
NE2,0.15267592668533325
ND1,0.16655796766281128
ND2,0.18043994903564453
NZ,0.1826167106628418
NH1,0.17893989384174347
NH2,0.17526406049728394
SD,0.1715882122516632
SG,0.16995364427566528
UNKNOWN,0.16995364427566528
