atom_index,is_real_atom,atom_type_from_onehot,importance
0,1,O,9.814741134643555
1,1,N,9.814741134643555
2,1,CA,10.074978828430176
3,1,C,10.62519359588623
4,1,O,11.175410270690918
5,1,CB,11.725626945495605
6,1,CG,12.087121963500977
7,1,CA,12.186841011047363
8,1,C,12.286563873291016
9,1,O,12.386280059814453
10,1,CB,12.394126892089844
11,1,CG,12.242044448852539
12,1,CD,12.089960098266602
13,1,NE,11.937877655029297
14,1,N,11.709846496582031
15,1,CA,11.313414573669434
16,1,CB,10.91698169708252
17,1,CG,10.520549774169922
18,1,CD1,10.1272611618042
19,1,CB,9.743087768554688
20,1,CG1,9.35891056060791
21,1,CG2,8.974737167358398
22,1,CG,8.647106170654297
23,1,CD1,8.541879653930664
24,1,CD2,8.436652183532715
25,1,CG,8.331426620483398
26,1,CD1,8.201253890991211
27,1,CD2,7.92819356918335
28,1,CG,7.6551337242126465
29,1,CD1,7.38207483291626
30,1,CD2,7.0841240882873535
