atom_index,is_real_atom,atom_type_from_onehot,importance
0,1,CG1,8.761059761047363
1,1,CB,8.761059761047363
2,1,CG1,8.669564247131348
3,1,CG2,8.476112365722656
4,1,O,8.282661437988281
5,1,CA,8.089211463928223
6,1,C,7.985453128814697
7,1,O,8.006107330322266
8,1,CB,8.026761054992676
9,1,CG,8.047415733337402
10,1,CD1,8.138016700744629
11,1,CD2,8.35037612915039
12,1,CE1,8.562735557556152
13,1,CD1,8.775094985961914
14,1,C,8.940906524658203
15,1,O,9.003499031066895
16,1,CB,9.066093444824219
17,1,CG,9.128686904907227
18,1,CD2,9.06968879699707
19,1,N,8.658710479736328
20,1,CA,8.24773120880127
21,1,CB,7.8367533683776855
22,1,CD1,7.537158012390137
23,1,CG,7.675668716430664
24,1,CD1,7.814180374145508
25,1,CD2,7.952691078186035
26,1,CE1,8.047663688659668
27,1,CE2,7.893278121948242
28,1,CZ,7.738890171051025
29,1,OH,7.5845046043396
30,1,C,7.437345504760742
31,1,O,7.359364032745361
32,1,N,7.281382083892822
33,1,CA,7.203400135040283
34,1,CB,7.111997604370117
