atom_type,importance_sum
C,7.552867412567139
CA,7.552867412567139
CB,7.74334192276001
CD,8.171883583068848
CD1,8.600428581237793
CD2,9.028971672058105
CE,9.372934341430664
CE1,9.547701835632324
CE2,9.722472190856934
CE3,9.897148132324219
CG,10.08350944519043
CG1,10.310380935668945
CG2,10.537250518798828
CH2,10.764121055603027
CZ,11.084959030151367
CZ2,12.157527923583984
CZ3,13.230100631713867
O,14.3026762008667
OH,15.37524700164795
OD1,15.44619083404541
OD2,15.517134666442871
OE1,15.588082313537598
OE2,15.65902328491211
OG,15.075395584106445
OG1,14.409944534301758
N,13.744495391845703
NE,13.079041481018066
NE1,12.438516616821289
NE2,11.805031776428223
ND1,11.171547889709473
ND2,10.538061141967773
NZ,10.134442329406738
NH1,9.845661163330078
NH2,9.556910514831543
SD,9.268162727355957
SG,9.1398286819458
UNKNOWN,9.1398286819458
