atom_type,importance_sum
C,10.030122756958008
CA,10.030122756958008
CB,10.400407791137695
CD,11.233508110046387
CD1,12.066606521606445
CD2,12.899707794189453
CE,13.830204963684082
CE1,14.955409049987793
CE2,16.080610275268555
CE3,17.20572280883789
CG,17.919036865234375
CG1,17.19054412841797
CG2,16.462047576904297
CH2,15.733551979064941
CZ,15.070243835449219
CZ2,14.928434371948242
CZ3,14.786629676818848
O,14.644817352294922
OH,14.503009796142578
OD1,14.532085418701172
OD2,14.561162948608398
OE1,14.59023666381836
OE2,14.619316101074219
OG,14.377511978149414
OG1,14.101849555969238
N,13.826189994812012
NE,13.550525665283203
NE1,13.626740455627441
NE2,13.803573608398438
ND1,13.98040771484375
ND2,14.15715503692627
NZ,13.741011619567871
NH1,13.028328895568848
NH2,12.315650939941406
SD,11.602974891662598
SG,11.286263465881348
UNKNOWN,11.286263465881348
