atom_index,is_real_atom,atom_type_from_onehot,importance
0,1,CA,8.031848907470703
1,1,O,8.031848907470703
2,1,CB,8.400050163269043
3,1,CG,9.178531646728516
4,1,CD1,9.957014083862305
5,1,CD2,10.73549747467041
6,1,CE1,11.172626495361328
7,1,CE2,11.136272430419922
8,1,CZ,11.099916458129883
9,1,OH,11.063559532165527
10,1,N,11.403589248657227
11,1,CA,12.39881420135498
12,1,CB,13.39404010772705
13,1,OG,14.389262199401855
14,1,CB,15.126111030578613
15,1,CG1,15.29003620147705
16,1,CG2,15.453963279724121
17,1,SD,15.617891311645508
18,1,CE,15.727388381958008
19,1,CA,15.67933177947998
20,1,C,15.631274223327637
21,1,O,15.583216667175293
22,1,CB,15.445685386657715
23,1,CG,14.9562349319458
24,1,CA,14.46678352355957
25,1,C,13.977328300476074
26,1,CB,13.54139232635498
27,1,N,13.41196060180664
28,1,CA,13.282527923583984
29,1,CB,13.153096199035645
30,1,CB,13.000587463378906
31,1,CG2,12.627206802368164
32,1,CD1,12.253825187683105
33,1,CD1,11.880443572998047
34,1,NE1,11.490755081176758
35,1,CE2,10.715181350708008
36,1,CZ2,9.93960952758789
37,1,CH2,9.164033889770508
