atom_type,importance_sum
C,11.487029075622559
CA,11.487029075622559
CB,12.181014060974121
CD,13.74259090423584
CD1,15.304161071777344
CD2,16.865665435791016
CE,18.049217224121094
CE1,18.4766845703125
CE2,18.904155731201172
CE3,19.331621170043945
CG,19.763628005981445
CG1,20.211162567138672
CG2,20.65869903564453
CH2,21.106231689453125
CZ,21.482948303222656
CZ2,21.293081283569336
CZ3,21.103208541870117
O,20.91334342956543
OH,20.72347640991211
OD1,20.236249923706055
OD2,19.749019622802734
OE1,19.261791229248047
OE2,18.774566650390625
OG,18.19551658630371
OG1,17.604990005493164
N,17.014469146728516
NE,16.4239444732666
NE1,16.39094352722168
NE2,16.51723861694336
ND1,16.643619537353516
ND2,16.769933700561523
NZ,16.7313289642334
NH1,16.610294342041016
NH2,16.489242553710938
SD,16.36811065673828
SG,16.31435775756836
UNKNOWN,16.31435775756836
