atom_type,importance
C,0.1007596030831337
CA,0.1007596030831337
CB,0.10795964300632477
CD,0.1241593137383461
CD1,0.14035949110984802
CD2,0.15655851364135742
CE,0.16477762162685394
CE1,0.15703578293323517
CE2,0.14929281175136566
CE3,0.14155098795890808
CG,0.1348404884338379
CG1,0.13174262642860413
CG2,0.12864480912685394
CH2,0.12554697692394257
CZ,0.1247267946600914
CZ2,0.14212770760059357
CZ3,0.15952856838703156
O,0.17692947387695312
OH,0.19433031976222992
OD1,0.19446717202663422
OD2,0.19460396468639374
OE1,0.19474084675312042
OE2,0.19487766921520233
OG,0.1936161071062088
OG1,0.19217975437641144
N,0.19074340164661407
NE,0.1893070638179779
NE1,0.19151538610458374
NE2,0.1947634071111679
ND1,0.19801141321659088
ND2,0.20125938951969147
NZ,0.19575974345207214
NH1,0.18588511645793915
NH2,0.1760115623474121
SD,0.1661369353532791
SG,0.16174891591072083
UNKNOWN,0.16174891591072083
