atom_type,importance
C,0.12217853218317032
CA,0.12217853218317032
CB,0.13201577961444855
CD,0.154149129986763
CD1,0.17628243565559387
CD2,0.19841571152210236
CE,0.22027714550495148
CE1,0.24159571528434753
CE2,0.2629130184650421
CE3,0.2842322885990143
CG,0.29793646931648254
CG1,0.2849977910518646
CG2,0.2720591127872467
CH2,0.259120374917984
CZ,0.24831365048885345
CZ2,0.2545624375343323
CZ3,0.2608112394809723
O,0.26706013083457947
OH,0.2733089029788971
OD1,0.2547905147075653
OD2,0.23627223074436188
OE1,0.21775446832180023
OE2,0.19923633337020874
OG,0.19675426185131073
OG1,0.1962766945362091
N,0.19579914212226868
NE,0.19532153010368347
NE1,0.19326044619083405
NE2,0.19074752926826477
ND1,0.1882346272468567
ND2,0.18572171032428741
NZ,0.1915540248155594
NH1,0.20155808329582214
NH2,0.21156299114227295
SD,0.22156791388988495
SG,0.22601452469825745
UNKNOWN,0.22601452469825745
