atom_type,importance_sum
C,11.94605541229248
CA,11.94605541229248
CB,12.532465934753418
CD,13.85202693939209
CD1,15.171587944030762
CD2,16.491147994995117
CE,17.517345428466797
CE1,17.957061767578125
CE2,18.396648406982422
CE3,18.836233139038086
CG,18.700679779052734
CG1,16.551639556884766
CG2,14.402636528015137
CH2,12.253656387329102
CZ,10.393327713012695
CZ2,10.842223167419434
CZ3,11.291108131408691
O,11.739998817443848
OH,12.188889503479004
OD1,13.39798641204834
OD2,14.607081413269043
OE1,15.816176414489746
OE2,17.025320053100586
OG,16.731521606445312
OG1,16.249847412109375
N,15.768194198608398
NE,15.28654956817627
NE1,14.746380805969238
NE2,14.189584732055664
ND1,13.63270378112793
ND2,13.075828552246094
NZ,12.611175537109375
NH1,12.192512512207031
NH2,11.773849487304688
SD,11.355259895324707
SG,11.169209480285645
UNKNOWN,11.169209480285645
