atom_index,is_real_atom,atom_type_from_onehot,importance
0,1,CE2,6.148663520812988
1,1,CZ,6.148663520812988
2,1,CE1,6.243591785430908
3,1,CZ,6.444298267364502
4,1,CG,6.645004749298096
5,1,CD1,6.845709800720215
6,1,CD2,6.904608726501465
7,1,CG,6.766805171966553
8,1,CD2,6.629001617431641
9,1,CA,6.491199493408203
10,1,O,6.522186279296875
11,1,CB,6.846995830535889
12,1,CG1,7.171803951263428
13,1,CG2,7.496612548828125
14,1,CD1,7.5384955406188965
15,1,CA,6.953024864196777
16,1,C,6.367554664611816
17,1,O,5.782083511352539
18,1,CB,5.308023452758789
19,1,SG,5.15647029876709
20,1,N,5.0049147605896
21,1,CA,4.853361129760742
22,1,CB,4.75480842590332
23,1,CG,4.864729881286621
24,1,CD1,4.974650859832764
25,1,CD2,5.0845723152160645
26,1,CE1,5.1842780113220215
27,1,CE2,5.2254767417907715
28,1,CZ,5.2666754722595215
29,1,CA,5.307875156402588
30,1,C,5.373747825622559
31,1,O,5.675782680511475
32,1,CB,5.977817535400391
33,1,CG,6.27985143661499
34,1,CD2,6.552107334136963
35,1,CE2,6.119619369506836
36,1,N,5.687132835388184
37,1,CA,5.25464391708374
38,1,CB,4.822155475616455
39,1,SG,4.389817714691162
40,1,SG,3.9574835300445557
