atom_index,is_real_atom,atom_type_from_onehot,importance
0,1,CB,6.102236270904541
1,1,OG1,6.102236270904541
2,1,CG2,6.186831474304199
3,1,CG,6.365690231323242
4,1,CD1,6.544548988342285
5,1,CD2,6.7234086990356445
6,1,CD1,6.895556449890137
7,1,CB,7.0583977699279785
8,1,CG2,7.221238136291504
9,1,CG,7.384079933166504
10,1,CD1,7.508692741394043
11,1,CD2,7.566760063171387
12,1,CA,7.624826908111572
13,1,CB,7.682894706726074
14,1,CG1,7.820805549621582
15,1,CB,8.135760307312012
16,1,N,8.450714111328125
17,1,CA,8.765669822692871
18,1,CB,8.969374656677246
19,1,CG2,8.851043701171875
20,1,CB,8.73271369934082
21,1,CD1,8.614381790161133
22,1,CD1,8.469061851501465
23,1,O,8.21757984161377
24,1,CG2,7.966096878051758
25,1,CA,7.7146148681640625
26,1,C,7.498201847076416
27,1,O,7.482643127441406
28,1,CB,7.467084884643555
29,1,N,7.451525688171387
30,1,CA,7.366005897521973
31,1,CB,6.6108598709106445
32,1,CG,5.855712890625
33,1,CD,5.1005659103393555
