atom_type,importance
C,0.1153210923075676
CA,0.1153210923075676
CB,0.12494472414255142
CD,0.14659877121448517
CD1,0.16825281083583832
CD2,0.18990685045719147
CE,0.20081152021884918
CE1,0.190215066075325
CE2,0.1796199381351471
CE3,0.16902472078800201
CG,0.1594693958759308
CG1,0.15355542302131653
CG2,0.14764142036437988
CH2,0.14172743260860443
CZ,0.13762234151363373
CZ2,0.14798825979232788
CZ3,0.15835411846637726
O,0.1687200516462326
OH,0.17908598482608795
OD1,0.17435744404792786
OD2,0.16962890326976776
OE1,0.16490031778812408
OE2,0.16017180681228638
OG,0.15820901095867157
OG1,0.15659195184707642
N,0.15497489273548126
NE,0.15335781872272491
NE1,0.15857450664043427
NE2,0.16574274003505707
ND1,0.17291225492954254
ND2,0.1800817847251892
NZ,0.18360944092273712
NH1,0.18531681597232819
NH2,0.1870240718126297
SD,0.18873141705989838
SG,0.18949097394943237
UNKNOWN,0.18949097394943237
