atom_index,is_real_atom,atom_type_from_onehot,importance
0,1,CG,8.29275131225586
1,1,CD2,8.29275131225586
2,1,CA,8.456579208374023
3,1,CG,8.802962303161621
4,1,ND1,9.149344444274902
5,1,CD2,9.495725631713867
6,1,CE1,9.527996063232422
7,1,NE2,9.12455940246582
8,1,CB,8.721122741699219
9,1,CG1,8.317687034606934
10,1,CG2,8.182086944580078
11,1,CD1,8.512723922729492
12,1,CG1,8.84335994720459
13,1,CA,9.173996925354004
14,1,CB,9.44723892211914
15,1,CG1,9.59321403503418
16,1,CD1,9.739189147949219
17,1,CB,9.885163307189941
18,1,CG1,9.990704536437988
19,1,CG2,9.979202270507812
20,1,CD1,9.967697143554688
21,1,CE1,9.956192970275879
22,1,CZ,9.9012451171875
23,1,OH,9.675409317016602
24,1,CB,9.449572563171387
25,1,CG,9.223736763000488
26,1,CD1,8.983606338500977
27,1,CD2,8.661612510681152
28,1,NE1,8.339616775512695
29,1,CE2,8.017623901367188
30,1,CE3,7.7075347900390625
31,1,CZ2,7.511410713195801
32,1,CZ3,7.315284729003906
33,1,CH2,7.119161605834961
34,1,CG,6.921318054199219
35,1,CD1,6.6828203201293945
36,1,CD2,6.444324016571045
