atom_type,importance_sum
C,7.664699554443359
CA,7.664699554443359
CB,8.124757766723633
CD,9.15986156463623
CD1,10.194969177246094
CD2,11.230072975158691
CE,11.957533836364746
CE1,12.069701194763184
CE2,12.181775093078613
CE3,12.293944358825684
CG,12.60641098022461
CG1,13.61959457397461
CG2,14.632776260375977
CH2,15.645957946777344
CZ,16.555490493774414
CZ2,16.63583755493164
CZ3,16.716188430786133
O,16.796537399291992
OH,16.876882553100586
OD1,16.079578399658203
OD2,15.28227424621582
OE1,14.484970092773438
OE2,13.687667846679688
OG,12.910164833068848
OG1,12.135132789611816
N,11.360103607177734
NE,10.585077285766602
NE1,10.700505256652832
NE2,11.070394515991211
ND1,11.440282821655273
ND2,11.810169219970703
NZ,12.167248725891113
NH1,12.517923355102539
NH2,12.868597030639648
SD,13.219273567199707
SG,13.37515926361084
UNKNOWN,13.37515926361084
