atom_type,importance
C,0.08841687440872192
CA,0.08841687440872192
CB,0.09222350269556046
CD,0.10078883916139603
CD1,0.10935385525226593
CD2,0.11791903525590897
CE,0.12235216796398163
CE1,0.11852101981639862
CE2,0.11468980461359024
CE3,0.11085844784975052
CG,0.11020024865865707
CG1,0.12064726650714874
CG2,0.1310945451259613
CH2,0.14154183864593506
CZ,0.15233846008777618
CZ2,0.16593028604984283
CZ3,0.17952203750610352
O,0.19311386346817017
OH,0.20670558512210846
OD1,0.21013562381267548
OD2,0.21356575191020966
OE1,0.2169961780309677
OE2,0.22042658925056458
OG,0.21865345537662506
OG1,0.21622975170612335
N,0.21380610764026642
NE,0.2113826870918274
NE1,0.21258778870105743
NE2,0.21483029425144196
ND1,0.2170724719762802
ND2,0.21931391954421997
NZ,0.20982131361961365
NH1,0.19446039199829102
NH2,0.17909938097000122
SD,0.16373847424983978
SG,0.15691176056861877
UNKNOWN,0.15691176056861877
