atom_index,is_real_atom,atom_type_from_onehot,importance
0,1,NE,11.863865852355957
1,1,CZ,11.863865852355957
2,1,NH1,11.956101417541504
3,1,NH2,12.151116371154785
4,1,O,12.346132278442383
5,1,CB,12.541147232055664
6,1,CG1,12.557464599609375
7,1,CG2,12.32590389251709
8,1,CG,12.094345092773438
9,1,CD2,11.862789154052734
10,1,N,11.663582801818848
11,1,CA,11.520691871643066
12,1,CB,11.377800941467285
13,1,OG,11.234909057617188
14,1,CA,11.175531387329102
15,1,C,11.30133056640625
16,1,O,11.427132606506348
17,1,CB,11.552935600280762
18,1,CB,11.60167121887207
19,1,SG,11.427328109741211
20,1,N,11.252984046936035
21,1,C,11.078640937805176
22,1,O,10.86722469329834
23,1,CB,10.509987831115723
24,1,CG2,10.152753829956055
25,1,C,9.795519828796387
26,1,O,9.436430931091309
27,1,CB,9.066731452941895
28,1,CG,8.697032928466797
29,1,CD1,8.3273344039917
30,1,CD2,7.992037296295166
31,1,NE1,7.986022472381592
32,1,CE2,7.980009078979492
33,1,CE3,7.973994255065918
34,1,CZ2,7.9612627029418945
35,1,CZ3,7.789556980133057
36,1,CH2,7.6178507804870605
37,1,N,7.446145057678223
38,1,CA,7.274438381195068
39,1,CB,6.814095973968506
40,1,CD2,6.3498029708862305
