atom_type,importance_sum
C,15.972929954528809
CA,15.972929954528809
CB,16.415735244750977
CD,17.412080764770508
CD1,18.408510208129883
CD2,19.40476417541504
CE,19.74375343322754
CE1,18.767831802368164
CE2,17.79191017150879
CE3,16.81594467163086
CG,15.825505256652832
CG1,14.784134864807129
CG2,13.742762565612793
CH2,12.701391220092773
CZ,11.837717056274414
CZ2,12.39560317993164
CZ3,12.953489303588867
O,13.51137638092041
OH,14.06926441192627
OD1,13.873957633972168
OD2,13.678647994995117
OE1,13.483341217041016
OE2,13.288031578063965
OG,13.275212287902832
OG1,13.285202980041504
N,13.295195579528809
NE,13.30518627166748
NE1,13.58574104309082
NE2,13.943763732910156
ND1,14.301698684692383
ND2,14.659627914428711
NZ,14.371194839477539
NH1,13.759581565856934
NH2,13.14796257019043
SD,12.536347389221191
SG,12.26457691192627
UNKNOWN,12.26457691192627
