atom_type,importance_sum
C,9.148945808410645
CA,9.148945808410645
CB,10.028542518615723
CD,12.007741928100586
CD1,13.986933708190918
CD2,15.966054916381836
CE,16.84253692626953
CE1,15.513623237609863
CE2,14.184737205505371
CE3,12.855777740478516
CG,11.993220329284668
CG1,12.762617111206055
CG2,13.532015800476074
CH2,14.30141830444336
CZ,15.205890655517578
CZ2,17.19085121154785
CZ3,19.17587661743164
O,21.160907745361328
OH,23.145936965942383
OD1,21.839540481567383
OD2,20.53314781188965
OE1,19.22675323486328
OE2,17.92035484313965
OG,17.845882415771484
OG1,17.925399780273438
N,18.00492286682129
NE,18.084444046020508
NE1,17.65253257751465
NE2,17.074621200561523
ND1,16.496540069580078
ND2,15.918539047241211
NZ,16.08463478088379
NH1,16.622861862182617
NH2,17.161069869995117
SD,17.69928550720215
SG,17.93849754333496
UNKNOWN,17.93849754333496
