atom_type,importance
C,0.0910080075263977
CA,0.0910080075263977
CB,0.09526608139276505
CD,0.10484688729047775
CD1,0.11442771553993225
CD2,0.12400850653648376
CE,0.12789061665534973
CE1,0.12037741392850876
CE2,0.11286505311727524
CE3,0.10535159707069397
CG,0.09882510453462601
CG1,0.09575095027685165
CG2,0.0926767960190773
CH2,0.08960264176130295
CZ,0.08887697756290436
CZ2,0.10693926364183426
CZ3,0.12500208616256714
O,0.14306436479091644
OH,0.16112662851810455
OD1,0.168435737490654
OD2,0.17574484646320343
OE1,0.18305395543575287
OE2,0.1903630644083023
OG,0.18885435163974762
OG1,0.18624334037303925
N,0.18363232910633087
NE,0.18102134764194489
NE1,0.1915581077337265
NE2,0.20585212111473083
ND1,0.22014617919921875
ND2,0.23444023728370667
NZ,0.23243683576583862
NH1,0.22228719294071198
NH2,0.21213692426681519
SD,0.20198704302310944
SG,0.19747477769851685
UNKNOWN,0.19747477769851685
