atom_index,is_real_atom,atom_type_from_onehot,importance
0,1,CG,7.471227169036865
1,1,CD2,7.471227169036865
2,1,CD1,7.655320167541504
3,1,CG,8.04454231262207
4,1,CD1,8.433765411376953
5,1,CD2,8.822988510131836
6,1,CB,8.954743385314941
7,1,CG1,8.729363441467285
8,1,N,8.503985404968262
9,1,CA,8.278605461120605
10,1,O,8.177732467651367
11,1,CB,8.293586730957031
12,1,CG,8.409439086914062
13,1,CD,8.525294303894043
14,1,CA,8.420104026794434
15,1,C,7.824768543243408
16,1,O,7.229434967041016
17,1,CB,6.634100914001465
18,1,N,6.254865646362305
19,1,CA,6.5011820793151855
20,1,CG1,6.74749755859375
21,1,CD1,6.9938130378723145
22,1,CB,7.256132125854492
23,1,CG1,7.581399917602539
24,1,CG2,7.906667709350586
25,1,CG1,8.231935501098633
26,1,CA,8.421292304992676
27,1,O,7.83225154876709
28,1,CB,7.243209362030029
29,1,OG,6.654168128967285
