atom_type,importance
C,0.07081306725740433
CA,0.07081306725740433
CB,0.0730627030134201
CD,0.07812481373548508
CD1,0.08318699151277542
CD2,0.08824849128723145
CE,0.09259309619665146
CE1,0.09550385922193527
CE2,0.09841397404670715
CE3,0.10132411867380142
CG,0.10696081817150116
CG1,0.12214081734418869
CG2,0.13732083141803741
CH2,0.15250083804130554
CZ,0.16618655622005463
CZ2,0.16791804134845734
CZ3,0.16964951157569885
O,0.17138099670410156
OH,0.17311248183250427
OD1,0.15806902945041656
OD2,0.14302559196949005
OE1,0.12798209488391876
OE2,0.11293867975473404
OG,0.09831070154905319
OG1,0.08373460918664932
N,0.06915853917598724
NE,0.05458247661590576
NE1,0.05700857192277908
NE2,0.06429161131381989
ND1,0.07157526165246964
ND2,0.07885891944169998
NZ,0.08656208962202072
NH1,0.09447535872459412
NH2,0.10238857567310333
SD,0.11030182987451553
SG,0.11381851136684418
UNKNOWN,0.11381851136684418
