atom_type,importance
C,0.08185242861509323
CA,0.08185242861509323
CB,0.08973108977079391
CD,0.10745793581008911
CD1,0.12518422305583954
CD2,0.142912358045578
CE,0.15583425760269165
CE1,0.15914477407932281
CE2,0.16245663166046143
CE3,0.16576847434043884
CG,0.1691827028989792
CG1,0.1729539930820465
CG2,0.17672528326511383
CH2,0.18049660325050354
CZ,0.18330441415309906
CZ2,0.17840369045734406
CZ3,0.1735030710697174
O,0.16860240697860718
OH,0.16370175778865814
OD1,0.15971387922763824
OD2,0.15572603046894073
OE1,0.15173818171024323
OE2,0.1477503627538681
OG,0.14046338200569153
OG1,0.1327640563249588
N,0.12506473064422607
NE,0.11736542731523514
NE1,0.12159869074821472
NE2,0.1292428970336914
ND1,0.1368870735168457
ND2,0.14452993869781494
NZ,0.1536179631948471
NH1,0.16342847049236298
NH2,0.17323888838291168
SD,0.18304939568042755
SG,0.18740977346897125
UNKNOWN,0.18740977346897125
