atom_index,is_real_atom,atom_type_from_onehot,importance
0,1,C,8.689383506774902
1,1,O,8.689383506774902
2,1,N,8.96712589263916
3,1,CA,9.55435562133789
4,1,CB,10.141585350036621
5,1,CG2,10.728816032409668
6,1,CB,11.105603218078613
7,1,CG,11.190485954284668
8,1,CD2,11.275369644165039
9,1,CD2,11.36025333404541
10,1,CB,11.374260902404785
11,1,CG,11.264891624450684
12,1,CD,11.155524253845215
13,1,CD2,11.04615592956543
14,1,O,11.04522705078125
15,1,CB,11.284744262695312
16,1,CG1,11.524263381958008
17,1,CG2,11.763781547546387
18,1,CD1,11.83112907409668
19,1,CA,11.400094985961914
20,1,CB,10.9690580368042
21,1,OG,10.538023948669434
22,1,CA,10.070037841796875
23,1,CB,9.45671558380127
24,1,CG,8.843392372131348
25,1,CD,8.230069160461426
