atom_index,is_real_atom,atom_type_from_onehot,importance
0,1,CD2,9.661849021911621
1,1,CE1,9.661849021911621
2,1,CE2,9.601519584655762
3,1,CZ,9.47397232055664
4,1,OH,9.346423149108887
5,1,OG,9.218873023986816
6,1,CA,9.03441333770752
7,1,C,8.77100944519043
8,1,O,8.507607460021973
9,1,CB,8.244205474853516
10,1,CG,7.9756293296813965
11,1,CD1,7.698051452636719
12,1,CD2,7.420471668243408
13,1,CA,7.1428914070129395
14,1,C,6.88661003112793
15,1,O,6.677550315856934
16,1,CB,6.468491077423096
17,1,CG1,6.259432792663574
18,1,CG2,6.023822784423828
19,1,CD1,5.711358547210693
20,1,N,5.398894309997559
21,1,CA,5.086429119110107
22,1,C,4.789047718048096
23,1,CB,4.550994873046875
24,1,CG,4.31294059753418
25,1,CD1,4.074888229370117
26,1,CD2,3.9024243354797363
27,1,CE1,4.105609893798828
28,1,CE2,4.308796405792236
29,1,CZ,4.511981010437012
30,1,CB,4.740864276885986
31,1,CG1,5.215705871582031
32,1,CG2,5.690547466278076
33,1,CE3,6.165388584136963
34,1,CZ2,6.640045642852783
35,1,CZ3,7.110307693481445
36,1,CH2,7.580567836761475
37,1,CA,8.050829887390137
38,1,O,8.521092414855957
39,1,CB,8.192021369934082
40,1,CG,7.852005481719971
41,1,CD2,7.511986255645752
42,1,CA,7.17196798324585
43,1,C,7.031556129455566
44,1,O,6.905609607696533
45,1,CB,6.779664516448975
46,1,CG,6.653717041015625
47,1,CD1,6.603599548339844
48,1,CD2,6.563982963562012
49,1,CE1,6.524365425109863
50,1,CE2,6.484748363494873
51,1,CZ,6.525219440460205
52,1,N,6.582758903503418
53,1,CA,6.640298843383789
54,1,CB,6.697837829589844
55,1,CG,6.852390289306641
56,1,CD2,7.0358734130859375
57,1,CB,7.219358921051025
58,1,CG1,7.402842998504639
59,1,CG2,7.202828407287598
