atom_index,is_real_atom,atom_type_from_onehot,importance
0,1,CA,9.26863956451416
1,1,C,9.26863956451416
2,1,O,9.425613403320312
3,1,CB,9.75749397277832
4,1,CG1,10.089378356933594
5,1,CG2,10.421262741088867
6,1,CA,10.52698802947998
7,1,C,10.319010734558105
8,1,O,10.111034393310547
9,1,N,9.903058052062988
10,1,CA,9.935629844665527
11,1,CB,10.386930465698242
12,1,CB,10.838231086730957
13,1,CG1,11.289529800415039
14,1,CG2,11.634404182434082
15,1,CA,11.7432861328125
16,1,SG,11.8521728515625
17,1,CA,11.96105670928955
18,1,C,11.8902587890625
19,1,O,11.299330711364746
20,1,CB,10.708403587341309
21,1,CG,10.117478370666504
22,1,CD1,9.663087844848633
23,1,CD2,9.745741844177246
24,1,N,9.828400611877441
25,1,CA,9.911056518554688
26,1,CB,9.96455192565918
27,1,CG1,9.851045608520508
28,1,CD1,9.737537384033203
29,1,N,9.624030113220215
30,1,CA,9.518604278564453
31,1,C,9.490521430969238
32,1,O,9.462438583374023
33,1,CB,9.434358596801758
34,1,CG,9.399770736694336
35,1,CD1,9.211179733276367
36,1,N,9.022594451904297
37,1,CA,8.834004402160645
38,1,CB,8.645415306091309
39,1,CG,8.803546905517578
40,1,CD1,8.966426849365234
41,1,CD2,9.12930679321289
42,1,NE1,9.292186737060547
43,1,CE2,9.250160217285156
44,1,CZ2,9.193285942077637
45,1,CG,9.136414527893066
46,1,CD,9.079538345336914
47,1,NE,8.869714736938477
48,1,CZ,8.638712882995605
49,1,NH1,8.407712936401367
50,1,NH2,8.17671012878418
