atom_index,is_real_atom,atom_type_from_onehot,importance
0,1,CB,10.716792106628418
1,1,CG,10.716792106628418
2,1,CD,10.344691276550293
3,1,CE,9.557964324951172
4,1,NZ,8.771236419677734
5,1,CA,7.9845075607299805
6,1,C,7.39376163482666
7,1,O,7.074861526489258
8,1,CB,6.755961894989014
9,1,CG,6.4370622634887695
10,1,CD1,6.243269443511963
11,1,CD2,6.267253398895264
12,1,CE2,6.291238307952881
13,1,N,6.31522274017334
14,1,CA,6.3411335945129395
15,1,CG,6.371310710906982
16,1,CD1,6.401489734649658
17,1,CD2,6.431667327880859
18,1,N,6.462263107299805
19,1,CA,6.49406623840332
20,1,C,6.5258684158325195
21,1,O,6.557670593261719
22,1,CG,6.648894786834717
23,1,CD2,6.97383975982666
24,1,CE2,7.298786163330078
25,1,CG1,7.623730659484863
26,1,CD1,7.892094135284424
27,1,C,7.836396217346191
28,1,O,7.780697822570801
29,1,CB,7.72499942779541
30,1,N,7.683630466461182
31,1,CA,7.779426574707031
32,1,OG1,7.87522029876709
33,1,CA,7.971014499664307
34,1,C,8.058969497680664
35,1,O,7.961394309997559
36,1,CA,7.863821506500244
37,1,CB,7.766247749328613
38,1,CD1,7.668673038482666
39,1,O,7.532394886016846
40,1,C,7.395588397979736
41,1,O,7.258779525756836
42,1,CB,7.12197208404541
43,1,OG,6.8202362060546875
44,1,N,6.506550312042236
45,1,CA,6.1928629875183105
46,1,CB,5.879176139831543
47,1,C,5.687514781951904
48,1,O,5.512749671936035
49,1,CB,5.33798360824585
50,1,CG,5.1632184982299805
51,1,CD1,5.140667915344238
52,1,CD2,5.1505560874938965
53,1,CE1,5.160443305969238
54,1,CE2,5.170332431793213
55,1,CZ,4.910633087158203
56,1,OH,4.5705342292785645
57,1,CB,4.230432033538818
