atom_type,importance
C,0.10086270421743393
CA,0.10086270421743393
CB,0.10328531265258789
CD,0.10873668640851974
CD1,0.11418754607439041
CD2,0.11963874846696854
CE,0.12209641933441162
CE1,0.1185673177242279
CE2,0.11503836512565613
CE3,0.1115093007683754
CG,0.11204255372285843
CG1,0.12679211795330048
CG2,0.14154168963432312
CH2,0.15629127621650696
CZ,0.16932108998298645
CZ2,0.16859300434589386
CZ3,0.1678648442029953
O,0.16713674366474152
OH,0.16640864312648773
OD1,0.1597749888896942
OD2,0.15314136445522308
OE1,0.14650772511959076
OE2,0.13987405598163605
OG,0.1411943882703781
OG1,0.1435089260339737
N,0.1458234339952469
NE,0.14813798666000366
NE1,0.14159511029720306
NE2,0.13252100348472595
ND1,0.12344688177108765
ND2,0.11437379568815231
NZ,0.11235350370407104
NH1,0.11386045813560486
NH2,0.11536715179681778
SD,0.11687406152486801
SG,0.11754351109266281
UNKNOWN,0.11754351109266281
