atom_index,is_real_atom,atom_type_from_onehot,importance
0,1,O,10.29698371887207
1,1,CB,10.29698371887207
2,1,CG,10.561028480529785
3,1,SD,11.119292259216309
4,1,CE,11.677556037902832
5,1,CG1,12.235817909240723
6,1,CG2,12.49423599243164
7,1,CD1,12.336735725402832
8,1,CD2,12.179237365722656
9,1,CE2,12.021736145019531
10,1,CG,11.893260955810547
11,1,OD1,11.815303802490234
12,1,ND2,11.737346649169922
13,1,CD2,11.65938949584961
14,1,CD1,11.628462791442871
15,1,CE2,11.701814651489258
16,1,CZ,11.775169372558594
17,1,OH,11.848522186279297
18,1,CA,11.882134437561035
19,1,O,11.800718307495117
20,1,CB,11.71929931640625
21,1,CG,11.637880325317383
22,1,CD,11.499595642089844
23,1,CE,11.137642860412598
24,1,NZ,10.775688171386719
25,1,CA,10.413732528686523
26,1,CB,10.037381172180176
27,1,CG2,9.578577041625977
28,1,CB,9.119771957397461
29,1,CG,8.660967826843262
30,1,CD1,8.195219993591309
31,1,CD2,7.663020610809326
32,1,NE1,7.1308183670043945
33,1,CE2,6.598618030548096
34,1,CE3,6.075817108154297
35,1,CZ2,5.7754807472229
36,1,CZ3,5.475144863128662
37,1,CH2,5.174808025360107
