atom_type,importance
C,0.08568310737609863
CA,0.08568310737609863
CB,0.08873105049133301
CD,0.09558870643377304
CD1,0.10244636982679367
CD2,0.10930413752794266
CE,0.11406031250953674
CE1,0.11461327970027924
CE2,0.11516624689102173
CE3,0.1157192587852478
CG,0.11814259737730026
CG1,0.12710820138454437
CG2,0.1360737830400467
CH2,0.14503933489322662
CZ,0.15397030115127563
CZ2,0.16262413561344147
CZ3,0.1712779849767685
O,0.1799318641424179
OH,0.18858569860458374
OD1,0.17895428836345673
OD2,0.1693229079246521
OE1,0.15969149768352509
OE2,0.15006010234355927
OG,0.14480701088905334
OG1,0.14010120928287506
N,0.13539539277553558
NE,0.1306895911693573
NE1,0.12816554307937622
NE2,0.12626470625400543
ND1,0.12436382472515106
ND2,0.12246299535036087
NZ,0.12601327896118164
NH1,0.13228736817836761
NH2,0.13856147229671478
SD,0.1448366492986679
SG,0.14762452244758606
UNKNOWN,0.14762452244758606
