atom_type,importance
C,0.19030310213565826
CA,0.19030310213565826
CB,0.19018211960792542
CD,0.18991032242774963
CD1,0.18963776528835297
CD2,0.1893654316663742
CE,0.1998330056667328
CE1,0.2317788451910019
CE2,0.2637246251106262
CE3,0.29567044973373413
CG,0.32554954290390015
CG1,0.34819892048835754
CG2,0.3708484172821045
CH2,0.39349794387817383
CZ,0.41046014428138733
CZ2,0.3819238543510437
CZ3,0.35338762402534485
O,0.3248513638973236
OH,0.29631510376930237
OD1,0.30216917395591736
OD2,0.30802321434020996
OE1,0.3138771951198578
OE2,0.3197312653064728
OG,0.3328940272331238
OG1,0.34697049856185913
N,0.3610469400882721
NE,0.37512341141700745
NE1,0.361642062664032
NE2,0.3402864634990692
ND1,0.3189297616481781
ND2,0.29757413268089294
NZ,0.30205976963043213
NH1,0.3194654583930969
NH2,0.3368723690509796
SD,0.35427796840667725
SG,0.36201366782188416
UNKNOWN,0.36201366782188416
