atom_index,is_real_atom,atom_type_from_onehot,importance
0,1,CB,8.8723726272583
1,1,CG,8.8723726272583
2,1,CD1,8.961017608642578
3,1,CD2,9.1484375
4,1,NE1,9.335855484008789
5,1,CE2,9.523277282714844
6,1,CE3,9.651459693908691
7,1,CZ2,9.69748306274414
8,1,CZ3,9.743505477905273
9,1,CH2,9.789525032043457
10,1,C,9.854375839233398
11,1,CG2,9.952000617980957
12,1,N,10.0496244430542
13,1,CA,10.147249221801758
14,1,CB,10.101545333862305
15,1,CG,9.738030433654785
16,1,CD1,9.374517440795898
17,1,CD2,9.011003494262695
18,1,CA,8.604104995727539
19,1,C,8.07162094116211
20,1,CB,7.539135932922363
