atom_index,is_real_atom,atom_type_from_onehot,importance
0,1,CB,8.13673210144043
1,1,CG,8.13673210144043
2,1,CD1,8.368268013000488
3,1,CD2,8.857799530029297
4,1,NE1,9.347330093383789
5,1,CE2,9.836862564086914
6,1,CE3,10.122030258178711
7,1,CZ2,10.123729705810547
8,1,CZ3,10.1254301071167
9,1,CH2,10.127128601074219
10,1,ND1,10.226179122924805
11,1,CE1,10.494696617126465
12,1,NE2,10.763212203979492
13,1,OG,11.031729698181152
14,1,CB,11.290306091308594
15,1,OG1,11.526839256286621
16,1,CG2,11.763375282287598
17,1,CG,11.999910354614258
18,1,CD1,12.135919570922852
19,1,CG1,11.980936050415039
20,1,CD1,11.825949668884277
21,1,CB,11.670965194702148
22,1,SG,11.450296401977539
23,1,CB,10.971275329589844
24,1,CG2,10.492253303527832
25,1,CD1,10.013229370117188
26,1,CG,9.568887710571289
27,1,CD1,9.323162078857422
28,1,CD2,9.077436447143555
29,1,NE1,8.831713676452637
30,1,CE2,8.572404861450195
31,1,CE3,8.183089256286621
32,1,CZ2,7.7937726974487305
33,1,CZ3,7.404457092285156
34,1,CH2,7.013902187347412
