atom_type,importance_sum
C,4.780770778656006
CA,4.780770778656006
CB,5.412723064422607
CD,6.834593772888184
CD1,8.256464958190918
CD2,9.678369522094727
CE,10.590267181396484
CE1,10.482307434082031
CE2,10.374252319335938
CE3,10.266291618347168
CG,10.534116744995117
CG1,12.117618560791016
CG2,13.701128005981445
CH2,15.284629821777344
CZ,16.713491439819336
CZ2,16.90520668029785
CZ3,17.0969181060791
O,17.288633346557617
OH,17.480342864990234
OD1,16.086477279663086
OD2,14.692608833312988
OE1,13.29874038696289
OE2,11.904873847961426
OG,11.312256813049316
OG1,10.819795608520508
N,10.327335357666016
NE,9.834875106811523
NE1,10.592124938964844
NE2,11.706469535827637
ND1,12.820720672607422
ND2,13.935065269470215
NZ,14.808707237243652
NH1,15.562041282653809
NH2,16.315378189086914
SD,17.06873321533203
SG,17.40360450744629
UNKNOWN,17.40360450744629
