atom_index,is_real_atom,atom_type_from_onehot,importance
0,1,CD2,10.053360939025879
1,1,CE1,10.053360939025879
2,1,CE2,10.109393119812012
3,1,CZ,10.227867126464844
4,1,CD,10.346335411071777
5,1,NE2,10.464803695678711
6,1,CG2,10.368244171142578
7,1,N,9.973414421081543
8,1,CA,9.57858657836914
9,1,O,9.183754920959473
10,1,CB,8.900069236755371
11,1,CG1,8.809857368469238
12,1,CG2,8.719642639160156
13,1,CD1,8.629429817199707
14,1,CA,8.510198593139648
15,1,C,8.32662582397461
16,1,O,8.143050193786621
17,1,CB,7.959475994110107
18,1,OG1,7.729467868804932
19,1,CG2,7.365044593811035
20,1,N,7.000621318817139
21,1,CA,6.636198997497559
22,1,C,6.363116264343262
23,1,O,6.4493088722229
24,1,CB,6.535501480102539
25,1,CG1,6.621695041656494
26,1,CG2,6.708521366119385
27,1,CB,6.798978805541992
28,1,CG1,6.889437675476074
29,1,CG2,6.979894638061523
30,1,N,7.056103706359863
31,1,CA,6.99592399597168
32,1,CB,6.935744762420654
33,1,CG,6.875566005706787
34,1,OD1,6.82216739654541
35,1,CD2,6.929242134094238
36,1,CE2,7.036316394805908
37,1,CG,7.143391132354736
38,1,CD1,7.2504658699035645
39,1,CD2,7.40849494934082
40,1,CG2,7.567220687866211
41,1,CG,7.725946426391602
42,1,CD1,7.884673595428467
43,1,CD2,8.1121826171875
44,1,CG2,8.344675064086914
45,1,C,8.577169418334961
46,1,O,8.809661865234375
47,1,CB,8.972737312316895
48,1,CG,9.126199722290039
49,1,CD2,9.279662132263184
50,1,N,9.433125495910645
51,1,CA,9.169966697692871
52,1,CG,8.818022727966309
53,1,CD1,8.466079711914062
