atom_type,importance_sum
C,8.851167678833008
CA,8.851167678833008
CB,9.203203201293945
CD,9.995255470275879
CD1,10.787339210510254
CD2,11.579429626464844
CE,12.211044311523438
CE1,12.521839141845703
CE2,12.832708358764648
CE3,13.143502235412598
CG,13.712264060974121
CG1,15.183692932128906
CG2,16.65510368347168
CH2,18.126474380493164
CZ,19.580873489379883
CZ2,20.89909553527832
CZ3,22.21731948852539
O,23.535545349121094
OH,24.853776931762695
OD1,23.78455352783203
OD2,22.715333938598633
OE1,21.646108627319336
OE2,20.576889038085938
OG,19.73749542236328
OG1,18.926836013793945
N,18.116180419921875
NE,17.305551528930664
NE1,16.7747745513916
NE2,16.324018478393555
ND1,15.873191833496094
ND2,15.422369956970215
NZ,15.063167572021484
NH1,14.749744415283203
NH2,14.436326026916504
SD,14.122902870178223
SG,13.983606338500977
UNKNOWN,13.983606338500977
