atom_type,importance
C,0.09755489975214005
CA,0.09755489975214005
CB,0.10572654008865356
CD,0.12411313503980637
CD1,0.14249953627586365
CD2,0.1608857661485672
CE,0.17895746231079102
CE1,0.1964012086391449
CE2,0.21384486556053162
CE3,0.23128964006900787
CG,0.2447574883699417
CG1,0.24431325495243073
CG2,0.243868887424469
CH2,0.24342463910579681
CZ,0.24355372786521912
CZ2,0.2482694536447525
CZ3,0.2529851496219635
O,0.25770092010498047
OH,0.26241663098335266
OD1,0.26010602712631226
OD2,0.25779539346694946
OE1,0.25548475980758667
OE2,0.25317415595054626
OG,0.25128254294395447
OG1,0.24944330751895905
N,0.2476041615009308
NE,0.2457648515701294
NE1,0.24683329463005066
NE2,0.2487325817346573
ND1,0.2506318688392639
ND2,0.25252899527549744
NZ,0.251085102558136
NH1,0.2479686290025711
NH2,0.2448534369468689
SD,0.24173715710639954
SG,0.24035148322582245
UNKNOWN,0.24035148322582245
