atom_index,is_real_atom,atom_type_from_onehot,importance
0,1,CE2,8.193501472473145
1,1,CZ,8.193501472473145
2,1,CE1,8.527345657348633
3,1,CZ,9.233185768127441
4,1,CD1,9.939026832580566
5,1,CD2,10.644866943359375
6,1,CD2,11.176811218261719
7,1,CD1,11.467546463012695
8,1,CD2,11.758283615112305
9,1,CA,12.049018859863281
10,1,O,12.20220947265625
11,1,CB,12.115972518920898
12,1,CG1,12.029736518859863
13,1,CG2,11.943500518798828
14,1,C,11.66193962097168
15,1,O,10.947274208068848
16,1,CB,10.232608795166016
17,1,SG,9.517942428588867
18,1,N,8.942136764526367
19,1,CA,8.768289566040039
20,1,CB,8.594441413879395
21,1,CG,8.420594215393066
22,1,CD1,8.332002639770508
23,1,CD2,8.578746795654297
24,1,CE1,8.825491905212402
25,1,CE2,9.072234153747559
26,1,CZ,9.349884033203125
27,1,CA,9.804536819458008
28,1,C,10.259190559387207
29,1,O,10.713844299316406
30,1,CB,11.103578567504883
31,1,CG,10.871943473815918
32,1,CD2,10.640308380126953
33,1,CE2,10.408672332763672
34,1,N,10.154732704162598
35,1,CA,9.37287712097168
36,1,CB,8.591023445129395
37,1,SG,7.809166431427002
