atom_type,importance
C,0.09587668627500534
CA,0.09587668627500534
CB,0.1009296402335167
CD,0.11229846626520157
CD1,0.12366760522127151
CD2,0.1350368857383728
CE,0.14874432981014252
CE1,0.16712936758995056
CE2,0.18551436066627502
CE3,0.20389939844608307
CG,0.22397732734680176
CG1,0.24998478591442108
CG2,0.2759917378425598
CH2,0.30199846625328064
CZ,0.32495439052581787
CZ2,0.3235017955303192
CZ3,0.32204946875572205
O,0.32059693336486816
OH,0.3191445469856262
OD1,0.31859517097473145
OD2,0.31804579496383667
OE1,0.3174964189529419
OE2,0.3169470727443695
OG,0.2943783402442932
OG1,0.26905709505081177
N,0.24373580515384674
NE,0.21841397881507874
NE1,0.21042023599147797
NE2,0.20737718045711517
ND1,0.20433400571346283
ND2,0.20129092037677765
NZ,0.19815069437026978
NH1,0.19496336579322815
NH2,0.19177605211734772
SD,0.18858873844146729
SG,0.1871723234653473
UNKNOWN,0.1871723234653473
