atom_index,is_real_atom,atom_type_from_onehot,importance
0,1,CA,11.276775360107422
1,1,C,11.276775360107422
2,1,O,11.459915161132812
3,1,CB,11.847128868103027
4,1,CG1,12.234342575073242
5,1,CG2,12.62155532836914
6,1,CB,12.676566123962402
7,1,CG2,12.270779609680176
8,1,N,11.864992141723633
9,1,CA,11.45920467376709
10,1,CB,11.012850761413574
11,1,CG1,10.495877265930176
12,1,CG2,9.978902816772461
13,1,CD1,9.461930274963379
14,1,CB,9.026453018188477
15,1,CG,8.771689414978027
16,1,CD1,8.516921997070312
17,1,CD2,8.262158393859863
18,1,CE2,8.010775566101074
19,1,CD1,7.769192695617676
20,1,CE1,7.527607440948486
21,1,CB,7.2860236167907715
22,1,CG,7.174546241760254
23,1,CD1,7.574814319610596
24,1,CD2,7.975081920623779
25,1,CE1,8.375349044799805
26,1,CE2,8.65425968170166
27,1,CZ,8.238125801086426
28,1,OH,7.821989059448242
29,1,OE2,7.405853748321533
