atom_type,importance_sum
C,7.834389686584473
CA,7.834389686584473
CB,8.215924263000488
CD,9.074357986450195
CD1,9.932809829711914
CD2,10.791240692138672
CE,11.369211196899414
CE1,11.386226654052734
CE2,11.403242111206055
CE3,11.420158386230469
CG,11.708410263061523
CG1,12.945647239685059
CG2,14.182888984680176
CH2,15.420124053955078
CZ,16.56157875061035
CZ2,16.936738967895508
CZ3,17.311904907226562
O,17.687063217163086
OH,18.062225341796875
OD1,17.444740295410156
OD2,16.827255249023438
OE1,16.20977020263672
OE2,15.592284202575684
OG,15.13123893737793
OG1,14.689743041992188
N,14.248252868652344
NE,13.806758880615234
NE1,12.986273765563965
NE2,12.05759334564209
ND1,11.128912925720215
ND2,10.20022964477539
NZ,9.836634635925293
NH1,9.75563907623291
NH2,9.67461109161377
SD,9.593613624572754
SG,9.557609558105469
UNKNOWN,9.557609558105469
