atom_type,importance_sum
C,5.052645206451416
CA,5.052645206451416
CB,5.144201755523682
CD,5.350208282470703
CD1,5.556217193603516
CD2,5.7621989250183105
CE,6.029526233673096
CE1,6.419526100158691
CE2,6.809500694274902
CE3,7.199501037597656
CG,7.59896183013916
CG1,8.031658172607422
CG2,8.464362144470215
CH2,8.897049903869629
CZ,9.333523750305176
CZ2,9.800271034240723
CZ3,10.267016410827637
O,10.733766555786133
OH,11.200511932373047
OD1,10.528430938720703
OD2,9.856343269348145
OE1,9.184260368347168
OE2,8.512175559997559
OG,7.6930718421936035
OG1,6.855623245239258
N,6.0181732177734375
NE,5.180722713470459
NE1,5.340195178985596
NE2,5.784485340118408
ND1,6.2287702560424805
ND2,6.673058986663818
NZ,7.474785804748535
NH1,8.455246925354004
NH2,9.435707092285156
SD,10.416221618652344
SG,10.851945877075195
UNKNOWN,10.851945877075195
