atom_index,is_real_atom,atom_type_from_onehot,importance
0,1,C,9.31945514678955
1,1,O,9.31945514678955
2,1,CB,9.307023048400879
3,1,CG,9.280733108520508
4,1,SD,9.25444507598877
5,1,CE,9.228156089782715
6,1,CB,9.29172420501709
7,1,CG1,9.479935646057129
8,1,CG2,9.668147087097168
9,1,CD1,9.85635757446289
10,1,CG,10.000762939453125
11,1,CD2,10.06891918182373
12,1,CE2,10.13707160949707
13,1,CG,10.205225944519043
14,1,OD1,10.186628341674805
15,1,ND2,9.975666999816895
16,1,CD2,9.764707565307617
17,1,CD1,9.55374813079834
18,1,CE2,9.508421897888184
19,1,CZ,9.942567825317383
20,1,OH,10.376709938049316
21,1,CA,10.8108549118042
22,1,O,11.115555763244629
23,1,CB,10.911114692687988
24,1,CG,10.70667552947998
25,1,CD,10.502236366271973
26,1,CE,10.251494407653809
27,1,NZ,9.735559463500977
28,1,O,9.219624519348145
29,1,N,8.703690528869629
30,1,CA,8.20856761932373
31,1,CB,7.91264009475708
32,1,CG2,7.616711616516113
33,1,CB,7.320785045623779
34,1,CG,7.0181145668029785
35,1,CD1,6.555898189544678
36,1,CD2,6.09368371963501
37,1,NE1,5.631465911865234
38,1,CE2,5.169250011444092
39,1,CE3,4.93071985244751
40,1,CZ2,4.695255279541016
41,1,CZ3,4.459789276123047
42,1,CH2,4.22432279586792
