atom_type,importance
C,0.08953429758548737
CA,0.08953429758548737
CB,0.09505937993526459
CD,0.10749088227748871
CD1,0.11992247402667999
CD2,0.1323545277118683
CE,0.14228370785713196
CE1,0.14720702171325684
CE2,0.152131587266922
CE3,0.1570548415184021
CG,0.16141149401664734
CG1,0.1637818068265915
CG2,0.16615210473537445
CH2,0.1685224026441574
CZ,0.17015738785266876
CZ2,0.16590940952301025
CZ3,0.16166140139102936
O,0.15741342306137085
OH,0.15316544473171234
OD1,0.14026032388210297
OD2,0.1273551881313324
OE1,0.11445009708404541
OE2,0.10154503583908081
OG,0.09217774868011475
OG1,0.0832526832818985
N,0.07432764023542404
NE,0.06540261954069138
NE1,0.06118392199277878
NE2,0.05830993130803108
ND1,0.055435892194509506
ND2,0.05256187915802002
NZ,0.055973585695028305
NH1,0.06252827495336533
NH2,0.06908287853002548
SD,0.0756375789642334
SG,0.07855098694562912
UNKNOWN,0.07855098694562912
