atom_type,importance
C,0.09239286184310913
CA,0.09239286184310913
CB,0.09832862764596939
CD,0.11168431490659714
CD1,0.12504000961780548
CD2,0.1383953094482422
CE,0.14493891596794128
CE1,0.13786211609840393
CE2,0.130785271525383
CE3,0.12370845675468445
CG,0.11776719242334366
CG1,0.11579835414886475
CG2,0.11382947117090225
CH2,0.11186065524816513
CZ,0.109197236597538
CZ2,0.10097745805978775
CZ3,0.09275767207145691
O,0.08453787118196487
OH,0.07631807774305344
OD1,0.06895647943019867
OD2,0.0615948811173439
OE1,0.05423329770565033
OE2,0.04687168449163437
OG,0.046832215040922165
OG1,0.04770800471305847
N,0.04858378320932388
NE,0.04945957660675049
NE1,0.04976856708526611
NE2,0.04991549625992775
ND1,0.05006243288516998
ND2,0.05020974203944206
NZ,0.05468433350324631
NH1,0.06132293865084648
NH2,0.06796152889728546
SD,0.07460014522075653
SG,0.07755039632320404
UNKNOWN,0.07755039632320404
