atom_type,importance
C,0.05086264759302139
CA,0.05086264759302139
CB,0.055338114500045776
CD,0.06540807336568832
CD1,0.07547831535339355
CD2,0.08554857969284058
CE,0.09574426710605621
CE1,0.10619013011455536
CE2,0.1166359931230545
CE3,0.12708258628845215
CG,0.1349480301141739
CG1,0.13378165662288666
CG2,0.13261529803276062
CH2,0.131448894739151
CZ,0.12987011671066284
CZ2,0.12499219179153442
CZ3,0.12011425197124481
O,0.1152363196015358
OH,0.11035840213298798
OD1,0.11082205176353455
OD2,0.11128569394350052
OE1,0.1117493212223053
OE2,0.11221298575401306
OG,0.10498199611902237
OG1,0.09678913652896881
N,0.08859631419181824
NE,0.08040347695350647
NE1,0.07677357643842697
NE2,0.07444646209478378
ND1,0.0721193477511406
ND2,0.069792240858078
NZ,0.07543743401765823
NH1,0.08506844192743301
NH2,0.0946994498372078
SD,0.10433047264814377
SG,0.10861130058765411
UNKNOWN,0.10861130058765411
