atom_type,importance
C,0.13575036823749542
CA,0.13575036823749542
CB,0.14654363691806793
CD,0.17082887887954712
CD1,0.1951141059398651
CD2,0.2193981409072876
CE,0.2305244505405426
CE1,0.21533145010471344
CE2,0.20013877749443054
CE3,0.1849447637796402
CG,0.16999749839305878
CG1,0.15590594708919525
CG2,0.14181439578533173
CH2,0.12772296369075775
CZ,0.11603830754756927
CZ2,0.12360865622758865
CZ3,0.13117903470993042
O,0.138749361038208
OH,0.14631973206996918
OD1,0.1449999064207077
OD2,0.14368009567260742
OE1,0.14236029982566833
OE2,0.14104050397872925
OG,0.1435074806213379
OG1,0.1464478224515915
N,0.1493881195783615
NE,0.1523284614086151
NE1,0.15374614298343658
NE2,0.15473072230815887
ND1,0.15571407973766327
ND2,0.15669745206832886
NZ,0.15559902787208557
NH1,0.1534603238105774
NH2,0.15132033824920654
SD,0.14918166399002075
SG,0.1482306867837906
UNKNOWN,0.1482306867837906
