atom_type,importance
C,0.18865182995796204
CA,0.18865182995796204
CB,0.1946740448474884
CD,0.20822519063949585
CD1,0.22177526354789734
CD2,0.23532533645629883
CE,0.2371518462896347
CE1,0.21552790701389313
CE2,0.19390417635440826
CE3,0.1722792237997055
CG,0.1582755744457245
CG1,0.17094068229198456
CG2,0.1836058497428894
CH2,0.19627097249031067
CZ,0.20825473964214325
CZ2,0.21478749811649323
CZ3,0.22132013738155365
O,0.22785280644893646
OH,0.23438553512096405
OD1,0.22308874130249023
OD2,0.21179193258285522
OE1,0.20049507915973663
OE2,0.18919827044010162
OG,0.17992769181728363
OG1,0.1709105223417282
N,0.16189324855804443
NE,0.152876079082489
NE1,0.14042972028255463
NE2,0.12700331211090088
ND1,0.11357694119215012
ND2,0.10015051811933517
NZ,0.10174455493688583
NH1,0.11084916442632675
NH2,0.11995382606983185
SD,0.12905842065811157
SG,0.13310503959655762
UNKNOWN,0.13310503959655762
