atom_type,importance
C,0.08937202394008636
CA,0.08937202394008636
CB,0.08878786116838455
CD,0.08747322857379913
CD1,0.08615861088037491
CD2,0.08484399318695068
CE,0.0874226987361908
CE1,0.09778653085231781
CE2,0.10815035551786423
CE3,0.11851413547992706
CG,0.1284465342760086
CG1,0.13686467707157135
CG2,0.14528284966945648
CH2,0.15370099246501923
CZ,0.16255848109722137
CZ2,0.17493104934692383
CZ3,0.1873035579919815
O,0.199676051735878
OH,0.21204857528209686
OD1,0.2017235904932022
OD2,0.1913985162973404
OE1,0.18107348680496216
OE2,0.17074841260910034
OG,0.162772998213768
OG1,0.1550912708044052
N,0.14740949869155884
NE,0.13972780108451843
NE1,0.14528480172157288
NE2,0.1546248197555542
ND1,0.1639648973941803
ND2,0.17330490052700043
NZ,0.17756041884422302
NH1,0.17927367985248566
NH2,0.18098792433738708
SD,0.18270115554332733
SG,0.18346251547336578
UNKNOWN,0.18346251547336578
