atom_type,importance
C,0.11927978694438934
CA,0.11927978694438934
CB,0.12642188370227814
CD,0.14249156415462494
CD1,0.15856121480464935
CD2,0.17463085055351257
CE,0.18378688395023346
CE1,0.17911680042743683
CE2,0.174446702003479
CE3,0.16977547109127045
CG,0.16836456954479218
CG1,0.17835940420627594
CG2,0.1883542686700821
CH2,0.19834916293621063
CZ,0.2084076702594757
CZ2,0.21897493302822113
CZ3,0.22954267263412476
O,0.24011079967021942
OH,0.2506789267063141
OD1,0.23191110789775848
OD2,0.2131444811820984
OE1,0.19437669217586517
OE2,0.17560890316963196
OG,0.16372255980968475
OG1,0.1526963859796524
N,0.14167025685310364
NE,0.1306440681219101
NE1,0.11853741854429245
NE2,0.10612155497074127
ND1,0.09370569884777069
ND2,0.08129046112298965
NZ,0.0955294594168663
NH1,0.1230957955121994
NH2,0.1506616175174713
SD,0.17822858691215515
SG,0.19047996401786804
UNKNOWN,0.19047996401786804
