atom_type,importance_sum
C,4.6359028816223145
CA,4.6359028816223145
CB,4.682592391967773
CD,4.787599563598633
CD1,4.892642974853516
CD2,4.997653484344482
CE,5.31158971786499
CE1,6.043317794799805
CE2,6.7750115394592285
CE3,7.506740570068359
CG,8.08669376373291
CG1,8.135570526123047
CG2,8.1844482421875
CH2,8.233325958251953
CZ,8.300394058227539
CZ2,8.512985229492188
CZ3,8.72557544708252
O,8.938165664672852
OH,9.150758743286133
OD1,9.474879264831543
OD2,9.798992156982422
OE1,10.123111724853516
OE2,10.447233200073242
OG,10.425543785095215
OG1,10.36063003540039
N,10.2957181930542
NE,10.230802536010742
NE1,9.719233512878418
NE2,9.080042839050293
ND1,8.440858840942383
ND2,7.801637172698975
NZ,7.581501007080078
NH1,7.570854663848877
NH2,7.56020975112915
SD,7.549598693847656
SG,7.544870853424072
UNKNOWN,7.544870853424072
