atom_type,importance_sum
C,5.130280494689941
CA,5.130280494689941
CB,5.5589776039123535
CD,6.523621082305908
CD1,7.4882121086120605
CD2,8.452801704406738
CE,9.298246383666992
CE1,9.905495643615723
CE2,10.512645721435547
CE3,11.119791984558105
CG,11.254226684570312
CG1,9.734067916870117
CG2,8.213908195495605
CH2,6.693752288818359
CZ,5.391005992889404
CZ2,5.827549934387207
CZ3,6.264095306396484
O,6.7006378173828125
OH,7.13718318939209
OD1,7.201596260070801
OD2,7.266011714935303
OE1,7.330427169799805
OE2,7.394840240478516
OG,7.625144004821777
OG1,7.876185894012451
N,8.127224922180176
NE,8.378266334533691
NE1,8.061185836791992
NE2,7.58187198638916
ND1,7.102508068084717
ND2,6.623197078704834
NZ,6.430321216583252
NH1,6.380795478820801
NH2,6.331218242645264
SD,6.281641483306885
SG,6.259608745574951
UNKNOWN,6.259608745574951
