atom_index,is_real_atom,atom_type_from_onehot,importance
0,1,CG,7.582761287689209
1,1,CD1,7.582761287689209
2,1,CD2,7.541458606719971
3,1,CE2,7.45413064956665
4,1,CA,7.36680269241333
5,1,O,7.279475212097168
6,1,C,7.049694538116455
7,1,O,6.62231969833374
8,1,CB,6.194944381713867
9,1,CG,5.7675700187683105
10,1,CD2,5.49608039855957
11,1,N,5.495950222015381
12,1,CA,5.49582052230835
13,1,C,5.495691299438477
14,1,O,5.482994079589844
15,1,CB,5.442436695098877
16,1,CG1,5.401878356933594
17,1,CD1,5.361320972442627
18,1,OH,5.4656758308410645
19,1,CG,5.989513397216797
20,1,CD1,6.513351917266846
21,1,CD2,7.037189483642578
22,1,CA,7.397549629211426
23,1,CB,7.114896774291992
24,1,CG,6.832242012023926
25,1,CD1,6.549587726593018
26,1,CE1,6.292623519897461
27,1,C,6.182796001434326
28,1,O,6.072967052459717
29,1,CB,5.963138580322266
30,1,N,5.8742828369140625
31,1,CA,5.986171245574951
32,1,CB,6.098058700561523
33,1,CB,6.209946632385254
34,1,CG,6.328174591064453
35,1,CD1,6.596399307250977
36,1,CD2,6.864624977111816
37,1,CE2,7.1328511238098145
38,1,CD2,7.401078701019287
39,1,CE2,7.396518707275391
40,1,CZ,7.3882222175598145
41,1,OH,7.379926681518555
42,1,NE1,7.37162971496582
43,1,CE2,7.067890644073486
44,1,CZ2,6.742743492126465
45,1,CZ3,6.417595863342285
46,1,CH2,6.092447280883789
