atom_index,is_real_atom,atom_type_from_onehot,importance
0,1,CZ,10.814868927001953
1,1,NH1,10.814868927001953
2,1,NH2,11.004441261291504
3,1,CA,11.405253410339355
4,1,C,11.806065559387207
5,1,O,12.206877708435059
6,1,CB,12.321788787841797
7,1,CG,12.040133476257324
8,1,CD,11.758477210998535
9,1,CE,11.47681999206543
10,1,CB,11.125509262084961
11,1,CG,10.652949333190918
12,1,CD2,10.180390357971191
13,1,N,9.707830429077148
14,1,CA,9.363890647888184
15,1,CB,9.305150032043457
16,1,CG,9.246407508850098
17,1,ND1,9.187665939331055
18,1,CD2,9.237003326416016
19,1,CE1,9.599204063415527
20,1,NE2,9.961402893066406
21,1,CB,10.323600769042969
22,1,CG1,10.688097953796387
23,1,CG2,11.061631202697754
24,1,CD2,11.435163497924805
25,1,OE2,11.808693885803223
26,1,CD2,12.050137519836426
27,1,CE2,11.535067558288574
28,1,CZ,11.019997596740723
29,1,OH,10.504927635192871
30,1,CG,9.9895658493042
31,1,CD1,9.47144889831543
32,1,CD2,8.953332901000977
33,1,NE1,8.435215950012207
34,1,CE2,7.925973892211914
35,1,CE3,7.626802444458008
36,1,CZ2,7.327631950378418
37,1,CZ3,7.028459548950195
38,1,CH2,6.729288101196289
39,1,CD2,6.4589362144470215
