atom_type,importance_sum
C,7.1762566566467285
CA,7.1762566566467285
CB,7.678093910217285
CD,8.80713939666748
CD1,9.936230659484863
CD2,11.065319061279297
CE,11.903310775756836
CE1,12.159100532531738
CE2,12.414894104003906
CE3,12.6707763671875
CG,13.17813777923584
CG1,14.566045761108398
CG2,15.95395278930664
CH2,17.341812133789062
CZ,18.58549690246582
CZ2,18.675823211669922
CZ3,18.766143798828125
O,18.856464385986328
OH,18.946788787841797
OD1,18.848129272460938
OD2,18.749469757080078
OE1,18.650815963745117
OE2,18.552156448364258
OG,17.998178482055664
OG1,17.387283325195312
N,16.776391983032227
NE,16.16550636291504
NE1,15.851378440856934
NE2,15.621994018554688
ND1,15.392611503601074
ND2,15.163229942321777
NZ,15.195405960083008
NH1,15.358317375183105
NH2,15.521228790283203
SD,15.684224128723145
SG,15.75660228729248
UNKNOWN,15.75660228729248
