atom_type,importance
C,0.14068818092346191
CA,0.14068818092346191
CB,0.14998671412467957
CD,0.17091062664985657
CD1,0.19183330237865448
CD2,0.21275722980499268
CE,0.22573575377464294
CE1,0.22282437980175018
CE2,0.21991297602653503
CE3,0.21700149774551392
CG,0.2129683643579483
CG1,0.20500989258289337
CG2,0.19705142080783844
CH2,0.1890929490327835
CZ,0.18127349019050598
CZ2,0.17456571757793427
CZ3,0.16785798966884613
O,0.16115018725395203
OH,0.15444239974021912
OD1,0.15458431839942932
OD2,0.15472625195980072
OE1,0.15486817061901093
OE2,0.15501007437705994
OG,0.1585007756948471
OG1,0.1624101847410202
N,0.16631947457790375
NE,0.17022886872291565
NE1,0.17367170751094818
NE2,0.1769818365573883
ND1,0.1802932173013687
ND2,0.18360333144664764
NZ,0.18688766658306122
NH1,0.19015848636627197
NH2,0.19342924654483795
SD,0.1967000812292099
SG,0.1981540322303772
UNKNOWN,0.1981540322303772
