atom_type,importance_sum
C,7.237576484680176
CA,7.237576484680176
CB,8.03669261932373
CD,9.834660530090332
CD1,11.63267707824707
CD2,13.4307861328125
CE,14.431360244750977
CE1,13.837327003479004
CE2,13.243298530578613
CE3,12.649171829223633
CG,12.177536964416504
CG1,12.134146690368652
CG2,12.090758323669434
CH2,12.047368049621582
CZ,12.132482528686523
CZ2,13.245615005493164
CZ3,14.358748435974121
O,15.471881866455078
OH,16.584978103637695
OD1,15.073984146118164
OD2,13.562955856323242
OE1,12.05193042755127
OE2,10.540902137756348
OG,11.442595481872559
OG1,12.645885467529297
N,13.849169731140137
NE,15.052458763122559
NE1,15.071290969848633
NE2,14.751659393310547
ND1,14.432121276855469
ND2,14.112486839294434
NZ,13.769002914428711
NH1,13.413445472717285
NH2,13.057890892028809
SD,12.702427864074707
SG,12.544352531433105
UNKNOWN,12.544352531433105
