atom_index,is_real_atom,atom_type_from_onehot,importance
0,1,O,7.134483814239502
1,1,CG,7.134483814239502
2,1,CD1,7.353312015533447
3,1,CD2,7.81597900390625
4,1,CE1,8.278644561767578
5,1,CE2,8.741312980651855
6,1,CZ,8.971095085144043
7,1,OH,8.877843856811523
8,1,C,8.784595489501953
9,1,O,8.6913423538208
10,1,CB,8.713309288024902
11,1,CG2,8.93583869934082
12,1,N,9.158370018005371
13,1,CA,9.380899429321289
14,1,O,9.418070793151855
15,1,CB,9.044227600097656
16,1,OG,8.670382499694824
17,1,CA,8.296540260314941
18,1,CB,8.068110466003418
19,1,SG,8.260615348815918
20,1,CB,8.453119277954102
21,1,CG1,8.645625114440918
22,1,CG2,8.831338882446289
23,1,CB,8.990350723266602
24,1,CG1,9.149362564086914
25,1,CG2,9.30837345123291
26,1,CD1,9.515523910522461
27,1,CD2,9.998356819152832
28,1,CA,10.481191635131836
29,1,O,10.96402645111084
30,1,CB,11.394800186157227
31,1,CG,11.327276229858398
32,1,CD,11.259750366210938
33,1,NE,11.19222640991211
34,1,CZ,11.100618362426758
35,1,NH2,10.439064025878906
36,1,CB,9.77751350402832
37,1,CG2,9.115959167480469
38,1,CD1,8.454404830932617
39,1,CD1,8.117378234863281
40,1,CB,7.784797668457031
41,1,CG,7.452216625213623
42,1,CD1,7.119634628295898
43,1,CD2,6.582204818725586
44,1,NE1,6.029931545257568
45,1,CE2,5.477657794952393
46,1,CE3,4.9253830909729
47,1,CZ2,4.884422779083252
48,1,CZ3,4.9142584800720215
49,1,CH2,4.944094657897949
50,1,CE1,4.973931312561035
51,1,CZ,4.7229132652282715
