atom_index,is_real_atom,atom_type_from_onehot,importance
0,1,O,9.354615211486816
1,1,CA,9.354615211486816
2,1,O,9.639938354492188
3,1,CA,10.24318790435791
4,1,C,10.846440315246582
5,1,O,11.449691772460938
6,1,CB,11.593978881835938
7,1,CB,11.101641654968262
8,1,CG1,10.60930347442627
9,1,N,10.11696720123291
10,1,CB,9.819417953491211
11,1,CG1,9.86095142364502
12,1,CD1,9.902482986450195
13,1,CD1,9.944016456604004
14,1,CD1,10.149175643920898
15,1,CD2,10.717162132263184
16,1,CB,11.285150527954102
17,1,CG,11.85313606262207
18,1,CG,12.371030807495117
19,1,CD1,12.743916511535645
20,1,CD2,13.116801261901855
21,1,CA,13.489686965942383
22,1,C,13.736499786376953
23,1,O,13.487425804138184
24,1,CB,13.238353729248047
25,1,CG,12.989279747009277
26,1,CD2,12.598106384277344
27,1,N,11.393110275268555
28,1,SD,10.188109397888184
