atom_type,importance
C,0.08934369683265686
CA,0.08934369683265686
CB,0.095377616584301
CD,0.10895346105098724
CD1,0.12252958863973618
CD2,0.1361061930656433
CE,0.14368893206119537
CE1,0.13928623497486115
CE2,0.13488483428955078
CE3,0.1304822415113449
CG,0.12660032510757446
CG1,0.12453734129667282
CG2,0.12247436493635178
CH2,0.12041138857603073
CZ,0.12043580412864685
CZ2,0.13715939223766327
CZ3,0.15388299524784088
O,0.1706065684556961
OH,0.18733012676239014
OD1,0.1831611543893814
OD2,0.17899209260940552
OE1,0.1748231202363968
OE2,0.1706540882587433
OG,0.1702936440706253
OG1,0.17040932178497314
N,0.1705249398946762
NE,0.17064066231250763
NE1,0.17326417565345764
NE2,0.17660389840602875
ND1,0.17994360625743866
ND2,0.1832832396030426
NZ,0.17937275767326355
NH1,0.17183659970760345
NH2,0.16430044174194336
SD,0.15676425397396088
SG,0.15341438353061676
UNKNOWN,0.15341438353061676
