atom_index,is_real_atom,atom_type_from_onehot,importance
0,1,CG2,8.220928192138672
1,1,CD1,8.220928192138672
2,1,CA,8.272321701049805
3,1,C,8.380979537963867
4,1,O,8.48963737487793
5,1,CB,8.598296165466309
6,1,CG,8.624772071838379
7,1,CD,8.537253379821777
8,1,C,8.449736595153809
9,1,O,8.362218856811523
10,1,CB,8.289937019348145
11,1,CG2,8.244181632995605
12,1,N,8.198424339294434
13,1,CA,8.152667999267578
14,1,CB,8.195154190063477
15,1,OG,8.433305740356445
16,1,C,8.67146110534668
17,1,O,8.909613609313965
18,1,CB,9.003443717956543
19,1,N,8.679491996765137
20,1,CA,8.355539321899414
21,1,SD,8.031590461730957
22,1,CE,7.7472243309021
23,1,CD,7.618559837341309
24,1,NE,7.489894866943359
25,1,CZ,7.361231327056885
26,1,NH1,7.193728923797607
27,1,NH2,6.803789138793945
28,1,CZ3,6.413849830627441
29,1,CH2,6.023911476135254
30,1,CG1,5.668574333190918
31,1,CG2,5.644442081451416
32,1,CD1,5.620310306549072
33,1,CG,5.596177577972412
34,1,CD1,5.5674614906311035
35,1,CD2,5.4302802085876465
36,1,CE1,5.293097496032715
37,1,CE2,5.155915260314941
38,1,CZ,5.01873254776001
39,1,OH,4.619899272918701
40,1,CE1,4.2174835205078125
41,1,CZ,3.815065383911133
42,1,OH,3.4126479625701904
