atom_type,importance_sum
C,5.084969997406006
CA,5.084969997406006
CB,5.133939743041992
CD,5.244141101837158
CD1,5.354344367980957
CD2,5.464503765106201
CE,5.838932991027832
CE1,6.741774082183838
CE2,7.644617557525635
CE3,8.547503471374512
CG,9.344403266906738
CG1,9.770508766174316
CG2,10.196611404418945
CH2,10.62271785736084
CZ,11.064114570617676
CZ2,11.62781810760498
CZ3,12.191529273986816
O,12.755233764648438
OH,13.318940162658691
OD1,12.968758583068848
OD2,12.618577003479004
OE1,12.26839542388916
OE2,11.918214797973633
OG,11.257776260375977
OG1,10.558560371398926
N,9.859347343444824
NE,9.160127639770508
NE1,8.05183219909668
NE2,6.826608180999756
ND1,5.601426601409912
ND2,4.37620210647583
NZ,3.9224469661712646
NH1,3.8543953895568848
NH2,3.786344528198242
SD,3.7182910442352295
SG,3.688056468963623
UNKNOWN,3.688056468963623
