atom_index,is_real_atom,atom_type_from_onehot,importance
0,1,CB,9.07572078704834
1,1,OG1,9.07572078704834
2,1,CG2,9.19340705871582
3,1,CG,9.442227363586426
4,1,CD1,9.691047668457031
5,1,CD2,9.93986701965332
6,1,CD1,10.005112648010254
7,1,CB,9.81572151184082
8,1,CG2,9.626328468322754
9,1,CG,9.436936378479004
10,1,CD1,9.416516304016113
11,1,CD2,9.690231323242188
12,1,CA,9.963947296142578
13,1,CB,10.237663269042969
14,1,CG1,10.595610618591309
15,1,CB,11.140329360961914
16,1,N,11.685050964355469
17,1,CA,12.229769706726074
18,1,CB,12.672411918640137
19,1,CG2,12.819560050964355
20,1,CB,12.966710090637207
21,1,CD1,13.113860130310059
22,1,CD1,13.21408748626709
23,1,O,13.129759788513184
24,1,CG2,13.045430183410645
25,1,CA,12.961099624633789
26,1,C,12.854731559753418
27,1,O,12.622136116027832
28,1,CB,12.389541625976562
29,1,N,12.156947135925293
30,1,CA,11.900652885437012
31,1,CB,11.417519569396973
32,1,CG,10.934386253356934
33,1,CD,10.451253890991211
