atom_type,importance_sum
C,11.844420433044434
CA,11.844420433044434
CB,12.635841369628906
CD,14.416683197021484
CD1,16.19752311706543
CD2,17.978370666503906
CE,19.122907638549805
CE1,18.99541664123535
CE2,18.86773681640625
CE3,18.74005699157715
CG,18.64637565612793
CG1,18.671586990356445
CG2,18.69680404663086
CH2,18.72201919555664
CZ,18.697153091430664
CZ2,18.27164649963379
CZ3,17.84613800048828
O,17.420637130737305
OH,16.995126724243164
OD1,15.90091323852539
OD2,14.80670166015625
OE1,13.71248722076416
OE2,12.618274688720703
OG,12.367560386657715
OG1,12.222288131713867
N,12.077013969421387
NE,11.931740760803223
NE1,11.661327362060547
NE2,11.355045318603516
ND1,11.048855781555176
ND2,10.742663383483887
NZ,10.386425971984863
NH1,10.005135536193848
NH2,9.623842239379883
SD,9.242546081542969
SG,9.073091506958008
UNKNOWN,9.073091506958008
