atom_type,importance_sum
C,4.237376689910889
CA,4.237376689910889
CB,4.325150012969971
CD,4.522624492645264
CD1,4.720109939575195
CD2,4.917562484741211
CE,5.221696853637695
CE1,5.739161968231201
CE2,6.2566237449646
CE3,6.7740888595581055
CG,7.536915302276611
CG1,9.158366203308105
CG2,10.779855728149414
CH2,12.40135383605957
CZ,13.906208992004395
CZ2,14.478004455566406
CZ3,15.04979419708252
O,15.621594429016113
OH,16.193477630615234
OD1,14.775971412658691
OD2,13.358550071716309
OE1,11.941132545471191
OE2,10.523710250854492
OG,9.509894371032715
OG1,8.546528816223145
N,7.583207130432129
NE,6.6198410987854
NE1,5.872781276702881
NE2,5.1875691413879395
ND1,4.502312660217285
ND2,3.8170993328094482
NZ,3.751323699951172
NH1,3.9952449798583984
NH2,4.239189624786377
SD,4.483126640319824
SG,4.591551303863525
UNKNOWN,4.591551303863525
