atom_type,importance
C,0.13625411689281464
CA,0.13625411689281464
CB,0.14620915055274963
CD,0.16860827803611755
CD1,0.19100737571716309
CD2,0.2134065181016922
CE,0.2253590077161789
CE1,0.21641486883163452
CE2,0.2074718475341797
CE3,0.19852881133556366
CG,0.1889510154724121
CG1,0.177152618765831
CG2,0.16535422205924988
CH2,0.1535557359457016
CZ,0.14436356723308563
CZ2,0.1560208946466446
CZ3,0.1676781326532364
O,0.17933537065982819
OH,0.19099272787570953
OD1,0.18656890094280243
OD2,0.18214520812034607
OE1,0.17772145569324493
OE2,0.17329765856266022
OG,0.16693632304668427
OG1,0.16033267974853516
N,0.15372909605503082
NE,0.1471254974603653
NE1,0.15184305608272552
NE2,0.15979574620723724
ND1,0.1677483469247818
ND2,0.1756998896598816
NZ,0.17275415360927582
NH1,0.16435983777046204
NH2,0.15596556663513184
SD,0.14757128059864044
SG,0.1438402235507965
UNKNOWN,0.1438402235507965
