atom_index,is_real_atom,atom_type_from_onehot,importance
0,1,CE3,6.861475467681885
1,1,CZ2,6.861475467681885
2,1,CZ3,6.811275005340576
3,1,CH2,6.705138683319092
4,1,CG2,6.599002838134766
5,1,CB,6.492866039276123
6,1,CD2,6.337014198303223
7,1,CE1,6.112202167510986
8,1,CE2,5.887389659881592
9,1,CZ,5.662576675415039
10,1,OH,5.476963043212891
11,1,CA,5.35958194732666
12,1,C,5.24220085144043
13,1,O,5.124819755554199
14,1,CB,5.02001428604126
15,1,CG,4.943094253540039
16,1,CB,4.866174697875977
17,1,CG,4.789254665374756
18,1,CD1,4.689578056335449
19,1,CD2,4.524028778076172
20,1,NE1,4.358479022979736
21,1,CE2,4.192929744720459
22,1,CE3,4.183500289916992
23,1,CZ2,4.788142204284668
24,1,CZ3,5.39278507232666
25,1,CH2,5.997426509857178
26,1,CD1,6.622910022735596
27,1,CE1,7.367748737335205
28,1,CE2,8.112588882446289
29,1,CZ,8.857427597045898
30,1,CE1,9.49730396270752
31,1,CE2,9.132547378540039
32,1,CZ,8.767788887023926
33,1,O,8.403033256530762
34,1,N,8.040831565856934
35,1,CA,7.739128112792969
36,1,C,7.437426567077637
37,1,O,7.135723114013672
38,1,CB,6.834019660949707
39,1,CG1,6.457308292388916
40,1,CG2,6.079570293426514
41,1,N,5.701831340789795
42,1,N,5.324092864990234
43,1,CA,5.187272548675537
44,1,C,5.067911624908447
45,1,O,4.948549270629883
46,1,N,4.829188346862793
47,1,CA,4.788381099700928
48,1,CB,4.758451461791992
49,1,CG,4.728522300720215
50,1,CD1,4.698592662811279
51,1,CD2,4.735653877258301
52,1,CE1,4.786991119384766
53,1,CE2,4.838329792022705
54,1,CZ,4.889667510986328
