atom_index,is_real_atom,atom_type_from_onehot,importance
0,1,CD2,6.68366813659668
1,1,CG1,6.68366813659668
2,1,CG2,6.483564853668213
3,1,CD1,6.060488700866699
4,1,CE2,5.637413024902344
5,1,CZ,5.21433687210083
6,1,CG1,5.075233459472656
7,1,CB,5.330026626586914
8,1,CG,5.584820747375488
9,1,CD1,5.8396148681640625
10,1,CD2,6.018054962158203
11,1,CE1,6.063581943511963
12,1,CE2,6.109107971191406
13,1,CZ,6.15463399887085
14,1,CA,6.304418563842773
15,1,C,6.685385227203369
16,1,O,7.066352367401123
17,1,CB,7.447317600250244
18,1,N,7.795379161834717
19,1,CA,8.048185348510742
20,1,CG1,8.300992965698242
21,1,CD1,8.553800582885742
22,1,C,8.712459564208984
23,1,O,8.500805854797363
24,1,CB,8.28915023803711
25,1,CG2,8.077496528625488
26,1,N,7.858339786529541
27,1,CA,7.596219062805176
28,1,C,7.334097385406494
29,1,O,7.071977138519287
30,1,CB,6.839636325836182
31,1,CG,6.892332077026367
32,1,CD1,6.945028781890869
33,1,CD2,6.997725486755371
34,1,CB,7.046964645385742
35,1,CG1,7.014399528503418
36,1,CG2,6.981834888458252
37,1,CG2,6.949269771575928
38,1,CG1,6.9167046546936035
39,1,CD1,6.357586860656738
