atom_type,importance_sum
C,8.914913177490234
CA,8.914913177490234
CB,8.868578910827637
CD,8.764335632324219
CD1,8.660073280334473
CD2,8.555804252624512
CE,8.688315391540527
CE1,9.294370651245117
CE2,9.900418281555176
CE3,10.506471633911133
CG,10.989962577819824
CG1,11.044479370117188
CG2,11.098998069763184
CH2,11.15351676940918
CZ,11.347654342651367
CZ2,12.658764839172363
CZ3,13.969874382019043
O,15.280987739562988
OH,16.592092514038086
OD1,15.702530860900879
OD2,14.812967300415039
OE1,13.9234037399292
OE2,13.033838272094727
OG,12.684764862060547
OG1,12.403257369995117
N,12.121745109558105
NE,11.840238571166992
NE1,11.947064399719238
NE2,12.164897918701172
ND1,12.382655143737793
ND2,12.600488662719727
NZ,12.428614616394043
NH1,12.061891555786133
NH2,11.695169448852539
SD,11.32844066619873
SG,11.165485382080078
UNKNOWN,11.165485382080078
