atom_type,importance_sum
C,8.532572746276855
CA,8.532572746276855
CB,8.99797248840332
CD,10.045098304748535
CD1,11.092222213745117
CD2,12.139244079589844
CE,12.759988784790039
CE1,12.527754783630371
CE2,12.295516014099121
CE3,12.063281059265137
CG,12.0159273147583
CG1,12.615645408630371
CG2,13.215365409851074
CH2,13.815080642700195
CZ,14.316496849060059
CZ2,14.03151798248291
CZ3,13.746537208557129
O,13.46156120300293
OH,13.176579475402832
OD1,12.633275032043457
OD2,12.089967727661133
OE1,11.546663284301758
OE2,11.003355979919434
OG,11.1970853805542
OG1,11.482945442199707
N,11.768804550170898
NE,12.054664611816406
NE1,12.462352752685547
NE2,12.904915809631348
ND1,13.347480773925781
ND2,13.789946556091309
NZ,14.260486602783203
NH1,14.744908332824707
NH2,15.229334831237793
SD,15.713863372802734
SG,15.92918586730957
UNKNOWN,15.92918586730957
