atom_index,is_real_atom,atom_type_from_onehot,importance
0,1,CD2,6.825908660888672
1,1,CE1,6.825908660888672
2,1,CE2,6.827240943908691
3,1,CZ,6.830056190490723
4,1,CD1,6.83287239074707
5,1,CE1,6.835688591003418
6,1,CE2,6.983699798583984
7,1,CZ,7.333111763000488
8,1,CG,7.682521820068359
9,1,CD1,8.031932830810547
10,1,CD2,8.158936500549316
11,1,CG,7.898789405822754
12,1,CD1,7.6386399269104
13,1,CD2,7.3784918785095215
14,1,O,7.1313910484313965
15,1,N,6.913219451904297
16,1,CA,6.695047378540039
17,1,C,6.476876258850098
18,1,O,6.394738674163818
19,1,CB,6.706384658813477
20,1,CG1,7.018031120300293
21,1,CG2,7.329676628112793
22,1,CD1,7.555988311767578
23,1,CA,7.446656227111816
24,1,C,7.337324619293213
25,1,O,7.227993011474609
26,1,CB,7.069002151489258
27,1,SG,6.625602722167969
28,1,N,6.18220329284668
29,1,CA,5.738804340362549
30,1,C,5.355175495147705
31,1,O,5.543632507324219
32,1,CB,5.732089996337891
33,1,CG,5.920547008514404
34,1,CD1,6.105072021484375
35,1,CD2,6.196521759033203
36,1,CE1,6.2879719734191895
37,1,CE2,6.379421710968018
38,1,CZ,6.470871925354004
39,1,N,6.434160232543945
40,1,CA,6.395693778991699
41,1,C,6.357227325439453
42,1,O,6.318759918212891
43,1,CB,6.703166961669922
44,1,CG,7.118214130401611
45,1,CD1,7.533265113830566
46,1,CD2,7.9483137130737305
47,1,CE2,7.830125331878662
48,1,CZ,7.6381049156188965
49,1,N,7.4460859298706055
50,1,CA,7.254064559936523
51,1,CB,7.020248889923096
52,1,SG,6.77752685546875
53,1,SG,6.534804344177246
