atom_type,importance_sum
C,3.1132240295410156
CA,3.1132240295410156
CB,3.7261900901794434
CD,5.105356693267822
CD1,6.484536647796631
CD2,7.8637189865112305
CE,8.820276260375977
CE1,8.931489944458008
CE2,9.042738914489746
CE3,9.153985023498535
CG,9.403549194335938
CG1,10.137182235717773
CG2,10.870811462402344
CH2,11.604446411132812
CZ,12.523977279663086
CZ2,14.930699348449707
CZ3,17.337505340576172
O,19.744224548339844
OH,22.150951385498047
OD1,20.93833351135254
OD2,19.725704193115234
OE1,18.513086318969727
OE2,17.30046272277832
OG,17.199188232421875
OG1,17.23682975769043
N,17.27446937561035
NE,17.312110900878906
NE1,16.696584701538086
NE2,15.894427299499512
ND1,15.092351913452148
ND2,14.290192604064941
NZ,14.5175142288208
NH1,15.259530067443848
NH2,16.001630783081055
SD,16.743637084960938
SG,17.073396682739258
UNKNOWN,17.073396682739258
