atom_type,importance
C,0.1407543271780014
CA,0.1407543271780014
CB,0.15078414976596832
CD,0.17334942519664764
CD1,0.1959146410226822
CD2,0.21847988665103912
CE,0.22912003099918365
CE1,0.21590982377529144
CE2,0.20269903540611267
CE3,0.1894879788160324
CG,0.17601045966148376
CG1,0.16159643232822418
CG2,0.14718231558799744
CH2,0.13276827335357666
CZ,0.12149658054113388
CZ2,0.1353636234998703
CZ3,0.14923065900802612
O,0.16309769451618195
OH,0.17696471512317657
OD1,0.1708046942949295
OD2,0.16464467346668243
OE1,0.15848466753959656
OE2,0.1523246318101883
OG,0.15223918855190277
OG1,0.15291304886341095
N,0.15358689427375793
NE,0.1542607545852661
NE1,0.15253578126430511
NE2,0.15012459456920624
ND1,0.14771461486816406
ND2,0.1453033834695816
NZ,0.1485496461391449
NH1,0.15462471544742584
NH2,0.16069981455802917
SD,0.16677482426166534
SG,0.16947384178638458
UNKNOWN,0.16947384178638458
