atom_index,is_real_atom,atom_type_from_onehot,importance
0,1,ND2,6.469424247741699
1,1,CD2,6.469424247741699
2,1,CE1,6.586038112640381
3,1,CE2,6.8325934410095215
4,1,CZ,7.079148769378662
5,1,CZ2,7.3257036209106445
6,1,CH2,7.38960599899292
7,1,CG,7.200150489807129
8,1,CD1,7.01069450378418
9,1,CD2,6.821238994598389
10,1,CG,6.652466773986816
11,1,OD1,6.519699573516846
12,1,OD2,6.386931896209717
13,1,CG2,6.2541656494140625
14,1,CB,6.1587958335876465
15,1,OG,6.146350860595703
16,1,CD2,6.133905410766602
17,1,CE2,6.121460437774658
18,1,CZ,6.106329441070557
19,1,CG,6.083420276641846
20,1,CD1,6.060512542724609
21,1,CE1,6.037602424621582
22,1,CZ,5.972596645355225
23,1,OH,5.742002964019775
24,1,CG,5.511408805847168
25,1,CD,5.280817031860352
26,1,NE,5.080582618713379
27,1,CZ,5.054227352142334
28,1,NH1,5.027872085571289
29,1,NH2,5.001516342163086
30,1,CG1,5.014102458953857
31,1,CG2,5.39940071105957
32,1,CB,5.784698963165283
33,1,CG1,6.16999626159668
34,1,CG2,6.541106224060059
35,1,CD1,6.576413631439209
36,1,CB,6.611720085144043
37,1,OG1,6.647027969360352
38,1,CG2,6.682334899902344
39,1,CG,6.527833938598633
40,1,ND1,6.370733737945557
41,1,CD2,6.2136335372924805
42,1,CE1,6.05653190612793
43,1,NE2,6.006253242492676
44,1,CG,5.963719367980957
45,1,OD1,5.921182155609131
46,1,OD2,5.8786444664001465
47,1,CB,6.282775402069092
48,1,CG,6.74875020980835
49,1,CA,7.21472692489624
50,1,CB,7.680703639984131
51,1,CG,7.884024620056152
52,1,CD,8.03136920928955
53,1,OE2,8.178714752197266
54,1,C,8.326061248779297
55,1,O,8.353142738342285
56,1,CB,8.344356536865234
57,1,CG,8.3355712890625
58,1,OD1,8.326784133911133
59,1,ND2,7.994194030761719
60,1,CD2,7.533306121826172
61,1,CA,7.072417259216309
62,1,C,6.6115264892578125
63,1,O,6.3399224281311035
64,1,CB,6.164891242980957
65,1,N,5.989859104156494
66,1,CA,5.8148274421691895
67,1,C,5.6478729248046875
68,1,O,5.486122131347656
69,1,CB,5.324371814727783
70,1,CG,5.162622928619385
71,1,SD,5.0740203857421875
72,1,OG1,5.044295310974121
