atom_type,importance_sum
C,9.35791301727295
CA,9.35791301727295
CB,9.242886543273926
CD,8.984179496765137
CD1,8.725414276123047
CD2,8.466646194458008
CE,8.460598945617676
CE1,8.959975242614746
CE2,9.4594087600708
CE3,9.95879077911377
CG,10.51355266571045
CG1,11.262170791625977
CG2,12.010787963867188
CH2,12.759408950805664
CZ,13.529333114624023
CZ2,14.469718933105469
CZ3,15.410109519958496
O,16.350440979003906
OH,17.290828704833984
OD1,17.67347526550293
OD2,18.056137084960938
OE1,18.438791275024414
OE2,18.821441650390625
OG,18.628551483154297
OG1,18.363712310791016
N,18.098873138427734
NE,17.834035873413086
NE1,17.12183952331543
NE2,16.28171730041504
ND1,15.441535949707031
ND2,14.601412773132324
NZ,14.302861213684082
NH1,14.275059700012207
NH2,14.247258186340332
SD,14.219459533691406
SG,14.207075119018555
UNKNOWN,14.207075119018555
