residue,count_in_topK,percent_of_topK,topk_atoms_total,K_per_sample
ALA,4,1.4035087719298245,285,5
ARG,17,5.964912280701754,285,5
ASN,5,1.7543859649122806,285,5
ASP,1,0.3508771929824561,285,5
CYS,3,1.0526315789473684,285,5
GLN,4,1.4035087719298245,285,5
GLU,9,3.1578947368421053,285,5
GLY,11,3.8596491228070176,285,5
HIS,6,2.1052631578947367,285,5
ILE,19,6.666666666666667,285,5
LEU,37,12.982456140350877,285,5
LYS,7,2.456140350877193,285,5
MET,8,2.807017543859649,285,5
PHE,61,21.403508771929825,285,5
PRO,17,5.964912280701754,285,5
SER,3,1.0526315789473684,285,5
THR,10,3.508771929824561,285,5
TRP,16,5.614035087719298,285,5
TYR,21,7.368421052631578,285,5
VAL,26,9.12280701754386,285,5
