atom_type,importance
C,0.1654878854751587
CA,0.1654878854751587
CB,0.17345917224884033
CD,0.19139418005943298
CD1,0.20933033525943756
CD2,0.2272653728723526
CE,0.23533885180950165
CE1,0.2236894965171814
CE2,0.21204008162021637
CE3,0.200389564037323
CG,0.191803976893425
CG1,0.1939428448677063
CG2,0.1960817277431488
CH2,0.1982206106185913
CZ,0.20000621676445007
CZ2,0.1989658772945404
CZ3,0.19792553782463074
O,0.1968851387500763
OH,0.19584481418132782
OD1,0.2000357061624527
OD2,0.20422667264938354
OE1,0.20841756463050842
OE2,0.2126084864139557
OG,0.2031533271074295
OG1,0.19199231266975403
N,0.1808314174413681
NE,0.16967043280601501
NE1,0.17334577441215515
NE2,0.1812593638896942
ND1,0.18917296826839447
ND2,0.19708654284477234
NZ,0.20595361292362213
NH1,0.21529848873615265
NH2,0.22464314103126526
SD,0.2339877337217331
SG,0.23814089596271515
UNKNOWN,0.23814089596271515
