atom_index,is_real_atom,atom_type_from_onehot,importance
0,1,CG,6.6930718421936035
1,1,CD1,6.6930718421936035
2,1,CD2,6.535425662994385
3,1,CB,6.202114105224609
4,1,CG1,5.86880350112915
5,1,CG2,5.535492420196533
6,1,CG2,5.302156925201416
7,1,CD1,5.207496643066406
8,1,C,5.1128363609313965
9,1,O,5.018177032470703
10,1,N,4.910045146942139
11,1,CA,4.778464317321777
12,1,C,4.646882057189941
13,1,O,4.5153021812438965
14,1,CB,4.412626266479492
15,1,OG,4.374048233032227
16,1,N,4.335469722747803
17,1,CA,4.296891689300537
18,1,C,4.253736972808838
19,1,O,4.197335720062256
20,1,CB,4.140934467315674
21,1,CG1,4.084532737731934
22,1,CG2,4.091221332550049
23,1,N,4.346066474914551
24,1,CA,4.600910663604736
25,1,C,4.85575532913208
26,1,O,5.104457378387451
27,1,CB,5.317975997924805
28,1,CG,5.531495094299316
29,1,CD,5.745014190673828
30,1,CE,5.926779270172119
31,1,NZ,5.804618835449219
32,1,N,5.682458877563477
33,1,CA,5.560298919677734
34,1,C,5.434943675994873
35,1,O,5.233998775482178
36,1,CB,5.033053874969482
37,1,CG,4.8321075439453125
38,1,N,4.631162166595459
39,1,CA,4.470165252685547
40,1,C,4.309715747833252
41,1,O,4.149265766143799
42,1,CB,3.9888155460357666
43,1,CG,4.14370059967041
44,1,CD1,4.321436405181885
45,1,CD2,4.499170780181885
46,1,CE1,4.676906585693359
47,1,N,4.783950328826904
48,1,CA,4.8812055587768555
49,1,CB,4.978462219238281
50,1,CG1,5.075717926025391
51,1,CG2,4.768691539764404
