atom_type,importance_sum
C,5.7059006690979
CA,5.7059006690979
CB,6.176583766937256
CD,7.235697269439697
CD1,8.294743537902832
CD2,9.35384750366211
CE,9.924911499023438
CE1,9.51980972290039
CE2,9.114706039428711
CE3,8.709681510925293
CG,8.275992393493652
CG1,7.742367744445801
CG2,7.208743572235107
CH2,6.675118923187256
CZ,6.2611236572265625
CZ2,6.80416202545166
CZ3,7.347198963165283
O,7.8902363777160645
OH,8.43327522277832
OD1,6.999825477600098
OD2,5.566375255584717
OE1,4.132925033569336
OE2,2.699474811553955
OG,3.6844966411590576
OG1,4.971829414367676
N,6.25916051864624
NE,7.546490669250488
NE1,8.56486988067627
NE2,9.506376266479492
ND1,10.447880744934082
ND2,11.389387130737305
NZ,11.753667831420898
NH1,11.829299926757812
NH2,11.90493392944336
SD,11.980568885803223
SG,12.014189720153809
UNKNOWN,12.014189720153809
