atom_index,is_real_atom,atom_type_from_onehot,importance
0,1,CG,12.838032722473145
1,1,OD1,12.838032722473145
2,1,ND2,13.145853996276855
3,1,CA,13.79668140411377
4,1,C,14.44750690460205
5,1,O,15.098331451416016
6,1,CB,15.152915000915527
7,1,CG,14.380455017089844
8,1,ND2,13.607994079589844
9,1,N,12.835532188415527
10,1,CA,12.206314086914062
11,1,O,11.826446533203125
12,1,CB,11.446578979492188
13,1,CG1,11.066710472106934
14,1,CG2,10.811602592468262
15,1,CD1,10.83312702178955
16,1,CA,10.854652404785156
17,1,C,10.876180648803711
18,1,CB,10.891666412353516
19,1,OG,10.88965892791748
20,1,N,10.887656211853027
21,1,CG2,10.885649681091309
22,1,CD2,10.913639068603516
23,1,CG2,11.059611320495605
24,1,CG,11.20557975769043
25,1,CD,11.35154914855957
26,1,OE1,11.467658996582031
27,1,OE2,11.41274356842041
28,1,CG,11.357827186584473
29,1,CD2,11.302911758422852
30,1,CG,11.215057373046875
31,1,OD2,10.81195068359375
32,1,CB,10.408842086791992
33,1,OG,10.005733489990234
