atom_type,importance
C,0.15582840144634247
CA,0.15582840144634247
CB,0.16162969172000885
CD,0.17468248307704926
CD1,0.18773432075977325
CD2,0.20078706741333008
CE,0.20335063338279724
CE1,0.18493863940238953
CE2,0.16652671992778778
CE3,0.14811372756958008
CG,0.1347280591726303
CG1,0.13893303275108337
CG2,0.14313797652721405
CH2,0.14734289050102234
CZ,0.15264981985092163
CZ2,0.16677230596542358
CZ3,0.18089480698108673
O,0.19501733779907227
OH,0.20913979411125183
OD1,0.21566225588321686
OD2,0.2221841663122177
OE1,0.22870692610740662
OE2,0.23522956669330597
OG,0.22871273756027222
OG1,0.22056609392166138
N,0.21242032945156097
NE,0.204273521900177
NE1,0.2030986100435257
NE2,0.20391549170017242
ND1,0.20473234355449677
ND2,0.2055492401123047
NZ,0.19984443485736847
NH1,0.1908799409866333
NH2,0.18191532790660858
SD,0.17294974625110626
SG,0.1689658761024475
UNKNOWN,0.1689658761024475
