atom_type,importance_sum
C,3.7689385414123535
CA,3.7689385414123535
CB,3.916656970977783
CD,4.249000549316406
CD1,4.581323623657227
CD2,4.91368293762207
CE,5.318833827972412
CE1,5.869465351104736
CE2,6.420095920562744
CE3,6.970730304718018
CG,7.582193851470947
CG1,8.406469345092773
CG2,9.23074722290039
CH2,10.05502700805664
CZ,10.823378562927246
CZ2,11.144357681274414
CZ3,11.46533203125
O,11.786310195922852
OH,12.107284545898438
OD1,11.151750564575195
OD2,10.196220397949219
OE1,9.240691184997559
OE2,8.285160064697266
OG,7.9295454025268555
OG1,7.648921012878418
N,7.368294715881348
NE,7.08767032623291
NE1,7.357734203338623
NE2,7.785086631774902
ND1,8.21243953704834
ND2,8.63984203338623
NZ,8.944297790527344
NH1,9.18727970123291
NH2,9.430257797241211
SD,9.673236846923828
SG,9.781209945678711
UNKNOWN,9.781209945678711
