atom_type,importance_sum
C,12.994473457336426
CA,12.994473457336426
CB,13.357552528381348
CD,14.174467086791992
CD1,14.991378784179688
CD2,15.808295249938965
CE,16.254581451416016
CE1,15.959522247314453
CE2,15.664470672607422
CE3,15.369420051574707
CG,15.391446113586426
CG1,16.5230655670166
CG2,17.654687881469727
CH2,18.786312103271484
CZ,19.888132095336914
CZ2,20.751544952392578
CZ3,21.614952087402344
O,22.478364944458008
OH,23.34177589416504
OD1,23.814735412597656
OD2,24.287708282470703
OE1,24.76067543029785
OE2,25.233638763427734
OG,24.11619758605957
OG1,22.799957275390625
N,21.483718872070312
NE,20.167484283447266
NE1,19.97832679748535
NE2,20.111040115356445
ND1,20.24388885498047
ND2,20.37674331665039
NZ,19.728260040283203
NH1,18.689260482788086
NH2,17.65015983581543
SD,16.611112594604492
SG,16.149290084838867
UNKNOWN,16.149290084838867
