atom_type,importance_sum
C,5.5853753089904785
CA,5.5853753089904785
CB,6.189486026763916
CD,7.548672676086426
CD1,8.907876014709473
CD2,10.267118453979492
CE,11.205405235290527
CE1,11.30180549621582
CE2,11.398208618164062
CE3,11.494686126708984
CG,11.844972610473633
CG1,13.083752632141113
CG2,14.322534561157227
CH2,15.561312675476074
CZ,16.861434936523438
CZ2,18.65228843688965
CZ3,20.443132400512695
O,22.233978271484375
OH,24.024831771850586
OD1,22.43441390991211
OD2,20.843997955322266
OE1,19.253583908081055
OE2,17.663164138793945
OG,17.865509033203125
OG1,18.291954040527344
N,18.718393325805664
NE,19.144838333129883
NE1,18.137126922607422
NE2,16.719680786132812
ND1,15.302306175231934
ND2,13.88486099243164
NZ,12.881387710571289
NH1,12.08486270904541
NH2,11.288405418395996
SD,10.491884231567383
SG,10.137907028198242
UNKNOWN,10.137907028198242
