atom_index,is_real_atom,atom_type_from_onehot,importance
0,1,OH,9.031940460205078
1,1,CB,9.031940460205078
2,1,CG,9.309613227844238
3,1,CD1,9.896692276000977
4,1,CD2,10.483771324157715
5,1,NE1,11.070850372314453
6,1,CE2,11.357484817504883
7,1,CE3,11.227372169494629
8,1,CZ2,11.097257614135742
9,1,CZ3,10.967145919799805
10,1,CH2,10.910310745239258
11,1,C,10.981033325195312
12,1,CG2,11.051758766174316
13,1,CD1,11.122481346130371
14,1,N,11.089059829711914
15,1,CA,10.824703216552734
16,1,CB,10.560345649719238
17,1,CG,10.295988082885742
18,1,CD1,9.900556564331055
19,1,CD2,9.125699996948242
20,1,CA,8.350841522216797
21,1,CB,7.575985908508301
