atom_type,importance_sum
C,4.164839744567871
CA,4.164839744567871
CB,4.6852006912231445
CD,5.8560404777526855
CD1,7.026878833770752
CD2,8.197667121887207
CE,8.993236541748047
CE1,9.038291931152344
CE2,9.083320617675781
CE3,9.12834644317627
CG,9.3447847366333
CG1,10.161009788513184
CG2,10.977235794067383
CH2,11.793461799621582
CZ,12.48348331451416
CZ2,12.163865089416504
CZ3,11.84424877166748
O,11.52463150024414
OH,11.20501708984375
OD1,10.21751594543457
OD2,9.230010986328125
OE1,8.242513656616211
OE2,7.255013465881348
OG,7.151349067687988
OG1,7.158165454864502
N,7.164979457855225
NE,7.171794891357422
NE1,7.586467742919922
NE2,8.117630958557129
ND1,8.648780822753906
ND2,9.179919242858887
NZ,9.674203872680664
NH1,10.149970054626465
NH2,10.625741004943848
SD,11.101513862609863
SG,11.312983512878418
UNKNOWN,11.312983512878418
