atom_type,importance_sum
C,2.0182693004608154
CA,2.0182693004608154
CB,2.133723020553589
CD,2.3935165405273438
CD1,2.65329647064209
CD2,2.9130773544311523
CE,3.330183982849121
CE1,4.061944961547852
CE2,4.793741703033447
CE3,5.525501251220703
CG,6.041395664215088
CG1,5.801770210266113
CG2,5.562142848968506
CH2,5.322515964508057
CZ,5.383142471313477
CZ2,7.845787048339844
CZ3,10.308432579040527
O,12.771077156066895
OH,15.233721733093262
OD1,13.100038528442383
OD2,10.966358184814453
OE1,8.832676887512207
OE2,6.698993682861328
OG,6.40386962890625
OG1,6.338568210601807
N,6.2732648849487305
NE,6.207963466644287
NE1,7.20088005065918
NE2,8.49613094329834
ND1,9.791351318359375
ND2,11.086636543273926
NZ,10.808116912841797
NH1,9.742772102355957
NH2,8.677427291870117
SD,7.612044811248779
SG,7.1385626792907715
UNKNOWN,7.1385626792907715
