replica,chain,residue,frames_in_contact,occupancy_percent,Real_id
Replica1,E,GLY453,152,11.419984973704,G1386
Replica1,E,GLY450,155,11.6453794139745,G1383
Replica1,E,TYR454,157,11.7956423741548,Y1387
Replica1,E,ILE455,129,9.69196093163035,I1388
Replica1,E,GLY456,105,7.88880540946657,G1389
Replica1,E,LEU458,366,27.4981217129977,L1391
Replica1,E,ILE446,279,20.961682945154,I1379
Replica1,E,ILE466,40,3.00525920360631,I1399
Replica1,E,LEU447,126,9.46656649135988,L1380
Replica1,E,VAL459,272,20.4357625845229,V1392
Replica1,E,ALA451,45,3.3809166040571,A1384
Replica1,E,MET443,243,18.2569496619083,M1376
Replica1,E,PHE439,249,18.7077385424493,F1372
Replica1,E,THR442,159,11.9459053343351,T1375
Replica1,E,ILE235,211,15.8527422990233,I1168
Replica1,K,LEU41,368,27.6483846731781,L1988
Replica1,K,MET37,524,39.3688955672427,M1984
Replica1,J,TRP16,48,3.60631104432757,W1683
Replica1,K,THR40,113,8.48985725018783,T1987
Replica1,K,TYR38,227,17.0548459804658,Y1985
Replica1,J,ILE20,10,0.751314800901578,I1687
Replica1,H,PHE168,1024,76.9346356123216,F2403
Replica1,C,ILE64,390,29.3012772351615,I2011
Replica1,C,ILE129,208,15.6273478587528,I2076
Replica1,C,PRO126,612,45.9804658151766,P2073
Replica1,C,PRO123,398,29.9023290758828,P2070
Replica1,C,ILE130,64,4.8084147257701,I2077
Replica1,C,LEU67,567,42.5995492111195,L2014
Replica1,D,ILE6,379,28.4748309541698,I2241
Replica1,C,LEU71,134,10.0676183320811,L2018
Replica1,D,ILE2,653,49.060856498873,I2237
Replica1,D,PHE10,185,13.8993238166792,F2245
Replica1,C,MET90,168,12.6220886551465,M2037
Replica1,C,LEU68,89,6.68670172802404,L2015
Replica1,D,TYR3,436,32.7573253193088,Y2238
Replica1,E,TRP295,425,31.9308790383171,W1228
Replica1,E,ILE292,61,4.58302028549962,I1225
Replica1,E,LEU296,128,9.6168294515402,L1229
Replica1,E,ASN291,6,0.450788880540947,N1224
Replica1,E,TYR297,513,38.5424492862509,Y1230
Replica1,E,ILE260,510,38.3170548459805,I1193
Replica1,E,PHE256,530,39.8196844477836,F1189
Replica1,K,LYS114,236,17.7310293012772,K2061
Replica1,K,ASP115,85,6.38617580766341,D2062
Replica1,K,GLU117,68,5.10894064613073,E2064
Replica1,K,LEU116,234,17.5807663410969,L2063
Replica1,K,TRP112,819,61.5326821938392,W2059
Replica1,K,PRO126,684,51.3899323816679,P2073
Replica1,K,PHE110,546,41.0217881292262,F2057
Replica1,K,PHE105,484,36.3636363636364,F2052
Replica1,K,VAL101,741,55.6724267468069,V2048
Replica1,K,PRO127,619,46.5063861758077,P2074
Replica1,K,VAL97,1001,75.2066115702479,V2044
Replica1,K,ILE130,488,36.664162283997,I2077
Replica1,E,ILE26,318,23.8918106686702,I959
Replica1,E,PHE4,368,27.6483846731781,F937
Replica1,G,PHE34,458,34.4102178812923,F1981
Replica1,K,TYR141,355,26.671675432006,Y2088
Replica1,K,ILE144,315,23.6664162283997,I2091
Replica1,K,LEU147,221,16.6040570999249,L2094
Replica1,K,ALA148,81,6.08564988730278,A2095
Replica1,K,PHE151,133,9.99248685199098,F2098
Replica1,K,VAL48,125,9.39143501126972,V1995
Replica1,K,GLN145,50,3.75657400450789,Q2092
Replica1,K,VAL42,69,5.18407212622089,V1989
Replica1,D,CYS249,465,34.9361382419234,C2484
Replica1,D,LEU246,469,35.236664162284,L2481
Replica1,D,VAL245,271,20.3606311044328,V2480
Replica1,D,MET242,290,21.7881292261458,M2477
Replica1,J,PHE13,137,10.2930127723516,F1680
Replica1,J,THR9,104,7.81367392937641,T1676
Replica1,A,PHE283,611,45.9053343350864,F1216
Replica1,D,LEU125,118,8.86551465063862,L2360
Replica1,D,GLN128,13,0.976709241172051,Q2363
Replica1,B,PHE6,702,52.7422990232908,F1673
Replica1,B,PHE13,479,35.9879789631856,F1680
Replica1,C,MET37,956,71.8256949661908,M1984
Replica1,C,LEU41,557,41.8482344102179,L1988
Replica1,C,TYR38,523,39.2937640871525,Y1985
Replica1,C,PHE51,297,22.3140495867769,F1998
Replica1,C,PHE34,1058,79.4891059353869,F1981
Replica1,A,TYR380,380,28.54996243426,Y1313
Replica1,A,PHE384,638,47.9338842975207,F1317
Replica1,A,ILE376,544,40.8715251690458,I1309
Replica1,I,PHE7,447,33.5837716003005,F940
Replica1,I,PHE11,381,28.6250939143501,F944
Replica1,I,PHE4,225,16.9045830202855,F937
Replica1,D,ILE74,546,41.0217881292262,I2309
Replica1,D,VAL70,587,44.1021788129226,V2305
Replica1,L,VAL251,342,25.694966190834,V2486
Replica1,L,LEU247,344,25.8452291510143,L2482
Replica1,D,MET71,10,0.751314800901578,M2306
Replica1,D,VAL81,571,42.9000751314801,V2316
Replica1,I,ILE391,401,30.1277235161533,I1324
Replica1,I,PHE384,374,28.099173553719,F1317
Replica1,I,THR387,378,28.3996994740796,T1320
Replica1,D,TYR509,312,23.4410217881292,Y2744
Replica1,D,LEU256,402,30.2028549962434,L2491
Replica1,D,ILE516,575,43.2006010518407,I2751
Replica1,D,VAL512,355,26.671675432006,V2747
Replica1,D,VAL513,630,47.3328324567994,V2748
Replica1,D,PHE253,883,66.3410969196093,F2488
Replica1,D,PHE257,802,60.2554470323065,F2492
Replica1,H,PRO177,479,35.9879789631856,P2412
Replica1,D,ILE250,572,42.9752066115703,I2485
Replica1,D,VAL520,528,39.6694214876033,V2755
Replica1,D,GLY517,399,29.977460555973,G2752
Replica1,H,GLU181,375,28.1743050338092,E2416
Replica1,B,VAL4,159,11.9459053343351,V1671
Replica1,B,LEU5,213,16.0030052592036,L1672
Replica1,B,TRP3,195,14.6506386175808,W1670
Replica1,E,TRP464,179,13.4485349361382,W1397
Replica1,G,PHE109,233,17.5056348610068,F2056
Replica1,G,TYR103,63,4.73328324567994,Y2050
Replica1,G,PHE104,282,21.1870773854245,F2051
Replica1,E,ILE397,6,0.450788880540947,I1330
Replica1,G,VAL100,188,14.1247182569497,V2047
Replica1,E,MET402,30,2.25394440270473,M1335
Replica1,G,GLU96,110,8.26446280991735,E2043
Replica1,G,VAL97,282,21.1870773854245,V2044
Replica1,G,VAL101,194,14.5755071374906,V2048
Replica1,C,ILE63,285,21.412471825695,I2010
Replica1,D,PHE103,580,43.5762584522915,F2338
Replica1,C,ILE70,214,16.0781367392938,I2017
Replica1,D,ILE100,760,57.0999248685199,I2335
Replica1,D,ILE96,456,34.259954921112,I2331
Replica1,D,VAL99,211,15.8527422990233,V2334
Replica1,C,LEU74,137,10.2930127723516,L2021
Replica1,I,ILE497,258,19.3839218632607,I1430
Replica1,I,ASN217,152,11.419984973704,N1150
Replica1,I,ILE496,91,6.83696468820436,I1429
Replica1,I,GLY495,96,7.21262208865515,G1428
Replica1,I,ASN445,37,2.77986476333584,N1378
Replica1,I,SER500,161,12.0961682945154,S1433
Replica1,I,ASP499,62,4.65815176558978,D1432
Replica1,I,LYS444,11,0.826446280991736,K1377
Replica1,I,ILE441,74,5.55972952667168,I1374
Replica1,I,LEU213,171,12.847483095417,L1146
Replica1,I,THR442,365,27.4229902329076,T1375
Replica1,I,VAL216,85,6.38617580766341,V1149
Replica1,I,ILE235,371,27.8737791134485,I1168
Replica1,I,ILE446,384,28.8504883546206,I1379
Replica1,L,TRP44,1331,100,W2279
Replica1,L,PHE43,1331,100,F2278
Replica1,H,PRO254,1326,99.6243425995492,P2489
Replica1,H,PHE257,776,58.3020285499624,F2492
Replica1,L,ALA45,215,16.1532682193839,A2280
Replica1,L,GLN63,194,14.5755071374906,Q2298
Replica1,H,MET506,1331,100,M2741
Replica1,L,VAL40,1255,94.290007513148,V2275
Replica1,H,VAL251,1313,98.6476333583772,V2486
Replica1,H,PHE253,656,49.2862509391435,F2488
Replica1,L,VAL72,1312,98.572501878287,V2307
Replica1,H,ILE250,1280,96.168294515402,I2485
Replica1,L,VAL176,1237,92.9376408715252,V2411
Replica1,L,PHE36,1151,86.4763335837716,F2271
Replica1,H,LEU247,1189,89.3313298271976,L2482
Replica1,L,LEU179,1325,99.5492111194591,L2414
Replica1,L,PHE76,1294,97.2201352366642,F2311
Replica1,L,MET79,289,21.7129977460556,M2314
Replica1,H,ILE248,1221,91.7355371900826,I2483
Replica1,H,LEU246,662,49.7370398196845,L2481
Replica1,A,VAL199,619,46.5063861758077,V1132
Replica1,I,ASN461,116,8.7152516904583,N1394
Replica1,I,LEU465,253,19.0082644628099,L1398
Replica1,I,SER462,402,30.2028549962434,S1395
Replica1,I,TRP464,30,2.25394440270473,W1397
Replica1,I,CYS463,99,7.43801652892562,C1396
Replica1,I,MET228,142,10.6686701728024,M1161
Replica1,I,PHE225,278,20.8865514650639,F1158
Replica1,I,ILE229,535,40.1953418482344,I1162
Replica1,I,CYS232,478,35.9128474830954,C1165
Replica1,I,MET223,9,0.67618332081142,M1156
Replica1,L,PHE132,227,17.0548459804658,F2367
Replica1,K,PHE51,127,9.54169797145004,F1998
Replica1,E,VAL96,11,0.826446280991736,V1029
Replica1,E,CYS276,17,1.27723516153268,C1209
Replica1,E,ASN97,12,0.901577761081893,N1030
Replica1,E,PRO273,376,28.2494365138993,P1206
Replica1,E,ILE271,315,23.6664162283997,I1204
Replica1,A,TRP498,623,46.8069120961683,W1431
Replica1,A,ILE388,421,31.6303531179564,I1321
Replica1,A,PHE505,474,35.6123215627348,F1438
Replica1,A,ILE501,449,33.7340345604808,I1434
Replica1,A,CYS502,203,15.251690458302,C1435
Replica1,A,LEU381,359,26.9722013523666,L1314
Replica1,K,TYR138,99,7.43801652892562,Y2085
Replica1,K,VAL52,17,1.27723516153268,V1999
Replica1,K,LEU55,115,8.64012021036814,L2002
Replica1,K,ASN56,4,0.300525920360631,N2003
Replica1,G,MET37,690,51.8407212622089,M1984
Replica1,I,TRP295,302,22.6897069872277,W1228
Replica1,C,TYR119,223,16.7543200601052,Y2066
Replica1,C,TYR124,785,58.9782118707739,Y2071
Replica1,C,TRP112,405,30.4282494365139,W2059
Replica1,C,PHE125,662,49.7370398196845,F2072
Replica1,H,PHE111,127,9.54169797145004,F2346
Replica1,H,ILE6,117,8.79038317054846,I2241
Replica1,H,PRO5,48,3.60631104432757,P2240
Replica1,H,ILE2,160,12.0210368144252,I2237
Replica1,A,LEU86,283,21.2622088655147,L1019
Replica1,D,PHE519,391,29.3764087152517,F2754
Replica1,D,LEU175,120,9.01577761081893,L2410
Replica1,L,LEU514,209,15.702479338843,L2749
Replica1,D,GLN171,51,3.83170548459805,Q2406
Replica1,D,GLY172,20,1.50262960180316,G2407
Replica1,D,PHE168,186,13.9744552967693,F2403
Replica1,A,MET82,439,32.9827197595793,M1015
Replica1,A,SER135,34,2.55447032306536,S1068
Replica1,A,VAL79,525,39.4440270473328,V1012
Replica1,A,LEU83,348,26.1457550713749,L1016
Replica1,G,LEU33,354,26.5965439519159,L1980
Replica1,G,PHE30,415,31.1795642374155,F1977
Replica1,F,PHE13,1094,82.1938392186326,F1680
Replica1,E,ILE496,158,11.8707738542449,I1429
Replica1,G,TYR138,332,24.9436513899324,Y2085
Replica1,G,VAL139,228,17.129977460556,V2086
Replica1,E,TRP498,969,72.8024042073629,W1431
Replica1,G,LEU140,437,32.832456799399,L2087
Replica1,G,LEU143,208,15.6273478587528,L2090
Replica1,E,CYS502,1331,100,C1435
Replica1,E,ILE376,1038,77.9864763335838,I1309
Replica1,E,PHE505,1276,95.8677685950413,F1438
Replica1,E,PHE384,1279,96.0931630353118,F1317
Replica1,E,ILE377,1081,81.2171299774606,I1310
Replica1,A,MET214,109,8.1893313298272,M1147
Replica1,A,TRP36,202,15.1765589782119,W969
Replica1,A,TYR312,35,2.62960180315552,Y1245
Replica1,A,PHE202,379,28.4748309541698,F1135
Replica1,A,THR210,301,22.6145755071375,T1143
Replica1,A,PHE198,612,45.9804658151766,F1131
Replica1,A,PHE206,286,21.4876033057851,F1139
Replica1,E,ARG142,338,25.3944402704733,R1075
Replica1,E,LEU146,276,20.7362885048835,L1079
Replica1,E,ALA149,320,24.0420736288505,A1082
Replica1,E,ILE150,119,8.94064613072878,I1083
Replica1,J,PHE6,497,37.3403456048084,F1673
Replica1,D,PHE107,509,38.2419233658903,F2342
Replica1,D,PHE110,7,0.525920360631105,F2345
Replica1,D,HSD106,6,0.450788880540947,H2341
Replica1,D,GLY104,157,11.7956423741548,G2339
Replica1,I,VAL199,604,45.3794139744553,V1132
Replica1,B,VAL10,278,20.8865514650639,V1677
Replica1,C,LEU33,703,52.8174305033809,L1980
Replica1,E,ILE29,251,18.8580015026296,I962
Replica1,E,HSD25,244,18.3320811419985,H958
Replica1,E,ILE21,257,19.3087903831706,I954
Replica1,E,PHE11,581,43.6513899323817,F944
Replica1,E,LEU22,48,3.60631104432757,L955
Replica1,E,ASP499,658,49.4365138993238,D1432
Replica1,E,ILE497,167,12.5469571750563,I1430
Replica1,E,PHE503,845,63.4861006761833,F1436
Replica1,E,ILE388,1331,100,I1321
Replica1,E,ILE391,159,11.9459053343351,I1324
Replica1,E,THR395,18,1.35236664162284,T1328
Replica1,E,THR387,157,11.7956423741548,T1320
Replica1,E,LEU506,1290,96.9196093163035,L1439
Replica1,G,LEU147,168,12.6220886551465,L2094
Replica1,H,VAL264,6,0.450788880540947,V2499
Replica1,H,SER263,17,1.27723516153268,S2498
Replica1,H,SER259,24,1.80315552216379,S2494
Replica1,H,PRO494,146,10.969196093163,P2729
Replica1,H,LEU260,317,23.81667918858,L2495
Replica1,H,LEU256,475,35.6874530428249,L2491
Replica1,H,SER496,56,4.20736288504884,S2731
Replica1,H,TYR509,1315,98.7978963185575,Y2744
Replica1,H,VAL512,728,54.6957175056349,V2747
Replica1,H,ILE516,700,52.5920360631104,I2751
Replica1,D,ILE248,67,5.03380916604057,I2483
Replica1,D,ILE244,212,15.9278737791135,I2479
Replica1,D,GLY241,211,15.8527422990233,G2476
Replica1,D,GLY238,169,12.6972201352367,G2473
Replica1,A,LYS90,32,2.40420736288505,K1023
Replica1,A,THR88,259,19.4590533433509,T1021
Replica1,H,VAL126,826,62.0586025544703,V2361
Replica1,D,SER511,434,32.6070623591285,S2746
Replica1,D,GLY507,425,31.9308790383171,G2742
Replica1,D,ALA510,533,40.0450788880541,A2745
Replica1,D,MET506,457,34.3350864012021,M2741
Replica1,H,VAL176,642,48.2344102178813,V2411
Replica1,H,LEU175,989,74.305033809166,L2410
Replica1,D,LEU514,653,49.060856498873,L2749
Replica1,H,GLY172,646,48.5349361382419,G2407
Replica1,L,TYR131,125,9.39143501126972,Y2366
Replica1,L,CYS135,53,3.98196844477836,C2370
Replica1,K,ILE54,32,2.40420736288505,I2001
Replica1,K,MET58,24,1.80315552216379,M2005
Replica1,K,THR59,15,1.12697220135237,T2006
Replica1,L,GLY139,31,2.32907588279489,G2374
Replica1,L,PHE138,13,0.976709241172051,F2373
Replica1,K,TYR50,21,1.57776108189331,Y1997
Replica1,L,ALA142,4,0.300525920360631,A2377
Replica1,L,LEU140,24,1.80315552216379,L2375
Replica1,L,VAL136,73,5.48459804658152,V2371
Replica1,L,TYR143,8,0.601051840721262,Y2378
Replica1,K,MET47,32,2.40420736288505,M1994
Replica1,E,PHE94,198,14.8760330578512,F1027
Replica1,E,ASN93,5,0.375657400450789,N1026
Replica1,E,SER95,9,0.67618332081142,S1028
Replica1,E,PHE301,23,1.72802404207363,F1234
Replica1,E,GLY270,399,29.977460555973,G1203
Replica1,E,ILE269,278,20.8865514650639,I1202
Replica1,G,ASN113,91,6.83696468820436,N2060
Replica1,G,PRO111,347,26.0706235912847,P2058
Replica1,G,TRP112,377,28.3245679939895,W2059
Replica1,I,ARG142,332,24.9436513899324,R1075
Replica1,I,LEU138,227,17.0548459804658,L1071
Replica1,I,LEU145,348,26.1457550713749,L1078
Replica1,L,PHE41,567,42.5995492111195,F2276
Replica1,L,ILE37,783,58.8279489105935,I2272
Replica1,L,ILE38,207,15.5522163786627,I2273
Replica1,L,VAL126,422,31.7054845980466,V2361
Replica1,A,LEU8,49,3.68144252441773,L941
Replica1,A,PHE11,208,15.6273478587528,F944
Replica1,A,PHE4,192,14.4252441773103,F937
Replica1,A,PHE7,267,20.0601051840721,F940
Replica1,L,LEU92,359,26.9722013523666,L2327
Replica1,L,THR90,523,39.2937640871525,T2325
Replica1,L,GLY93,536,40.2704733283246,G2328
Replica1,L,LEU85,542,40.7212622088655,L2320
Replica1,L,ILE96,611,45.9053343350864,I2331
Replica1,L,LYS94,104,7.81367392937641,K2329
Replica1,L,ILE100,573,43.0503380916604,I2335
Replica1,A,GLN325,4,0.300525920360631,Q1258
Replica1,A,LEU318,6,0.450788880540947,L1251
Replica1,A,SER321,4,0.300525920360631,S1254
Replica1,A,LEU57,4,0.300525920360631,L990
Replica1,A,ARG63,8,0.601051840721262,R996
Replica1,A,ALA56,16,1.20210368144252,A989
Replica1,A,PHE314,81,6.08564988730278,F1247
Replica1,A,TRP53,352,26.4462809917355,W986
Replica1,A,PHE49,922,69.2712246431255,F982
Replica1,A,LYS28,343,25.7700976709241,K961
Replica1,A,GLU154,399,29.977460555973,E1087
Replica1,A,ILE150,406,30.5033809166041,I1083
Replica1,A,HSD25,32,2.40420736288505,H958
Replica1,A,LEU322,4,0.300525920360631,L1255
Replica1,A,SER31,312,23.4410217881292,S964
Replica1,A,SER32,104,7.81367392937641,S965
Replica1,A,ILE35,116,8.7152516904583,I968
Replica1,A,ILE34,124,9.31630353117956,I967
Replica1,A,MET147,940,70.6235912847483,M1080
Replica1,A,THR38,410,30.8039068369647,T971
Replica1,A,LYS61,235,17.6558978211871,K994
Replica1,A,ALA65,108,8.11419984973704,A998
Replica1,A,VAL69,219,16.4537941397446,V1002
Replica1,A,VAL72,381,28.6250939143501,V1005
Replica1,I,ALA152,112,8.41472577009767,A1085
Replica1,I,VAL155,14,1.05184072126221,V1088
Replica1,I,THR156,90,6.7618332081142,T1089
Replica1,I,ALA149,151,11.3448534936138,A1082
Replica1,I,LEU148,179,13.4485349361382,L1081
Replica1,I,LEU141,242,18.1818181818182,L1074
Replica1,I,MET82,225,16.9045830202855,M1015
Replica1,I,ASN144,61,4.58302028549962,N1077
Replica1,J,SER12,23,1.72802404207363,S1679
Replica1,J,LEU17,81,6.08564988730278,L1684
Replica1,K,LEU33,218,16.3786626596544,L1980
Replica1,K,PHE34,638,47.9338842975207,F1981
Replica1,L,LYS236,401,30.1277235161533,K2471
Replica1,L,LYS233,356,26.7468069120962,K2468
Replica1,L,TYR237,676,50.7888805409467,Y2472
Replica1,D,VAL189,470,35.3117956423742,V2424
Replica1,D,TRP190,546,41.0217881292262,W2425
Replica1,D,MET186,370,27.7986476333584,M2421
Replica1,L,GLY240,500,37.5657400450789,G2475
Replica1,L,ILE243,324,24.3425995492111,I2478
Replica1,D,ALA84,238,17.8812922614576,A2319
Replica1,D,VAL80,482,36.213373403456,V2315
Replica1,D,LEU182,301,22.6145755071375,L2417
Replica1,L,ILE244,792,59.504132231405,I2479
Replica1,L,GLY241,655,49.2111194590533,G2476
Replica1,L,MET239,173,12.9977460555973,M2474
Replica1,D,GLY77,502,37.7160030052592,G2312
Replica1,A,ARG241,64,4.8084147257701,R1174
Replica1,A,LEU238,13,0.976709241172051,L1171
Replica1,A,TYR239,217,16.3035311795642,Y1172
Replica1,A,MET443,45,3.3809166040571,M1376
Replica1,A,ILE235,191,14.3501126972201,I1168
Replica1,A,LEU447,41,3.08039068369647,L1380
Replica1,H,LEU129,792,59.504132231405,L2364
Replica1,A,PHE263,519,38.9932381667919,F1196
Replica1,A,TRP281,217,16.3035311795642,W1214
Replica1,A,PRO280,18,1.35236664162284,P1213
Replica1,D,ARG88,242,18.1818181818182,R2323
Replica1,E,LEU148,430,32.3065364387678,L1081
Replica1,E,CYS75,454,34.1096919609316,C1008
Replica1,E,LEU145,549,41.2471825694966,L1078
Replica1,E,LEU137,153,11.4951164537941,L1070
Replica1,E,ILE78,311,23.3658903080391,I1011
Replica1,E,LEU138,306,22.9902329075883,L1071
Replica1,J,PHE1,112,8.41472577009767,F1668
Replica1,J,THR2,10,0.751314800901578,T1669
Replica1,F,PHE1,258,19.3839218632607,F1668
Replica1,F,TRP3,239,17.9564237415477,W1670
Replica1,F,THR2,276,20.7362885048835,T1669
Replica1,F,PHE6,408,30.6536438767844,F1673
Replica1,F,LEU7,24,1.80315552216379,L1674
Replica1,H,LEU508,581,43.6513899323817,L2743
Replica1,E,ILE192,516,38.7678437265214,I1125
Replica1,E,LYS196,225,16.9045830202855,K1129
Replica1,E,ALA195,517,38.8429752066116,A1128
Replica1,E,VAL199,481,36.1382419233659,V1132
Replica1,E,PHE198,595,44.7032306536439,F1131
Replica1,E,CYS194,143,10.7438016528926,C1127
Replica1,H,ARG7,27,2.02854996243426,R2242
Replica1,H,PHE97,113,8.48985725018783,F2332
Replica1,A,THR1,65,4.88354620586026,T934
Replica1,A,LEU3,217,16.3035311795642,L936
Replica1,H,VAL26,87,6.53643876784373,V2261
Replica1,H,LEU27,269,20.2103681442524,L2262
Replica1,H,LEU30,606,45.5296769346356,L2265
Replica1,H,VAL133,373,28.0240420736289,V2368
Replica1,H,ALA31,74,5.55972952667168,A2266
Replica1,H,TRP130,209,15.702479338843,W2365
Replica1,H,VAL34,553,41.5477084898573,V2269
Replica1,H,ILE38,164,12.3215627347859,I2273
Replica1,H,ALA127,100,7.51314800901578,A2362
Replica1,I,CYS194,394,29.6018031555222,C1127
Replica1,I,LEU191,549,41.2471825694966,L1124
Replica1,I,LYS374,170,12.7723516153268,K1307
Replica1,I,LEU370,350,26.2960180315552,L1303
Replica1,I,GLY190,118,8.86551465063862,G1123
Replica1,I,SER373,538,40.4207362885049,S1306
Replica1,I,ILE377,638,47.9338842975207,I1310
Replica1,I,PHE378,184,13.824192336589,F1311
Replica1,I,LEU508,231,17.3553719008264,L1441
Replica1,I,ALA195,565,42.4492862509391,A1128
Replica1,I,PHE198,613,46.0555972952667,F1131
Replica1,I,PHE202,423,31.7806160781367,F1135
Replica1,I,VAL512,4,0.300525920360631,V1445
Replica1,I,TYR517,3,0.225394440270473,Y1450
Replica1,I,ILE192,224,16.8294515401953,I1125
Replica1,I,ASP188,8,0.601051840721262,D1121
Replica1,I,ALA504,184,13.824192336589,A1437
Replica1,I,LEU507,18,1.35236664162284,L1440
Replica1,I,PHE505,423,31.7806160781367,F1438
Replica1,E,HSD160,221,16.6040570999249,H1093
Replica1,E,TYR164,43,3.23065364387679,Y1097
Replica1,E,THR156,307,23.0653643876784,T1089
Replica1,E,VAL157,57,4.28249436513899,V1090
Replica1,E,PHE153,210,15.7776108189331,F1086
Replica1,E,ILE27,153,11.4951164537941,I960
Replica1,A,MET372,136,10.2178812922615,M1305
Replica1,C,LEU31,378,28.3996994740796,L1978
Replica1,A,SER373,227,17.0548459804658,S1306
Replica1,A,GLY190,148,11.1194590533434,G1123
Replica1,A,LEU191,830,62.359128474831,L1124
Replica1,A,ASP189,11,0.826446280991736,D1122
Replica1,A,CYS194,317,23.81667918858,C1127
Replica1,A,ILE377,274,20.5860255447032,I1310
Replica1,A,LEU187,5,0.375657400450789,L1120
Replica1,A,LEU508,405,30.4282494365139,L1441
Replica1,A,ALA504,329,24.7182569496619,A1437
Replica1,E,LYS252,256,19.2336589030804,K1185
Replica1,E,CYS259,419,31.4800901577761,C1192
Replica1,E,PHE263,857,64.3876784372652,F1196
Replica1,K,GLN27,93,6.98722764838467,Q1974
Replica1,K,TYR35,103,7.73854244928625,Y1982
Replica1,K,LEU32,49,3.68144252441773,L1979
Replica1,K,LEU31,205,15.4019534184823,L1978
Replica1,K,PRO28,143,10.7438016528926,P1975
Replica1,K,ASN39,16,1.20210368144252,N1986
Replica1,H,VAL165,686,51.5401953418482,V2400
Replica1,H,TYR164,658,49.4365138993238,Y2399
Replica1,G,PHE87,186,13.9744552967693,F2034
Replica1,G,ILE63,305,22.9151014274981,I2010
Replica1,G,ILE64,196,14.7257700976709,I2011
Replica1,F,LEU5,320,24.0420736288505,L1672
Replica1,F,THR9,935,70.2479338842975,T1676
Replica1,E,ALA457,128,9.6168294515402,A1390
Replica1,E,ILE449,144,10.8189331329827,I1382
Replica1,E,CYS232,306,22.9902329075883,C1165
Replica1,G,PRO123,130,9.76709241172051,P2070
Replica1,E,PHE288,19,1.427498121713,F1221
Replica1,E,GLN264,269,20.2103681442524,Q1197
Replica1,K,PHE104,862,64.763335837716,F2051
Replica1,E,LEU8,111,8.33959429000751,L941
Replica1,I,LYS476,26,1.9534184823441,K1409
Replica1,I,MET214,253,19.0082644628099,M1147
Replica1,H,TYR503,1316,98.8730277986476,Y2738
Replica1,C,ILE118,24,1.80315552216379,I2065
Replica1,H,TYR3,177,13.2982719759579,Y2238
Replica1,D,LYS518,381,28.6250939143501,K2753
Replica1,D,VAL176,57,4.28249436513899,V2411
Replica1,D,PRO177,52,3.9068369646882,P2412
Replica1,D,PHE173,12,0.901577761081893,F2408
Replica1,D,ILE37,169,12.6972201352367,I2272
Replica1,D,THR33,50,3.75657400450789,T2268
Replica1,D,PHE36,61,4.58302028549962,F2271
Replica1,D,LEU179,29,2.17881292261458,L2414
Replica1,A,GLN85,56,4.20736288504884,Q1018
Replica1,F,VAL10,284,21.3373403456048,V1677
Replica1,E,ILE501,595,44.7032306536439,I1434
Replica1,E,TYR380,43,3.23065364387679,Y1313
Replica1,A,ILE29,203,15.251690458302,I962
Replica1,J,LEU7,182,13.6739293764087,L1674
Replica1,C,HSD57,6,0.450788880540947,H2004
Replica1,C,LEU66,221,16.6040570999249,L2013
Replica1,E,VAL30,191,14.3501126972201,V963
Replica1,E,GLY495,8,0.601051840721262,G1428
Replica1,E,THR392,1057,79.4139744552968,T1325
Replica1,H,ALA265,5,0.375657400450789,A2500
Replica1,H,LYS262,16,1.20210368144252,K2497
Replica1,L,GLN128,141,10.5935386927122,Q2363
Replica1,L,LEU129,435,32.6821938392186,L2364
Replica1,I,VAL139,28,2.10368144252442,V1072
Replica1,A,HSD12,12,0.901577761081893,H945
Replica1,A,GLN15,93,6.98722764838467,Q948
Replica1,L,VAL91,21,1.57776108189331,V2326
Replica1,A,LEU146,236,17.7310293012772,L1079
Replica1,K,PHE30,532,39.9699474079639,F1977
Replica1,D,LEU87,17,1.27723516153268,L2322
Replica1,A,VAL267,180,13.5236664162284,V1200
Replica1,E,VAL72,650,48.8354620586026,V1005
Replica1,E,VAL79,566,42.5244177310293,V1012
Replica1,H,ILE96,188,14.1247182569497,I2331
Replica1,A,TYR10,112,8.41472577009767,Y943
Replica1,I,LEU381,240,18.0315552216379,L1314
Replica1,I,THR210,263,19.7595792637115,T1143
Replica1,A,LEU507,264,19.8347107438017,L1440
Replica1,A,LEU213,298,22.389181066867,L1146
Replica1,H,VAL245,1149,86.3260706235913,V2480
Replica1,H,TRP252,484,36.3636363636364,W2487
Replica1,A,LEU141,548,41.1720510894065,L1074
Replica1,A,LEU137,445,33.4335086401202,L1070
Replica1,G,TYR94,173,12.9977460555973,Y2041
Replica1,F,ALA8,240,18.0315552216379,A1675
Replica1,E,MET228,143,10.7438016528926,M1161
Replica1,E,LEU465,275,20.6611570247934,L1398
Replica1,D,TYR503,708,53.1930879038317,Y2738
Replica1,D,ILE261,484,36.3636363636364,I2496
Replica1,D,GLY504,256,19.2336589030804,G2739
Replica1,D,LEU508,361,27.122464312547,L2743
Replica1,D,PHE499,233,17.5056348610068,F2734
Replica1,K,ILE129,425,31.9308790383171,I2076
Replica1,K,ASN113,678,50.939143501127,N2060
Replica1,K,VAL132,71,5.3343350864012,V2079
Replica1,K,TYR94,24,1.80315552216379,Y2041
Replica1,K,VAL93,685,51.4650638617581,V2040
Replica1,K,ALA98,58,4.35762584522915,A2045
Replica1,G,LEU31,58,4.35762584522915,L1978
Replica1,E,LEU191,477,35.8377160030053,L1124
Replica1,L,ILE2,493,37.0398196844478,I2237
Replica1,L,ILE6,323,24.267468069121,I2241
Replica1,L,TYR3,444,33.3583771600301,Y2238
Replica1,D,PHE97,360,27.0473328324568,F2332
Replica1,D,LEU85,206,15.4770848985725,L2320
Replica1,D,GLY93,176,13.2231404958678,G2328
Replica1,D,LYS94,126,9.46656649135988,K2329
Replica1,D,THR90,158,11.8707738542449,T2325
Replica1,H,LEU182,371,27.8737791134485,L2417
Replica1,A,TYR287,348,26.1457550713749,Y1220
Replica1,A,PHE288,427,32.0811419984974,F1221
Replica1,A,ALA286,430,32.3065364387678,A1219
Replica1,A,LYS284,447,33.5837716003005,K1217
Replica1,E,ALA468,34,2.55447032306536,A1401
Replica1,E,ILE399,199,14.9511645379414,I1332
Replica1,E,VAL406,50,3.75657400450789,V1339
Replica1,I,LEU14,569,42.7498121712998,L947
Replica1,I,TRP498,222,16.679188580015,W1431
Replica1,I,VAL438,103,7.73854244928625,V1371
Replica1,L,ASP62,23,1.72802404207363,D2297
Replica1,L,PHE46,500,37.5657400450789,F2281
Replica1,L,PHE173,23,1.72802404207363,F2408
Replica1,A,ALA195,632,47.4830954169797,A1128
Replica1,A,ILE192,588,44.1773102930128,I1125
Replica1,A,ARG396,98,7.36288504883546,R1329
Replica1,A,ILE496,18,1.35236664162284,I1429
Replica1,A,THR392,46,3.45604808414726,T1325
Replica1,A,ASP499,52,3.9068369646882,D1432
Replica1,A,ILE391,388,29.1510142749812,I1324
Replica1,K,SER45,64,4.8084147257701,S1992
Replica1,H,PHE107,261,19.6093163035312,F2342
Replica1,L,LYS518,22,1.65289256198347,K2753
Replica1,D,PHE29,4,0.300525920360631,F2264
Replica1,D,MET79,20,1.50262960180316,M2314
Replica1,D,ASP32,1,0.0751314800901577,D2267
Replica1,D,PHE76,393,29.526671675432,F2311
Replica1,I,PHE263,298,22.389181066867,F1196
Replica1,C,PHE30,863,64.8384673178062,F1977
Replica1,B,THR9,137,10.2930127723516,T1676
Replica1,E,PHE7,494,37.1149511645379,F940
Replica1,E,ARG396,12,0.901577761081893,R1329
Replica1,E,VAL385,1187,89.1810668670173,V1318
Replica1,H,CYS249,646,48.5349361382419,C2484
Replica1,H,MET242,1113,83.6213373403456,M2477
Replica1,L,ILE248,806,60.5559729526672,I2483
Replica1,L,VAL245,779,58.5274229902329,V2480
Replica1,L,MET109,14,1.05184072126221,M2344
Replica1,E,ILE302,24,1.80315552216379,I1235
Replica1,L,ASN124,699,52.5169045830203,N2359
Replica1,L,LEU125,670,50.3380916604057,L2360
Replica1,L,PHE121,88,6.61157024793388,F2356
Replica1,L,VAL34,261,19.6093163035312,V2269
Replica1,A,ALA152,266,19.984973703982,A1085
Replica1,L,ARG88,676,50.7888805409467,R2323
Replica1,E,TYR253,163,12.2464312546957,Y1186
Replica1,L,PHE168,753,56.5740045078888,F2403
Replica1,L,LEU30,220,16.5289256198347,L2265
Replica1,L,THR33,606,45.5296769346356,T2268
Replica1,A,LEU151,852,64.0120210368144,L1084
Replica1,A,SER67,114,8.56498873027799,S1000
Replica1,A,THR71,472,35.4620586025545,T1004
Replica1,A,CYS70,336,25.244177310293,C1003
Replica1,A,LEU148,781,58.6776859504132,L1081
Replica1,A,VAL155,276,20.7362885048835,V1088
Replica1,A,PHE266,293,22.0135236664162,F1199
Replica1,I,ARG159,10,0.751314800901578,R1092
Replica1,I,HSD160,35,2.62960180315552,H1093
Replica1,D,THR78,369,27.7235161532682,T2313
Replica1,I,CYS259,231,17.3553719008264,C1192
Replica1,A,ARG243,2,0.150262960180316,R1176
Replica1,A,PHE400,76,5.70999248685199,F1333
Replica1,A,PHE469,21,1.57776108189331,F1402
Replica1,A,ILE399,174,13.0728775356875,I1332
Replica1,A,PHE256,472,35.4620586025545,F1189
Replica1,E,ARG159,196,14.7257700976709,R1092
Replica1,E,VAL155,194,14.5755071374906,V1088
Replica1,E,THR71,316,23.7415477084899,T1004
Replica1,E,ALA152,318,23.8918106686702,A1085
Replica1,E,MET82,387,29.0758827948911,M1015
Replica1,L,ALA234,147,11.0443275732532,A2469
Replica1,B,LEU7,189,14.1998497370398,L1674
Replica1,H,SER511,455,34.1848234410218,S2746
Replica1,H,VAL515,419,31.4800901577761,V2750
Replica1,H,PHE519,552,41.4725770097671,F2754
Replica1,E,PHE179,249,18.7077385424493,F1112
Replica1,E,PHE202,504,37.8662659654395,F1135
Replica1,H,PHE10,92,6.91209616829452,F2245
Replica1,H,LEU92,78,5.86025544703231,L2327
Replica1,H,ILE14,34,2.55447032306536,I2249
Replica1,H,ILE100,395,29.6769346356123,I2335
Replica1,H,ILE74,205,15.4019534184823,I2309
Replica1,H,LEU73,386,29.0007513148009,L2308
Replica1,H,VAL70,359,26.9722013523666,V2305
Replica1,H,MET71,22,1.65289256198347,M2306
Replica1,H,LEU69,227,17.0548459804658,L2304
Replica1,H,GLY77,99,7.43801652892562,G2312
Replica1,A,LYS6,45,3.3809166040571,K939
Replica1,H,ASP23,4,0.300525920360631,D2258
Replica1,I,ASP189,50,3.75657400450789,D1122
Replica1,A,ASP188,10,0.751314800901578,D1121
Replica1,K,PHE23,65,4.88354620586026,F1970
Replica1,H,ASN163,179,13.4485349361382,N2398
Replica1,A,ARG159,128,9.6168294515402,R1092
Replica1,H,GLN1,88,6.61157024793388,Q2236
Replica1,D,PRO495,7,0.525920360631105,P2730
Replica1,D,SER496,186,13.9744552967693,S2731
Replica1,D,LEU497,440,33.0578512396694,L2732
Replica1,D,PRO494,1,0.0751314800901577,P2729
Replica1,D,GLY498,68,5.10894064613073,G2733
Replica1,D,ALA501,13,0.976709241172051,A2736
Replica1,D,ILE505,99,7.43801652892562,I2740
Replica1,C,ARG122,264,19.8347107438017,R2069
Replica1,E,PHE283,12,0.901577761081893,F1216
Replica1,E,ILE293,3,0.225394440270473,I1226
Replica1,K,ILE118,181,13.5987978963186,I2065
Replica1,B,LEU17,208,15.6273478587528,L1684
Replica1,D,LEU73,615,46.205860255447,L2308
Replica1,L,ILE250,170,12.7723516153268,I2485
Replica1,H,ARG174,41,3.08039068369647,R2409
Replica1,E,ARG277,86,6.46130728775357,R1210
Replica1,G,LYS114,67,5.03380916604057,K2061
Replica1,I,PHE17,545,40.946656649136,F950
Replica1,I,PHE212,174,13.0728775356875,F1145
Replica1,I,LEU238,2,0.150262960180316,L1171
Replica1,L,GLY47,1187,89.1810668670173,G2282
Replica1,L,PRO65,1203,90.3831705484598,P2300
Replica1,L,LEU69,1323,99.3989481592787,L2304
Replica1,L,PRO177,595,44.7032306536439,P2412
Replica1,D,TRP44,167,12.5469571750563,W2279
Replica1,D,PHE41,223,16.7543200601052,F2276
Replica1,D,LEU129,129,9.69196093163035,L2364
Replica1,D,ILE38,115,8.64012021036814,I2273
Replica1,D,VAL34,83,6.2359128474831,V2269
Replica1,D,LEU30,36,2.70473328324568,L2265
Replica1,A,THR395,178,13.3734034560481,T1328
Replica1,G,TYR141,378,28.3996994740796,Y2088
Replica1,G,ILE144,407,30.5785123966942,I2091
Replica1,H,ILE112,17,1.27723516153268,I2347
Replica1,H,PHE103,344,25.8452291510143,F2338
Replica1,G,LEU71,232,17.4305033809166,L2018
Replica1,G,LEU74,234,17.5807663410969,L2021
Replica1,A,LYS196,125,9.39143501126972,K1129
Replica1,I,PRO272,235,17.6558978211871,P1205
Replica1,I,PRO273,162,12.1712997746056,P1206
Replica1,I,PRO125,7,0.525920360631105,P1058
Replica1,I,LEU44,85,6.38617580766341,L977
Replica1,I,VAL129,17,1.27723516153268,V1062
Replica1,I,PHE45,11,0.826446280991736,F978
Replica1,I,TRP73,148,11.1194590533434,W1006
Replica1,I,VAL48,115,8.64012021036814,V981
Replica1,I,VAL69,164,12.3215627347859,V1002
Replica1,D,VAL40,42,3.15552216378663,V2275
Replica1,A,ILE497,202,15.1765589782119,I1430
Replica1,C,SER62,6,0.450788880540947,S2009
Replica1,D,LEU101,225,16.9045830202855,L2336
Replica1,I,TYR287,342,25.694966190834,Y1220
Replica1,E,PHE17,587,44.1021788129226,F950
Replica1,E,LEU14,768,57.7009767092412,L947
Replica1,K,GLU46,1,0.0751314800901577,E1993
Replica1,E,VAL76,510,38.3170548459805,V1009
Replica1,E,CYS80,100,7.51314800901578,C1013
Replica1,E,LEU83,339,25.4695717505635,L1016
Replica1,I,ILE26,421,31.6303531179564,I959
Replica1,I,ILE21,458,34.4102178812923,I954
Replica1,I,MET18,493,37.0398196844478,M951
Replica1,L,LEU169,40,3.00525920360631,L2404
Replica1,L,VAL165,258,19.3839218632607,V2400
Replica1,A,THR74,648,48.6851990984222,T1007
Replica1,A,SER52,190,14.27498121713,S985
Replica1,A,ALA66,6,0.450788880540947,A999
Replica1,A,SER68,168,12.6220886551465,S1001
Replica1,A,VAL48,111,8.33959429000751,V981
Replica1,A,ARG64,19,1.427498121713,R997
Replica1,A,LEU62,268,20.1352366641623,L995
Replica1,A,TRP73,331,24.8685199098422,W1006
Replica1,A,VAL76,332,24.9436513899324,V1009
Replica1,I,PHE153,57,4.28249436513899,F1086
Replica1,D,THR191,136,10.2178812922615,T2426
Replica1,I,TYR59,211,15.8527422990233,Y992
Replica1,D,ARG7,94,7.06235912847483,R2242
Replica1,E,SER68,413,31.0293012772352,S1001
Replica1,L,TYR162,6,0.450788880540947,Y2397
Replica1,L,LYS232,66,4.95867768595041,K2467
Replica1,E,ASN193,14,1.05184072126221,N1126
Replica1,H,LEU13,13,0.976709241172051,L2248
Replica1,H,PHE9,22,1.65289256198347,F2244
Replica1,H,GLY93,35,2.62960180315552,G2328
Replica1,F,TRP16,1187,89.1810668670173,W1683
Replica1,I,ILE501,300,22.5394440270473,I1434
Replica1,E,VAL267,445,33.4335086401202,V1200
Replica1,I,TYR380,317,23.81667918858,Y1313
Replica1,E,ILE229,217,16.3035311795642,I1162
Replica1,E,LEU257,44,3.30578512396694,L1190
Replica1,E,GLY236,199,14.9511645379414,G1169
Replica1,E,TYR239,296,22.2389181066867,Y1172
Replica1,C,PRO127,309,23.2156273478588,P2074
Replica1,D,ILE243,145,10.8940646130729,I2478
Replica1,B,TRP16,93,6.98722764838467,W1683
Replica1,D,ARG521,369,27.7235161532682,R2756
Replica1,E,GLN467,5,0.375657400450789,Q1400
Replica1,L,LYS48,903,67.8437265214125,K2283
Replica1,L,ILE39,413,31.0293012772352,I2274
Replica1,H,VAL513,735,55.221637866266,V2748
Replica1,L,PHE178,541,40.6461307287754,F2413
Replica1,L,LEU182,295,22.1637866265965,L2417
Replica1,I,ILE466,294,22.0886551465064,I1399
Replica1,K,ASP142,3,0.225394440270473,D2089
Replica1,G,LEU41,344,25.8452291510143,L1988
Replica1,G,TYR38,124,9.31630353117956,Y1985
Replica1,G,PHE151,64,4.8084147257701,F2098
Replica1,D,GLN1,365,27.4229902329076,Q2236
Replica1,A,GLY456,39,2.93012772351615,G1389
Replica1,G,MET77,26,1.9534184823441,M2024
Replica1,A,ILE26,228,17.129977460556,I959
Replica1,A,LEU24,72,5.40946656649136,L957
Replica1,A,PHE179,15,1.12697220135237,F1112
Replica1,A,ASN200,25,1.87828700225394,N1133
Replica1,A,ILE178,5,0.375657400450789,I1111
Replica1,I,PHE94,42,3.15552216378663,F1027
Replica1,L,SER511,261,19.6093163035312,S2746
Replica1,L,ALA510,190,14.27498121713,A2745
Replica1,L,GLY507,241,18.106686701728,G2742
Replica1,L,LEU508,205,15.4019534184823,L2743
Replica1,L,MET506,120,9.01577761081893,M2741
Replica1,L,VAL513,30,2.25394440270473,V2748
Replica1,E,ASN143,29,2.17881292261458,N1076
Replica1,E,TRP383,129,9.69196093163035,W1316
Replica1,H,LEU169,586,44.0270473328325,L2404
Replica1,D,VAL515,284,21.3373403456048,V2750
Replica1,E,PRO125,112,8.41472577009767,P1058
Replica1,E,TRP73,94,7.06235912847483,W1006
Replica1,E,ILE77,14,1.05184072126221,I1010
Replica1,L,VAL133,98,7.36288504883546,V2368
Replica1,L,LEU175,927,69.6468820435763,L2410
Replica1,A,THR156,160,12.0210368144252,T1089
Replica1,A,HSD160,63,4.73328324567994,H1093
Replica1,A,GLY270,231,17.3553719008264,G1203
Replica1,J,THR14,19,1.427498121713,T1681
Replica1,A,PHE298,409,30.7287753568745,F1231
Replica1,A,LEU296,324,24.3425995492111,L1229
Replica1,D,TYR11,16,1.20210368144252,Y2246
Replica1,E,TYR158,239,17.9564237415477,Y1091
Replica1,L,TYR164,655,49.2111194590533,Y2399
Replica1,L,GLY238,240,18.0315552216379,G2473
Replica1,C,PHE104,546,41.0217881292262,F2051
Replica1,H,TYR11,13,0.976709241172051,Y2246
Replica1,H,THR90,23,1.72802404207363,T2325
Replica1,A,ASP371,6,0.450788880540947,D1304
Replica1,H,LYS233,254,19.0833959429001,K2468
Replica1,I,ILE376,291,21.8632607062359,I1309
Replica1,G,LEU67,320,24.0420736288505,L2014
Replica1,I,PHE288,318,23.8918106686702,F1221
Replica1,I,PHE266,370,27.7986476333584,F1199
Replica1,E,PHE225,223,16.7543200601052,F1158
Replica1,E,CYS452,56,4.20736288504884,C1385
Replica1,E,TRP233,193,14.5003756574005,W1166
Replica1,K,TYR124,66,4.95867768595041,Y2071
Replica1,K,PHE125,290,21.7881292261458,F2072
Replica1,K,VAL100,885,66.4913598797896,V2047
Replica1,C,LYS114,18,1.35236664162284,K2061
Replica1,C,PHE109,556,41.7731029301277,F2056
Replica1,I,TYR312,137,10.2930127723516,Y1245
Replica1,I,PHE503,81,6.08564988730278,F1436
Replica1,A,ILE389,2,0.150262960180316,I1322
Replica1,I,ARG277,389,29.2261457550714,R1210
Replica1,I,TYR47,265,19.9098422238918,Y980
Replica1,A,ILE78,762,57.2501878287002,I1011
Replica1,E,LEU24,295,22.1637866265965,L957
Replica1,L,LEU497,207,15.5522163786627,L2732
Replica1,I,LEU24,360,27.0473328324568,L957
Replica1,A,TYR163,3,0.225394440270473,Y1096
Replica1,A,ALA149,202,15.1765589782119,A1082
Replica1,A,LEU145,425,31.9308790383171,L1078
Replica1,E,TYR59,108,8.11419984973704,Y992
Replica1,E,CYS255,257,19.3087903831706,C1188
Replica1,A,ASN143,252,18.9331329827198,N1076
Replica1,A,ASN46,624,46.8820435762585,N979
Replica1,A,ILE269,51,3.83170548459805,I1202
Replica1,I,LEU151,5,0.375657400450789,L1084
Replica1,A,LYS444,2,0.150262960180316,K1377
Replica1,A,PHE225,395,29.6769346356123,F1158
Replica1,A,TYR297,39,2.93012772351615,Y1230
Replica1,L,GLN1,358,26.8970698722765,Q2236
Replica1,H,VAL99,155,11.6453794139745,V2334
Replica1,H,PHE132,404,30.3531179564237,F2367
Replica1,C,PRO28,40,3.00525920360631,P1975
Replica1,A,LYS374,27,2.02854996243426,K1307
Replica1,I,MET372,189,14.1998497370398,M1305
Replica1,H,ASN166,158,11.8707738542449,N2401
Replica1,D,PRO5,62,4.65815176558978,P2240
Replica1,L,LEU255,357,26.8219383921863,L2490
Replica1,E,ALA274,170,12.7723516153268,A1207
Replica1,L,VAL64,659,49.511645379414,V2299
Replica1,I,ARG460,179,13.4485349361382,R1393
Replica1,K,HSD152,4,0.300525920360631,H2099
Replica1,K,LEU149,3,0.225394440270473,L2096
Replica1,G,VAL48,144,10.8189331329827,V1995
Replica1,I,TYR226,656,49.2862509391435,Y1159
Replica1,I,PHE256,697,52.36664162284,F1189
Replica1,I,TYR253,588,44.1773102930128,Y1186
Replica1,I,HSD230,664,49.8873027798648,H1163
Replica1,I,ILE260,590,44.3275732531931,I1193
Replica1,I,VAL249,410,30.8039068369647,V1182
Replica1,I,TRP233,889,66.7918858001503,W1166
Replica1,A,ILE455,109,8.1893313298272,I1388
Replica1,D,ARG183,110,8.26446280991735,R2418
Replica1,E,GLN509,737,55.3719008264463,Q1442
Replica1,E,LEU381,1142,85.8001502629602,L1314
Replica1,E,ILE34,73,5.48459804658152,I967
Replica1,C,ALA61,3,0.225394440270473,A2008
Replica1,E,TRP20,161,12.0961682945154,W953
Replica1,E,MET372,112,8.41472577009767,M1305
Replica1,E,PRO280,2,0.150262960180316,P1213
Replica1,E,VAL303,82,6.16078136739294,V1236
Replica1,L,GLY172,589,44.2524417731029,G2407
Replica1,A,VAL157,26,1.9534184823441,V1090
Replica1,E,PRO251,29,2.17881292261458,P1184
Replica1,A,TYR158,114,8.56498873027799,Y1091
Replica1,A,ILE446,150,11.2697220135237,I1379
Replica1,L,ARG152,1,0.0751314800901577,R2387
Replica1,H,VAL95,4,0.300525920360631,V2330
Replica1,I,LEU146,304,22.839969947408,L1079
Replica1,H,LYS232,206,15.4770848985725,K2467
Replica1,H,LYS160,53,3.98196844477836,K2395
Replica1,H,VAL4,14,1.05184072126221,V2239
Replica1,E,PHE298,30,2.25394440270473,F1231
Replica1,A,GLY285,522,39.2186326070624,G1218
Replica1,A,ARG282,71,5.3343350864012,R1215
Replica1,I,GLN221,81,6.08564988730278,Q1154
Replica1,I,VAL218,185,13.8993238166792,V1151
Replica1,I,PHE309,45,3.3809166040571,F1242
Replica1,K,LEU146,63,4.73328324567994,L2093
Replica1,I,ILE292,164,12.3215627347859,I1225
Replica1,I,LEU296,286,21.4876033057851,L1229
Replica1,I,ALA227,532,39.9699474079639,A1160
Replica1,C,VAL93,413,31.0293012772352,V2040
Replica1,G,ILE70,136,10.2178812922615,I2017
Replica1,D,PHE178,18,1.35236664162284,F2413
Replica1,D,GLN75,63,4.73328324567994,Q2310
Replica1,D,VAL72,62,4.65815176558978,V2307
Replica1,A,CYS75,441,33.1329827197596,C1008
Replica1,I,TYR201,1,0.0751314800901577,Y1134
Replica1,H,LEU125,569,42.7498121712998,L2360
Replica1,E,VAL48,460,34.5604808414726,V981
Replica1,L,LYS120,234,17.5807663410969,K2355
Replica1,F,LEU17,479,35.9879789631856,L1684
Replica1,A,PHE153,254,19.0833959429001,F1086
Replica1,I,TYR369,459,34.4853493613824,Y1302
Replica1,L,VAL81,590,44.3275732531931,V2316
Replica1,L,ALA84,646,48.5349361382419,A2319
Replica1,L,PHE97,234,17.5807663410969,F2332
Replica1,E,LEU3,458,34.4102178812923,L936
Replica1,H,GLY104,56,4.20736288504884,G2339
Replica1,C,GLN27,3,0.225394440270473,Q1974
Replica1,A,GLN509,7,0.525920360631105,Q1442
Replica1,K,ILE64,84,6.31104432757325,I2011
Replica1,D,LEU69,236,17.7310293012772,L2304
Replica1,C,GLY108,335,25.1690458302029,G2055
Replica1,E,PRO272,324,24.3425995492111,P1205
Replica1,E,PHE266,773,58.076634109692,F1199
Replica1,I,ASN289,65,4.88354620586026,N1222
Replica1,I,LYS252,57,4.28249436513899,K1185
Replica1,H,ILE37,447,33.5837716003005,I2272
Replica1,L,TRP108,5,0.375657400450789,W2343
Replica1,K,SER60,2,0.150262960180316,S2007
Replica1,G,THR40,200,15.0262960180316,T1987
Replica1,F,ILE20,364,27.3478587528174,I1687
Replica1,L,VAL99,169,12.6972201352367,V2334
Replica1,L,LEU27,25,1.87828700225394,L2262
Replica1,A,VAL39,155,11.6453794139745,V972
Replica1,A,LEU50,66,4.95867768595041,L983
Replica1,A,VAL42,33,2.47933884297521,V975
Replica1,A,SER43,216,16.2283996994741,S976
Replica1,A,GLN618,13,0.976709241172051,Q1551
Replica1,H,GLY507,442,33.2081141998497,G2742
Replica1,H,LEU101,43,3.23065364387679,L2336
Replica1,A,TYR197,29,2.17881292261458,Y1130
Replica1,A,ARG511,138,10.3681442524418,R1444
Replica1,E,LEU86,291,21.8632607062359,L1019
Replica1,D,MET239,101,7.58827948910594,M2474
Replica1,D,GLY240,80,6.01051840721262,G2475
Replica1,D,TYR237,276,20.7362885048835,Y2472
Replica1,D,ASN124,46,3.45604808414726,N2359
Replica1,D,VAL126,30,2.25394440270473,V2361
Replica1,H,GLN63,26,1.9534184823441,Q2298
Replica1,D,TRP252,338,25.3944402704733,W2487
Replica1,G,PHE107,106,7.96393688955673,F2054
Replica1,L,GLU61,3,0.225394440270473,E2296
Replica1,L,GLN123,396,29.7520661157025,Q2358
Replica1,E,MET18,489,36.7392937640872,M951
Replica1,L,LYS89,68,5.10894064613073,K2324
Replica1,A,ASN144,696,52.2915101427498,N1077
Replica1,A,GLU41,67,5.03380916604057,E974
Replica1,E,VAL69,257,19.3087903831706,V1002
Replica1,H,VAL24,37,2.77986476333584,V2259
Replica1,I,ILE388,86,6.46130728775357,I1321
Replica1,K,LEU140,366,27.4981217129977,L2087
Replica1,J,VAL10,157,11.7956423741548,V1677
Replica1,E,THR88,207,15.5522163786627,T1021
Replica1,J,LEU5,266,19.984973703982,L1672
Replica1,D,GLN123,5,0.375657400450789,Q2358
Replica1,D,PHE132,201,15.1014274981217,F2367
Replica1,D,PRO254,481,36.1382419233659,P2489
Replica1,I,VAL308,50,3.75657400450789,V1241
Replica1,I,ALA494,56,4.20736288504884,A1427
Replica1,I,SER215,112,8.41472577009767,S1148
Replica1,I,TYR297,158,11.8707738542449,Y1230
Replica1,A,ILE89,132,9.91735537190083,I1022
Replica1,D,ILE112,218,16.3786626596544,I2347
Replica1,D,TRP108,41,3.08039068369647,W2343
Replica1,E,VAL16,28,2.10368144252442,V949
Replica1,E,TRP128,209,15.702479338843,W1061
Replica1,E,LEU44,244,18.3320811419985,L977
Replica1,I,TRP20,329,24.7182569496619,W953
Replica1,J,ALA8,17,1.27723516153268,A1675
Replica1,E,SER67,43,3.23065364387679,S1000
Replica1,A,SER500,27,2.02854996243426,S1433
Replica1,C,ASN128,131,9.84222389181067,N2075
Replica1,G,PHE125,99,7.43801652892562,F2072
Replica1,I,ARG222,187,14.0495867768595,R1155
Replica1,L,LEU73,1168,87.7535687453043,L2308
Replica1,I,PRO109,1,0.0751314800901577,P1042
Replica1,D,VAL4,37,2.77986476333584,V2239
Replica1,G,LEU146,34,2.55447032306536,L2093
Replica1,H,GLN171,406,30.5033809166041,Q2406
Replica1,H,PHE173,330,24.7933884297521,F2408
Replica1,H,LEU179,71,5.3343350864012,L2414
Replica1,H,THR33,254,19.0833959429001,T2268
Replica1,I,LYS196,104,7.81367392937641,K1129
Replica1,L,VAL80,1203,90.3831705484598,V2315
Replica1,A,TRP620,3,0.225394440270473,W1553
Replica1,A,LYS40,7,0.525920360631105,K973
Replica1,F,SER12,928,69.7220135236664,S1679
Replica1,C,VAL100,165,12.396694214876,V2047
Replica1,A,MET402,58,4.35762584522915,M1335
Replica1,C,TYR103,118,8.86551465063862,Y2050
Replica1,L,PHE499,229,17.2051089406461,F2734
Replica1,H,PHE499,228,17.129977460556,F2734
Replica1,E,TYR265,69,5.18407212622089,Y1198
Replica1,H,VAL64,81,6.08564988730278,V2299
Replica1,L,TYR509,18,1.35236664162284,Y2744
Replica1,E,CYS268,21,1.57776108189331,C1201
Replica1,I,ASN437,8,0.601051840721262,N1370
Replica1,H,MET258,865,64.9887302779865,M2493
Replica1,I,CYS255,213,16.0030052592036,C1188
Replica1,B,PHE1,67,5.03380916604057,F1668
Replica1,L,GLY77,737,55.3719008264463,G2312
Replica1,A,TYR47,3,0.225394440270473,Y980
Replica1,E,THR74,62,4.65815176558978,T1007
Replica1,L,TYR223,11,0.826446280991736,Y2458
Replica1,E,TYR10,833,62.5845229151014,Y943
Replica1,E,LYS13,570,42.8249436513899,K946
Replica1,G,LEU78,67,5.03380916604057,L2025
Replica1,E,ILE178,264,19.8347107438017,I1111
Replica1,D,VAL133,53,3.98196844477836,V2368
Replica1,D,VAL136,77,5.78512396694215,V2371
Replica1,E,PHE469,55,4.13223140495868,F1402
Replica1,I,LEU458,4,0.300525920360631,L1391
Replica1,E,PHE45,259,19.4590533433509,F978
Replica1,A,THR387,369,27.7235161532682,T1320
Replica1,I,TRP250,590,44.3275732531931,W1183
Replica1,I,GLU248,2,0.150262960180316,E1181
Replica1,C,THR65,158,11.8707738542449,T2012
Replica1,C,ARG86,12,0.901577761081893,R2033
Replica1,D,PHE111,301,22.6145755071375,F2346
Replica1,I,ILE271,290,21.7881292261458,I1204
Replica1,I,PRO280,252,18.9331329827198,P1213
Replica1,I,ALA274,367,27.5732531930879,A1207
Replica1,I,TYR279,57,4.28249436513899,Y1212
Replica1,C,GLU121,15,1.12697220135237,E2068
Replica1,L,ALA127,16,1.20210368144252,A2362
Replica1,L,GLY42,16,1.20210368144252,G2277
Replica1,E,ARG240,320,24.0420736288505,R1173
Replica1,I,ASN143,97,7.2877535687453,N1076
Replica1,C,PHE107,217,16.3035311795642,F2054
Replica1,L,LEU167,750,56.3486100676183,L2402
Replica1,I,ASP371,4,0.300525920360631,D1304
Replica1,A,GLU209,259,19.4590533433509,E1142
Replica1,H,ASN124,247,18.557475582269,N2359
Replica1,E,THR262,261,19.6093163035312,T1195
Replica1,I,VAL76,281,21.1119459053343,V1009
Replica1,G,GLY137,22,1.65289256198347,G2084
Replica1,D,ILE527,8,0.601051840721262,I2762
Replica1,L,VAL24,1,0.0751314800901577,V2259
Replica1,F,THR15,187,14.0495867768595,T1682
Replica1,C,VAL101,435,32.6821938392186,V2048
Replica1,C,PHE105,438,32.9075882794891,F2052
Replica1,L,VAL235,75,5.63486100676183,V2470
Replica1,C,ARG85,25,1.87828700225394,R2032
Replica1,H,LEU85,7,0.525920360631105,L2320
Replica1,H,LYS94,11,0.826446280991736,K2329
Replica1,H,MET28,12,0.901577761081893,M2263
Replica1,A,PHE503,112,8.41472577009767,F1436
Replica1,K,ILE63,99,7.43801652892562,I2010
Replica1,E,PHE203,393,29.526671675432,F1136
Replica1,H,ALA510,899,67.5432006010518,A2745
Replica1,C,VAL97,329,24.7182569496619,V2044
Replica1,G,TRP75,56,4.20736288504884,W2022
Replica1,G,PRO83,5,0.375657400450789,P2030
Replica1,E,TYR33,66,4.95867768595041,Y966
Replica1,H,GLY241,1228,92.2614575507137,G2476
Replica1,I,TYR10,279,20.961682945154,Y943
Replica1,E,GLU248,12,0.901577761081893,E1181
Replica1,L,ASN163,254,19.0833959429001,N2398
Replica1,I,THR1,61,4.58302028549962,T934
Replica1,I,LEU3,326,24.4928625093914,L936
Replica1,D,SER263,2,0.150262960180316,S2498
Replica1,A,PHE17,296,22.2389181066867,F950
Replica1,L,HSD49,1087,81.6679188580015,H2284
Replica1,L,PHE68,21,1.57776108189331,F2303
Replica1,E,SER52,259,19.4590533433509,S985
Replica1,E,PHE55,299,22.4643125469572,F988
Replica1,E,PHE49,67,5.03380916604057,F982
Replica1,C,TYR94,517,38.8429752066116,Y2041
Replica1,G,LEU66,110,8.26446280991735,L2013
Replica1,I,PRO275,383,28.7753568745304,P1208
Replica1,I,TRP128,20,1.50262960180316,W1061
Replica1,L,PHE103,256,19.2336589030804,F2338
Replica1,A,LYS617,3,0.225394440270473,K1550
Replica1,L,GLN171,929,69.7971450037566,Q2406
Replica1,H,VAL81,53,3.98196844477836,V2316
Replica1,F,ARG22,122,9.16604057099925,R1689
Replica1,A,GLY207,2,0.150262960180316,G1140
Replica1,I,TRP383,274,20.5860255447032,W1316
Replica1,E,CYS463,158,11.8707738542449,C1396
Replica1,L,ALA51,1,0.0751314800901577,A2286
Replica1,I,LEU234,225,16.9045830202855,L1167
Replica1,C,TYR138,99,7.43801652892562,Y2085
Replica1,I,PHE390,280,21.0368144252442,F1323
Replica1,A,TYR33,365,27.4229902329076,Y966
Replica1,H,ILE244,1307,98.1968444778362,I2479
Replica1,A,ILE77,351,26.3711495116454,I1010
Replica1,J,VAL4,86,6.46130728775357,V1671
Replica1,J,TRP3,5,0.375657400450789,W1670
Replica1,H,LYS231,407,30.5785123966942,K2466
Replica1,C,PHE87,30,2.25394440270473,F2034
Replica1,D,PHE9,91,6.83696468820436,F2244
Replica1,A,VAL30,299,22.4643125469572,V963
Replica1,A,HSD180,4,0.300525920360631,H1113
Replica1,L,TRP252,495,37.1900826446281,W2487
Replica1,I,LYS6,69,5.18407212622089,K939
Replica1,A,LYS81,292,21.9383921863261,K1014
Replica1,I,LEU62,187,14.0495867768595,L995
Replica1,A,CYS259,361,27.122464312547,C1192
Replica1,H,VAL235,571,42.9000751314801,V2470
Replica1,I,LEU386,162,12.1712997746056,L1319
Replica1,I,ILE293,59,4.43275732531931,I1226
Replica1,K,PRO111,765,57.4755822689707,P2058
Replica1,E,LEU508,251,18.8580015026296,L1441
Replica1,I,PHE203,180,13.5236664162284,F1136
Replica1,J,SER19,1,0.0751314800901577,S1686
Replica1,I,THR262,228,17.129977460556,T1195
Replica1,I,ILE51,251,18.8580015026296,I984
Replica1,A,CYS255,193,14.5003756574005,C1188
Replica1,A,ILE260,381,28.6250939143501,I1193
Replica1,H,VAL91,1,0.0751314800901577,V2326
Replica1,L,ARG183,36,2.70473328324568,R2418
Replica1,I,VAL459,2,0.150262960180316,V1392
Replica1,L,TYR137,7,0.525920360631105,Y2372
Replica1,I,LEU137,111,8.33959429000751,L1070
Replica1,I,PHE55,226,16.9797145003757,F988
Replica1,K,MET90,363,27.2727272727273,M2037
Replica1,K,LEU143,140,10.5184072126221,L2090
Replica1,G,TYR35,30,2.25394440270473,Y1982
Replica1,D,PHE68,6,0.450788880540947,F2303
Replica1,G,PHE51,255,19.1585274229902,F1998
Replica1,L,TRP190,1097,82.4192336589031,W2425
Replica1,A,GLN264,34,2.55447032306536,Q1197
Replica1,A,PRO299,144,10.8189331329827,P1232
Replica1,H,MET239,854,64.1622839969947,M2474
Replica1,E,LEU62,234,17.5807663410969,L995
Replica1,E,CYS70,16,1.20210368144252,C1003
Replica1,H,TYR223,104,7.81367392937641,Y2458
Replica1,I,ASP290,3,0.225394440270473,D1223
Replica1,I,ASP278,74,5.55972952667168,D1211
Replica1,L,GLN75,54,4.05709992486852,Q2310
Replica1,K,GLY137,2,0.150262960180316,G2084
Replica1,G,ALA148,56,4.20736288504884,A2095
Replica1,A,ILE21,214,16.0781367392938,I954
Replica1,A,PHE203,47,3.53117956423742,F1136
Replica1,A,ILE292,90,6.7618332081142,I1225
Replica1,A,ARG142,342,25.694966190834,R1075
Replica1,D,LEU260,30,2.25394440270473,L2495
Replica1,L,MET186,1225,92.0360631104433,M2421
Replica1,H,TYR237,1230,92.4117205108941,Y2472
Replica1,H,GLY240,1172,88.0540946656649,G2475
Replica1,A,PHE45,609,45.7550713749061,F978
Replica1,D,ASP192,128,9.6168294515402,D2427
Replica1,A,TYR279,7,0.525920360631105,Y1212
Replica1,I,THR394,167,12.5469571750563,T1327
Replica1,K,VAL139,56,4.20736288504884,V2086
Replica1,K,LEU68,221,16.6040570999249,L2015
Replica1,K,THR65,7,0.525920360631105,T2012
Replica1,K,ALA91,1,0.0751314800901577,A2038
Replica1,H,VAL185,186,13.9744552967693,V2420
Replica1,H,PHE178,322,24.1923365890308,F2413
Replica1,L,TYR503,214,16.0781367392938,Y2738
Replica1,L,GLY504,199,14.9511645379414,G2739
Replica1,B,THR14,17,1.27723516153268,T1681
Replica1,A,ILE293,76,5.70999248685199,I1226
Replica1,D,GLY502,13,0.976709241172051,G2737
Replica1,D,LYS262,224,16.8294515401953,K2497
Replica1,I,ALA258,32,2.40420736288505,A1191
Replica1,E,ALA56,31,2.32907588279489,A989
Replica1,A,VAL37,86,6.46130728775357,V970
Replica1,H,PHE76,118,8.86551465063862,F2311
Replica1,H,ILE201,62,4.65815176558978,I2436
Replica1,D,PHE524,382,28.7002253944403,F2759
Replica1,G,ALA36,17,1.27723516153268,A1983
Replica1,I,ASN200,13,0.976709241172051,N1133
Replica1,A,LEU138,328,24.6431254695718,L1071
Replica1,A,LEU14,286,21.4876033057851,L947
Replica1,H,LYS518,76,5.70999248685199,K2753
Replica1,E,PHE400,122,9.16604057099925,F1333
Replica1,I,LEU412,126,9.46656649135988,L1345
Replica1,K,GLY131,3,0.225394440270473,G2078
Replica1,K,ILE72,31,2.32907588279489,I2019
Replica1,A,ILE27,342,25.694966190834,I960
Replica1,A,MET18,220,16.5289256198347,M951
Replica1,L,ARG326,3,0.225394440270473,R2561
Replica1,I,ILE29,259,19.4590533433509,I962
Replica1,I,TYR33,166,12.4718256949662,Y966
Replica1,I,SER32,6,0.450788880540947,S965
Replica1,I,LYS115,7,0.525920360631105,K1048
Replica1,I,GLY236,386,29.0007513148009,G1169
Replica1,A,PRO307,4,0.300525920360631,P1240
Replica1,A,ILE261,3,0.225394440270473,I1194
Replica1,C,LEU116,9,0.67618332081142,L2063
Replica1,C,PRO111,90,6.7618332081142,P2058
Replica1,I,THR395,128,9.6168294515402,T1328
Replica1,E,THR1,124,9.31630353117956,T934
Replica1,E,ILE89,195,14.6506386175808,I1022
Replica1,I,VAL30,218,16.3786626596544,V963
Replica1,G,GLN106,10,0.751314800901578,Q2053
Replica1,D,LEU92,150,11.2697220135237,L2327
Replica1,K,ARG29,95,7.13749060856499,R1976
Replica1,L,MET242,482,36.213373403456,M2477
Replica1,A,ARG277,2,0.150262960180316,R1210
Replica1,A,ILE271,229,17.2051089406461,I1204
Replica1,A,VAL385,28,2.10368144252442,V1318
Replica1,G,LEU55,167,12.5469571750563,L2002
Replica1,I,ILE269,25,1.87828700225394,I1202
Replica1,D,VAL251,71,5.3343350864012,V2486
Replica1,D,LEU255,93,6.98722764838467,L2490
Replica1,A,TYR140,715,53.7190082644628,Y1073
Replica1,H,GLY238,1072,80.5409466566491,G2473
Replica1,A,TYR226,5,0.375657400450789,Y1159
Replica1,I,VAL72,334,25.0939143501127,V1005
Replica1,L,LYS231,17,1.27723516153268,K2466
Replica1,H,VAL21,5,0.375657400450789,V2256
Replica1,E,SER398,12,0.901577761081893,S1331
Replica1,I,GLU493,4,0.300525920360631,E1426
Replica1,H,ALA234,387,29.0758827948911,A2469
Replica1,I,SER68,147,11.0443275732532,S1001
Replica1,I,ALA65,90,6.7618332081142,A998
Replica1,I,VAL475,1,0.0751314800901577,V1408
Replica1,I,TRP281,86,6.46130728775357,W1214
Replica1,I,CYS70,11,0.826446280991736,C1003
Replica1,L,GLY498,85,6.38617580766341,G2733
Replica1,E,VAL2,114,8.56498873027799,V935
Replica1,I,CYS211,85,6.38617580766341,C1144
Replica1,E,SER373,94,7.06235912847483,S1306
Replica1,I,HSD25,125,9.39143501126972,H958
Replica1,D,SER196,6,0.450788880540947,S2431
Replica1,I,GLN15,179,13.4485349361382,Q948
Replica1,H,LYS236,636,47.7836213373403,K2471
Replica1,D,TRP188,10,0.751314800901578,W2423
Replica1,I,ASN306,25,1.87828700225394,N1239
Replica1,C,LEU140,378,28.3996994740796,L2087
Replica1,I,CYS276,211,15.8527422990233,C1209
Replica1,I,GLY270,41,3.08039068369647,G1203
Replica1,H,GLN128,153,11.4951164537941,Q2363
Replica1,L,SER122,18,1.35236664162284,S2357
Replica1,L,LEU113,10,0.751314800901578,L2348
Replica1,D,ARG83,1,0.0751314800901577,R2318
Replica1,A,ILE229,231,17.3553719008264,I1162
Replica1,I,LEU8,70,5.25920360631104,L941
Replica1,I,LEU5,24,1.80315552216379,L938
Replica1,K,SER62,6,0.450788880540947,S2009
Replica1,C,PHE110,285,21.412471825695,F2057
Replica1,C,ALA98,334,25.0939143501127,A2045
Replica1,C,ILE99,14,1.05184072126221,I2046
Replica1,G,ASN39,1,0.0751314800901577,N1986
Replica1,A,ARG621,1,0.0751314800901577,R1554
Replica1,H,PRO67,196,14.7257700976709,P2302
Replica1,E,ARG460,240,18.0315552216379,R1393
Replica1,I,ILE77,7,0.525920360631105,I1010
Replica1,D,HSD49,10,0.751314800901578,H2284
Replica1,D,PHE43,3,0.225394440270473,F2278
Replica1,D,ILE105,28,2.10368144252442,I2340
Replica1,E,SER500,70,5.25920360631104,S1433
Replica1,I,THR71,128,9.6168294515402,T1004
Replica1,H,VAL136,161,12.0961682945154,V2371
Replica1,E,LEU5,43,3.23065364387679,L938
Replica1,L,MET258,47,3.53117956423742,M2493
Replica1,L,PRO254,67,5.03380916604057,P2489
Replica1,L,ILE74,176,13.2231404958678,I2309
Replica1,L,THR78,143,10.7438016528926,T2313
Replica1,E,ALA258,28,2.10368144252442,A1191
Replica1,G,MET47,81,6.08564988730278,M1994
Replica1,K,MET89,503,37.7911344853494,M2036
Replica1,E,GLN87,95,7.13749060856499,Q1020
Replica1,H,PHE170,58,4.35762584522915,F2405
Replica1,I,ALA286,1,0.0751314800901577,A1219
Replica1,E,ASN445,1,0.0751314800901577,N1378
Replica1,H,GLN123,38,2.854996243426,Q2358
Replica1,C,VAL132,3,0.225394440270473,V2079
Replica1,H,PHE121,12,0.901577761081893,F2356
Replica1,D,GLY66,204,15.3268219383922,G2301
Replica1,G,GLN145,58,4.35762584522915,Q2092
Replica1,E,GLY403,28,2.10368144252442,G1336
Replica1,E,PHE390,1,0.0751314800901577,F1323
Replica1,C,ASN113,36,2.70473328324568,N2060
Replica1,I,ARG64,42,3.15552216378663,R997
Replica1,K,PHE109,559,41.9984973703982,F2056
Replica1,H,ILE243,365,27.4229902329076,I2478
Replica1,D,LYS48,1,0.0751314800901577,K2283
Replica1,L,GLU325,5,0.375657400450789,E2560
Replica1,L,ILE505,68,5.10894064613073,I2740
Replica1,I,CYS75,245,18.4072126220887,C1008
Replica1,I,VAL79,370,27.7986476333584,V1012
Replica1,G,ARG44,181,13.5987978963186,R1991
Replica1,D,VAL64,95,7.13749060856499,V2299
Replica1,D,LEU169,16,1.20210368144252,L2404
Replica1,L,VAL189,973,73.1029301277235,V2424
Replica1,H,TYR162,5,0.375657400450789,Y2397
Replica1,K,LYS120,97,7.2877535687453,K2067
Replica1,K,TYR119,240,18.0315552216379,Y2066
Replica1,K,LEU67,90,6.7618332081142,L2014
Replica1,I,VAL2,130,9.76709241172051,V935
Replica1,I,LEU118,3,0.225394440270473,L1051
Replica1,H,TYR131,42,3.15552216378663,Y2366
Replica1,H,LEU140,9,0.67618332081142,L2375
Replica1,I,VAL521,148,11.1194590533434,V1454
Replica1,L,PHE257,53,3.98196844477836,F2492
Replica1,L,LEU246,281,21.1119459053343,L2481
Replica1,D,LEU197,4,0.300525920360631,L2432
Replica1,H,GLU522,125,9.39143501126972,E2757
Replica1,E,ILE51,215,16.1532682193839,I984
Replica1,D,PRO67,181,13.5987978963186,P2302
Replica1,G,VAL52,58,4.35762584522915,V1999
Replica1,G,SER45,6,0.450788880540947,S1992
Replica1,L,LEU87,3,0.225394440270473,L2322
Replica1,I,PHE409,364,27.3478587528174,F1342
Replica1,A,GLY450,76,5.70999248685199,G1383
Replica1,H,SER122,12,0.901577761081893,S2357
Replica1,L,VAL70,54,4.05709992486852,V2305
Replica1,D,VAL185,180,13.5236664162284,V2420
Replica1,E,LEU141,303,22.7648384673178,L1074
Replica1,H,GLN225,1,0.0751314800901577,Q2460
Replica1,E,ARG486,31,2.32907588279489,R1419
Replica1,E,ARG282,30,2.25394440270473,R1215
Replica1,K,TRP75,60,4.50788880540947,W2022
Replica1,E,ILE261,5,0.375657400450789,I1194
Replica1,C,ARG29,25,1.87828700225394,R1976
Replica1,A,TYR454,22,1.65289256198347,Y1387
Replica1,F,SER21,18,1.35236664162284,S1688
Replica1,G,SER84,17,1.27723516153268,S2031
Replica1,K,LEU71,65,4.88354620586026,L2018
Replica1,C,PRO69,8,0.601051840721262,P2016
Replica1,A,ALA451,13,0.976709241172051,A1384
Replica1,A,CYS452,5,0.375657400450789,C1385
Replica1,E,PHE378,109,8.1893313298272,F1311
Replica1,E,LYS374,20,1.50262960180316,K1307
Replica1,E,VAL375,16,1.20210368144252,V1308
Replica1,I,ILE525,111,8.33959429000751,I1458
Replica1,K,ARG86,101,7.58827948910594,R2033
Replica1,I,PHE518,83,6.2359128474831,F1451
Replica1,A,ASN93,31,2.32907588279489,N1026
Replica1,C,THR95,204,15.3268219383922,T2042
Replica1,A,MET315,110,8.26446280991735,M1248
Replica1,E,ARG428,8,0.601051840721262,R1361
Replica1,G,MET58,79,5.93538692712246,M2005
Replica1,H,CYS135,13,0.976709241172051,C2370
Replica1,G,ILE54,30,2.25394440270473,I2001
Replica1,E,LYS424,1,0.0751314800901577,K1357
Replica1,A,TRP295,174,13.0728775356875,W1228
Replica1,A,ILE449,150,11.2697220135237,I1382
Replica1,I,GLU209,8,0.601051840721262,E1142
Replica1,A,GLY236,204,15.3268219383922,G1169
Replica1,E,MET214,310,23.2907588279489,M1147
Replica1,I,THR88,221,16.6040570999249,T1021
Replica1,I,ILE89,100,7.51314800901578,I1022
Replica1,I,LEU83,273,20.5108940646131,L1016
Replica1,I,CYS80,75,5.63486100676183,C1013
Replica1,A,MET228,235,17.6558978211871,M1161
Replica1,A,CYS232,310,23.2907588279489,C1165
Replica1,I,ILE78,136,10.2178812922615,I1011
Replica1,I,TYR140,20,1.50262960180316,Y1073
Replica1,I,LYS81,2,0.150262960180316,K1014
Replica1,E,THR210,359,26.9722013523666,T1143
Replica1,A,ALA231,97,7.2877535687453,A1164
Replica1,E,VAL139,80,6.01051840721262,V1072
Replica1,E,GLN161,17,1.27723516153268,Q1094
Replica1,I,ASP524,105,7.88880540946657,D1457
Replica1,J,ARG35,23,1.72802404207363,R1702
Replica1,J,ARG32,36,2.70473328324568,R1699
Replica1,G,ARG85,95,7.13749060856499,R2032
Replica1,D,PRO65,126,9.46656649135988,P2300
Replica1,A,SER448,5,0.375657400450789,S1381
Replica1,H,ILE505,271,20.3606311044328,I2740
Replica1,E,SER470,1,0.0751314800901577,S1403
Replica1,E,CYS211,258,19.3839218632607,C1144
Replica1,K,LEU66,32,2.40420736288505,L2013
Replica1,I,PHE206,185,13.8993238166792,F1139
Replica1,E,SER31,22,1.65289256198347,S964
Replica1,E,GLY190,55,4.13223140495868,G1123
Replica1,I,PRO91,2,0.150262960180316,P1024
Replica1,I,GLU92,4,0.300525920360631,E1025
Replica1,E,GLN15,226,16.9797145003757,Q948
Replica1,A,LYS205,3,0.225394440270473,K1138
Replica1,H,LEU197,23,1.72802404207363,L2432
Replica1,A,GLY453,13,0.976709241172051,G1386
Replica1,K,ARG122,19,1.427498121713,R2069
Replica1,A,LEU465,70,5.25920360631104,L1398
Replica1,A,ILE466,7,0.525920360631105,I1399
Replica1,A,LEU458,29,2.17881292261458,L1391
Replica1,I,TYR197,1,0.0751314800901577,Y1130
Replica1,I,SER379,66,4.95867768595041,S1312
Replica1,I,HSD520,41,3.08039068369647,H1453
Replica1,L,PHE9,237,17.8061607813674,F2244
Replica1,H,LEU514,483,36.2885048835462,L2749
Replica1,A,ASN289,15,1.12697220135237,N1222
Replica1,E,GLY207,293,22.0135236664162,G1140
Replica1,A,CYS80,87,6.53643876784373,C1013
Replica1,H,GLY66,187,14.0495867768595,G2301
Replica1,I,LYS90,31,2.32907588279489,K1023
Replica1,K,ILE70,23,1.72802404207363,I2017
Replica1,E,GLY393,214,16.0781367392938,G1326
Replica1,A,ARG132,16,1.20210368144252,R1065
Replica1,E,THR171,1,0.0751314800901577,T1104
Replica1,E,VAL475,5,0.375657400450789,V1408
Replica1,I,SER116,25,1.87828700225394,S1049
Replica1,K,GLU121,5,0.375657400450789,E2068
Replica1,L,VAL95,27,2.02854996243426,V2330
Replica1,L,PHE170,65,4.88354620586026,F2405
Replica1,L,CYS249,371,27.8737791134485,C2484
Replica1,E,HSD186,1,0.0751314800901577,H1119
Replica1,E,TRP432,26,1.9534184823441,W1365
Replica1,L,PRO5,297,22.3140495867769,P2240
Replica1,C,TYR35,53,3.98196844477836,Y1982
Replica1,L,VAL102,4,0.300525920360631,V2337
Replica1,E,ARG241,1,0.0751314800901577,R1174
Replica1,A,VAL139,33,2.47933884297521,V1072
Replica1,K,LEU74,23,1.72802404207363,L2021
Replica1,A,ALA457,63,4.73328324567994,A1390
Replica1,H,LYS230,15,1.12697220135237,K2465
Replica1,E,TYR47,90,6.7618332081142,Y980
Replica1,I,ASN114,1,0.0751314800901577,N1047
Replica1,I,SER95,9,0.67618332081142,S1028
Replica1,I,ASN93,15,1.12697220135237,N1026
Replica1,L,GLY104,10,0.751314800901578,G2339
Replica1,I,SER368,35,2.62960180315552,S1301
Replica1,D,ALA234,110,8.26446280991735,A2469
Replica1,E,LEU151,38,2.854996243426,L1084
Replica1,L,GLY517,1,0.0751314800901577,G2752
Replica1,E,ALA407,6,0.450788880540947,A1340
Replica1,D,ASP62,2,0.150262960180316,D2297
Replica1,D,GLN63,1,0.0751314800901577,Q2298
Replica1,E,GLU154,10,0.751314800901578,E1087
Replica1,L,TRP130,33,2.47933884297521,W2365
Replica1,L,PHE519,301,22.6145755071375,F2754
Replica1,I,HSD12,9,0.67618332081142,H945
Replica1,I,GLU9,18,1.35236664162284,E942
Replica1,D,LEU500,14,1.05184072126221,L2735
Replica1,L,LYS262,3,0.225394440270473,K2497
Replica1,C,GLY131,7,0.525920360631105,G2078
Replica1,E,ASN144,68,5.10894064613073,N1077
Replica1,E,MET147,20,1.50262960180316,M1080
Replica1,G,LEU68,7,0.525920360631105,L2015
Replica1,G,THR65,7,0.525920360631105,T2012
Replica1,G,MET90,185,13.8993238166792,M2037
Replica1,I,ILE219,94,7.06235912847483,I1152
Replica1,I,LEU131,2,0.150262960180316,L1064
Replica1,D,PHE523,328,24.6431254695718,F2758
Replica1,J,ASP11,4,0.300525920360631,D1678
Replica1,F,SER19,184,13.824192336589,S1686
Replica1,H,ASP35,2,0.150262960180316,D2270
Replica1,I,GLY207,114,8.56498873027799,G1140
Replica1,L,ARG7,157,11.7956423741548,R2242
Replica1,G,LYS135,4,0.300525920360631,K2082
Replica1,H,LEU255,141,10.5935386927122,L2490
Replica1,A,PHE414,68,5.10894064613073,F1347
Replica1,H,PHE41,299,22.4643125469572,F2276
Replica1,E,TYR404,301,22.6145755071375,Y1337
Replica1,L,GLY502,9,0.67618332081142,G2737
Replica1,L,VAL515,132,9.91735537190083,V2750
Replica1,E,GLU92,22,1.65289256198347,E1025
Replica1,E,PRO91,224,16.8294515401953,P1024
Replica1,E,VAL129,128,9.6168294515402,V1062
Replica1,I,LYS13,126,9.46656649135988,K946
Replica1,E,PRO136,2,0.150262960180316,P1069
Replica1,E,VAL440,27,2.02854996243426,V1373
Replica1,E,ASN200,2,0.150262960180316,N1133
Replica1,L,PHE253,232,17.4305033809166,F2488
Replica1,L,ILE516,221,16.6040570999249,I2751
Replica1,L,LEU256,246,18.4823441021788,L2491
Replica1,E,ALA435,18,1.35236664162284,A1368
Replica1,H,GLY504,135,10.1427498121713,G2739
Replica1,K,PHE150,15,1.12697220135237,F2097
Replica1,H,LEU158,38,2.854996243426,L2393
Replica1,A,TYR59,89,6.68670172802404,Y992
Replica1,L,ALA501,35,2.62960180315552,A2736
Replica1,A,VAL406,80,6.01051840721262,V1339
Replica1,E,VAL237,37,2.77986476333584,V1170
Replica1,E,ALA494,4,0.300525920360631,A1427
Replica1,L,ARG174,101,7.58827948910594,R2409
Replica1,E,ARG242,138,10.3681442524418,R1175
Replica1,L,GLU522,32,2.40420736288505,E2757
Replica1,I,LEU86,201,15.1014274981217,L1019
Replica1,L,VAL512,126,9.46656649135988,V2747
Replica1,I,MET443,110,8.26446280991735,M1376
Replica1,I,LYS488,26,1.9534184823441,K1421
Replica1,A,GLY403,57,4.28249436513899,G1336
Replica1,E,ALA231,52,3.9068369646882,A1164
Replica1,D,LEU13,39,2.93012772351615,L2248
Replica1,E,PRO275,67,5.03380916604057,P1208
Replica1,K,GLY108,12,0.901577761081893,G2055
Replica1,G,LEU1,8,0.601051840721262,L1948
Replica1,I,TRP36,114,8.56498873027799,W969
Replica1,E,MET223,6,0.450788880540947,M1156
Replica1,D,VAL95,30,2.25394440270473,V2330
Replica1,I,MET315,72,5.40946656649136,M1248
Replica1,A,TYR410,65,4.88354620586026,Y1343
Replica1,A,TYR436,21,1.57776108189331,Y1369
Replica1,I,PHE411,12,0.901577761081893,F1344
Replica1,I,LEU405,32,2.40420736288505,L1338
Replica1,E,LYS488,1,0.0751314800901577,K1421
Replica1,C,VAL48,104,7.81367392937641,V1995
Replica1,C,THR40,52,3.9068369646882,T1987
Replica1,C,SER45,4,0.300525920360631,S1992
Replica1,K,ARG44,45,3.3809166040571,R1991
Replica1,D,VAL165,40,3.00525920360631,V2400
Replica1,K,CYS49,4,0.300525920360631,C1996
Replica1,E,VAL438,13,0.976709241172051,V1371
Replica1,I,LEU318,4,0.300525920360631,L1251
Replica1,E,TYR163,7,0.525920360631105,Y1096
Replica1,K,ASN128,36,2.70473328324568,N2075
Replica1,I,LEU208,29,2.17881292261458,L1141
Replica1,G,VAL93,231,17.3553719008264,V2040
Replica1,G,ARG86,350,26.2960180315552,R2033
Replica1,H,LYS134,1,0.0751314800901577,K2369
Replica1,L,PHE523,28,2.10368144252442,F2758
Replica1,E,ALA65,185,13.8993238166792,A998
Replica1,K,ILE92,764,57.4004507888805,I2039
Replica1,C,ALA36,7,0.525920360631105,A1983
Replica1,L,SER259,26,1.9534184823441,S2494
Replica1,G,GLU136,2,0.150262960180316,E2083
Replica1,A,TRP464,225,16.9045830202855,W1397
Replica1,G,ILE130,66,4.95867768595041,I2077
Replica1,H,PRO65,126,9.46656649135988,P2300
Replica1,D,ILE14,25,1.87828700225394,I2249
Replica1,E,HSD12,26,1.9534184823441,H945
Replica1,L,TRP188,333,25.0187828700225,W2423
Replica1,H,TYR137,2,0.150262960180316,Y2372
Replica1,E,LYS90,126,9.46656649135988,K1023
Replica1,E,ARG324,4,0.300525920360631,R1257
Replica1,F,VAL4,25,1.87828700225394,V1671
Replica1,K,ALA36,6,0.450788880540947,A1983
Replica1,H,LEU167,144,10.8189331329827,L2402
Replica1,L,HSD106,2,0.150262960180316,H2341
Replica1,I,PHE298,199,14.9511645379414,F1231
Replica1,L,LYS230,10,0.751314800901578,K2465
Replica1,E,LEU489,2,0.150262960180316,L1422
Replica1,E,LEU234,3,0.225394440270473,L1167
Replica1,I,PHE363,18,1.35236664162284,F1296
Replica1,I,VAL375,8,0.601051840721262,V1308
Replica1,D,GLU61,4,0.300525920360631,E2296
Replica1,E,LEU471,10,0.751314800901578,L1404
Replica1,D,LEU59,1,0.0751314800901577,L2294
Replica1,L,ASN433,3,0.225394440270473,N2668
Replica1,E,GLN85,137,10.2930127723516,Q1018
Replica1,L,ARG83,11,0.826446280991736,R2318
Replica1,I,PHE382,1,0.0751314800901577,F1315
Replica1,L,LEU500,42,3.15552216378663,L2735
Replica1,A,ARG460,44,3.30578512396694,R1393
Replica1,I,LYS40,40,3.00525920360631,K973
Replica1,E,LYS6,175,13.1480090157776,K939
Replica1,L,THR180,9,0.67618332081142,T2415
Replica1,D,GLU181,8,0.601051840721262,E2416
Replica1,I,LEU187,4,0.300525920360631,L1120
Replica1,A,ARG510,2,0.150262960180316,R1443
Replica1,E,LYS81,51,3.83170548459805,K1014
Replica1,H,GLY228,3,0.225394440270473,G2463
Replica1,H,ARG227,34,2.55447032306536,R2462
Replica1,H,GLN229,2,0.150262960180316,Q2464
Replica1,H,PRO226,5,0.375657400450789,P2461
Replica1,I,HSD186,20,1.50262960180316,H1119
Replica1,E,SER448,4,0.300525920360631,S1381
Replica1,H,VAL520,155,11.6453794139745,V2755
Replica1,H,GLY517,15,1.12697220135237,G2752
Replica1,I,ARG240,316,23.7415477084899,R1173
Replica1,C,LEU55,238,17.8812922614576,L2002
Replica1,D,VAL235,86,6.46130728775357,V2470
Replica1,A,ARG240,485,36.4387678437265,R1173
Replica1,C,LYS102,51,3.83170548459805,K2049
Replica1,A,LEU22,12,0.901577761081893,L955
Replica1,E,ALA227,3,0.225394440270473,A1160
Replica1,I,TYR204,5,0.375657400450789,Y1137
Replica1,L,TYR86,2,0.150262960180316,Y2321
Replica1,E,LYS444,10,0.751314800901578,K1377
Replica1,E,ALA54,1,0.0751314800901577,A987
Replica1,I,LYS205,2,0.150262960180316,K1138
Replica1,E,LYS61,105,7.88880540946657,K994
Replica1,H,ARG521,23,1.72802404207363,R2756
Replica1,A,GLN87,23,1.72802404207363,Q1020
Replica1,C,LYS120,9,0.67618332081142,K2067
Replica1,E,VAL512,6,0.450788880540947,V1445
Replica1,E,TYR201,2,0.150262960180316,Y1134
Replica1,I,SER528,3,0.225394440270473,S1461
Replica1,D,ASP187,1,0.0751314800901577,D2422
Replica1,H,THR78,49,3.68144252441773,T2313
Replica1,E,ILE389,1033,77.610818933133,I1322
Replica1,K,GLU96,808,60.7062359128475,E2043
Replica1,I,PHE414,361,27.122464312547,F1347
Replica1,H,ILE261,400,30.0525920360631,I2496
Replica1,A,VAL2,41,3.08039068369647,V935
Replica1,E,PHE382,6,0.450788880540947,F1315
Replica1,I,LEU413,253,19.0082644628099,L1346
Replica1,K,ILE99,92,6.91209616829452,I2046
Replica1,D,SER525,41,3.08039068369647,S2760
Replica1,L,ASP35,1,0.0751314800901577,D2270
Replica1,E,TYR410,24,1.80315552216379,Y1343
Replica1,E,LEU413,52,3.9068369646882,L1346
Replica1,A,PHE212,1,0.0751314800901577,F1145
Replica1,I,VAL406,417,31.3298271975958,V1339
Replica1,I,MET402,208,15.6273478587528,M1335
Replica1,G,ILE99,13,0.976709241172051,I2046
Replica1,L,ARG119,10,0.751314800901578,R2354
Replica1,E,TRP430,282,21.1870773854245,W1363
Replica1,A,GLU162,11,0.826446280991736,E1095
Replica1,E,PHE409,101,7.58827948910594,F1342
Replica1,G,TYR124,43,3.23065364387679,Y2071
Replica1,L,VAL520,31,2.32907588279489,V2755
Replica1,E,ASN289,9,0.67618332081142,N1222
Replica1,E,TYR287,26,1.9534184823441,Y1220
Replica1,I,LYS294,4,0.300525920360631,K1227
Replica1,I,ARG486,27,2.02854996243426,R1419
Replica1,H,VAL80,40,3.00525920360631,V2315
Replica1,D,LEU247,33,2.47933884297521,L2482
Replica1,L,SER434,1,0.0751314800901577,S2669
Replica1,I,ASN193,2,0.150262960180316,N1126
Replica1,I,PRO361,2,0.150262960180316,P1294
Replica1,A,TRP383,334,25.0939143501127,W1316
Replica1,L,PHE10,229,17.2051089406461,F2245
Replica1,K,PHE107,164,12.3215627347859,F2054
Replica1,E,ASN437,268,20.1352366641623,N1370
Replica1,E,TYR436,106,7.96393688955673,Y1369
Replica1,E,ILE434,104,7.81367392937641,I1367
Replica1,E,LEU433,618,46.4312546957175,L1366
Replica1,C,ILE92,6,0.450788880540947,I2039
Replica1,E,VAL249,46,3.45604808414726,V1182
Replica1,I,ILE399,246,18.4823441021788,I1332
Replica1,F,THR14,8,0.601051840721262,T1681
Replica1,E,LEU386,17,1.27723516153268,L1319
Replica1,E,CYS401,4,0.300525920360631,C1334
Replica1,G,THR95,10,0.751314800901578,T2042
Replica1,I,LYS28,17,1.27723516153268,K961
Replica1,C,GLN106,4,0.300525920360631,Q2053
Replica1,E,ASP189,5,0.375657400450789,D1122
Replica1,H,VAL189,11,0.826446280991736,V2424
Replica1,E,TRP53,10,0.751314800901578,W986
Replica1,G,TRP88,3,0.225394440270473,W2035
Replica1,G,PHE110,162,12.1712997746056,F2057
Replica1,D,TYR164,104,7.81367392937641,Y2399
Replica1,D,LEU27,5,0.375657400450789,L2262
Replica1,F,GLU23,5,0.375657400450789,E1690
Replica1,K,TRP88,89,6.68670172802404,W2035
Replica1,I,ILE364,1,0.0751314800901577,I1297
Replica1,G,HSD152,3,0.225394440270473,H2099
Replica1,E,THR394,29,2.17881292261458,T1327
Replica1,E,ILE441,8,0.601051840721262,I1374
Replica1,E,ASN217,10,0.751314800901578,N1150
Replica1,A,GLY130,1,0.0751314800901577,G1063
Replica1,H,PHE68,1,0.0751314800901577,F2303
Replica1,E,LEU507,6,0.450788880540947,L1440
Replica1,E,TYR429,6,0.450788880540947,Y1362
Replica1,I,PHE439,127,9.54169797145004,F1372
Replica1,C,THR59,101,7.58827948910594,T2006
Replica1,C,VAL139,200,15.0262960180316,V2086
Replica1,C,TYR141,163,12.2464312546957,Y2088
Replica1,L,SER496,65,4.88354620586026,S2731
Replica1,L,ILE261,1,0.0751314800901577,I2496
Replica1,H,PHE523,268,20.1352366641623,F2758
Replica1,E,GLU162,23,1.72802404207363,E1095
Replica1,I,TRP432,196,14.7257700976709,W1365
Replica1,I,LEU471,44,3.30578512396694,L1404
Replica1,I,PHE469,140,10.5184072126221,F1402
Replica1,I,SER470,35,2.62960180315552,S1403
Replica1,I,LEU489,242,18.1818181818182,L1422
Replica1,K,ARG85,53,3.98196844477836,R2032
Replica1,I,GLN264,92,6.91209616829452,Q1197
Replica1,I,ILE27,144,10.8189331329827,I960
Replica1,C,ILE144,302,22.6897069872277,I2091
Replica1,D,LEU167,2,0.150262960180316,L2402
Replica1,A,PRO272,132,9.91735537190083,P1205
Replica1,I,ILE150,109,8.1893313298272,I1083
Replica1,I,VAL237,328,24.6431254695718,V1170
Replica1,I,ALA231,138,10.3681442524418,A1164
Replica1,A,LYS252,239,17.9564237415477,K1185
Replica1,I,GLY403,68,5.10894064613073,G1336
Replica1,I,ILE449,46,3.45604808414726,I1382
Replica1,D,ASN163,1,0.0751314800901577,N2398
Replica1,K,TYR103,136,10.2178812922615,Y2050
Replica1,I,GLY450,18,1.35236664162284,G1383
Replica1,L,PHE111,9,0.67618332081142,F2346
Replica1,I,CYS401,1,0.0751314800901577,C1334
Replica1,G,GLN27,2,0.150262960180316,Q1974
Replica1,K,TRP162,17,1.27723516153268,W2109
Replica1,I,MET147,29,2.17881292261458,M1080
Replica1,E,LEU370,6,0.450788880540947,L1303
Replica1,E,ASP371,1,0.0751314800901577,D1304
Replica1,C,VAL52,59,4.43275732531931,V1999
Replica1,I,ARG242,138,10.3681442524418,R1175
Replica1,L,LEU59,45,3.3809166040571,L2294
Replica1,I,TYR410,417,31.3298271975958,Y1343
Replica1,E,TYR140,66,4.95867768595041,Y1073
Replica1,G,PRO28,24,1.80315552216379,P1975
Replica1,G,SER62,23,1.72802404207363,S2009
Replica1,H,GLY502,172,12.9226145755071,G2737
Replica1,E,VAL37,8,0.601051840721262,V970
Replica1,I,LYS421,64,4.8084147257701,K1354
Replica1,H,LEU500,79,5.93538692712246,L2735
Replica1,K,ARG153,113,8.48985725018783,R2100
Replica1,A,ASP417,20,1.50262960180316,D1350
Replica1,A,GLY416,7,0.525920360631105,G1349
Replica1,D,VAL116,93,6.98722764838467,V2351
Replica1,I,LEU447,25,1.87828700225394,L1380
Replica1,I,ARG396,16,1.20210368144252,R1329
Replica1,H,LYS120,1,0.0751314800901577,K2355
Replica1,D,LYS232,70,5.25920360631104,K2467
Replica1,A,PHE94,37,2.77986476333584,F1027
Replica1,L,LYS309,1,0.0751314800901577,K2544
Replica1,L,ALA31,23,1.72802404207363,A2266
Replica1,I,TYR239,354,26.5965439519159,Y1172
Replica1,E,ILE326,310,23.2907588279489,I1259
Replica1,E,LEU322,273,20.5108940646131,L1255
Replica1,E,LEU208,208,15.6273478587528,L1141
Replica1,E,PHE206,151,11.3448534936138,F1139
Replica1,H,ALA51,28,2.10368144252442,A2286
Replica1,A,TRP20,103,7.73854244928625,W953
Replica1,E,LYS176,242,18.1818181818182,K1109
Replica1,H,GLN75,6,0.450788880540947,Q2310
Replica1,E,GLN323,70,5.25920360631104,Q1256
Replica1,H,ALA52,17,1.27723516153268,A2287
Replica1,E,VAL174,72,5.40946656649136,V1107
Replica1,E,TYR204,67,5.03380916604057,Y1137
Replica1,E,SER175,92,6.91209616829452,S1108
Replica1,D,LYS231,7,0.525920360631105,K2466
Replica1,E,ASP329,73,5.48459804658152,D1262
Replica1,D,LYS233,74,5.55972952667168,K2468
Replica1,E,GLU330,74,5.55972952667168,E1263
Replica1,I,ALA407,19,1.427498121713,A1340
Replica1,E,ALA504,40,3.00525920360631,A1437
Replica1,H,THR180,45,3.3809166040571,T2415
Replica1,I,PHE400,25,1.87828700225394,F1333
Replica1,C,MET89,18,1.35236664162284,M2036
Replica1,I,ALA468,13,0.976709241172051,A1401
Replica1,L,VAL4,141,10.5935386927122,V2239
Replica1,H,ALA184,1,0.0751314800901577,A2419
Replica1,H,ASP62,8,0.601051840721262,D2297
Replica1,H,VAL72,12,0.901577761081893,V2307
Replica1,L,GLN8,94,7.06235912847483,Q2243
Replica1,E,SER215,91,6.83696468820436,S1148
Replica1,D,LYS236,22,1.65289256198347,K2471
Replica1,E,CYS319,149,11.1945905334335,C1252
Replica1,L,GLY66,10,0.751314800901578,G2301
Replica1,L,TYR11,76,5.70999248685199,Y2246
Replica1,K,GLU164,1,0.0751314800901577,E2111
Replica1,H,MET186,2,0.150262960180316,M2421
Replica1,L,GLU181,30,2.25394440270473,E2416
Replica1,I,LYS133,2,0.150262960180316,K1066
Replica1,E,CYS98,1,0.0751314800901577,C1031
Replica1,D,TRP216,5,0.375657400450789,W2451
Replica1,D,ILE212,2,0.150262960180316,I2447
Replica1,H,ARG88,18,1.35236664162284,R2323
Replica1,A,VAL512,1,0.0751314800901577,V1445
Replica1,K,TYR24,52,3.9068369646882,Y1971
Replica1,H,TRP190,15,1.12697220135237,W2425
Replica1,D,GLU522,100,7.51314800901578,E2757
Replica1,K,LYS22,1,0.0751314800901577,K1969
Replica1,E,GLU23,97,7.2877535687453,E956
Replica1,I,VAL37,9,0.67618332081142,V970
Replica1,I,GLU41,2,0.150262960180316,E974
Replica1,C,ASN39,4,0.300525920360631,N1986
Replica1,D,MET258,418,31.404958677686,M2493
Replica1,H,ALA501,16,1.20210368144252,A2736
Replica1,H,ILE105,7,0.525920360631105,I2340
Replica1,A,ALA258,18,1.35236664162284,A1191
Replica1,A,PRO58,3,0.225394440270473,P991
Replica1,A,PHE55,57,4.28249436513899,F988
Replica1,C,LEU78,4,0.300525920360631,L2025
Replica1,H,TRP108,15,1.12697220135237,W2343
Replica1,I,SER52,46,3.45604808414726,S985
Replica1,I,ASN97,1,0.0751314800901577,N1030
Replica1,E,ASN46,11,0.826446280991736,N979
Replica1,L,LEU260,110,8.26446280991735,L2495
Replica1,H,PRO495,221,16.6040570999249,P2730
Replica1,A,ILE51,3,0.225394440270473,I984
Replica1,H,GLY498,16,1.20210368144252,G2733
Replica1,I,ALA66,30,2.25394440270473,A999
Replica1,L,PRO495,10,0.751314800901578,P2730
Replica1,L,ASP187,4,0.300525920360631,D2422
Replica1,E,THR177,44,3.30578512396694,T1110
Replica1,A,PRO273,10,0.751314800901578,P1206
Replica1,J,SER28,2,0.150262960180316,S1695
Replica1,E,TYR226,30,2.25394440270473,Y1159
Replica1,A,LEU44,3,0.225394440270473,L977
Replica1,A,PHE301,3,0.225394440270473,F1234
Replica1,J,HSD60,2,0.150262960180316,H1727
Replica1,E,MET315,87,6.53643876784373,M1248
Replica1,I,GLU23,6,0.450788880540947,E956
Replica1,G,ARG122,125,9.39143501126972,R2069
Replica1,D,ASP82,3,0.225394440270473,D2317
Replica1,E,LEU318,46,3.45604808414726,L1251
Replica1,E,SER32,7,0.525920360631105,S965
Replica1,H,GLY115,1,0.0751314800901577,G2350
Replica1,H,VAL116,3,0.225394440270473,V2351
Replica1,E,LYS615,1,0.0751314800901577,K1548
Replica1,E,TRP36,2,0.150262960180316,W969
Replica1,K,LYS134,39,2.93012772351615,K2081
Replica1,H,HSD106,46,3.45604808414726,H2341
Replica1,H,PHE110,89,6.68670172802404,F2345
Replica1,C,ALA91,4,0.300525920360631,A2038
Replica1,E,VAL218,79,5.93538692712246,V1151
Replica1,E,LEU316,46,3.45604808414726,L1249
Replica1,E,LYS28,5,0.375657400450789,K961
Replica1,E,ASP181,5,0.375657400450789,D1114
Replica1,E,TRP250,61,4.58302028549962,W1183
Replica1,E,PHE212,7,0.525920360631105,F1145
Replica1,C,GLU96,2,0.150262960180316,E2043
Replica1,K,ASP26,14,1.05184072126221,D1973
Replica1,A,ALA468,35,2.62960180315552,A1401
Replica1,H,ILE268,1,0.0751314800901577,I2503
Replica1,E,GLU9,233,17.5056348610068,E942
Replica1,A,VAL249,132,9.91735537190083,V1182
Replica1,B,THR2,10,0.751314800901578,T1669
Replica1,A,PHE439,22,1.65289256198347,F1372
Replica1,A,SER95,1,0.0751314800901577,S1028
Replica1,A,VAL308,11,0.826446280991736,V1241
Replica1,A,LYS13,20,1.50262960180316,K946
Replica1,G,GLY108,29,2.17881292261458,G2055
Replica1,I,LEU22,117,8.79038317054846,L955
Replica1,A,GLU9,5,0.375657400450789,E942
Replica1,A,CYS463,16,1.20210368144252,C1396
Replica1,A,LEU471,7,0.525920360631105,L1404
Replica1,E,TRP619,47,3.53117956423742,W1552
Replica1,E,LYS617,29,2.17881292261458,K1550
Replica1,A,VAL16,1,0.0751314800901577,V949
Replica1,A,SER462,6,0.450788880540947,S1395
Replica1,A,VAL440,4,0.300525920360631,V1373
Replica1,D,VAL102,3,0.225394440270473,V2337
Replica1,H,ILE527,73,5.48459804658152,I2762
Replica1,E,LYS294,1,0.0751314800901577,K1227
Replica1,A,GLN467,18,1.35236664162284,Q1400
Replica1,A,SER470,1,0.0751314800901577,S1403
Replica1,L,SER198,115,8.64012021036814,S2433
Replica1,B,ILE20,21,1.57776108189331,I1687
Replica1,I,VAL385,1,0.0751314800901577,V1318
Replica1,I,GLY393,3,0.225394440270473,G1326
Replica1,I,THR392,1,0.0751314800901577,T1325
Replica1,D,LEU140,20,1.50262960180316,L2375
Replica1,C,MET58,25,1.87828700225394,M2005
Replica1,A,ASN291,2,0.150262960180316,N1224
Replica1,A,MET480,13,0.976709241172051,M1413
Replica1,E,PHE314,2,0.150262960180316,F1247
Replica1,E,SER425,6,0.450788880540947,S1358
Replica1,I,VAL16,55,4.13223140495868,V949
Replica1,G,PHE73,13,0.976709241172051,F2020
Replica1,H,VAL102,14,1.05184072126221,V2337
Replica1,D,TYR25,2,0.150262960180316,Y2260
Replica1,G,PHE105,124,9.31630353117956,F2052
Replica1,A,GLN221,15,1.12697220135237,Q1154
Replica1,A,ASN217,19,1.427498121713,N1150
Replica1,E,LEU57,7,0.525920360631105,L990
Replica1,C,LEU147,269,20.2103681442524,L2094
Replica1,E,TRP620,55,4.13223140495868,W1553
Replica1,A,PRO136,46,3.45604808414726,P1069
Replica1,E,VAL311,1,0.0751314800901577,V1244
Replica1,C,LEU7,4,0.300525920360631,L1954
Replica1,B,SER12,43,3.23065364387679,S1679
Replica1,G,ILE129,47,3.53117956423742,I2076
Replica1,E,HSD180,8,0.601051840721262,H1113
Replica1,I,TRP19,59,4.43275732531931,W952
Replica1,A,GLY495,3,0.225394440270473,G1428
Replica1,A,VAL218,3,0.225394440270473,V1151
Replica1,H,SER50,1,0.0751314800901577,S2285
Replica1,H,ALA45,2,0.150262960180316,A2280
Replica1,H,ALA53,2,0.150262960180316,A2288
Replica1,H,GLY42,1,0.0751314800901577,G2277
Replica1,G,GLU121,21,1.57776108189331,E2068
Replica1,L,LEU197,354,26.5965439519159,L2432
Replica1,H,PHE29,34,2.55447032306536,F2264
Replica1,E,ASN461,3,0.225394440270473,N1394
Replica1,E,TRP19,24,1.80315552216379,W952
Replica1,L,PHE29,210,15.7776108189331,F2264
Replica1,I,ILE178,1,0.0751314800901577,I1111
Replica1,A,THR262,90,6.7618332081142,T1195
Replica1,H,GLY526,82,6.16078136739294,G2761
Replica1,C,GLY137,54,4.05709992486852,G2084
Replica1,H,TRP44,15,1.12697220135237,W2279
Replica1,I,CYS366,1,0.0751314800901577,C1299
Replica1,E,LYS284,8,0.601051840721262,K1217
Replica1,C,SER4,3,0.225394440270473,S1951
Replica1,H,HSD529,17,1.27723516153268,H2764
Replica1,H,SER525,14,1.05184072126221,S2760
Replica1,H,PHE524,56,4.20736288504884,F2759
Replica1,H,SER530,21,1.57776108189331,S2765
Replica1,D,THR117,12,0.901577761081893,T2352
Replica1,D,GLY115,9,0.67618332081142,G2350
Replica1,C,GLU117,2,0.150262960180316,E2064
Replica1,I,PRO490,59,4.43275732531931,P1423
Replica1,I,ALA245,350,26.2960180315552,A1178
Replica1,L,SER196,183,13.7490608564989,S2431
Replica1,G,TYR119,15,1.12697220135237,Y2066
Replica1,F,ASP11,18,1.35236664162284,D1678
Replica1,C,ILE54,16,1.20210368144252,I2001
Replica1,I,ASN291,21,1.57776108189331,N1224
Replica1,E,HSD230,21,1.57776108189331,H1163
Replica1,E,LEU405,2,0.150262960180316,L1338
Replica1,E,ALA333,1,0.0751314800901577,A1266
Replica1,C,MET47,3,0.225394440270473,M1994
Replica1,C,ARG44,22,1.65289256198347,R1991
Replica1,G,ILE72,4,0.300525920360631,I2019
Replica1,E,ALA245,2,0.150262960180316,A1178
Replica1,E,ILE246,2,0.150262960180316,I1179
Replica1,A,VAL237,105,7.88880540946657,V1170
Replica1,A,TRP233,177,13.2982719759579,W1166
Replica1,I,ARG367,1,0.0751314800901577,R1300
Replica1,H,HSD209,1,0.0751314800901577,H2444
Replica1,H,SER493,2,0.150262960180316,S2728
Replica1,E,CYS254,5,0.375657400450789,C1187
Replica1,I,LYS61,68,5.10894064613073,K994
Replica1,I,CYS487,25,1.87828700225394,C1420
Replica1,A,ASN445,56,4.20736288504884,N1378
Replica1,A,GLU330,2,0.150262960180316,E1263
Replica1,H,ILE55,6,0.450788880540947,I2290
Replica1,L,VAL264,1,0.0751314800901577,V2499
Replica1,I,ILE397,59,4.43275732531931,I1330
Replica1,I,SER398,24,1.80315552216379,S1331
Replica1,H,THR56,3,0.225394440270473,T2291
Replica1,H,ASP54,1,0.0751314800901577,D2289
Replica1,H,SER57,8,0.601051840721262,S2292
Replica1,H,SER58,8,0.601051840721262,S2293
Replica1,H,PHE36,5,0.375657400450789,F2271
Replica1,H,VAL40,1,0.0751314800901577,V2275
Replica1,L,PHE107,16,1.20210368144252,F2342
Replica1,A,TRP19,6,0.450788880540947,W952
Replica1,L,LEU101,1,0.0751314800901577,L2336
Replica1,L,TRP216,35,2.62960180315552,W2451
Replica1,H,SER60,3,0.225394440270473,S2295
Replica1,K,GLN106,1,0.0751314800901577,Q2053
Replica1,G,LYS120,21,1.57776108189331,K2067
Replica1,A,ARG167,1,0.0751314800901577,R1100
Replica1,I,GLN87,7,0.525920360631105,Q1020
Replica1,I,GLN85,3,0.225394440270473,Q1018
Replica1,I,ASP417,18,1.35236664162284,D1350
Replica1,I,LEU418,24,1.80315552216379,L1351
Replica1,A,SER134,32,2.40420736288505,S1067
Replica1,I,PRO136,1,0.0751314800901577,P1069
Replica1,E,GLU209,1,0.0751314800901577,E1142
Replica1,L,ILE55,72,5.40946656649136,I2290
Replica1,I,ILE34,13,0.976709241172051,I967
Replica1,I,SER425,1,0.0751314800901577,S1358
Replica1,I,TYR436,11,0.826446280991736,Y1369
Replica1,I,TYR404,3,0.225394440270473,Y1337
Replica1,A,VAL375,9,0.67618332081142,V1308
Replica1,G,SER60,2,0.150262960180316,S2007
Replica1,A,TYR478,30,2.25394440270473,Y1411
Replica1,G,ASN56,5,0.375657400450789,N2003
Replica1,G,THR59,68,5.10894064613073,T2006
Replica1,G,ALA91,33,2.47933884297521,A2038
Replica1,K,PHE87,3,0.225394440270473,F2034
Replica1,I,LEU420,1,0.0751314800901577,L1353
Replica1,E,LYS244,3,0.225394440270473,K1177
Replica1,A,THR442,47,3.53117956423742,T1375
Replica1,A,MET223,49,3.68144252441773,M1156
Replica1,A,LEU234,1,0.0751314800901577,L1167
Replica1,A,ILE219,15,1.12697220135237,I1152
Replica1,L,PRO67,4,0.300525920360631,P2302
Replica1,G,ALA98,23,1.72802404207363,A2045
Replica1,G,MET89,101,7.58827948910594,M2036
Replica1,I,THR74,15,1.12697220135237,T1007
Replica1,G,GLU133,1,0.0751314800901577,E2080
Replica1,G,VAL132,10,0.751314800901578,V2079
Replica1,G,GLY131,11,0.826446280991736,G2078
Replica1,G,LYS102,1,0.0751314800901577,K2049
Replica1,A,ALA227,1,0.0751314800901577,A1160
Replica1,K,ASP163,1,0.0751314800901577,D2110
Replica1,L,SER263,13,0.976709241172051,S2498
Replica1,E,PHE414,2,0.150262960180316,F1347
Replica1,I,TYR163,3,0.225394440270473,Y1096
Replica1,C,ASN56,1,0.0751314800901577,N2003
Replica1,A,VAL459,6,0.450788880540947,V1392
Replica1,E,THR126,84,6.31104432757325,T1059
Replica1,E,TYR84,67,5.03380916604057,Y1017
Replica1,E,LEU131,52,3.9068369646882,L1064
Replica1,A,VAL311,99,7.43801652892562,V1244
Replica1,A,ARG486,4,0.300525920360631,R1419
Replica1,E,ASP124,6,0.450788880540947,D1057
Replica1,E,PRO58,1,0.0751314800901577,P991
Replica1,L,VAL185,321,24.1172051089406,V2420
Replica1,C,PHE151,254,19.0833959429001,F2098
Replica1,C,ILE155,13,0.976709241172051,I2102
Replica1,C,VAL42,26,1.9534184823441,V1989
Replica1,A,SER379,14,1.05184072126221,S1312
Replica1,E,PHE411,2,0.150262960180316,F1344
Replica1,D,PHE46,22,1.65289256198347,F2281
Replica1,D,ALA45,28,2.10368144252442,A2280
Replica1,D,GLY42,21,1.57776108189331,G2277
Replica1,D,ILE39,7,0.525920360631105,I2274
Replica1,D,TRP130,2,0.150262960180316,W2365
Replica1,I,VAL157,9,0.67618332081142,V1090
Replica1,C,PHE150,6,0.450788880540947,F2097
Replica1,I,PRO299,1,0.0751314800901577,P1232
Replica1,G,CYS49,6,0.450788880540947,C1996
Replica1,C,ALA148,43,3.23065364387679,A2095
Replica1,I,ALA435,15,1.12697220135237,A1368
Replica1,I,SER67,3,0.225394440270473,S1000
Replica1,I,LEU257,377,28.3245679939895,L1190
Replica1,I,VAL440,1,0.0751314800901577,V1373
Replica1,L,SER219,6,0.450788880540947,S2454
Replica1,L,CYS215,9,0.67618332081142,C2450
Replica1,L,THR191,1,0.0751314800901577,T2426
Replica1,E,GLU328,1,0.0751314800901577,E1261
Replica1,I,PHE49,2,0.150262960180316,F982
Replica1,L,ARG222,8,0.601051840721262,R2457
Replica1,E,ALA66,10,0.751314800901578,A999
Replica1,I,THR106,3,0.225394440270473,T1039
Replica1,D,ALA52,1,0.0751314800901577,A2287
Replica1,A,TRP432,152,11.419984973704,W1365
Replica1,A,TYR429,86,6.46130728775357,Y1362
Replica1,E,ARG64,9,0.67618332081142,R997
Replica1,L,ILE212,3,0.225394440270473,I2447
Replica1,C,LEU143,202,15.1765589782119,L2090
Replica1,L,ILE14,1,0.0751314800901577,I2249
Replica1,I,PRO58,23,1.72802404207363,P991
Replica1,A,SER491,1,0.0751314800901577,S1424
Replica1,A,ALA407,49,3.68144252441773,A1340
Replica1,I,VAL267,17,1.27723516153268,V1200
Replica1,D,ARG174,13,0.976709241172051,R2409
Replica1,H,THR22,1,0.0751314800901577,T2257
Replica1,G,HSD57,3,0.225394440270473,H2004
Replica1,A,TYR404,26,1.9534184823441,Y1337
Replica1,A,LEU433,11,0.826446280991736,L1366
Replica1,G,PRO127,23,1.72802404207363,P2074
Replica1,A,PHE411,2,0.150262960180316,F1344
Replica1,D,ARG119,1,0.0751314800901577,R2354
Replica1,G,ALA61,2,0.150262960180316,A2008
Replica1,A,LEU418,9,0.67618332081142,L1351
Replica1,A,SER398,2,0.150262960180316,S1331
Replica1,A,ASP224,3,0.225394440270473,D1157
Replica1,A,LYS421,2,0.150262960180316,K1354
Replica1,H,ARG119,7,0.525920360631105,R2354
Replica1,G,PRO126,35,2.62960180315552,P2073
Replica1,I,GLY415,1,0.0751314800901577,G1348
Replica1,I,ARG282,2,0.150262960180316,R1215
Replica1,A,TYR253,135,10.1427498121713,Y1186
Replica1,A,PRO251,19,1.427498121713,P1184
Replica1,G,ILE92,4,0.300525920360631,I2039
Replica1,G,LEU116,3,0.225394440270473,L2063
Replica1,I,ASP224,71,5.3343350864012,D1157
Replica1,H,PRO224,35,2.62960180315552,P2459
Replica1,I,ILE246,107,8.03906836964688,I1179
Replica1,E,SER134,2,0.150262960180316,S1067
Replica1,A,LEU257,12,0.901577761081893,L1190
Replica1,A,ASN193,5,0.375657400450789,N1126
Replica1,L,LEU13,2,0.150262960180316,L2248
Replica1,E,LEU213,34,2.55447032306536,L1146
Replica1,D,GLY526,18,1.35236664162284,G2761
Replica1,E,ALA286,2,0.150262960180316,A1219
Replica1,D,SER528,1,0.0751314800901577,S2763
Replica1,H,PHE43,3,0.225394440270473,F2278
Replica1,H,PHE46,2,0.150262960180316,F2281
Replica1,I,ASP313,260,19.534184823441,D1246
Replica1,L,SER530,1,0.0751314800901577,S2765
Replica1,I,LEU316,292,21.9383921863261,L1249
Replica1,I,ILE261,131,9.84222389181067,I1194
Replica1,A,LYS133,6,0.450788880540947,K1066
Replica1,I,LYS244,54,4.05709992486852,K1177
Replica1,G,ASN128,15,1.12697220135237,N2075
Replica1,E,TYR279,7,0.525920360631105,Y1212
Replica1,I,ASN107,1,0.0751314800901577,N1040
Replica1,C,CYS49,3,0.225394440270473,C1996
Replica1,A,LEU5,10,0.751314800901578,L938
Replica1,L,ASP192,6,0.450788880540947,D2427
Replica1,I,ARG428,10,0.751314800901578,R1361
Replica1,I,CYS254,95,7.13749060856499,C1187
Replica1,G,ILE118,1,0.0751314800901577,I2065
Replica1,I,ALA320,4,0.300525920360631,A1253
Replica1,I,PRO251,6,0.450788880540947,P1184
Replica1,I,LEU317,4,0.300525920360631,L1250
Replica1,E,TRP281,32,2.40420736288505,W1214
Replica1,I,SER31,1,0.0751314800901577,S964
Replica1,A,ALA274,3,0.225394440270473,A1207
Replica1,H,TRP188,5,0.375657400450789,W2423
Replica1,H,SER196,5,0.375657400450789,S2431
Replica1,L,PHE110,1,0.0751314800901577,F2345
Replica1,D,ARG222,1,0.0751314800901577,R2457
Replica1,H,SER198,2,0.150262960180316,S2433
Replica1,G,ALA43,1,0.0751314800901577,A1990
Replica1,D,CYS135,12,0.901577761081893,C2370
Replica1,D,GLY139,14,1.05184072126221,G2374
Replica1,C,TYR50,6,0.450788880540947,Y1997
Replica1,I,GLN467,1,0.0751314800901577,Q1400
Replica1,D,PHE138,3,0.225394440270473,F2373
Replica1,D,TYR143,2,0.150262960180316,Y2378
Replica1,D,TYR137,4,0.300525920360631,Y2372
Replica1,E,LYS133,1,0.0751314800901577,K1066
Replica1,D,PRO114,1,0.0751314800901577,P2349
Replica1,A,LYS476,3,0.225394440270473,K1409
Replica1,A,GLY477,2,0.150262960180316,G1410
Replica1,G,ARG29,11,0.826446280991736,R1976
Replica1,A,TYR265,1,0.0751314800901577,Y1198
Replica1,A,LEU131,1,0.0751314800901577,L1064
Replica1,H,LEU377,5,0.375657400450789,L2612
Replica1,A,GLU92,1,0.0751314800901577,E1025
Replica1,A,PRO91,1,0.0751314800901577,P1024
Replica1,H,LEU497,18,1.35236664162284,L2732
Replica1,A,LYS615,1,0.0751314800901577,K1548
Replica1,C,SER60,1,0.0751314800901577,S2007
Replica1,L,PHE524,2,0.150262960180316,F2759
Replica1,A,LYS488,126,9.46656649135988,K1421
Replica1,C,GLU136,26,1.9534184823441,E2083
Replica1,K,LYS102,1,0.0751314800901577,K2049
Replica1,A,PHE390,12,0.901577761081893,F1323
Replica1,I,CYS319,44,3.30578512396694,C1252
Replica1,C,LYS135,4,0.300525920360631,K2082
Replica1,I,VAL311,5,0.375657400450789,V1244
Replica1,I,LEU322,12,0.901577761081893,L1255
Replica1,L,ALA184,1,0.0751314800901577,A2419
Replica1,H,LYS380,2,0.150262960180316,K2615
Replica1,D,ALA31,1,0.0751314800901577,A2266
Replica1,D,ALA142,1,0.0751314800901577,A2377
Replica1,I,ALA56,4,0.300525920360631,A989
Replica1,C,GLN145,1,0.0751314800901577,Q2092
Replica1,I,ALA54,1,0.0751314800901577,A987
Replica1,E,SER462,1,0.0751314800901577,S1395
Replica1,D,VAL91,1,0.0751314800901577,V2326
Replica1,A,GLU248,9,0.67618332081142,E1181
Replica1,A,ALA245,2,0.150262960180316,A1178
Replica1,A,HSD230,14,1.05184072126221,H1163
Replica1,E,LEU185,3,0.225394440270473,L1118
Replica1,G,GLU117,1,0.0751314800901577,E2064
Replica1,I,TRP53,1,0.0751314800901577,W986
Replica1,H,PHE138,5,0.375657400450789,F2373
Replica1,H,GLN98,4,0.300525920360631,Q2333
Replica1,G,PRO69,1,0.0751314800901577,P2016
Replica1,H,ALA84,2,0.150262960180316,A2319
Replica1,I,PHE314,1,0.0751314800901577,F1247
Replica1,G,LYS134,2,0.150262960180316,K2081
Replica1,E,,1331,100,
Replica1,K,,1320,99.1735537190083,
Replica1,J,,796,59.8046581517656,
Replica1,H,,1331,100,
Replica1,C,,1331,100,
Replica1,D,,1331,100,
Replica1,G,,1280,96.168294515402,
Replica1,A,,1331,100,
Replica1,B,,1030,77.3854244928625,
Replica1,I,,1331,100,
Replica1,L,,1331,100,
Replica1,F,,1309,98.3471074380165,
Replica2,E,GLY450,135,13.2352941176471,G1383
Replica2,E,ILE455,117,11.4705882352941,I1388
Replica2,E,TYR454,59,5.7843137254902,Y1387
Replica2,E,ILE449,89,8.72549019607843,I1382
Replica2,E,GLY453,27,2.64705882352941,G1386
Replica2,E,LEU458,388,38.0392156862745,L1391
Replica2,E,VAL459,151,14.8039215686275,V1392
Replica2,E,ILE446,437,42.843137254902,I1379
Replica2,E,LEU447,121,11.8627450980392,L1380
Replica2,E,ILE466,149,14.6078431372549,I1399
Replica2,E,MET443,489,47.9411764705882,M1376
Replica2,E,PHE225,252,24.7058823529412,F1158
Replica2,E,LEU471,75,7.35294117647059,L1404
Replica2,E,PHE439,491,48.1372549019608,F1372
Replica2,E,LEU465,359,35.1960784313726,L1398
Replica2,E,PHE469,276,27.0588235294118,F1402
Replica2,H,PHE41,41,4.01960784313726,F2276
Replica2,H,ARG119,2,0.196078431372549,R2354
Replica2,D,TYR503,891,87.3529411764706,Y2738
Replica2,D,MET506,780,76.4705882352941,M2741
Replica2,H,LEU175,662,64.9019607843137,L2410
Replica2,C,ILE64,301,29.5098039215686,I2011
Replica2,C,GLU121,11,1.07843137254902,E2068
Replica2,C,PRO123,84,8.23529411764706,P2070
Replica2,C,ARG122,40,3.92156862745098,R2069
Replica2,C,TYR124,184,18.0392156862745,Y2071
Replica2,C,THR65,100,9.80392156862745,T2012
Replica2,C,ILE63,92,9.01960784313726,I2010
Replica2,C,LEU67,263,25.7843137254902,L2014
Replica2,C,LEU66,50,4.90196078431373,L2013
Replica2,E,TYR287,441,43.2352941176471,Y1220
Replica2,E,PHE288,481,47.156862745098,F1221
Replica2,E,ALA286,281,27.5490196078431,A1219
Replica2,E,GLY285,176,17.2549019607843,G1218
Replica2,K,TRP112,315,30.8823529411765,W2059
Replica2,K,LEU116,188,18.4313725490196,L2063
Replica2,K,PRO126,147,14.4117647058824,P2073
Replica2,K,LEU140,157,15.3921568627451,L2087
Replica2,K,ILE144,371,36.3725490196078,I2091
Replica2,K,LEU147,264,25.8823529411765,L2094
Replica2,I,TRP383,951,93.2352941176471,W1316
Replica2,K,LEU41,731,71.6666666666667,L1988
Replica2,K,TYR38,1017,99.7058823529412,Y1985
Replica2,K,PHE151,952,93.3333333333333,F2098
Replica2,K,VAL42,86,8.43137254901961,V1989
Replica2,D,PHE253,685,67.156862745098,F2488
Replica2,K,LEU33,345,33.8235294117647,L1980
Replica2,J,PHE13,257,25.1960784313726,F1680
Replica2,K,PHE30,569,55.7843137254902,F1977
Replica2,K,PHE34,1002,98.2352941176471,F1981
Replica2,K,MET37,718,70.3921568627451,M1984
Replica2,I,VAL199,988,96.8627450980392,V1132
Replica2,I,ALA195,934,91.5686274509804,A1128
Replica2,I,LYS196,263,25.7843137254902,K1129
Replica2,I,ILE192,222,21.7647058823529,I1125
Replica2,B,VAL10,276,27.0588235294118,V1677
Replica2,B,THR9,156,15.2941176470588,T1676
Replica2,B,PHE6,519,50.8823529411765,F1673
Replica2,B,PHE13,342,33.5294117647059,F1680
Replica2,C,LEU140,55,5.3921568627451,L2087
Replica2,C,LEU41,210,20.5882352941177,L1988
Replica2,C,MET37,500,49.0196078431373,M1984
Replica2,C,ILE144,48,4.70588235294118,I2091
Replica2,C,THR40,161,15.7843137254902,T1987
Replica2,B,LEU17,175,17.156862745098,L1684
Replica2,C,TYR38,168,16.4705882352941,Y1985
Replica2,C,ALA36,29,2.84313725490196,A1983
Replica2,D,ILE100,258,25.2941176470588,I2335
Replica2,D,VAL81,392,38.4313725490196,V2316
Replica2,L,ILE261,72,7.05882352941176,I2496
Replica2,L,MET258,77,7.54901960784314,M2493
Replica2,L,GLU325,6,0.588235294117647,E2560
Replica2,L,LYS262,20,1.96078431372549,K2497
Replica2,D,GLY66,44,4.31372549019608,G2301
Replica2,D,PRO67,65,6.37254901960784,P2302
Replica2,D,PRO65,20,1.96078431372549,P2300
Replica2,D,VAL64,5,0.490196078431373,V2299
Replica2,D,VAL70,198,19.4117647058824,V2305
Replica2,D,MET71,67,6.56862745098039,M2306
Replica2,L,SER259,16,1.56862745098039,S2494
Replica2,D,ILE74,262,25.6862745098039,I2309
Replica2,I,ILE391,99,9.70588235294118,I1324
Replica2,I,THR387,189,18.5294117647059,T1320
Replica2,I,PHE384,462,45.2941176470588,F1317
Replica2,I,ILE377,222,21.7647058823529,I1310
Replica2,I,ILE376,436,42.7450980392157,I1309
Replica2,D,PHE257,747,73.2352941176471,F2492
Replica2,D,TYR509,666,65.2941176470588,Y2744
Replica2,D,PRO254,729,71.4705882352941,P2489
Replica2,D,VAL513,702,68.8235294117647,V2748
Replica2,D,ILE250,421,41.2745098039216,I2485
Replica2,D,ILE516,492,48.2352941176471,I2751
Replica2,D,VAL512,686,67.2549019607843,V2747
Replica2,H,PRO177,403,39.5098039215686,P2412
Replica2,D,VAL520,344,33.7254901960784,V2755
Replica2,D,GLY517,68,6.66666666666667,G2752
Replica2,D,LEU247,3,0.294117647058824,L2482
Replica2,H,VAL176,878,86.078431372549,V2411
Replica2,A,TYR287,374,36.6666666666667,Y1220
Replica2,E,TRP464,182,17.843137254902,W1397
Replica2,G,PHE107,183,17.9411764705882,F2054
Replica2,E,ALA468,103,10.0980392156863,A1401
Replica2,G,PHE104,216,21.1764705882353,F2051
Replica2,G,TYR103,98,9.6078431372549,Y2050
Replica2,E,ILE399,221,21.6666666666667,I1332
Replica2,E,MET402,130,12.7450980392157,M1335
Replica2,G,VAL100,51,5,V2047
Replica2,I,PHE17,306,30,F950
Replica2,I,ILE21,188,18.4313725490196,I954
Replica2,I,MET18,219,21.4705882352941,M951
Replica2,D,PHE110,19,1.86274509803922,F2345
Replica2,D,PHE107,61,5.98039215686275,F2342
Replica2,D,PHE103,130,12.7450980392157,F2338
Replica2,I,VAL218,498,48.8235294117647,V1151
Replica2,I,ASN217,1007,98.7254901960784,N1150
Replica2,I,GLN221,48,4.70588235294118,Q1154
Replica2,I,PHE309,40,3.92156862745098,F1242
Replica2,I,TYR312,471,46.1764705882353,Y1245
Replica2,I,VAL308,58,5.68627450980392,V1241
Replica2,I,LYS476,177,17.3529411764706,K1409
Replica2,I,GLY495,26,2.54901960784314,G1428
Replica2,I,MET214,1020,100,M1147
Replica2,I,SER500,1018,99.8039215686274,S1433
Replica2,I,ILE441,393,38.5294117647059,I1374
Replica2,I,LEU213,958,93.921568627451,L1146
Replica2,I,PHE503,1018,99.8039215686274,F1436
Replica2,I,THR210,999,97.9411764705883,T1143
Replica2,I,PHE202,1018,99.8039215686274,F1135
Replica2,I,ALA504,1020,100,A1437
Replica2,I,ILE501,787,77.156862745098,I1434
Replica2,I,ASP499,243,23.8235294117647,D1432
Replica2,I,LEU507,1020,100,L1440
Replica2,J,TRP16,248,24.3137254901961,W1683
Replica2,E,GLY270,230,22.5490196078431,G1203
Replica2,E,ILE269,203,19.9019607843137,I1202
Replica2,E,PHE266,452,44.3137254901961,F1199
Replica2,E,VAL267,146,14.3137254901961,V1200
Replica2,E,TRP73,245,24.0196078431373,W1006
Replica2,E,VAL69,284,27.843137254902,V1002
Replica2,E,VAL76,444,43.5294117647059,V1009
Replica2,E,VAL72,434,42.5490196078431,V1005
Replica2,A,TRP498,113,11.078431372549,W1431
Replica2,A,PHE384,343,33.6274509803922,F1317
Replica2,A,ILE388,113,11.078431372549,I1321
Replica2,C,PHE34,549,53.8235294117647,F1981
Replica2,C,LEU33,454,44.5098039215686,L1980
Replica2,C,TYR35,50,4.90196078431373,Y1982
Replica2,K,TYR141,434,42.5490196078431,Y2088
Replica2,K,VAL48,278,27.2549019607843,V1995
Replica2,K,ALA148,164,16.078431372549,A2095
Replica2,F,PHE1,375,36.7647058823529,F1668
Replica2,C,TYR119,64,6.27450980392157,Y2066
Replica2,D,ILE2,457,44.8039215686275,I2237
Replica2,A,TYR239,439,43.0392156862745,Y1172
Replica2,G,ILE129,355,34.8039215686275,I2076
Replica2,J,PHE6,411,40.2941176470588,F1673
Replica2,J,LEU5,220,21.5686274509804,L1672
Replica2,D,VAL515,752,73.7254901960784,V2750
Replica2,D,SER511,854,83.7254901960784,S2746
Replica2,D,PHE519,730,71.5686274509804,F2754
Replica2,A,LEU137,297,29.1176470588235,L1070
Replica2,E,TRP498,690,67.6470588235294,W1431
Replica2,G,LEU140,395,38.7254901960784,L2087
Replica2,G,VAL139,364,35.6862745098039,V2086
Replica2,G,LEU143,577,56.5686274509804,L2090
Replica2,E,ILE391,466,45.6862745098039,I1324
Replica2,E,PHE505,717,70.2941176470588,F1438
Replica2,E,ILE388,757,74.2156862745098,I1321
Replica2,E,THR387,125,12.2549019607843,T1320
Replica2,E,GLN509,556,54.5098039215686,Q1442
Replica2,E,PHE384,952,93.3333333333333,F1317
Replica2,E,LEU381,695,68.1372549019608,L1314
Replica2,E,LEU508,488,47.843137254902,L1441
Replica2,E,PHE198,486,47.6470588235294,F1131
Replica2,E,ALA504,47,4.6078431372549,A1437
Replica2,H,LEU125,316,30.9803921568627,L2360
Replica2,A,VAL199,272,26.6666666666667,V1132
Replica2,E,LEU138,414,40.5882352941176,L1071
Replica2,E,ARG142,138,13.5294117647059,R1075
Replica2,E,VAL139,37,3.62745098039216,V1072
Replica2,E,LEU145,410,40.1960784313726,L1078
Replica2,E,LEU141,206,20.1960784313726,L1074
Replica2,E,ALA149,329,32.2549019607843,A1082
Replica2,E,LEU146,293,28.7254901960784,L1079
Replica2,J,VAL10,149,14.6078431372549,V1677
Replica2,J,LEU7,229,22.4509803921569,L1674
Replica2,J,THR9,129,12.6470588235294,T1676
Replica2,D,PHE111,23,2.25490196078431,F2346
Replica2,D,ILE112,3,0.294117647058824,I2347
Replica2,D,GLY104,59,5.7843137254902,G2339
Replica2,D,LEU101,78,7.64705882352941,L2336
Replica2,D,ILE105,17,1.66666666666667,I2340
Replica2,D,GLN75,51,5,Q2310
Replica2,D,THR78,190,18.6274509803922,T2313
Replica2,D,ILE39,26,2.54901960784314,I2274
Replica2,D,PHE43,98,9.6078431372549,F2278
Replica2,I,TRP20,165,16.1764705882353,W953
Replica2,A,PHE7,359,35.1960784313726,F940
Replica2,E,ILE26,462,45.2941176470588,I959
Replica2,E,ILE21,445,43.6274509803922,I954
Replica2,E,LEU22,61,5.98039215686275,L955
Replica2,E,MET18,316,30.9803921568627,M951
Replica2,A,PHE288,435,42.6470588235294,F1221
Replica2,J,VAL4,241,23.6274509803922,V1671
Replica2,H,VAL512,228,22.3529411764706,V2747
Replica2,H,PHE253,101,9.90196078431373,F2488
Replica2,H,LYS518,729,71.4705882352941,K2753
Replica2,D,LEU514,908,89.0196078431373,L2749
Replica2,D,ALA510,863,84.6078431372549,A2745
Replica2,D,GLY507,868,85.0980392156863,G2742
Replica2,D,GLY504,905,88.7254901960784,G2739
Replica2,D,GLY502,94,9.2156862745098,G2737
Replica2,K,THR59,497,48.7254901960784,T2006
Replica2,K,MET58,456,44.7058823529412,M2005
Replica2,L,HSD106,97,9.50980392156863,H2341
Replica2,L,ILE105,295,28.921568627451,I2340
Replica2,L,PHE110,26,2.54901960784314,F2345
Replica2,L,TYR131,519,50.8823529411765,Y2366
Replica2,L,MET109,298,29.2156862745098,M2344
Replica2,L,VAL102,11,1.07843137254902,V2337
Replica2,L,PHE138,438,42.9411764705882,F2373
Replica2,L,CYS135,486,47.6470588235294,C2370
Replica2,L,LYS134,42,4.11764705882353,K2369
Replica2,K,ILE54,459,45,I2001
Replica2,K,LEU55,596,58.4313725490196,L2002
Replica2,L,GLY139,461,45.1960784313726,G2374
Replica2,L,ALA142,427,41.8627450980392,A2377
Replica2,K,PHE51,594,58.2352941176471,F1998
Replica2,K,VAL52,164,16.078431372549,V1999
Replica2,K,MET47,391,38.3333333333333,M1994
Replica2,K,TYR50,400,39.2156862745098,Y1997
Replica2,L,TYR143,439,43.0392156862745,Y2378
Replica2,K,MET77,38,3.72549019607843,M2024
Replica2,L,ARG146,71,6.96078431372549,R2381
Replica2,L,LEU497,661,64.8039215686274,L2732
Replica2,L,GLY498,565,55.3921568627451,G2733
Replica2,L,LEU508,1014,99.4117647058824,L2743
Replica2,L,PHE253,730,71.5686274509804,F2488
Replica2,L,PHE499,807,79.1176470588235,F2734
Replica2,L,VAL264,46,4.50980392156863,V2499
Replica2,L,PHE257,488,47.843137254902,F2492
Replica2,H,TYR503,430,42.156862745098,Y2738
Replica2,L,VAL512,875,85.7843137254902,V2747
Replica2,L,SER511,1010,99.0196078431372,S2746
Replica2,L,VAL515,953,93.4313725490196,V2750
Replica2,H,LEU514,155,15.1960784313725,L2749
Replica2,H,ALA510,17,1.66666666666667,A2745
Replica2,L,PRO177,58,5.68627450980392,P2412
Replica2,H,SER511,138,13.5294117647059,S2746
Replica2,E,ILE89,43,4.2156862745098,I1022
Replica2,E,LEU83,383,37.5490196078431,L1016
Replica2,E,CYS80,212,20.7843137254902,C1013
Replica2,E,ILE77,62,6.07843137254902,I1010
Replica2,E,PHE45,70,6.86274509803922,F978
Replica2,E,VAL48,102,10,V981
Replica2,G,LYS114,101,9.90196078431373,K2061
Replica2,G,PRO111,227,22.2549019607843,P2058
Replica2,G,ASN113,60,5.88235294117647,N2060
Replica2,I,ARG142,173,16.9607843137255,R1075
Replica2,I,LEU138,163,15.9803921568627,L1071
Replica2,I,LEU145,277,27.156862745098,L1078
Replica2,I,LEU141,207,20.2941176470588,L1074
Replica2,I,VAL139,24,2.35294117647059,V1072
Replica2,I,LEU148,205,20.0980392156863,L1081
Replica2,H,GLN128,47,4.6078431372549,Q2363
Replica2,G,PHE51,235,23.0392156862745,F1998
Replica2,G,MET58,24,2.35294117647059,M2005
Replica2,G,LEU55,149,14.6078431372549,L2002
Replica2,H,PHE132,329,32.2549019607843,F2367
Replica2,G,THR40,127,12.4509803921569,T1987
Replica2,G,VAL48,263,25.7843137254902,V1995
Replica2,G,MET47,95,9.31372549019608,M1994
Replica2,G,ARG44,68,6.66666666666667,R1991
Replica2,L,PHE41,332,32.5490196078431,F2276
Replica2,L,VAL245,580,56.8627450980392,V2480
Replica2,L,MET242,622,60.9803921568627,M2477
Replica2,L,PHE519,756,74.1176470588235,F2754
Replica2,L,LEU246,562,55.0980392156863,L2481
Replica2,L,CYS249,487,47.7450980392157,C2484
Replica2,L,ILE516,752,73.7254901960784,I2751
Replica2,L,TRP190,169,16.5686274509804,W2425
Replica2,L,ALA84,69,6.76470588235294,A2319
Replica2,L,LEU129,485,47.5490196078431,L2364
Replica2,A,TYR158,1009,98.921568627451,Y1091
Replica2,A,GLU154,1014,99.4117647058824,E1087
Replica2,A,VAL155,1020,100,V1088
Replica2,A,ARG63,1020,100,R996
Replica2,A,LEU57,670,65.6862745098039,L990
Replica2,A,ALA66,1004,98.4313725490196,A999
Replica2,A,ALA56,975,95.5882352941176,A989
Replica2,A,SER67,1020,100,S1000
Replica2,A,LEU151,1019,99.9019607843137,L1084
Replica2,A,TRP53,1000,98.0392156862745,W986
Replica2,A,SER52,836,81.9607843137255,S985
Replica2,A,CYS70,1019,99.9019607843137,C1003
Replica2,A,ILE150,128,12.5490196078431,I1083
Replica2,A,PHE49,977,95.7843137254902,F982
Replica2,A,MET147,144,14.1176470588235,M1080
Replica2,A,THR71,968,94.9019607843137,T1004
Replica2,A,LEU148,407,39.9019607843137,L1081
Replica2,A,ASN144,98,9.6078431372549,N1077
Replica2,A,THR74,997,97.7450980392157,T1007
Replica2,A,ARG159,537,52.6470588235294,R1092
Replica2,I,THR156,166,16.2745098039216,T1089
Replica2,I,ALA152,169,16.5686274509804,A1085
Replica2,I,PHE153,80,7.84313725490196,F1086
Replica2,I,VAL155,208,20.3921568627451,V1088
Replica2,L,TYR237,338,33.1372549019608,Y2472
Replica2,D,VAL189,124,12.156862745098,V2424
Replica2,D,TRP190,135,13.2352941176471,W2425
Replica2,D,LEU87,42,4.11764705882353,L2322
Replica2,D,MET186,148,14.5098039215686,M2421
Replica2,D,ALA84,179,17.5490196078431,A2319
Replica2,L,ILE244,511,50.0980392156863,I2479
Replica2,D,VAL80,290,28.4313725490196,V2315
Replica2,D,LEU182,119,11.6666666666667,L2417
Replica2,D,GLY77,257,25.1960784313726,G2312
Replica2,L,LEU247,308,30.1960784313726,L2482
Replica2,L,ILE248,512,50.1960784313726,I2483
Replica2,L,VAL251,283,27.7450980392157,V2486
Replica2,A,LEU238,48,4.70588235294118,L1171
Replica2,A,ARG241,245,24.0196078431373,R1174
Replica2,A,ARG240,772,75.6862745098039,R1173
Replica2,A,MET443,473,46.3725490196078,M1376
Replica2,A,PHE439,528,51.7647058823529,F1372
Replica2,A,ILE235,331,32.4509803921569,I1168
Replica2,B,TRP3,209,20.4901960784314,W1670
Replica2,E,ALA152,331,32.4509803921569,A1085
Replica2,E,THR156,323,31.6666666666667,T1089
Replica2,E,ARG159,224,21.9607843137255,R1092
Replica2,E,VAL155,172,16.8627450980392,V1088
Replica2,E,PHE153,354,34.7058823529412,F1086
Replica2,E,LEU148,368,36.078431372549,L1081
Replica2,E,THR71,167,16.3725490196078,T1004
Replica2,E,CYS75,334,32.7450980392157,C1008
Replica2,E,LEU151,69,6.76470588235294,L1084
Replica2,E,MET82,451,44.2156862745098,M1015
Replica2,E,ILE78,335,32.843137254902,I1011
Replica2,E,VAL79,516,50.5882352941176,V1012
Replica2,L,PHE168,796,78.0392156862745,F2403
Replica2,L,LEU30,296,29.0196078431373,L2265
Replica2,B,VAL4,282,27.6470588235294,V1671
Replica2,J,THR2,148,14.5098039215686,T1669
Replica2,J,PHE1,261,25.5882352941177,F1668
Replica2,J,TRP3,197,19.3137254901961,W1670
Replica2,C,PHE30,530,51.9607843137255,F1977
Replica2,A,LEU3,314,30.7843137254902,L936
Replica2,A,THR1,110,10.7843137254902,T934
Replica2,G,LEU31,94,9.2156862745098,L1978
Replica2,E,LEU191,605,59.3137254901961,L1124
Replica2,G,PHE34,442,43.3333333333333,F1981
Replica2,G,TYR35,16,1.56862745098039,Y1982
Replica2,E,LEU370,47,4.6078431372549,L1303
Replica2,E,ASP371,63,6.17647058823529,D1304
Replica2,E,TYR369,14,1.37254901960784,Y1302
Replica2,G,TYR38,354,34.7058823529412,Y1985
Replica2,G,MET37,508,49.8039215686275,M1984
Replica2,G,LEU41,596,58.4313725490196,L1988
Replica2,D,GLY498,693,67.9411764705882,G2733
Replica2,D,PHE499,670,65.6862745098039,F2734
Replica2,D,LEU508,1020,100,L2743
Replica2,E,LYS196,319,31.2745098039216,K1129
Replica2,E,ALA195,459,45,A1128
Replica2,E,ILE192,439,43.0392156862745,I1125
Replica2,E,VAL199,666,65.2941176470588,V1132
Replica2,H,ALA234,291,28.5294117647059,A2469
Replica2,H,GLY238,364,35.6862745098039,G2473
Replica2,H,VAL235,360,35.2941176470588,V2470
Replica2,H,MET242,608,59.6078431372549,M2477
Replica2,H,GLY241,404,39.6078431372549,G2476
Replica2,H,VAL245,670,65.6862745098039,V2480
Replica2,H,TYR237,328,32.156862745098,Y2472
Replica2,H,MET239,291,28.5294117647059,M2474
Replica2,H,ILE244,445,43.6274509803922,I2479
Replica2,H,ILE248,478,46.8627450980392,I2483
Replica2,H,ILE14,120,11.7647058823529,I2249
Replica2,H,LEU92,282,27.6470588235294,L2327
Replica2,H,PHE10,136,13.3333333333333,F2245
Replica2,H,ILE6,65,6.37254901960784,I2241
Replica2,H,ILE96,513,50.2941176470588,I2331
Replica2,H,GLY93,478,46.8627450980392,G2328
Replica2,H,ILE100,606,59.4117647058824,I2335
Replica2,H,VAL81,564,55.2941176470588,V2316
Replica2,H,LYS94,342,33.5294117647059,K2329
Replica2,H,LEU85,561,55,L2320
Replica2,H,PHE97,500,49.0196078431373,F2332
Replica2,A,TYR10,259,25.3921568627451,Y943
Replica2,H,LEU27,420,41.1764705882353,L2262
Replica2,H,VAL26,76,7.45098039215686,V2261
Replica2,H,VAL24,104,10.1960784313725,V2259
Replica2,H,ASP23,221,21.6666666666667,D2258
Replica2,H,LEU30,485,47.5490196078431,L2265
Replica2,H,LEU158,167,16.3725490196078,L2393
Replica2,H,LEU169,773,75.7843137254902,L2404
Replica2,H,ASN166,276,27.0588235294118,N2401
Replica2,H,LEU129,563,55.1960784313726,L2364
Replica2,I,SER373,32,3.13725490196078,S1306
Replica2,I,TYR369,92,9.01960784313726,Y1302
Replica2,I,LEU191,208,20.3921568627451,L1124
Replica2,I,LEU370,34,3.33333333333333,L1303
Replica2,L,ILE6,195,19.1176470588235,I2241
Replica2,L,ILE2,328,32.156862745098,I2237
Replica2,L,TYR3,105,10.2941176470588,Y2238
Replica2,K,ILE63,347,34.0196078431373,I2010
Replica2,A,LEU191,874,85.6862745098039,L1124
Replica2,A,GLY190,526,51.5686274509804,G1123
Replica2,A,ASP189,370,36.2745098039216,D1122
Replica2,A,SER373,859,84.2156862745098,S1306
Replica2,A,LEU187,797,78.1372549019608,L1120
Replica2,A,ILE377,854,83.7254901960784,I1310
Replica2,A,PHE198,828,81.1764705882353,F1131
Replica2,A,CYS194,834,81.7647058823529,C1127
Replica2,A,ASP188,248,24.3137254901961,D1121
Replica2,A,ALA195,613,60.0980392156863,A1128
Replica2,A,LEU185,552,54.1176470588235,L1118
Replica2,A,LEU381,319,31.2745098039216,L1314
Replica2,A,LEU508,691,67.7450980392157,L1441
Replica2,A,PHE505,527,51.6666666666667,F1438
Replica2,A,VAL512,482,47.2549019607843,V1445
Replica2,A,TYR197,20,1.96078431372549,Y1130
Replica2,A,GLN509,228,22.3529411764706,Q1442
Replica2,E,PHE256,308,30.1960784313726,F1189
Replica2,E,ILE260,158,15.4901960784314,I1193
Replica2,E,TRP295,263,25.7843137254902,W1228
Replica2,I,MET372,38,3.72549019607843,M1305
Replica2,I,HSD520,31,3.03921568627451,H1453
Replica2,K,TYR35,525,51.4705882352941,Y1982
Replica2,J,HSD24,27,2.64705882352941,H1691
Replica2,K,LEU31,380,37.2549019607843,L1978
Replica2,K,LEU32,2,0.196078431372549,L1979
Replica2,I,VAL375,26,2.54901960784314,V1308
Replica2,H,TYR164,33,3.23529411764706,Y2399
Replica2,H,TRP216,2,0.196078431372549,W2451
Replica2,H,VAL165,346,33.921568627451,V2400
Replica2,H,PHE519,558,54.7058823529412,F2754
Replica2,H,ILE2,183,17.9411764705882,I2237
Replica2,H,GLN1,95,9.31372549019608,Q2236
Replica2,F,LEU5,366,35.8823529411765,L1672
Replica2,F,THR9,631,61.8627450980392,T1676
Replica2,F,PHE6,579,56.7647058823529,F1673
Replica2,F,TRP3,371,36.3725490196078,W1670
Replica2,F,VAL10,254,24.9019607843137,V1677
Replica2,F,PHE13,689,67.5490196078431,F1680
Replica2,G,LEU33,283,27.7450980392157,L1980
Replica2,E,GLY456,140,13.7254901960784,G1389
Replica2,E,ALA451,55,5.3921568627451,A1384
Replica2,H,GLY172,737,72.2549019607843,G2407
Replica2,G,PRO123,201,19.7058823529412,P2070
Replica2,E,ILE108,11,1.07843137254902,I1041
Replica2,K,LYS114,14,1.37254901960784,K2061
Replica2,B,LEU7,203,19.9019607843137,L1674
Replica2,C,VAL48,118,11.5686274509804,V1995
Replica2,I,TYR380,1012,99.2156862745098,Y1313
Replica2,D,LEU246,220,21.5686274509804,L2481
Replica2,A,GLY285,165,16.1764705882353,G1218
Replica2,A,PHE283,638,62.5490196078431,F1216
Replica2,I,LEU146,136,13.3333333333333,L1079
Replica2,K,ALA36,108,10.5882352941176,A1983
Replica2,J,ILE20,136,13.3333333333333,I1687
Replica2,E,CYS70,26,2.54901960784314,C1003
Replica2,K,GLN145,25,2.45098039215686,Q2092
Replica2,A,LEU138,243,23.8235294117647,L1071
Replica2,D,PHE523,573,56.1764705882353,F2758
Replica2,E,ILE501,663,65,I1434
Replica2,E,CYS502,633,62.0588235294118,C1435
Replica2,E,PHE202,502,49.2156862745098,F1135
Replica2,E,VAL512,416,40.7843137254902,V1445
Replica2,E,LEU506,215,21.078431372549,L1439
Replica2,D,PHE97,107,10.4901960784314,F2332
Replica2,A,ARG142,188,18.4313725490196,R1075
Replica2,A,LEU145,274,26.8627450980392,L1078
Replica2,E,PHE17,582,57.0588235294118,F950
Replica2,A,ALA286,135,13.2352941176471,A1219
Replica2,H,LEU508,136,13.3333333333333,L2743
Replica2,K,GLU46,9,0.882352941176471,E1993
Replica2,L,VAL176,261,25.5882352941177,V2411
Replica2,L,LEU175,522,51.1764705882353,L2410
Replica2,L,TRP44,92,9.01960784313726,W2279
Replica2,A,ARG64,208,20.3921568627451,R997
Replica2,A,CYS75,617,60.4901960784314,C1008
Replica2,I,LEU151,68,6.66666666666667,L1084
Replica2,D,PHE76,97,9.50980392156863,F2311
Replica2,A,LYS6,135,13.2352941176471,K939
Replica2,E,MET372,314,30.7843137254902,M1305
Replica2,H,LYS160,292,28.6274509803922,K2395
Replica2,K,LEU67,465,45.5882352941176,L2014
Replica2,K,ILE64,714,70,I2011
Replica2,I,CYS366,4,0.392156862745098,C1299
Replica2,J,LEU31,1,0.0980392156862745,L1698
Replica2,J,SER28,1,0.0980392156862745,S1695
Replica2,K,GLN27,5,0.490196078431373,Q1974
Replica2,H,TYR3,110,10.7843137254902,Y2238
Replica2,G,PHE30,378,37.0588235294118,F1977
Replica2,E,LEU489,90,8.82352941176471,L1422
Replica2,D,ILE6,279,27.3529411764706,I2241
Replica2,D,TYR3,230,22.5490196078431,Y2238
Replica2,E,ILE292,290,28.4313725490196,I1225
Replica2,K,TYR119,363,35.5882352941176,Y2066
Replica2,K,GLY137,16,1.56862745098039,G2084
Replica2,D,MET242,346,33.921568627451,M2477
Replica2,D,VAL245,323,31.6666666666667,V2480
Replica2,J,LEU17,186,18.2352941176471,L1684
Replica2,B,LEU5,238,23.3333333333333,L1672
Replica2,I,VAL72,449,44.0196078431373,V1005
Replica2,I,CYS75,315,30.8823529411765,C1008
Replica2,C,ARG44,80,7.84313725490196,R1991
Replica2,D,ILE96,153,15,I2331
Replica2,L,ARG326,1,0.0980392156862745,R2561
Replica2,I,LEU381,244,23.921568627451,L1314
Replica2,I,LEU14,401,39.3137254901961,L947
Replica2,C,ILE70,60,5.88235294117647,I2017
Replica2,D,VAL99,69,6.76470588235294,V2334
Replica2,C,LEU74,58,5.68627450980392,L2021
Replica2,D,PHE10,153,15,F2245
Replica2,C,LEU71,211,20.6862745098039,L2018
Replica2,E,PHE7,384,37.6470588235294,F940
Replica2,E,PHE4,277,27.156862745098,F937
Replica2,E,PHE11,241,23.6274509803922,F944
Replica2,E,TYR265,25,2.45098039215686,Y1198
Replica2,E,SER52,48,4.70588235294118,S985
Replica2,E,THR262,107,10.4901960784314,T1195
Replica2,A,ILE376,410,40.1960784313726,I1309
Replica2,K,TYR138,73,7.15686274509804,Y2085
Replica2,C,ILE118,201,19.7058823529412,I2065
Replica2,G,ASN128,110,10.7843137254902,N2075
Replica2,E,ARG396,381,37.3529411764706,R1329
Replica2,E,THR395,282,27.6470588235294,T1328
Replica2,E,ASP499,477,46.7647058823529,D1432
Replica2,E,THR392,547,53.6274509803922,T1325
Replica2,A,TYR33,205,20.0980392156863,Y966
Replica2,A,PHE17,164,16.078431372549,F950
Replica2,E,TYR10,290,28.4313725490196,Y943
Replica2,E,TYR33,241,23.6274509803922,Y966
Replica2,E,VAL30,288,28.2352941176471,V963
Replica2,E,ILE29,215,21.078431372549,I962
Replica2,E,ILE34,134,13.1372549019608,I967
Replica2,A,PHE256,697,68.3333333333333,F1189
Replica2,A,ILE229,737,72.2549019607843,I1162
Replica2,A,ILE260,622,60.9803921568627,I1193
Replica2,A,PHE225,792,77.6470588235294,F1158
Replica2,H,ILE516,247,24.2156862745098,I2751
Replica2,H,VAL515,715,70.0980392156863,V2750
Replica2,I,PHE7,551,54.0196078431373,F940
Replica2,I,LEU3,438,42.9411764705882,L936
Replica2,I,PHE4,329,32.2549019607843,F937
Replica2,E,LEU14,372,36.4705882352941,L947
Replica2,E,LEU8,103,10.0980392156863,L941
Replica2,L,TRP108,30,2.94117647058824,W2343
Replica2,L,LEU140,386,37.843137254902,L2375
Replica2,L,ILE145,23,2.25490196078431,I2380
Replica2,L,LEU256,421,41.2745098039216,L2491
Replica2,L,LEU260,303,29.7058823529412,L2495
Replica2,H,GLY507,8,0.784313725490196,G2742
Replica2,E,PHE94,73,7.15686274509804,F1027
Replica2,E,VAL129,18,1.76470588235294,V1062
Replica2,E,LEU131,24,2.35294117647059,L1064
Replica2,E,LEU44,57,5.58823529411765,L977
Replica2,E,VAL303,1,0.0980392156862745,V1236
Replica2,G,PHE110,334,32.7450980392157,F2057
Replica2,G,TRP112,290,28.4313725490196,W2059
Replica2,I,TRP498,130,12.7450980392157,W1431
Replica2,I,ALA149,127,12.4509803921569,A1082
Replica2,G,TYR50,23,2.25490196078431,Y1997
Replica2,A,VAL72,343,33.6274509803922,V1005
Replica2,A,VAL76,310,30.3921568627451,V1009
Replica2,L,LEU92,48,4.70588235294118,L2327
Replica2,L,PHE132,485,47.5490196078431,F2367
Replica2,L,LEU125,417,40.8823529411765,L2360
Replica2,L,GLN128,156,15.2941176470588,Q2363
Replica2,A,GLN161,132,12.9411764705882,Q1094
Replica2,A,MET82,489,47.9411764705882,M1015
Replica2,A,ILE78,634,62.156862745098,I1011
Replica2,A,ARG243,20,1.96078431372549,R1176
Replica2,L,VAL165,832,81.5686274509804,V2400
Replica2,L,TYR164,510,50,Y2399
Replica2,A,VAL2,92,9.01960784313726,V935
Replica2,A,PHE4,234,22.9411764705882,F937
Replica2,G,VAL52,124,12.156862745098,V1999
Replica2,L,LEU500,991,97.156862745098,L2735
Replica2,H,VAL99,83,8.13725490196078,V2334
Replica2,H,PHE9,27,2.64705882352941,F2244
Replica2,H,ILE74,333,32.6470588235294,I2309
Replica2,H,PHE173,765,75,F2408
Replica2,H,VAL133,350,34.3137254901961,V2368
Replica2,H,VAL126,530,51.9607843137255,V2361
Replica2,H,TRP130,204,20,W2365
Replica2,I,LYS374,23,2.25490196078431,K1307
Replica2,E,PHE263,352,34.5098039215686,F1196
Replica2,E,TYR297,198,19.4117647058824,Y1230
Replica2,L,ILE96,118,11.5686274509804,I2331
Replica2,H,LEU246,237,23.2352941176471,L2481
Replica2,E,PHE400,267,26.1764705882353,F1333
Replica2,H,ASN124,156,15.2941176470588,N2359
Replica2,G,TYR124,347,34.0196078431373,Y2071
Replica2,G,ARG122,170,16.6666666666667,R2069
Replica2,K,ASN113,13,1.27450980392157,N2060
Replica2,K,PHE110,383,37.5490196078431,F2057
Replica2,D,LEU256,269,26.3725490196078,L2491
Replica2,I,LEU24,156,15.2941176470588,L957
Replica2,D,PHE68,2,0.196078431372549,F2303
Replica2,D,LEU260,310,30.3921568627451,L2495
Replica2,H,PHE178,549,53.8235294117647,F2413
Replica2,D,VAL95,14,1.37254901960784,V2330
Replica2,D,PHE9,55,5.3921568627451,F2244
Replica2,I,GLY477,8,0.784313725490196,G1410
Replica2,I,ASN445,39,3.82352941176471,N1378
Replica2,G,ILE130,200,19.6078431372549,I2077
Replica2,G,PHE125,342,33.5294117647059,F2072
Replica2,A,CYS232,831,81.4705882352941,C1165
Replica2,L,ASN124,449,44.0196078431373,N2359
Replica2,L,GLN123,188,18.4313725490196,Q2358
Replica2,L,ILE505,616,60.3921568627451,I2740
Replica2,L,ALA265,14,1.37254901960784,A2500
Replica2,G,PHE109,303,29.7058823529412,F2056
Replica2,E,LEU296,410,40.1960784313726,L1229
Replica2,E,PHE283,389,38.1372549019608,F1216
Replica2,L,TRP252,440,43.1372549019608,W2487
Replica2,A,VAL79,427,41.8627450980392,V1012
Replica2,L,MET186,28,2.74509803921569,M2421
Replica2,H,LEU247,149,14.6078431372549,L2482
Replica2,L,VAL80,229,22.4509803921569,V2315
Replica2,H,ILE243,63,6.17647058823529,I2478
Replica2,L,LEU182,6,0.588235294117647,L2417
Replica2,L,PHE76,195,19.1176470588235,F2311
Replica2,L,GLY77,178,17.4509803921569,G2312
Replica2,A,LEU22,204,20,L955
Replica2,A,LYS28,445,43.6274509803922,K961
Replica2,I,ARG159,190,18.6274509803922,R1092
Replica2,A,TRP432,615,60.2941176470588,W1365
Replica2,A,LEU447,326,31.9607843137255,L1380
Replica2,A,PHE469,404,39.6078431372549,F1402
Replica2,A,PHE400,449,44.0196078431373,F1333
Replica2,D,GLN1,205,20.0980392156863,Q2236
Replica2,D,ARG7,17,1.66666666666667,R2242
Replica2,E,THR74,55,5.3921568627451,T1007
Replica2,I,ARG428,5,0.490196078431373,R1361
Replica2,I,TRP432,108,10.5882352941176,W1365
Replica2,D,ALA501,635,62.2549019607843,A2736
Replica2,D,ILE505,818,80.1960784313726,I2740
Replica2,H,ARG88,351,34.4117647058824,R2323
Replica2,H,LEU13,19,1.86274509803922,L2248
Replica2,H,ALA84,348,34.1176470588235,A2319
Replica2,H,GLY77,103,10.0980392156863,G2312
Replica2,A,LEU14,204,20,L947
Replica2,A,PHE11,160,15.6862745098039,F944
Replica2,A,ILE501,284,27.843137254902,I1434
Replica2,A,ALA504,274,26.8627450980392,A1437
Replica2,E,LYS252,93,9.11764705882353,K1185
Replica2,K,ASP115,9,0.882352941176471,D2062
Replica2,K,TYR124,90,8.82352941176471,Y2071
Replica2,K,PHE125,11,1.07843137254902,F2072
Replica2,K,ILE129,637,62.4509803921569,I2076
Replica2,I,THR88,150,14.7058823529412,T1021
Replica2,I,LEU83,361,35.3921568627451,L1016
Replica2,I,VAL79,384,37.6470588235294,V1012
Replica2,B,PHE1,73,7.15686274509804,F1668
Replica2,B,THR14,46,4.50980392156863,T1681
Replica2,E,GLY403,110,10.7843137254902,G1336
Replica2,I,ASN461,122,11.9607843137255,N1394
Replica2,E,PRO272,231,22.6470588235294,P1205
Replica2,E,PRO273,153,15,P1206
Replica2,A,THR387,73,7.15686274509804,T1320
Replica2,K,SER45,10,0.980392156862745,S1992
Replica2,G,GLU121,20,1.96078431372549,E2068
Replica2,G,PRO126,272,26.6666666666667,P2073
Replica2,E,THR210,188,18.4313725490196,T1143
Replica2,C,TRP112,257,25.1960784313726,W2059
Replica2,L,VAL126,232,22.7450980392157,V2361
Replica2,L,VAL136,388,38.0392156862745,V2371
Replica2,I,LEU137,121,11.8627450980392,L1070
Replica2,A,LEU83,347,34.0196078431373,L1016
Replica2,L,VAL81,145,14.2156862745098,V2316
Replica2,L,LEU73,242,23.7254901960784,L2308
Replica2,H,VAL251,139,13.6274509803922,V2486
Replica2,L,VAL72,4,0.392156862745098,V2307
Replica2,H,ILE250,39,3.82352941176471,I2485
Replica2,L,LEU69,9,0.882352941176471,L2304
Replica2,H,PRO254,1,0.0980392156862745,P2489
Replica2,H,TYR509,10,0.980392156862745,Y2744
Replica2,A,VAL157,172,16.8627450980392,V1090
Replica2,A,PRO58,29,2.84313725490196,P991
Replica2,I,ASN144,31,3.03921568627451,N1077
Replica2,I,ILE78,75,7.35294117647059,I1011
Replica2,C,VAL100,224,21.9607843137255,V2047
Replica2,I,PHE469,195,19.1176470588235,F1402
Replica2,E,GLY190,195,19.1176470588235,G1123
Replica2,E,CYS194,292,28.6274509803922,C1127
Replica2,G,LEU147,718,70.3921568627451,L2094
Replica2,H,TRP190,30,2.94117647058824,W2425
Replica2,H,LEU73,304,29.8039215686275,L2308
Replica2,H,THR78,110,10.7843137254902,T2313
Replica2,A,LEU8,66,6.47058823529412,L941
Replica2,H,VAL34,458,44.9019607843137,V2269
Replica2,H,ALA31,34,3.33333333333333,A2266
Replica2,H,PHE168,644,63.1372549019608,F2403
Replica2,A,LYS374,837,82.0588235294118,K1307
Replica2,A,HSD186,159,15.5882352941176,H1119
Replica2,A,PHE378,554,54.3137254901961,F1311
Replica2,A,SER500,24,2.35294117647059,S1433
Replica2,L,GLN1,129,12.6470588235294,Q2236
Replica2,E,CYS463,50,4.90196078431373,C1396
Replica2,K,ILE118,365,35.7843137254902,I2065
Replica2,I,ILE29,125,12.2549019607843,I962
Replica2,I,ILE26,152,14.9019607843137,I959
Replica2,I,HSD25,37,3.62745098039216,H958
Replica2,I,VAL76,446,43.7254901960784,V1009
Replica2,D,HSD49,33,3.23529411764706,H2284
Replica2,L,LEU255,247,24.2156862745098,L2490
Replica2,C,PHE109,182,17.843137254902,F2056
Replica2,C,PHE107,74,7.25490196078431,F2054
Replica2,D,VAL251,151,14.8039215686275,V2486
Replica2,I,LEU508,950,93.1372549019608,L1441
Replica2,E,PHE55,8,0.784313725490196,F988
Replica2,E,CYS259,107,10.4901960784314,C1192
Replica2,C,PHE151,6,0.588235294117647,F2098
Replica2,G,TYR119,30,2.94117647058824,Y2066
Replica2,G,LYS120,39,3.82352941176471,K2067
Replica2,J,ALA8,13,1.27450980392157,A1675
Replica2,D,ILE243,46,4.50980392156863,I2478
Replica2,C,PRO111,180,17.6470588235294,P2058
Replica2,C,PHE104,198,19.4117647058824,F2051
Replica2,L,ILE250,172,16.8627450980392,I2485
Replica2,A,CYS80,57,5.58823529411765,C1013
Replica2,A,ILE89,139,13.6274509803922,I1022
Replica2,A,TRP73,189,18.5294117647059,W1006
Replica2,A,VAL48,66,6.47058823529412,V981
Replica2,A,ASN46,58,5.68627450980392,N979
Replica2,A,ILE399,572,56.078431372549,I1332
Replica2,A,ILE446,329,32.2549019607843,I1379
Replica2,L,VAL34,286,28.0392156862745,V2269
Replica2,L,ILE37,204,20,I2272
Replica2,L,THR33,45,4.41176470588235,T2268
Replica2,L,ILE38,89,8.72549019607843,I2273
Replica2,G,ILE144,587,57.5490196078431,I2091
Replica2,L,ALA501,642,62.9411764705882,A2736
Replica2,H,VAL70,290,28.4313725490196,V2305
Replica2,A,LEU213,219,21.4705882352941,L1146
Replica2,A,CYS502,8,0.784313725490196,C1435
Replica2,K,ASN39,19,1.86274509803922,N1986
Replica2,I,MET82,172,16.8627450980392,M1015
Replica2,I,TYR140,16,1.56862745098039,Y1073
Replica2,F,THR2,407,39.9019607843137,T1669
Replica2,I,TYR287,235,23.0392156862745,Y1220
Replica2,E,ASN461,84,8.23529411764706,N1394
Replica2,E,SER462,98,9.6078431372549,S1395
Replica2,H,ALA127,93,9.11764705882353,A2362
Replica2,H,ILE38,268,26.2745098039216,I2273
Replica2,E,MET228,198,19.4117647058824,M1161
Replica2,K,LEU143,29,2.84313725490196,L2090
Replica2,I,ILE178,1,0.0980392156862745,I1111
Replica2,I,ILE89,66,6.47058823529412,I1022
Replica2,I,ASN306,6,0.588235294117647,N1239
Replica2,I,VAL216,127,12.4509803921569,V1149
Replica2,A,ARG396,1,0.0980392156862745,R1329
Replica2,A,ILE496,1,0.0980392156862745,I1429
Replica2,D,PHE524,113,11.078431372549,F2759
Replica2,H,GLU522,510,50,E2757
Replica2,G,ASP115,2,0.196078431372549,D2062
Replica2,E,ASN289,193,18.921568627451,N1222
Replica2,L,ALA45,1,0.0980392156862745,A2280
Replica2,L,THR78,80,7.84313725490196,T2313
Replica2,A,ARG165,3,0.294117647058824,R1098
Replica2,A,SER68,238,23.3333333333333,S1001
Replica2,A,LEU141,377,36.9607843137255,L1074
Replica2,D,VAL185,77,7.54901960784314,V2420
Replica2,A,THR442,142,13.921568627451,T1375
Replica2,A,LEU465,155,15.1960784313725,L1398
Replica2,A,VAL406,540,52.9411764705882,V1339
Replica2,L,ALA31,153,15,A2266
Replica2,A,LEU5,31,3.03921568627451,L938
Replica2,G,PRO28,101,9.90196078431373,P1975
Replica2,E,SER373,70,6.86274509803922,S1306
Replica2,H,LYS233,116,11.3725490196078,K2468
Replica2,H,MET28,6,0.588235294117647,M2263
Replica2,J,ARG32,3,0.294117647058824,R1699
Replica2,I,VAL521,72,7.05882352941176,V1454
Replica2,E,THR442,255,25,T1375
Replica2,K,GLU117,177,17.3529411764706,E2064
Replica2,K,VAL97,642,62.9411764705882,V2044
Replica2,D,PHE132,169,16.5686274509804,F2367
Replica2,C,ARG29,37,3.62745098039216,R1976
Replica2,I,LYS90,17,1.66666666666667,K1023
Replica2,C,LEU147,4,0.392156862745098,L2094
Replica2,C,ALA148,3,0.294117647058824,A2095
Replica2,C,PHE51,184,18.0392156862745,F1998
Replica2,D,CYS249,315,30.8823529411765,C2484
Replica2,D,LEU92,29,2.84313725490196,L2327
Replica2,D,LEU125,262,25.6862745098039,L2360
Replica2,E,ILE271,321,31.4705882352941,I1204
Replica2,A,TYR380,161,15.7843137254902,Y1313
Replica2,C,LEU31,199,19.5098039215686,L1978
Replica2,A,MET372,198,19.4117647058824,M1305
Replica2,K,LYS120,107,10.4901960784314,K2067
Replica2,E,ASN291,115,11.2745098039216,N1224
Replica2,L,GLY238,245,24.0196078431373,G2473
Replica2,L,GLY241,368,36.078431372549,G2476
Replica2,L,MET239,129,12.6470588235294,M2474
Replica2,L,LEU85,7,0.686274509803922,L2320
Replica2,L,LYS233,121,11.8627450980392,K2468
Replica2,A,ILE449,25,2.45098039215686,I1382
Replica2,A,GLY403,532,52.156862745098,G1336
Replica2,A,MET402,488,47.843137254902,M1335
Replica2,I,ILE399,81,7.94117647058824,I1332
Replica2,I,LEU471,93,9.11764705882353,L1404
Replica2,I,SER470,87,8.52941176470588,S1403
Replica2,I,MET443,167,16.3725490196078,M1376
Replica2,I,PHE439,166,16.2745098039216,F1372
Replica2,L,LEU27,298,29.2156862745098,L2262
Replica2,L,VAL26,9,0.882352941176471,V2261
Replica2,H,LYS232,123,12.0588235294118,K2467
Replica2,H,GLY240,78,7.64705882352941,G2475
Replica2,H,VAL136,122,11.9607843137255,V2371
Replica2,E,HSD160,193,18.921568627451,H1093
Replica2,E,ILE235,343,33.6274509803922,I1168
Replica2,C,TYR103,95,9.31372549019608,Y2050
Replica2,A,TRP383,55,5.3921568627451,W1316
Replica2,A,VAL375,63,6.17647058823529,V1308
Replica2,G,PHE87,208,20.3921568627451,F2034
Replica2,G,MET90,109,10.6862745098039,M2037
Replica2,H,HSD49,4,0.392156862745098,H2284
Replica2,G,GLU136,11,1.07843137254902,E2083
Replica2,E,ILE496,22,2.15686274509804,I1429
Replica2,L,ILE74,106,10.3921568627451,I2309
Replica2,K,THR40,292,28.6274509803922,T1987
Replica2,L,LYS236,23,2.25490196078431,K2471
Replica2,A,LYS13,31,3.03921568627451,K946
Replica2,E,ILE150,188,18.4313725490196,I1083
Replica2,A,ILE497,127,12.4509803921569,I1430
Replica2,I,ARG367,2,0.196078431372549,R1300
Replica2,I,ASP524,30,2.94117647058824,D1457
Replica2,F,ALA8,85,8.33333333333333,A1675
Replica2,F,SER12,456,44.7058823529412,S1679
Replica2,I,ARG277,127,12.4509803921569,R1210
Replica2,E,CYS232,408,40,C1165
Replica2,K,ILE130,519,50.8823529411765,I2077
Replica2,K,LEU68,571,55.9803921568627,L2015
Replica2,K,THR65,432,42.3529411764706,T2012
Replica2,K,TYR94,398,39.0196078431373,Y2041
Replica2,K,MET90,320,31.3725490196078,M2037
Replica2,K,VAL93,598,58.6274509803922,V2040
Replica2,A,LEU458,3,0.294117647058824,L1391
Replica2,K,PRO111,416,40.7843137254902,P2058
Replica2,K,PHE109,495,48.5294117647059,F2056
Replica2,C,TYR141,108,10.5882352941176,Y2088
Replica2,C,LEU55,162,15.8823529411765,L2002
Replica2,C,VAL52,50,4.90196078431373,V1999
Replica2,C,MET47,62,6.07843137254902,M1994
Replica2,A,TRP464,216,21.1764705882353,W1397
Replica2,I,TYR10,325,31.8627450980392,Y943
Replica2,H,PHE107,177,17.3529411764706,F2342
Replica2,G,VAL97,117,11.4705882352941,V2044
Replica2,L,VAL520,92,9.01960784313726,V2755
Replica2,A,LEU86,339,33.2352941176471,L1019
Replica2,D,LEU73,195,19.1176470588235,L2308
Replica2,I,LYS611,13,1.27450980392157,K1544
Replica2,C,TYR138,25,2.45098039215686,Y2085
Replica2,I,MET402,68,6.66666666666667,M1335
Replica2,D,LEU497,573,56.1764705882353,L2732
Replica2,H,VAL80,28,2.74509803921569,V2315
Replica2,E,VAL157,47,4.6078431372549,V1090
Replica2,E,ARG460,21,2.05882352941176,R1393
Replica2,H,GLN171,229,22.4509803921569,Q2406
Replica2,H,ILE37,364,35.6862745098039,I2272
Replica2,H,ARG174,63,6.17647058823529,R2409
Replica2,H,THR33,316,30.9803921568627,T2268
Replica2,C,MET89,385,37.7450980392157,M2036
Replica2,A,CYS463,18,1.76470588235294,C1396
Replica2,A,VAL459,8,0.784313725490196,V1392
Replica2,A,ILE466,13,1.27450980392157,I1399
Replica2,C,ILE54,64,6.27450980392157,I2001
Replica2,D,LYS48,5,0.490196078431373,K2283
Replica2,A,PHE266,354,34.7058823529412,F1199
Replica2,D,LEU13,17,1.66666666666667,L2248
Replica2,A,VAL30,187,18.3333333333333,V963
Replica2,E,LEU24,319,31.2745098039216,L957
Replica2,E,TRP20,459,45,W953
Replica2,E,CYS211,211,20.6862745098039,C1144
Replica2,E,LEU208,118,11.5686274509804,L1141
Replica2,I,PHE505,768,75.2941176470588,F1438
Replica2,L,ASP192,10,0.980392156862745,D2427
Replica2,L,GLU554,1,0.0980392156862745,E2789
Replica2,L,ARG152,3,0.294117647058824,R2387
Replica2,L,VAL189,50,4.90196078431373,V2424
Replica2,L,THR191,12,1.17647058823529,T2426
Replica2,H,LYS236,37,3.62745098039216,K2471
Replica2,J,SER12,50,4.90196078431373,S1679
Replica2,J,SER19,1,0.0980392156862745,S1686
Replica2,J,GLU23,3,0.294117647058824,E1690
Replica2,A,ALA435,85,8.33333333333333,A1368
Replica2,A,TYR436,625,61.2745098039216,Y1369
Replica2,A,LEU234,128,12.5490196078431,L1167
Replica2,A,LEU405,17,1.66666666666667,L1338
Replica2,I,VAL406,59,5.7843137254902,V1339
Replica2,K,PHE107,226,22.156862745098,F2054
Replica2,H,PHE103,213,20.8823529411765,F2338
Replica2,E,ASN144,12,1.17647058823529,N1077
Replica2,I,PHE288,165,16.1764705882353,F1221
Replica2,C,PHE125,196,19.2156862745098,F2072
Replica2,C,MET90,352,34.5098039215686,M2037
Replica2,C,VAL93,481,47.156862745098,V2040
Replica2,C,LEU68,130,12.7450980392157,L2015
Replica2,C,PRO126,202,19.8039215686275,P2073
Replica2,K,ALA98,20,1.96078431372549,A2045
Replica2,K,GLY131,241,23.6274509803922,G2078
Replica2,A,SER462,31,3.03921568627451,S1395
Replica2,I,ILE497,305,29.9019607843137,I1430
Replica2,C,VAL139,37,3.62745098039216,V2086
Replica2,C,GLN145,2,0.196078431372549,Q2092
Replica2,A,ARG277,151,14.8039215686275,R1210
Replica2,A,GLY270,211,20.6862745098039,G1203
Replica2,A,PRO272,213,20.8823529411765,P1205
Replica2,A,ILE271,281,27.5490196078431,I1204
Replica2,D,LEU129,303,29.7058823529412,L2364
Replica2,D,PHE41,320,31.3725490196078,F2276
Replica2,G,ILE64,25,2.45098039215686,I2011
Replica2,G,LEU71,57,5.58823529411765,L2018
Replica2,G,LEU74,105,10.2941176470588,L2021
Replica2,G,TRP75,6,0.588235294117647,W2022
Replica2,G,LEU78,19,1.86274509803922,L2025
Replica2,G,ILE70,94,9.2156862745098,I2017
Replica2,G,ILE72,1,0.0980392156862745,I2019
Replica2,H,LYS48,16,1.56862745098039,K2283
Replica2,H,VAL64,142,13.921568627451,V2299
Replica2,H,GLY66,145,14.2156862745098,G2301
Replica2,H,PRO65,65,6.37254901960784,P2300
Replica2,H,LEU69,209,20.4901960784314,L2304
Replica2,H,PRO67,118,11.5686274509804,P2302
Replica2,E,MET214,427,41.8627450980392,M1147
Replica2,H,TRP252,252,24.7058823529412,W2487
Replica2,A,ASP431,13,1.27450980392157,D1364
Replica2,C,PRO28,61,5.98039215686275,P1975
Replica2,K,GLY108,49,4.80392156862745,G2055
Replica2,K,PHE104,600,58.8235294117647,F2051
Replica2,D,ASN124,24,2.35294117647059,N2359
Replica2,A,ILE269,128,12.5490196078431,I1202
Replica2,K,ILE155,36,3.52941176470588,I2102
Replica2,K,HSD152,7,0.686274509803922,H2099
Replica2,K,CYS49,7,0.686274509803922,C1996
Replica2,K,LEU149,7,0.686274509803922,L2096
Replica2,A,ALA152,184,18.0392156862745,A1085
Replica2,A,ALA149,156,15.2941176470588,A1082
Replica2,H,PHE499,97,9.50980392156863,F2734
Replica2,L,PHE46,1,0.0980392156862745,F2281
Replica2,E,ILE293,197,19.3137254901961,I1226
Replica2,E,TYR239,285,27.9411764705882,Y1172
Replica2,I,PHE11,304,29.8039215686275,F944
Replica2,D,THR191,7,0.686274509803922,T2426
Replica2,H,ASN163,28,2.74509803921569,N2398
Replica2,A,GLY456,3,0.294117647058824,G1389
Replica2,I,CYS80,205,20.0980392156863,C1013
Replica2,A,ILE391,68,6.66666666666667,I1324
Replica2,K,ARG44,229,22.4509803921569,R1991
Replica2,L,GLY507,1000,98.0392156862745,G2742
Replica2,D,LYS134,13,1.27450980392157,K2369
Replica2,E,VAL218,187,18.3333333333333,V1151
Replica2,L,ILE100,119,11.6666666666667,I2335
Replica2,A,GLU162,34,3.33333333333333,E1095
Replica2,A,ALA60,82,8.03921568627451,A993
Replica2,L,ILE243,114,11.1764705882353,I2478
Replica2,G,GLN27,5,0.490196078431373,Q1974
Replica2,H,THR90,318,31.1764705882353,T2325
Replica2,H,PHE170,275,26.9607843137255,F2405
Replica2,E,ALA457,143,14.0196078431373,A1390
Replica2,C,TYR94,205,20.0980392156863,Y2041
Replica2,I,TRP73,269,26.3725490196078,W1006
Replica2,I,PHE45,61,5.98039215686275,F978
Replica2,I,VAL48,197,19.3137254901961,V981
Replica2,A,PHE45,176,17.2549019607843,F978
Replica2,A,LEU131,1,0.0980392156862745,L1064
Replica2,A,VAL69,69,6.76470588235294,V1002
Replica2,D,VAL102,3,0.294117647058824,V2337
Replica2,D,HSD106,8,0.784313725490196,H2341
Replica2,D,ILE244,153,15,I2479
Replica2,H,PHE76,89,8.72549019607843,F2311
Replica2,A,LEU62,415,40.6862745098039,L995
Replica2,A,TYR59,139,13.6274509803922,Y992
Replica2,A,VAL438,19,1.86274509803922,V1371
Replica2,A,GLY236,803,78.7254901960784,G1169
Replica2,L,VAL133,233,22.843137254902,V2368
Replica2,I,ILE525,213,20.8823529411765,I1458
Replica2,A,VAL440,196,19.2156862745098,V1373
Replica2,I,SER215,70,6.86274509803922,S1148
Replica2,A,THR88,250,24.5098039215686,T1021
Replica2,D,GLN98,1,0.0980392156862745,Q2333
Replica2,D,LYS94,1,0.0980392156862745,K2329
Replica2,D,MET79,1,0.0980392156862745,M2314
Replica2,D,ASP82,2,0.196078431372549,D2317
Replica2,D,LYS518,139,13.6274509803922,K2753
Replica2,L,PRO494,503,49.3137254901961,P2729
Replica2,E,SER68,177,17.3529411764706,S1001
Replica2,E,LEU137,218,21.3725490196078,L1070
Replica2,I,TYR239,172,16.8627450980392,Y1172
Replica2,L,LYS160,44,4.31372549019608,K2395
Replica2,E,TYR380,791,77.5490196078431,Y1313
Replica2,E,ILE376,775,75.9803921568628,I1309
Replica2,L,LYS518,261,25.5882352941177,K2753
Replica2,E,ILE377,478,46.8627450980392,I1310
Replica2,K,ARG122,23,2.25490196078431,R2069
Replica2,K,VAL100,606,59.4117647058824,V2047
Replica2,I,TRP295,186,18.2352941176471,W1228
Replica2,G,TYR94,95,9.31372549019608,Y2041
Replica2,G,LEU67,84,8.23529411764706,L2014
Replica2,H,GLN63,139,13.6274509803922,Q2298
Replica2,D,ILE248,84,8.23529411764706,I2483
Replica2,H,VAL72,22,2.15686274509804,V2307
Replica2,D,PHE168,487,47.7450980392157,F2403
Replica2,E,ARG282,325,31.8627450980392,R1215
Replica2,L,SER496,586,57.4509803921569,S2731
Replica2,J,THR15,11,1.07843137254902,T1682
Replica2,E,LEU3,265,25.9803921568627,L936
Replica2,A,GLY450,126,12.3529411764706,G1383
Replica2,C,CYS49,1,0.0980392156862745,C1996
Replica2,A,CYS259,412,40.3921568627451,C1192
Replica2,I,PHE198,946,92.7450980392157,F1131
Replica2,I,CYS194,295,28.921568627451,C1127
Replica2,I,PHE378,281,27.5490196078431,F1311
Replica2,D,GLY241,200,19.6078431372549,G2476
Replica2,D,GLY238,190,18.6274509803922,G2473
Replica2,D,TYR237,215,21.078431372549,Y2472
Replica2,D,GLY240,39,3.82352941176471,G2475
Replica2,D,LEU175,174,17.0588235294118,L2410
Replica2,E,LYS284,200,19.6078431372549,K1217
Replica2,E,GLN15,96,9.41176470588235,Q948
Replica2,A,PHE414,26,2.54901960784314,F1347
Replica2,A,TYR410,450,44.1176470588235,Y1343
Replica2,A,LEU413,3,0.294117647058824,L1346
Replica2,G,ARG86,184,18.0392156862745,R2033
Replica2,A,TRP20,50,4.90196078431373,W953
Replica2,A,PHE206,298,29.2156862745098,F1139
Replica2,A,LEU507,119,11.6666666666667,L1440
Replica2,C,ALA98,100,9.80392156862745,A2045
Replica2,A,PRO280,309,30.2941176470588,P1213
Replica2,A,VAL267,172,16.8627450980392,V1200
Replica2,A,PHE263,692,67.843137254902,F1196
Replica2,A,THR262,89,8.72549019607843,T1195
Replica2,A,ALA258,13,1.27450980392157,A1191
Replica2,K,VAL139,6,0.588235294117647,V2086
Replica2,I,ILE292,149,14.6078431372549,I1225
Replica2,I,LEU296,187,18.3333333333333,L1229
Replica2,I,PHE256,272,26.6666666666667,F1189
Replica2,I,ILE260,146,14.3137254901961,I1193
Replica2,I,PHE263,192,18.8235294117647,F1196
Replica2,I,CYS259,267,26.1764705882353,C1192
Replica2,I,TYR226,40,3.92156862745098,Y1159
Replica2,K,ILE53,1,0.0980392156862745,I2000
Replica2,A,PHE409,11,1.07843137254902,F1342
Replica2,A,ILE192,367,35.9803921568627,I1125
Replica2,E,THR1,90,8.82352941176471,T934
Replica2,E,LYS6,138,13.5294117647059,K939
Replica2,I,LYS444,37,3.62745098039216,K1377
Replica2,L,GLY504,1000,98.0392156862745,G2739
Replica2,L,MET506,238,23.3333333333333,M2741
Replica2,L,ALA510,590,57.843137254902,A2745
Replica2,I,THR71,206,20.1960784313726,T1004
Replica2,H,LYS231,34,3.33333333333333,K2466
Replica2,H,LEU140,19,1.86274509803922,L2375
Replica2,E,VAL2,97,9.50980392156863,V935
Replica2,C,PHE110,154,15.0980392156863,F2057
Replica2,I,LEU447,90,8.82352941176471,L1380
Replica2,D,PHE46,4,0.392156862745098,F2281
Replica2,E,VAL406,33,3.23529411764706,V1339
Replica2,E,TYR410,53,5.19607843137255,Y1343
Replica2,G,GLU96,38,3.72549019607843,E2043
Replica2,I,VAL512,35,3.43137254901961,V1445
Replica2,L,GLY502,58,5.68627450980392,G2737
Replica2,E,ILE497,114,11.1764705882353,I1430
Replica2,A,LEU433,423,41.4705882352941,L1366
Replica2,I,PHE400,4,0.392156862745098,F1333
Replica2,I,VAL440,12,1.17647058823529,V1373
Replica2,I,TYR436,55,5.3921568627451,Y1369
Replica2,L,GLN75,19,1.86274509803922,Q2310
Replica2,L,PHE97,7,0.686274509803922,F2332
Replica2,L,LEU101,1,0.0980392156862745,L2336
Replica2,I,SER368,8,0.784313725490196,S1301
Replica2,E,ARG240,228,22.3529411764706,R1173
Replica2,C,ILE129,116,11.3725490196078,I2076
Replica2,H,VAL264,2,0.196078431372549,V2499
Replica2,H,SER259,11,1.07843137254902,S2494
Replica2,A,PRO136,12,1.17647058823529,P1069
Replica2,A,SER135,12,1.17647058823529,S1068
Replica2,I,CYS211,148,14.5098039215686,C1144
Replica2,F,TRP16,643,63.0392156862745,W1683
Replica2,L,TYR503,701,68.7254901960784,Y2738
Replica2,A,LYS90,62,6.07843137254902,K1023
Replica2,I,GLY190,2,0.196078431372549,G1123
Replica2,I,ARG64,104,10.1960784313725,R997
Replica2,D,LEU500,630,61.7647058823529,L2735
Replica2,L,GLY104,3,0.294117647058824,G2339
Replica2,L,PHE103,113,11.078431372549,F2338
Replica2,L,PHE107,45,4.41176470588235,F2342
Replica2,I,LEU386,118,11.5686274509804,L1319
Replica2,D,LEU59,1,0.0980392156862745,L2294
Replica2,D,ILE37,376,36.8627450980392,I2272
Replica2,I,PHE206,20,1.96078431372549,F1139
Replica2,E,LYS13,115,11.2745098039216,K946
Replica2,I,ILE388,54,5.29411764705882,I1321
Replica2,I,ILE77,35,3.43137254901961,I1010
Replica2,D,LEU85,47,4.6078431372549,L2320
Replica2,D,ILE14,7,0.686274509803922,I2249
Replica2,C,LEU78,15,1.47058823529412,L2025
Replica2,I,ARG511,14,1.37254901960784,R1444
Replica2,A,MET18,115,11.2745098039216,M951
Replica2,A,ILE77,61,5.98039215686275,I1010
Replica2,A,MET228,394,38.6274509803922,M1161
Replica2,L,TYR162,481,47.156862745098,Y2397
Replica2,H,LEU101,187,18.3333333333333,L2336
Replica2,E,GLU162,2,0.196078431372549,E1095
Replica2,I,SER379,285,27.9411764705882,S1312
Replica2,J,ARG35,6,0.588235294117647,R1702
Replica2,D,ALA234,216,21.1764705882353,A2469
Replica2,E,GLN87,180,17.6470588235294,Q1020
Replica2,E,LEU86,313,30.6862745098039,L1019
Replica2,E,ILE27,146,14.3137254901961,I960
Replica2,C,SER62,9,0.882352941176471,S2009
Replica2,I,ASN437,140,13.7254901960784,N1370
Replica2,A,LYS81,184,18.0392156862745,K1014
Replica2,L,ARG88,24,2.35294117647059,R2323
Replica2,L,GLY240,138,13.5294117647059,G2475
Replica2,L,LEU169,380,37.2549019607843,L2404
Replica2,L,VAL235,157,15.3921568627451,V2470
Replica2,L,ALA234,244,23.921568627451,A2469
Replica2,L,VAL70,105,10.2941176470588,V2305
Replica2,C,VAL97,310,30.3921568627451,V2044
Replica2,D,MET239,126,12.3529411764706,M2474
Replica2,D,GLN128,78,7.64705882352941,Q2363
Replica2,A,GLN85,268,26.2745098039216,Q1018
Replica2,I,ILE496,413,40.4901960784314,I1429
Replica2,H,CYS249,289,28.3333333333333,C2484
Replica2,E,VAL16,60,5.88235294117647,V949
Replica2,A,ASP371,193,18.921568627451,D1304
Replica2,C,ALA91,15,1.47058823529412,A2038
Replica2,I,TYR201,2,0.196078431372549,Y1134
Replica2,I,ASP371,1,0.0980392156862745,D1304
Replica2,D,TYR131,99,9.70588235294118,Y2366
Replica2,D,GLY93,22,2.15686274509804,G2328
Replica2,E,PHE203,488,47.843137254902,F1136
Replica2,D,PHE178,3,0.294117647058824,F2413
Replica2,L,LEU514,816,80,L2749
Replica2,E,SER31,11,1.07843137254902,S964
Replica2,I,ARG240,14,1.37254901960784,R1173
Replica2,C,TYR50,33,3.23529411764706,Y1997
Replica2,D,THR33,181,17.7450980392157,T2268
Replica2,D,LEU30,215,21.078431372549,L2265
Replica2,D,VAL34,271,26.5686274509804,V2269
Replica2,H,PHE46,10,0.980392156862745,F2281
Replica2,I,VAL249,31,3.03921568627451,V1182
Replica2,L,PHE111,19,1.86274509803922,F2346
Replica2,I,ALA523,1,0.0980392156862745,A1456
Replica2,A,ILE455,11,1.07843137254902,I1388
Replica2,A,TYR454,175,17.156862745098,Y1387
Replica2,A,ALA457,3,0.294117647058824,A1390
Replica2,A,ALA451,83,8.13725490196078,A1384
Replica2,A,ILE292,67,6.56862745098039,I1225
Replica2,A,VAL139,32,3.13725490196078,V1072
Replica2,E,PRO275,138,13.5294117647059,P1208
Replica2,F,LEU17,271,26.5686274509804,L1684
Replica2,L,CYS147,3,0.294117647058824,C2382
Replica2,I,TYR158,99,9.70588235294118,Y1091
Replica2,C,MET77,18,1.76470588235294,M2024
Replica2,D,TRP108,4,0.392156862745098,W2343
Replica2,E,PHE298,79,7.74509803921569,F1231
Replica2,G,ARG29,27,2.64705882352941,R1976
Replica2,B,TRP16,98,9.6078431372549,W1683
Replica2,A,LYS133,18,1.76470588235294,K1066
Replica2,D,TRP130,2,0.196078431372549,W2365
Replica2,J,THR14,95,9.31372549019608,T1681
Replica2,D,ARG88,108,10.5882352941176,R2323
Replica2,A,ALA231,53,5.19607843137255,A1164
Replica2,C,PHE73,15,1.47058823529412,F2020
Replica2,E,VAL385,177,17.3529411764706,V1318
Replica2,L,GLN98,27,2.64705882352941,Q2333
Replica2,I,TYR163,9,0.882352941176471,Y1096
Replica2,L,PRO67,3,0.294117647058824,P2302
Replica2,A,ASN291,7,0.686274509803922,N1224
Replica2,C,PHE87,98,9.6078431372549,F2034
Replica2,I,PHE203,292,28.6274509803922,F1136
Replica2,C,MET58,105,10.2941176470588,M2005
Replica2,H,LEU256,32,3.13725490196078,L2491
Replica2,L,PHE178,6,0.588235294117647,F2413
Replica2,H,VAL513,10,0.980392156862745,V2748
Replica2,A,GLU9,5,0.490196078431373,E942
Replica2,I,SER68,167,16.3725490196078,S1001
Replica2,L,TYR223,722,70.7843137254902,Y2458
Replica2,G,VAL93,60,5.88235294117647,V2040
Replica2,I,LYS6,86,8.43137254901961,K939
Replica2,D,PRO5,71,6.96078431372549,P2240
Replica2,E,ILE302,42,4.11764705882353,I1235
Replica2,D,VAL136,56,5.49019607843137,V2371
Replica2,H,GLY104,58,5.68627450980392,G2339
Replica2,G,GLY137,42,4.11764705882353,G2084
Replica2,G,TYR138,154,15.0980392156863,Y2085
Replica2,E,SER448,3,0.294117647058824,S1381
Replica2,I,VAL69,205,20.0980392156863,V1002
Replica2,A,ARG460,24,2.35294117647059,R1393
Replica2,E,TYR279,148,14.5098039215686,Y1212
Replica2,H,LEU260,3,0.294117647058824,L2495
Replica2,K,PHE73,11,1.07843137254902,F2020
Replica2,A,TRP620,22,2.15686274509804,W1553
Replica2,H,VAL520,17,1.66666666666667,V2755
Replica2,H,LEU497,8,0.784313725490196,L2732
Replica2,H,ILE505,3,0.294117647058824,I2740
Replica2,A,TYR279,43,4.2156862745098,Y1212
Replica2,A,TRP623,5,0.490196078431373,W1556
Replica2,G,ILE99,1,0.0980392156862745,I2046
Replica2,A,GLY453,62,6.07843137254902,G1386
Replica2,I,ASN200,1,0.0980392156862745,N1133
Replica2,H,MET71,12,1.17647058823529,M2306
Replica2,H,LEU255,181,17.7450980392157,L2490
Replica2,L,LEU167,10,0.980392156862745,L2402
Replica2,A,LYS176,3,0.294117647058824,K1109
Replica2,E,ALA65,148,14.5098039215686,A998
Replica2,C,THR59,5,0.490196078431373,T2006
Replica2,D,ILE261,396,38.8235294117647,I2496
Replica2,A,GLN87,62,6.07843137254902,Q1020
Replica2,K,PRO28,67,6.56862745098039,P1975
Replica2,L,VAL99,59,5.7843137254902,V2334
Replica2,I,TYR517,2,0.196078431372549,Y1450
Replica2,D,ARG183,4,0.392156862745098,R2418
Replica2,C,VAL101,227,22.2549019607843,V2048
Replica2,E,TYR163,16,1.56862745098039,Y1096
Replica2,L,ASN163,36,3.52941176470588,N2398
Replica2,G,ALA148,463,45.3921568627451,A2095
Replica2,A,LYS196,100,9.80392156862745,K1129
Replica2,C,PRO127,39,3.82352941176471,P2074
Replica2,L,SER493,24,2.35294117647059,S2728
Replica2,G,PHE151,639,62.6470588235294,F2098
Replica2,E,PHE179,57,5.58823529411765,F1112
Replica2,E,ILE178,102,10,I1111
Replica2,E,TYR253,188,18.4313725490196,Y1186
Replica2,E,CYS255,20,1.96078431372549,C1188
Replica2,E,ALA231,113,11.078431372549,A1164
Replica2,D,TRP252,149,14.6078431372549,W2487
Replica2,H,ASP62,44,4.31372549019608,D2297
Replica2,E,TYR404,82,8.03921568627451,Y1337
Replica2,E,ALA407,3,0.294117647058824,A1340
Replica2,G,ASP142,5,0.490196078431373,D2089
Replica2,A,PHE202,423,41.4705882352941,F1135
Replica2,A,ALA468,45,4.41176470588235,A1401
Replica2,I,GLU162,9,0.882352941176471,E1095
Replica2,E,VAL375,260,25.4901960784314,V1308
Replica2,A,TYR201,337,33.0392156862745,Y1134
Replica2,G,VAL101,121,11.8627450980392,V2048
Replica2,E,HSD180,5,0.490196078431373,H1113
Replica2,E,VAL249,162,15.8823529411765,V1182
Replica2,C,LYS114,17,1.66666666666667,K2061
Replica2,C,PHE105,116,11.3725490196078,F2052
Replica2,D,CYS135,41,4.01960784313726,C2370
Replica2,D,PHE138,44,4.31372549019608,F2373
Replica2,D,GLY139,38,3.72549019607843,G2374
Replica2,D,LEU140,14,1.37254901960784,L2375
Replica2,A,ASN289,40,3.92156862745098,N1222
Replica2,I,THR392,8,0.784313725490196,T1325
Replica2,G,GLN145,60,5.88235294117647,Q2092
Replica2,C,ASN113,37,3.62745098039216,N2060
Replica2,E,VAL37,92,9.01960784313726,V970
Replica2,I,THR262,132,12.9411764705882,T1195
Replica2,D,ALA142,18,1.76470588235294,A2377
Replica2,A,ALA65,31,3.03921568627451,A998
Replica2,K,ASP26,5,0.490196078431373,D1973
Replica2,A,THR210,123,12.0588235294118,T1143
Replica2,C,LEU116,105,10.2941176470588,L2063
Replica2,C,GLY137,1,0.0980392156862745,G2084
Replica2,C,THR95,2,0.196078431372549,T2042
Replica2,E,THR177,37,3.62745098039216,T1110
Replica2,K,VAL25,1,0.0980392156862745,V1972
Replica2,A,ARG511,129,12.6470588235294,R1444
Replica2,D,SER496,359,35.1960784313726,S2731
Replica2,D,MET109,5,0.490196078431373,M2344
Replica2,H,GLU181,3,0.294117647058824,E2416
Replica2,F,ILE20,204,20,I1687
Replica2,E,PHE409,7,0.686274509803922,F1342
Replica2,A,MET214,18,1.76470588235294,M1147
Replica2,H,PHE29,44,4.31372549019608,F2264
Replica2,C,ASN128,1,0.0980392156862745,N2075
Replica2,H,LEU182,15,1.47058823529412,L2417
Replica2,C,PRO69,2,0.196078431372549,P2016
Replica2,E,LEU413,1,0.0980392156862745,L1346
Replica2,E,TYR59,3,0.294117647058824,Y992
Replica2,E,PRO251,1,0.0980392156862745,P1184
Replica2,L,TRP188,3,0.294117647058824,W2423
Replica2,D,MET258,418,40.9803921568627,M2493
Replica2,E,ILE51,10,0.980392156862745,I984
Replica2,E,ALA66,22,2.15686274509804,A999
Replica2,C,ILE130,7,0.686274509803922,I2077
Replica2,A,LEU296,571,55.9803921568627,L1229
Replica2,A,TRP233,675,66.1764705882353,W1166
Replica2,E,TYR516,43,4.2156862745098,Y1449
Replica2,E,PHE206,501,49.1176470588235,F1139
Replica2,E,TYR201,18,1.76470588235294,Y1134
Replica2,L,PHE523,42,4.11764705882353,F2758
Replica2,H,THR22,61,5.98039215686275,T2257
Replica2,D,TYR143,3,0.294117647058824,Y2378
Replica2,A,ILE34,156,15.2941176470588,I967
Replica2,A,SER31,130,12.7450980392157,S964
Replica2,A,ILE21,77,7.54901960784314,I954
Replica2,A,PHE153,114,11.1764705882353,F1086
Replica2,A,ILE27,100,9.80392156862745,I960
Replica2,A,VAL237,691,67.7450980392157,V1170
Replica2,E,TRP128,7,0.686274509803922,W1061
Replica2,E,CYS268,10,0.980392156862745,C1201
Replica2,E,ARG304,8,0.784313725490196,R1237
Replica2,E,TYR47,4,0.392156862745098,Y980
Replica2,E,TYR164,59,5.7843137254902,Y1097
Replica2,A,ILE26,58,5.68627450980392,I959
Replica2,E,TRP432,283,27.7450980392157,W1365
Replica2,D,LYS262,355,34.8039215686275,K2497
Replica2,D,LEU113,3,0.294117647058824,L2348
Replica2,E,GLY207,30,2.94117647058824,G1140
Replica2,A,SER32,112,10.9803921568627,S965
Replica2,L,GLU522,38,3.72549019607843,E2757
Replica2,C,ARG85,320,31.3725490196078,R2032
Replica2,L,TRP216,19,1.86274509803922,W2451
Replica2,H,VAL95,2,0.196078431372549,V2330
Replica2,H,PRO226,4,0.392156862745098,P2461
Replica2,E,PRO136,43,4.2156862745098,P1069
Replica2,I,TRP464,97,9.50980392156863,W1397
Replica2,I,LEU465,181,17.7450980392157,L1398
Replica2,H,ILE112,65,6.37254901960784,I2347
Replica2,D,LYS233,53,5.19607843137255,K2468
Replica2,A,GLU209,11,1.07843137254902,E1142
Replica2,L,SER122,4,0.392156862745098,S2357
Replica2,I,ALA65,111,10.8823529411765,A998
Replica2,E,GLU154,1,0.0980392156862745,E1087
Replica2,I,LEU8,125,12.2549019607843,L941
Replica2,G,PHE23,2,0.196078431372549,F1970
Replica2,K,GLU96,603,59.1176470588235,E2043
Replica2,A,TYR369,72,7.05882352941176,Y1302
Replica2,E,ALA274,126,12.3529411764706,A1207
Replica2,C,LYS135,39,3.82352941176471,K2082
Replica2,E,PRO299,49,4.80392156862745,P1232
Replica2,K,VAL101,378,37.0588235294118,V2048
Replica2,K,PHE105,8,0.784313725490196,F2052
Replica2,E,GLU9,21,2.05882352941176,E942
Replica2,I,CYS232,139,13.6274509803922,C1165
Replica2,I,PHE225,104,10.1960784313725,F1158
Replica2,I,ILE229,85,8.33333333333333,I1162
Replica2,I,MET228,85,8.33333333333333,M1161
Replica2,I,ILE449,12,1.17647058823529,I1382
Replica2,E,TYR436,86,8.43137254901961,Y1369
Replica2,A,ILE29,107,10.4901960784314,I962
Replica2,H,TRP108,17,1.66666666666667,W2343
Replica2,I,ILE446,104,10.1960784313725,I1379
Replica2,I,ALA612,1,0.0980392156862745,A1545
Replica2,A,LEU471,5,0.490196078431373,L1404
Replica2,K,ILE92,212,20.7843137254902,I2039
Replica2,E,PHE49,10,0.980392156862745,F982
Replica2,A,LYS284,296,29.0196078431373,K1217
Replica2,D,GLN63,14,1.37254901960784,Q2298
Replica2,H,LYS262,9,0.882352941176471,K2497
Replica2,I,CYS70,30,2.94117647058824,C1003
Replica2,I,LEU44,135,13.2352941176471,L977
Replica2,I,TYR47,164,16.078431372549,Y980
Replica2,I,ILE51,254,24.9019607843137,I984
Replica2,E,TRP19,48,4.70588235294118,W952
Replica2,C,ALA76,3,0.294117647058824,A2023
Replica2,A,VAL249,604,59.2156862745098,V1182
Replica2,K,ARG29,114,11.1764705882353,R1976
Replica2,B,ILE20,5,0.490196078431373,I1687
Replica2,H,SER58,1,0.0980392156862745,S2293
Replica2,E,ILE389,3,0.294117647058824,I1322
Replica2,E,LEU433,2,0.196078431372549,L1366
Replica2,H,PHE111,82,8.03921568627451,F2346
Replica2,E,LYS374,5,0.490196078431373,K1307
Replica2,E,LYS444,2,0.196078431372549,K1377
Replica2,K,PRO127,73,7.15686274509804,P2074
Replica2,I,ALA494,4,0.392156862745098,A1427
Replica2,I,LEU187,3,0.294117647058824,L1120
Replica2,A,TYR140,252,24.7058823529412,Y1073
Replica2,D,LYS120,22,2.15686274509804,K2355
Replica2,I,LEU62,162,15.8823529411765,L995
Replica2,K,LEU71,494,48.4313725490196,L2018
Replica2,L,SER263,8,0.784313725490196,S2498
Replica2,I,ASN143,39,3.82352941176471,N1076
Replica2,G,VAL42,33,3.23529411764706,V1989
Replica2,G,SER45,52,5.09803921568627,S1992
Replica2,E,PRO173,19,1.86274509803922,P1106
Replica2,E,CYS276,92,9.01960784313726,C1209
Replica2,E,PRO280,55,5.3921568627451,P1213
Replica2,E,ASP278,3,0.294117647058824,D1211
Replica2,A,ALA54,269,26.3725490196078,A987
Replica2,E,ASN437,5,0.490196078431373,N1370
Replica2,E,ASP189,135,13.2352941176471,D1122
Replica2,E,THR171,13,1.27450980392157,T1104
Replica2,E,HSD12,11,1.07843137254902,H945
Replica2,E,ALA172,13,1.27450980392157,A1105
Replica2,E,VAL438,27,2.64705882352941,V1371
Replica2,C,ASN39,2,0.196078431372549,N1986
Replica2,I,LEU86,209,20.4901960784314,L1019
Replica2,I,LYS61,65,6.37254901960784,K994
Replica2,C,LEU32,2,0.196078431372549,L1979
Replica2,E,PHE301,3,0.294117647058824,F1234
Replica2,A,VAL37,30,2.94117647058824,V970
Replica2,A,TRP281,685,67.156862745098,W1214
Replica2,A,GLN264,307,30.0980392156863,Q1197
Replica2,G,ALA36,9,0.882352941176471,A1983
Replica2,J,ASP11,30,2.94117647058824,D1678
Replica2,L,ARG222,255,25,R2457
Replica2,H,LEU197,58,5.68627450980392,L2432
Replica2,A,ILE261,9,0.882352941176471,I1194
Replica2,A,TYR226,579,56.7647058823529,Y1159
Replica2,I,ALA66,23,2.25490196078431,A999
Replica2,E,MET147,3,0.294117647058824,M1080
Replica2,E,ASN168,6,0.588235294117647,N1101
Replica2,E,ASN169,12,1.17647058823529,N1102
Replica2,I,ILE271,113,11.078431372549,I1204
Replica2,I,PHE266,171,16.7647058823529,F1199
Replica2,I,GLY270,26,2.54901960784314,G1203
Replica2,I,ILE269,47,4.6078431372549,I1202
Replica2,I,TRP128,108,10.5882352941176,W1061
Replica2,I,PRO272,31,3.03921568627451,P1205
Replica2,I,SER52,45,4.41176470588235,S985
Replica2,I,PHE55,329,32.2549019607843,F988
Replica2,G,PRO83,13,1.27450980392157,P2030
Replica2,K,MET89,25,2.45098039215686,M2036
Replica2,E,ASN143,19,1.86274509803922,N1076
Replica2,A,LEU370,23,2.25490196078431,L1303
Replica2,I,PRO280,57,5.58823529411765,P1213
Replica2,I,TRP281,27,2.64705882352941,W1214
Replica2,I,ILE434,26,2.54901960784314,I1367
Replica2,L,LEU377,43,4.2156862745098,L2612
Replica2,G,ALA91,19,1.86274509803922,A2038
Replica2,G,MET89,2,0.196078431372549,M2036
Replica2,K,VAL132,62,6.07843137254902,V2079
Replica2,E,LEU170,3,0.294117647058824,L1103
Replica2,I,ALA56,7,0.686274509803922,A989
Replica2,I,LYS13,32,3.13725490196078,K946
Replica2,A,TYR253,542,53.1372549019608,Y1186
Replica2,H,LEU179,53,5.19607843137255,L2414
Replica2,K,SER62,68,6.66666666666667,S2009
Replica2,I,LYS613,12,1.17647058823529,K1546
Replica2,L,LYS232,123,12.0588235294118,K2467
Replica2,H,GLN123,2,0.196078431372549,Q2358
Replica2,H,SER122,2,0.196078431372549,S2357
Replica2,E,TRP53,2,0.196078431372549,W986
Replica2,E,ALA56,1,0.0980392156862745,A989
Replica2,E,LEU62,48,4.70588235294118,L995
Replica2,I,ARG460,32,3.13725490196078,R1393
Replica2,A,TRP295,321,31.4705882352941,W1228
Replica2,I,GLU23,7,0.686274509803922,E956
Replica2,I,THR74,4,0.392156862745098,T1007
Replica2,G,HSD152,37,3.62745098039216,H2099
Replica2,H,TYR137,10,0.980392156862745,Y2372
Replica2,K,LEU74,65,6.37254901960784,L2021
Replica2,K,ILE70,26,2.54901960784314,I2017
Replica2,L,PHE10,31,3.03921568627451,F2245
Replica2,L,VAL95,5,0.490196078431373,V2330
Replica2,E,TRP383,438,42.9411764705882,W1316
Replica2,A,THR156,89,8.72549019607843,T1089
Replica2,F,LEU7,17,1.66666666666667,L1674
Replica2,A,PHE314,101,9.90196078431373,F1247
Replica2,D,LYS236,11,1.07843137254902,K2471
Replica2,A,LEU257,76,7.45098039215686,L1190
Replica2,A,PHE309,4,0.392156862745098,F1242
Replica2,I,SER67,25,2.45098039215686,S1000
Replica2,D,ARG83,1,0.0980392156862745,R2318
Replica2,F,ASP11,6,0.588235294117647,D1678
Replica2,H,TYR223,16,1.56862745098039,Y2458
Replica2,A,PHE298,482,47.2549019607843,F1231
Replica2,I,VAL30,32,3.13725490196078,V963
Replica2,H,GLN98,23,2.25490196078431,Q2333
Replica2,C,GLU164,1,0.0980392156862745,E2111
Replica2,A,LYS61,33,3.23529411764706,K994
Replica2,E,ASN97,24,2.35294117647059,N1030
Replica2,E,VAL96,69,6.76470588235294,V1029
Replica2,E,ARG277,122,11.9607843137255,R1210
Replica2,I,TRP36,28,2.74509803921569,W969
Replica2,L,LYS120,309,30.2941176470588,K2355
Replica2,D,LEU179,1,0.0980392156862745,L2414
Replica2,H,PHE43,2,0.196078431372549,F2278
Replica2,H,PHE68,1,0.0980392156862745,F2303
Replica2,H,ILE39,1,0.0980392156862745,I2274
Replica2,H,ILE105,12,1.17647058823529,I2340
Replica2,G,ILE54,29,2.84313725490196,I2001
Replica2,L,GLN144,4,0.392156862745098,Q2379
Replica2,G,THR59,23,2.25490196078431,T2006
Replica2,E,ASN200,124,12.156862745098,N1133
Replica2,I,LYS28,13,1.27450980392157,K961
Replica2,I,SER32,23,2.25490196078431,S965
Replica2,I,SER135,6,0.588235294117647,S1068
Replica2,A,TRP36,7,0.686274509803922,W969
Replica2,E,PHE382,4,0.392156862745098,F1315
Replica2,A,LEU24,14,1.37254901960784,L957
Replica2,E,LYS205,49,4.80392156862745,K1138
Replica2,A,PHE203,29,2.84313725490196,F1136
Replica2,I,TYR33,17,1.66666666666667,Y966
Replica2,H,GLU61,9,0.882352941176471,E2296
Replica2,E,LYS613,2,0.196078431372549,K1546
Replica2,E,LEU5,54,5.29411764705882,L938
Replica2,E,TRP233,323,31.6666666666667,W1166
Replica2,A,PHE363,30,2.94117647058824,F1296
Replica2,E,LYS40,32,3.13725490196078,K973
Replica2,E,TRP36,58,5.68627450980392,W969
Replica2,H,VAL21,8,0.784313725490196,V2256
Replica2,D,VAL235,136,13.3333333333333,V2470
Replica2,D,ASP187,1,0.0980392156862745,D2422
Replica2,K,ILE72,112,10.9803921568627,I2019
Replica2,F,THR15,78,7.64705882352941,T1682
Replica2,E,CYS487,70,6.86274509803922,C1420
Replica2,I,VAL2,133,13.0392156862745,V935
Replica2,I,LYS40,8,0.784313725490196,K973
Replica2,I,LEU5,45,4.41176470588235,L938
Replica2,A,PHE55,42,4.11764705882353,F988
Replica2,K,TRP75,107,10.4901960784314,W2022
Replica2,L,PRO224,168,16.4705882352941,P2459
Replica2,A,PHE503,2,0.196078431372549,F1436
Replica2,E,ILE229,320,31.3725490196078,I1162
Replica2,A,TRP619,180,17.6470588235294,W1552
Replica2,D,THR90,22,2.15686274509804,T2325
Replica2,I,SER462,92,9.01960784313726,S1395
Replica2,I,VAL438,47,4.6078431372549,V1371
Replica2,L,PRO226,1,0.0980392156862745,P2461
Replica2,L,GLN225,1,0.0980392156862745,Q2460
Replica2,K,ARG86,109,10.6862745098039,R2033
Replica2,F,THR14,9,0.882352941176471,T1681
Replica2,A,TYR517,204,20,Y1450
Replica2,E,LYS488,31,3.03921568627451,K1421
Replica2,E,LYS90,73,7.15686274509804,K1023
Replica2,J,ASN18,18,1.76470588235294,N1685
Replica2,L,PHE121,29,2.84313725490196,F2356
Replica2,E,PRO490,16,1.56862745098039,P1423
Replica2,E,PRO125,3,0.294117647058824,P1058
Replica2,E,LEU100,6,0.588235294117647,L1033
Replica2,B,SER12,6,0.588235294117647,S1679
Replica2,E,ASN193,40,3.92156862745098,N1126
Replica2,E,THR126,1,0.0980392156862745,T1059
Replica2,E,PRO101,5,0.490196078431373,P1034
Replica2,E,GLN105,4,0.392156862745098,Q1038
Replica2,E,SER99,4,0.392156862745098,S1032
Replica2,E,GLN85,17,1.66666666666667,Q1018
Replica2,C,ILE72,1,0.0980392156862745,I2019
Replica2,E,TRP281,142,13.921568627451,W1214
Replica2,A,GLN15,55,5.3921568627451,Q948
Replica2,L,GLY172,200,19.6078431372549,G2407
Replica2,L,GLN171,34,3.33333333333333,Q2406
Replica2,E,LYS176,26,2.54901960784314,K1109
Replica2,E,TYR204,7,0.686274509803922,Y1137
Replica2,I,CYS255,220,21.5686274509804,C1188
Replica2,E,ILE219,81,7.94117647058824,I1152
Replica2,E,SER215,163,15.9803921568627,S1148
Replica2,I,VAL37,1,0.0980392156862745,V970
Replica2,A,ILE35,24,2.35294117647059,I968
Replica2,H,MET186,4,0.392156862745098,M2421
Replica2,L,LYS221,4,0.392156862745098,K2456
Replica2,I,GLY403,29,2.84313725490196,G1336
Replica2,E,HSD230,130,12.7450980392157,H1163
Replica2,K,ILE99,211,20.6862745098039,I2046
Replica2,I,PHE94,51,5,F1027
Replica2,I,GLN15,87,8.52941176470588,Q948
Replica2,I,TRP19,9,0.882352941176471,W952
Replica2,I,VAL129,53,5.19607843137255,V1062
Replica2,K,ASN56,6,0.588235294117647,N2003
Replica2,I,ILE150,33,3.23529411764706,I1083
Replica2,E,LEU187,184,18.0392156862745,L1120
Replica2,I,ASN289,38,3.72549019607843,N1222
Replica2,E,ASP188,65,6.37254901960784,D1121
Replica2,E,LEU213,7,0.686274509803922,L1146
Replica2,E,ASN217,4,0.392156862745098,N1150
Replica2,I,GLU154,2,0.196078431372549,E1087
Replica2,L,PRO5,152,14.9019607843137,P2240
Replica2,I,ALA468,81,7.94117647058824,A1401
Replica2,E,CYS98,16,1.56862745098039,C1031
Replica2,E,LYS28,26,2.54901960784314,K961
Replica2,E,HSD25,106,10.3921568627451,H958
Replica2,H,PRO5,37,3.62745098039216,P2240
Replica2,H,VAL4,1,0.0980392156862745,V2239
Replica2,E,PHE378,5,0.490196078431373,F1311
Replica2,E,TYR197,51,5,Y1130
Replica2,I,GLU493,41,4.01960784313726,E1426
Replica2,F,SER19,27,2.64705882352941,S1686
Replica2,K,TYR103,269,26.3725490196078,Y2050
Replica2,I,ARG396,26,2.54901960784314,R1329
Replica2,G,PHE105,131,12.843137254902,F2052
Replica2,G,PRO127,150,14.7058823529412,P2074
Replica2,G,VAL132,35,3.43137254901961,V2079
Replica2,I,ILE397,24,2.35294117647059,I1330
Replica2,I,SER398,6,0.588235294117647,S1331
Replica2,I,LEU405,14,1.37254901960784,L1338
Replica2,I,ARG165,2,0.196078431372549,R1098
Replica2,G,CYS49,41,4.01960784313726,C1996
Replica2,G,TYR141,72,7.05882352941176,Y2088
Replica2,G,ASN56,22,2.15686274509804,N2003
Replica2,I,PHE409,46,4.50980392156863,F1342
Replica2,I,PHE390,135,13.2352941176471,F1323
Replica2,K,THR95,11,1.07843137254902,T2042
Replica2,A,LYS616,2,0.196078431372549,K1549
Replica2,L,TYR509,34,3.33333333333333,Y2744
Replica2,L,PRO254,19,1.86274509803922,P2489
Replica2,I,THR395,9,0.882352941176471,T1328
Replica2,I,THR394,67,6.56862745098039,T1327
Replica2,I,LEU412,838,82.156862745098,L1345
Replica2,L,PRO495,496,48.6274509803922,P2730
Replica2,I,THR1,46,4.50980392156863,T934
Replica2,I,PHE411,805,78.921568627451,F1344
Replica2,I,GLY415,790,77.4509803921569,G1348
Replica2,K,GLN106,22,2.15686274509804,Q2053
Replica2,I,ALA472,64,6.27450980392157,A1405
Replica2,A,GLY614,19,1.86274509803922,G1547
Replica2,I,GLY416,582,57.0588235294118,G1349
Replica2,K,SER154,678,66.4705882352941,S2101
Replica2,I,PHE414,472,46.2745098039216,F1347
Replica2,I,LEU413,684,67.0588235294118,L1346
Replica2,I,TYR410,84,8.23529411764706,Y1343
Replica2,E,ASN107,10,0.980392156862745,N1040
Replica2,E,ASN104,1,0.0980392156862745,N1037
Replica2,I,LYS252,251,24.6078431372549,K1185
Replica2,A,LEU146,130,12.7450980392157,L1079
Replica2,A,LYS615,29,2.84313725490196,K1548
Replica2,K,GLU136,1,0.0980392156862745,E2083
Replica2,I,VAL16,1,0.0980392156862745,V949
Replica2,I,GLN85,3,0.294117647058824,Q1018
Replica2,G,PHE150,442,43.3333333333333,F2097
Replica2,A,LYS613,101,9.90196078431373,K1546
Replica2,A,PRO275,161,15.7843137254902,P1208
Replica2,A,CYS276,113,11.078431372549,C1209
Replica2,E,GLN264,14,1.37254901960784,Q1197
Replica2,E,PHE503,4,0.392156862745098,F1436
Replica2,A,ARG242,98,9.6078431372549,R1175
Replica2,E,PHE212,103,10.0980392156863,F1145
Replica2,A,LYS115,6,0.588235294117647,K1048
Replica2,L,MET28,27,2.64705882352941,M2263
Replica2,K,PHE150,60,5.88235294117647,F2097
Replica2,L,TYR137,61,5.98039215686275,Y2372
Replica2,D,LYS232,126,12.3529411764706,K2467
Replica2,E,GLU23,6,0.588235294117647,E956
Replica2,E,GLN161,14,1.37254901960784,Q1094
Replica2,K,ARG153,13,1.27450980392157,R2100
Replica2,A,LEU50,20,1.96078431372549,L983
Replica2,I,TYR253,141,13.8235294117647,Y1186
Replica2,A,GLU92,6,0.588235294117647,E1025
Replica2,D,GLU522,428,41.9607843137255,E2757
Replica2,L,SER58,2,0.196078431372549,S2293
Replica2,L,ASP23,62,6.07843137254902,D2258
Replica2,E,GLY236,226,22.156862745098,G1169
Replica2,E,VAL237,46,4.50980392156863,V1170
Replica2,A,TYR84,15,1.47058823529412,Y1017
Replica2,E,ARG243,4,0.392156862745098,R1176
Replica2,E,SER515,1,0.0980392156862745,S1448
Replica2,E,ARG167,10,0.980392156862745,R1100
Replica2,E,ARG511,4,0.392156862745098,R1444
Replica2,I,ASP417,102,10,D1350
Replica2,G,GLY108,212,20.7843137254902,G2055
Replica2,E,ILE397,1,0.0980392156862745,I1330
Replica2,E,LEU405,1,0.0980392156862745,L1338
Replica2,E,HSD186,4,0.392156862745098,H1119
Replica2,E,ARG165,8,0.784313725490196,R1098
Replica2,E,LYS332,10,0.980392156862745,K1265
Replica2,E,GLU328,4,0.392156862745098,E1261
Replica2,I,LEU419,142,13.921568627451,L1352
Replica2,I,TYR59,246,24.1176470588235,Y992
Replica2,L,SER161,80,7.84313725490196,S2396
Replica2,L,ASP35,8,0.784313725490196,D2270
Replica2,E,GLU209,2,0.196078431372549,E1142
Replica2,C,ILE92,127,12.4509803921569,I2039
Replica2,K,LEU146,3,0.294117647058824,L2093
Replica2,I,THR442,59,5.7843137254902,T1375
Replica2,L,PHE524,5,0.490196078431373,F2759
Replica2,E,THR106,5,0.490196078431373,T1039
Replica2,A,PHE94,107,10.4901960784314,F1027
Replica2,D,SER122,10,0.980392156862745,S2357
Replica2,I,ILE466,71,6.96078431372549,I1399
Replica2,L,ARG174,2,0.196078431372549,R2409
Replica2,E,PRO109,1,0.0980392156862745,P1042
Replica2,D,GLN123,11,1.07843137254902,Q2358
Replica2,C,ARG86,204,20,R2033
Replica2,A,CYS255,242,23.7254901960784,C1188
Replica2,L,LEU113,9,0.882352941176471,L2348
Replica2,E,TYR429,119,11.6666666666667,Y1362
Replica2,D,PHE36,7,0.686274509803922,F2271
Replica2,L,SER57,7,0.686274509803922,S2292
Replica2,A,ASN143,3,0.294117647058824,N1076
Replica2,D,GLY172,15,1.47058823529412,G2407
Replica2,L,VAL513,24,2.35294117647059,V2748
Replica2,E,ALA435,59,5.7843137254902,A1368
Replica2,K,HSD57,4,0.392156862745098,H2004
Replica2,E,ALA258,12,1.17647058823529,A1191
Replica2,H,LEU59,17,1.66666666666667,L2294
Replica2,A,ILE51,19,1.86274509803922,I984
Replica2,A,SER515,54,5.29411764705882,S1448
Replica2,I,GLU248,2,0.196078431372549,E1181
Replica2,E,LEU349,3,0.294117647058824,L1282
Replica2,L,GLY378,2,0.196078431372549,G2613
Replica2,L,VAL24,55,5.3921568627451,V2259
Replica2,L,PHE173,149,14.6078431372549,F2408
Replica2,D,VAL133,116,11.3725490196078,V2368
Replica2,E,GLY220,13,1.27450980392157,G1153
Replica2,E,GLU493,5,0.490196078431373,E1426
Replica2,A,PHE518,51,5,F1451
Replica2,A,VAL385,60,5.88235294117647,V1318
Replica2,D,VAL126,184,18.0392156862745,V2361
Replica2,D,ILE38,175,17.156862745098,I2273
Replica2,A,HSD160,33,3.23529411764706,H1093
Replica2,A,PHE513,2,0.196078431372549,F1446
Replica2,I,CYS401,2,0.196078431372549,C1334
Replica2,A,VAL521,3,0.294117647058824,V1454
Replica2,L,THR22,6,0.588235294117647,T2257
Replica2,L,ASP12,9,0.882352941176471,D2247
Replica2,L,PHE9,140,13.7254901960784,F2244
Replica2,A,LYS252,260,25.4901960784314,K1185
Replica2,E,TYR478,3,0.294117647058824,Y1411
Replica2,C,LYS120,4,0.392156862745098,K2067
Replica2,I,ASN93,18,1.76470588235294,N1026
Replica2,A,TRP430,1,0.0980392156862745,W1363
Replica2,E,LYS61,72,7.05882352941176,K994
Replica2,I,ALA54,23,2.25490196078431,A987
Replica2,I,PHE518,3,0.294117647058824,F1451
Replica2,L,PHE170,29,2.84313725490196,F2405
Replica2,L,LEU179,16,1.56862745098039,L2414
Replica2,L,LEU13,10,0.980392156862745,L2248
Replica2,I,PHE382,43,4.2156862745098,F1315
Replica2,I,LEU418,18,1.76470588235294,L1351
Replica2,C,GLY108,31,3.03921568627451,G2055
Replica2,E,PRO91,3,0.294117647058824,P1024
Replica2,E,ARG486,6,0.588235294117647,R1419
Replica2,K,SER79,4,0.392156862745098,S2026
Replica2,K,CYS158,94,9.2156862745098,C2105
Replica2,A,ARG282,473,46.3725490196078,R1215
Replica2,H,PHE523,39,3.82352941176471,F2758
Replica2,I,SER528,64,6.27450980392157,S1461
Replica2,I,SER95,14,1.37254901960784,S1028
Replica2,D,TRP44,120,11.7647058823529,W2279
Replica2,I,GLN529,75,7.35294117647059,Q1462
Replica2,D,GLY42,5,0.490196078431373,G2277
Replica2,A,ILE219,1,0.0980392156862745,I1152
Replica2,A,TYR297,459,45,Y1230
Replica2,D,LYS231,6,0.588235294117647,K2466
Replica2,E,TYR84,27,2.64705882352941,Y1017
Replica2,E,SER95,33,3.23529411764706,S1028
Replica2,D,ALA45,8,0.784313725490196,A2280
Replica2,E,ASN445,2,0.196078431372549,N1378
Replica2,C,GLU117,62,6.07843137254902,E2064
Replica2,I,LEU131,29,2.84313725490196,L1064
Replica2,A,HSD25,1,0.0980392156862745,H958
Replica2,D,LEU377,41,4.01960784313726,L2612
Replica2,E,LYS81,2,0.196078431372549,K1014
Replica2,L,VAL492,15,1.47058823529412,V2727
Replica2,A,VAL16,2,0.196078431372549,V949
Replica2,E,MET223,1,0.0980392156862745,M1156
Replica2,J,SER21,8,0.784313725490196,S1688
Replica2,L,GLN8,29,2.84313725490196,Q2243
Replica2,A,ILE293,69,6.76470588235294,I1226
Replica2,D,LEU69,1,0.0980392156862745,L2304
Replica2,A,LEU506,5,0.490196078431373,L1439
Replica2,D,SER259,3,0.294117647058824,S2494
Replica2,L,THR56,4,0.392156862745098,T2291
Replica2,A,GLU248,84,8.23529411764706,E1181
Replica2,E,LEU257,13,1.27450980392157,L1190
Replica2,L,VAL267,1,0.0980392156862745,V2502
Replica2,E,ALA227,34,3.33333333333333,A1160
Replica2,D,LEU169,22,2.15686274509804,L2404
Replica2,D,PHE29,11,1.07843137254902,F2264
Replica2,I,PRO251,136,13.3333333333333,P1184
Replica2,I,ILE27,26,2.54901960784314,I960
Replica2,D,LEU27,52,5.09803921568627,L2262
Replica2,D,ALA31,13,1.27450980392157,A2266
Replica2,E,LEU322,110,10.7843137254902,L1255
Replica2,I,MET147,2,0.196078431372549,M1080
Replica2,D,PHE173,4,0.392156862745098,F2408
Replica2,L,MET375,1,0.0980392156862745,M2610
Replica2,E,VAL216,31,3.03921568627451,V1149
Replica2,E,ILE326,5,0.490196078431373,I1259
Replica2,I,VAL267,6,0.588235294117647,V1200
Replica2,A,LEU44,25,2.45098039215686,L977
Replica2,A,PRO273,92,9.01960784313726,P1206
Replica2,I,ILE235,71,6.96078431372549,I1168
Replica2,A,ARG304,1,0.0980392156862745,R1237
Replica2,I,LEU22,33,3.23529411764706,L955
Replica2,A,SER379,2,0.196078431372549,S1312
Replica2,A,CYS268,8,0.784313725490196,C1201
Replica2,A,THR395,3,0.294117647058824,T1328
Replica2,I,GLY236,13,1.27450980392157,G1169
Replica2,I,ALA231,44,4.31372549019608,A1164
Replica2,A,ARG132,30,2.94117647058824,R1065
Replica2,H,LYS134,1,0.0980392156862745,K2369
Replica2,H,TYR143,3,0.294117647058824,Y2378
Replica2,I,CYS463,3,0.294117647058824,C1396
Replica2,I,PRO58,14,1.37254901960784,P991
Replica2,A,ASN445,3,0.294117647058824,N1378
Replica2,A,LYS205,29,2.84313725490196,K1138
Replica2,I,MET315,17,1.66666666666667,M1248
Replica2,D,LEU197,1,0.0980392156862745,L2432
Replica2,I,LEU50,4,0.392156862745098,L983
Replica2,I,ALA258,14,1.37254901960784,A1191
Replica2,I,GLN87,42,4.11764705882353,Q1020
Replica2,G,LEU66,59,5.7843137254902,L2013
Replica2,K,ASN128,121,11.8627450980392,N2075
Replica2,K,LEU66,181,17.7450980392157,L2013
Replica2,I,PHE298,60,5.88235294117647,F1231
Replica2,A,SER95,22,2.15686274509804,S1028
Replica2,A,LYS444,1,0.0980392156862745,K1377
Replica2,A,ALA274,53,5.19607843137255,A1207
Replica2,A,VAL96,16,1.56862745098039,V1029
Replica2,I,ILE293,37,3.62745098039216,I1226
Replica2,H,MET258,12,1.17647058823529,M2493
Replica2,A,PHE390,3,0.294117647058824,F1323
Replica2,C,VAL42,2,0.196078431372549,V1989
Replica2,A,ALA407,462,45.2941176470588,A1340
Replica2,K,LYS157,11,1.07843137254902,K2104
Replica2,A,ASN93,48,4.70588235294118,N1026
Replica2,L,ASN166,132,12.9411764705882,N2401
Replica2,H,CYS135,23,2.25490196078431,C2370
Replica2,H,GLY139,8,0.784313725490196,G2374
Replica2,L,THR194,3,0.294117647058824,T2429
Replica2,L,TRP130,7,0.686274509803922,W2365
Replica2,K,PRO69,39,3.82352941176471,P2016
Replica2,E,THR88,101,9.90196078431373,T1021
Replica2,H,TRP188,16,1.56862745098039,W2423
Replica2,H,TRP44,1,0.0980392156862745,W2279
Replica2,D,MET28,1,0.0980392156862745,M2263
Replica2,I,ASN291,29,2.84313725490196,N1224
Replica2,E,THR38,41,4.01960784313726,T971
Replica2,E,ILE35,3,0.294117647058824,I968
Replica2,E,GLN596,1,0.0980392156862745,Q1529
Replica2,A,TYR119,57,5.58823529411765,Y1052
Replica2,L,GLY517,1,0.0980392156862745,G2752
Replica2,H,VAL185,16,1.56862745098039,V2420
Replica2,A,PHE301,29,2.84313725490196,F1234
Replica2,E,LYS597,3,0.294117647058824,K1530
Replica2,I,GLU209,4,0.392156862745098,E1142
Replica2,D,ASP35,1,0.0980392156862745,D2270
Replica2,A,ASP278,56,5.49019607843137,D1211
Replica2,E,SER379,301,29.5098039215686,S1312
Replica2,G,SER154,412,40.3921568627451,S2101
Replica2,A,PHE411,230,22.5490196078431,F1344
Replica2,G,LEU146,2,0.196078431372549,L2093
Replica2,F,ARG22,4,0.392156862745098,R1689
Replica2,H,PHE36,3,0.294117647058824,F2271
Replica2,L,ALA127,7,0.686274509803922,A2362
Replica2,I,GLN610,20,1.96078431372549,Q1543
Replica2,D,LEU255,67,6.56862745098039,L2490
Replica2,A,ASP300,2,0.196078431372549,D1233
Replica2,A,PRO299,3,0.294117647058824,P1232
Replica2,A,GLU41,6,0.588235294117647,E974
Replica2,A,TYR404,398,39.0196078431373,Y1337
Replica2,H,PHE110,8,0.784313725490196,F2345
Replica2,A,HSD12,1,0.0980392156862745,H945
Replica2,L,ARG83,2,0.196078431372549,R2318
Replica2,C,ASP115,2,0.196078431372549,D2062
Replica2,L,MET71,1,0.0980392156862745,M2306
Replica2,L,GLY66,1,0.0980392156862745,G2301
Replica2,F,VAL4,5,0.490196078431373,V1671
Replica2,L,PHE29,1,0.0980392156862745,F2264
Replica2,D,PRO177,92,9.01960784313726,P2412
Replica2,E,ARG64,15,1.47058823529412,R997
Replica2,G,GLY131,26,2.54901960784314,G2078
Replica2,A,TYR429,417,40.8823529411765,Y1362
Replica2,E,ASP290,53,5.19607843137255,D1223
Replica2,A,ASN193,6,0.588235294117647,N1126
Replica2,A,LEU386,1,0.0980392156862745,L1319
Replica2,A,TYR265,8,0.784313725490196,Y1198
Replica2,A,TYR47,18,1.76470588235294,Y980
Replica2,E,LYS476,3,0.294117647058824,K1409
Replica2,D,GLN225,1,0.0980392156862745,Q2460
Replica2,D,PRO226,1,0.0980392156862745,P2461
Replica2,A,ASN97,23,2.25490196078431,N1030
Replica2,I,LYS609,7,0.686274509803922,K1542
Replica2,B,ALA8,5,0.490196078431373,A1675
Replica2,A,SER398,30,2.94117647058824,S1331
Replica2,D,SER493,21,2.05882352941176,S2728
Replica2,D,PRO494,11,1.07843137254902,P2729
Replica2,D,PRO495,23,2.25490196078431,P2730
Replica2,E,VAL440,6,0.588235294117647,V1373
Replica2,A,CYS98,30,2.94117647058824,C1031
Replica2,A,SER99,11,1.07843137254902,S1032
Replica2,E,SER398,15,1.47058823529412,S1331
Replica2,A,VAL123,2,0.196078431372549,V1056
Replica2,D,VAL176,1,0.0980392156862745,V2411
Replica2,G,SER84,36,3.52941176470588,S2031
Replica2,E,SER470,1,0.0980392156862745,S1403
Replica2,A,ASP224,6,0.588235294117647,D1157
Replica2,E,TRP620,1,0.0980392156862745,W1553
Replica2,H,SER198,84,8.23529411764706,S2433
Replica2,H,SER196,35,3.43137254901961,S2431
Replica2,H,SER199,25,2.45098039215686,S2434
Replica2,D,THR376,14,1.37254901960784,T2611
Replica2,D,SER525,152,14.9019607843137,S2760
Replica2,C,TRP88,44,4.31372549019608,W2035
Replica2,A,ILE389,2,0.196078431372549,I1322
Replica2,H,ILE201,10,0.980392156862745,I2436
Replica2,H,ALA52,18,1.76470588235294,A2287
Replica2,I,HSD160,90,8.82352941176471,H1093
Replica2,I,ARG167,6,0.588235294117647,R1100
Replica2,A,PRO91,2,0.196078431372549,P1024
Replica2,I,VAL157,1,0.0980392156862745,V1090
Replica2,H,ILE55,2,0.196078431372549,I2290
Replica2,L,ASP32,3,0.294117647058824,D2267
Replica2,A,CYS408,4,0.392156862745098,C1341
Replica2,K,SER60,6,0.588235294117647,S2007
Replica2,I,VAL96,10,0.980392156862745,V1029
Replica2,K,ALA61,2,0.196078431372549,A2008
Replica2,D,TRP216,430,42.156862745098,W2451
Replica2,G,ILE63,7,0.686274509803922,I2010
Replica2,C,TRP162,24,2.35294117647059,W2109
Replica2,A,ALA247,286,28.0392156862745,A1180
Replica2,C,ARG153,18,1.76470588235294,R2100
Replica2,C,PHE150,6,0.588235294117647,F2097
Replica2,G,LEU116,3,0.294117647058824,L2063
Replica2,D,ILE55,2,0.196078431372549,I2290
Replica2,D,TYR164,300,29.4117647058824,Y2399
Replica2,G,ARG85,3,0.294117647058824,R2032
Replica2,E,GLU600,5,0.490196078431373,E1533
Replica2,E,MET315,108,10.5882352941176,M1248
Replica2,D,VAL165,232,22.7450980392157,V2400
Replica2,G,MET77,21,2.05882352941176,M2024
Replica2,G,PHE73,34,3.33333333333333,F2020
Replica2,E,TRP619,3,0.294117647058824,W1552
Replica2,A,ILE364,10,0.980392156862745,I1297
Replica2,A,HSD230,32,3.13725490196078,H1163
Replica2,I,TYR297,106,10.3921568627451,Y1230
Replica2,H,PRO224,2,0.196078431372549,P2459
Replica2,B,ASN18,3,0.294117647058824,N1685
Replica2,I,GLU9,4,0.392156862745098,E942
Replica2,E,ARG631,3,0.294117647058824,R1564
Replica2,G,ALA98,4,0.392156862745098,A2045
Replica2,L,ARG183,1,0.0980392156862745,R2418
Replica2,D,ARG217,1,0.0980392156862745,R2452
Replica2,D,GLU220,1,0.0980392156862745,E2455
Replica2,H,PHE257,1,0.0980392156862745,F2492
Replica2,G,ALA43,1,0.0980392156862745,A1990
Replica2,D,LEU167,67,6.56862745098039,L2402
Replica2,D,GLN171,13,1.27450980392157,Q2406
Replica2,E,ASP224,1,0.0980392156862745,D1157
Replica2,A,ASN217,1,0.0980392156862745,N1150
Replica2,E,TYR226,190,18.6274509803922,Y1159
Replica2,G,ILE155,52,5.09803921568627,I2102
Replica2,D,VAL26,3,0.294117647058824,V2261
Replica2,H,GLN225,1,0.0980392156862745,Q2460
Replica2,D,TYR137,2,0.196078431372549,Y2372
Replica2,I,GLY393,4,0.392156862745098,G1326
Replica2,A,GLN618,5,0.490196078431373,Q1551
Replica2,G,LEU149,26,2.54901960784314,L2096
Replica2,G,GLU117,2,0.196078431372549,E2064
Replica2,G,GLU46,22,2.15686274509804,E1993
Replica2,H,VAL102,2,0.196078431372549,V2337
Replica2,I,HSD12,20,1.96078431372549,H945
Replica2,G,ARG153,120,11.7647058823529,R2100
Replica2,D,GLY378,3,0.294117647058824,G2613
Replica2,H,THR180,12,1.17647058823529,T2415
Replica2,A,TRP250,290,28.4313725490196,W1183
Replica2,A,TRP128,48,4.70588235294118,W1061
Replica2,D,TYR223,5,0.490196078431373,Y2458
Replica2,I,GLN467,26,2.54901960784314,Q1400
Replica2,A,VAL129,9,0.882352941176471,V1062
Replica2,A,THR38,1,0.0980392156862745,T971
Replica2,A,VAL42,2,0.196078431372549,V975
Replica2,E,CYS401,79,7.74509803921569,C1334
Replica2,D,ARG174,1,0.0980392156862745,R2409
Replica2,E,ARG428,25,2.45098039215686,R1361
Replica2,A,LYS617,1,0.0980392156862745,K1550
Replica2,A,LYS244,50,4.90196078431373,K1177
Replica2,E,SER425,12,1.17647058823529,S1358
Replica2,A,GLY130,2,0.196078431372549,G1063
Replica2,I,CYS98,6,0.588235294117647,C1031
Replica2,I,ASN97,5,0.490196078431373,N1030
Replica2,I,GLY450,1,0.0980392156862745,G1383
Replica2,E,ASP431,5,0.490196078431373,D1364
Replica2,I,PRO125,24,2.35294117647059,P1058
Replica2,I,PRO273,4,0.392156862745098,P1206
Replica2,H,TYR25,1,0.0980392156862745,Y2260
Replica2,I,ALA274,15,1.47058823529412,A1207
Replica2,I,PRO275,6,0.588235294117647,P1208
Replica2,E,LYS294,34,3.33333333333333,K1227
Replica2,I,PRO91,8,0.784313725490196,P1024
Replica2,I,THR126,8,0.784313725490196,T1059
Replica2,I,TYR84,16,1.56862745098039,Y1017
Replica2,I,TYR164,1,0.0980392156862745,Y1097
Replica2,H,ALA53,1,0.0980392156862745,A2288
Replica2,E,LYS424,1,0.0980392156862745,K1357
Replica2,K,LYS102,12,1.17647058823529,K2049
Replica2,H,SER161,152,14.9019607843137,S2396
Replica2,L,LYS231,1,0.0980392156862745,K2466
Replica2,I,LYS81,5,0.490196078431373,K1014
Replica2,C,GLU96,71,6.96078431372549,E2043
Replica2,C,LEU146,4,0.392156862745098,L2093
Replica2,C,LEU143,4,0.392156862745098,L2090
Replica2,L,THR90,3,0.294117647058824,T2325
Replica2,H,GLY502,8,0.784313725490196,G2737
Replica2,E,LEU318,92,9.01960784313726,L1251
Replica2,D,LYS221,2,0.196078431372549,K2456
Replica2,D,SER219,9,0.882352941176471,S2454
Replica2,D,ASN163,11,1.07843137254902,N2398
Replica2,H,VAL91,2,0.196078431372549,V2326
Replica2,A,ALA245,3,0.294117647058824,A1178
Replica2,K,ALA91,34,3.33333333333333,A2038
Replica2,H,LEU167,151,14.8039215686275,L2402
Replica2,E,VAL311,15,1.47058823529412,V1244
Replica2,H,ASP35,7,0.686274509803922,D2270
Replica2,H,PHE157,46,4.50980392156863,F2392
Replica2,H,PHE121,1,0.0980392156862745,F2356
Replica2,H,LEU500,38,3.72549019607843,L2735
Replica2,H,THR159,2,0.196078431372549,T2394
Replica2,L,VAL185,2,0.196078431372549,V2420
Replica2,H,ALA501,5,0.490196078431373,A2736
Replica2,A,PRO251,121,11.8627450980392,P1184
Replica2,E,ARG242,3,0.294117647058824,R1175
Replica2,H,GLN75,4,0.392156862745098,Q2310
Replica2,H,GLY498,1,0.0980392156862745,G2733
Replica2,H,SER496,1,0.0980392156862745,S2731
Replica2,D,PHE121,6,0.588235294117647,F2356
Replica2,K,ASP142,13,1.27450980392157,D2089
Replica2,H,GLY115,1,0.0980392156862745,G2350
Replica2,H,VAL116,1,0.0980392156862745,V2351
Replica2,E,VAL475,1,0.0980392156862745,V1408
Replica2,D,ALA127,1,0.0980392156862745,A2362
Replica2,E,LEU234,22,2.15686274509804,L1167
Replica2,I,TYR478,1,0.0980392156862745,Y1411
Replica2,A,ARG367,2,0.196078431372549,R1300
Replica2,G,ILE92,3,0.294117647058824,I2039
Replica2,G,LYS102,16,1.56862745098039,K2049
Replica2,I,LYS421,5,0.490196078431373,K1354
Replica2,D,TYR25,3,0.294117647058824,Y2260
Replica2,I,VAL385,1,0.0980392156862745,V1318
Replica2,A,SER134,54,5.29411764705882,S1067
Replica2,E,ILE525,95,9.31372549019608,I1458
Replica2,I,ASP278,6,0.588235294117647,D1211
Replica2,I,TYR279,3,0.294117647058824,Y1212
Replica2,K,GLU133,2,0.196078431372549,E2080
Replica2,E,LYS611,9,0.882352941176471,K1544
Replica2,E,ARG367,9,0.882352941176471,R1300
Replica2,I,ALA286,1,0.0980392156862745,A1219
Replica2,I,PHE301,10,0.980392156862745,F1234
Replica2,E,SER528,86,8.43137254901961,S1461
Replica2,G,ILE118,3,0.294117647058824,I2065
Replica2,D,ARG227,6,0.588235294117647,R2462
Replica2,E,GLY416,121,11.8627450980392,G1349
Replica2,E,GLY415,106,10.3921568627451,G1348
Replica2,K,PHE87,4,0.392156862745098,F2034
Replica2,H,ARG7,23,2.25490196078431,R2242
Replica2,E,GLU248,18,1.76470588235294,E1181
Replica2,E,TYR517,41,4.01960784313726,Y1450
Replica2,C,LYS102,2,0.196078431372549,K2049
Replica2,I,ARG336,1,0.0980392156862745,R1269
Replica2,E,VAL39,2,0.196078431372549,V972
Replica2,G,TRP88,1,0.0980392156862745,W2035
Replica2,E,TRP250,62,6.07843137254902,W1183
Replica2,B,THR2,1,0.0980392156862745,T1669
Replica2,K,ALA43,6,0.588235294117647,A1990
Replica2,I,PRO173,1,0.0980392156862745,P1106
Replica2,A,MET315,6,0.588235294117647,M1248
Replica2,B,ASP11,2,0.196078431372549,D1678
Replica2,H,GLU554,1,0.0980392156862745,E2789
Replica2,E,LEU419,59,5.7843137254902,L1352
Replica2,E,VAL521,2,0.196078431372549,V1454
Replica2,L,ASN433,1,0.0980392156862745,N2668
Replica2,H,ASP82,1,0.0980392156862745,D2317
Replica2,I,MET223,11,1.07843137254902,M1156
Replica2,I,ASP224,3,0.294117647058824,D1157
Replica2,E,CYS254,2,0.196078431372549,C1187
Replica2,D,ILE212,2,0.196078431372549,I2447
Replica2,H,GLY526,20,1.96078431372549,G2761
Replica2,H,SER525,11,1.07843137254902,S2760
Replica2,H,ILE527,6,0.588235294117647,I2762
Replica2,H,HSD529,3,0.294117647058824,H2764
Replica2,I,LEU257,10,0.980392156862745,L1190
Replica2,H,PHE524,1,0.0980392156862745,F2759
Replica2,I,TRP233,47,4.6078431372549,W1166
Replica2,I,LYS244,28,2.74509803921569,K1177
Replica2,D,ARG119,3,0.294117647058824,R2354
Replica2,C,LYS134,21,2.05882352941176,K2081
Replica2,C,ILE99,52,5.09803921568627,I2046
Replica2,K,SER84,1,0.0980392156862745,S2031
Replica2,I,GLU92,4,0.392156862745098,E1025
Replica2,A,CYS401,6,0.588235294117647,C1334
Replica2,I,ILE219,40,3.92156862745098,I1152
Replica2,E,GLU92,4,0.392156862745098,E1025
Replica2,A,TRP19,4,0.392156862745098,W952
Replica2,A,TYR164,3,0.294117647058824,Y1097
Replica2,L,VAL4,15,1.47058823529412,V2239
Replica2,L,VAL40,8,0.784313725490196,V2275
Replica2,I,TYR429,3,0.294117647058824,Y1362
Replica2,I,ALA407,3,0.294117647058824,A1340
Replica2,I,LEU433,5,0.490196078431373,L1366
Replica2,E,ASP524,38,3.72549019607843,D1457
Replica2,A,ILE397,23,2.25490196078431,I1330
Replica2,H,VAL189,2,0.196078431372549,V2424
Replica2,D,VAL40,102,10,V2275
Replica2,L,ILE55,1,0.0980392156862745,I2290
Replica2,D,SER528,24,2.35294117647059,S2763
Replica2,I,TYR404,1,0.0980392156862745,Y1337
Replica2,J,ILE27,1,0.0980392156862745,I1694
Replica2,A,LEU418,1,0.0980392156862745,L1351
Replica2,K,ALA3,1,0.0980392156862745,A1950
Replica2,I,LEU170,1,0.0980392156862745,L1103
Replica2,A,GLY207,1,0.0980392156862745,G1140
Replica2,A,ASN461,17,1.66666666666667,N1394
Replica2,H,LEU87,6,0.588235294117647,L2322
Replica2,H,SER60,2,0.196078431372549,S2295
Replica2,C,SER84,6,0.588235294117647,S2031
Replica2,I,TYR197,1,0.0980392156862745,Y1130
Replica2,E,LEU185,1,0.0980392156862745,L1118
Replica2,D,ASP431,2,0.196078431372549,D2666
Replica2,D,HSD529,5,0.490196078431373,H2764
Replica2,A,LEU317,3,0.294117647058824,L1250
Replica2,H,THR56,3,0.294117647058824,T2291
Replica2,E,ASN93,5,0.490196078431373,N1026
Replica2,I,ALA172,1,0.0980392156862745,A1105
Replica2,G,PRO69,1,0.0980392156862745,P2016
Replica2,I,LYS294,7,0.686274509803922,K1227
Replica2,E,PHE411,128,12.5490196078431,F1344
Replica2,A,TYR163,1,0.0980392156862745,Y1096
Replica2,D,ASN166,1,0.0980392156862745,N2401
Replica2,K,GLU121,1,0.0980392156862745,E2068
Replica2,A,CYS254,4,0.392156862745098,C1187
Replica2,E,CYS319,44,4.31372549019608,C1252
Replica2,H,ILE145,1,0.0980392156862745,I2380
Replica2,E,SER32,3,0.294117647058824,S965
Replica2,G,CYS158,7,0.686274509803922,C2105
Replica2,C,GLN106,1,0.0980392156862745,Q2053
Replica2,E,PHE314,10,0.980392156862745,F1247
Replica2,A,ARG184,3,0.294117647058824,R1117
Replica2,A,ASP341,2,0.196078431372549,D1274
Replica2,G,SER79,1,0.0980392156862745,S2026
Replica2,A,ASN306,3,0.294117647058824,N1239
Replica2,A,TYR478,3,0.294117647058824,Y1411
Replica2,A,ARG222,3,0.294117647058824,R1155
Replica2,A,ALA227,3,0.294117647058824,A1160
Replica2,A,MET480,2,0.196078431372549,M1413
Replica2,A,PRO305,2,0.196078431372549,P1238
Replica2,E,GLN529,36,3.52941176470588,Q1462
Replica2,G,GLU133,4,0.392156862745098,E2080
Replica2,E,LEU412,6,0.588235294117647,L1345
Replica2,E,SER321,10,0.980392156862745,S1254
Replica2,C,GLU136,7,0.686274509803922,E2083
Replica2,C,ASP142,1,0.0980392156862745,D2089
Replica2,E,GLN323,1,0.0980392156862745,Q1256
Replica2,C,GLU133,11,1.07843137254902,E2080
Replica2,L,ARG7,1,0.0980392156862745,R2242
Replica2,C,VAL132,7,0.686274509803922,V2079
Replica2,I,HSD230,1,0.0980392156862745,H1163
Replica2,E,ASP417,11,1.07843137254902,D1350
Replica2,G,LYS157,14,1.37254901960784,K2104
Replica2,A,THR126,6,0.588235294117647,T1059
Replica2,C,HSD57,2,0.196078431372549,H2004
Replica2,E,LEU531,2,0.196078431372549,L1464
Replica2,E,ARG222,8,0.784313725490196,R1155
Replica2,E,ILE246,43,4.2156862745098,I1179
Replica2,F,ARG35,3,0.294117647058824,R1702
Replica2,E,ALA532,1,0.0980392156862745,A1465
Replica2,L,GLY93,1,0.0980392156862745,G2328
Replica2,E,PHE414,2,0.196078431372549,F1347
Replica2,I,ARG242,1,0.0980392156862745,R1175
Replica2,I,PRO299,6,0.588235294117647,P1232
Replica2,I,GLN264,5,0.490196078431373,Q1197
Replica2,E,GLN325,1,0.0980392156862745,Q1258
Replica2,I,PRO305,1,0.0980392156862745,P1238
Replica2,I,ASP290,4,0.392156862745098,D1223
Replica2,H,ARG521,1,0.0980392156862745,R2756
Replica2,C,VAL80,2,0.196078431372549,V2027
Replica2,E,LEU316,1,0.0980392156862745,L1249
Replica2,C,PRO81,3,0.294117647058824,P2028
Replica2,E,TYR119,1,0.0980392156862745,Y1052
Replica2,D,GLN8,3,0.294117647058824,Q2243
Replica2,E,ALA245,1,0.0980392156862745,A1178
Replica2,A,ASP124,6,0.588235294117647,D1057
Replica2,G,GLN106,4,0.392156862745098,Q2053
Replica2,C,ARG82,3,0.294117647058824,R2029
Replica2,I,LEU234,27,2.64705882352941,L1167
Replica2,D,VAL4,4,0.392156862745098,V2239
Replica2,A,PRO125,4,0.392156862745098,P1058
Replica2,I,ALA227,7,0.686274509803922,A1160
Replica2,I,CYS473,4,0.392156862745098,C1406
Replica2,E,GLY495,1,0.0980392156862745,G1428
Replica2,I,GLY220,1,0.0980392156862745,G1153
