atom_index,is_real_atom,atom_type_from_onehot,importance
0,1,CA,7.411694526672363
1,1,C,7.411694526672363
2,1,O,7.335383892059326
3,1,CB,7.174042701721191
4,1,CG,7.012701511383057
5,1,CD1,6.851360321044922
6,1,CD2,6.741977691650391
7,1,NE1,6.70466423034668
8,1,CE2,6.667351245880127
9,1,CE3,6.630038738250732
10,1,CZ2,6.871133327484131
11,1,CZ3,7.59686279296875
12,1,CH2,8.322592735290527
13,1,CG,9.048321723937988
14,1,CD2,9.706382751464844
15,1,CA,10.214387893676758
16,1,CB,10.722393035888672
17,1,SD,11.230398178100586
18,1,CE,11.509139060974121
19,1,CG,11.124223709106445
20,1,ND1,10.739300727844238
21,1,CD2,10.354382514953613
22,1,CE1,9.941986083984375
23,1,NE2,9.421514511108398
24,1,O,8.901041984558105
25,1,CB,8.380570411682129
26,1,CG,7.924768924713135
27,1,CD1,7.839354515075684
28,1,CD2,7.753940582275391
29,1,NE1,7.6685261726379395
30,1,CE2,7.560483932495117
31,1,CE3,7.23585844039917
32,1,CZ2,6.911233425140381
33,1,CZ3,6.58660888671875
34,1,CH2,6.259592533111572
35,1,OG1,5.875996112823486
