atom_type,importance_sum
C,6.946054458618164
CA,6.946054458618164
CB,6.844051837921143
CD,6.614580154418945
CD1,6.385154724121094
CD2,6.155684471130371
CE,6.339565753936768
CE1,7.3501105308532715
CE2,8.360655784606934
CE3,9.371158599853516
CG,10.157033920288086
CG1,10.156314849853516
CG2,10.155592918395996
CH2,10.154869079589844
CZ,10.28892993927002
CZ2,11.501235008239746
CZ3,12.713537216186523
O,13.92584228515625
OH,15.138145446777344
OD1,14.970011711120605
OD2,14.801872253417969
OE1,14.633734703063965
OE2,14.465598106384277
OG,13.564233779907227
OG1,12.571209907531738
N,11.5781888961792
NE,10.585169792175293
NE1,10.922398567199707
NE2,11.639788627624512
ND1,12.357272148132324
ND2,13.074665069580078
NZ,13.340895652770996
NH1,13.381731033325195
NH2,13.422481536865234
SD,13.463229179382324
SG,13.481348037719727
UNKNOWN,13.481348037719727
