atom_type,importance
C,0.08008535951375961
CA,0.08008535951375961
CB,0.08769867569208145
CD,0.1048298329114914
CD1,0.12196019291877747
CD2,0.1390906721353531
CE,0.16066715121269226
CE1,0.19113609194755554
CE2,0.22160448133945465
CE3,0.25207412242889404
CG,0.2764907479286194
CG1,0.2797318696975708
CG2,0.2829730808734894
CH2,0.2862142324447632
CZ,0.2879912555217743
CZ2,0.27805614471435547
CZ3,0.2681209444999695
O,0.2581857144832611
OH,0.24825052917003632
OD1,0.2479410618543625
OD2,0.24763165414333344
OE1,0.24732226133346558
OE2,0.24701279401779175
OG,0.23932543396949768
OG1,0.2307157665491104
N,0.22210609912872314
NE,0.21349643170833588
NE1,0.20484112203121185
NE2,0.19617082178592682
ND1,0.1875014752149582
ND2,0.17883215844631195
NZ,0.1746370643377304
NH1,0.172679603099823
NH2,0.1707220822572708
SD,0.1687646061182022
SG,0.16789454221725464
UNKNOWN,0.16789454221725464
