atom_index,is_real_atom,atom_type_from_onehot,importance
0,1,CD1,11.352180480957031
1,1,CE1,11.352180480957031
2,1,CD,11.587043762207031
3,1,NE,12.083609580993652
4,1,CZ,12.580172538757324
5,1,NH2,13.076739311218262
6,1,NZ,13.157437324523926
7,1,CD1,12.661291122436523
8,1,CE1,12.165144920349121
9,1,CE2,11.668999671936035
10,1,CZ,11.42532730102539
11,1,CB,11.621147155761719
12,1,CB,11.81696605682373
13,1,CG,12.012785911560059
14,1,CD1,12.185161590576172
15,1,CD2,12.30555248260498
16,1,CE1,12.425945281982422
17,1,CE2,12.546338081359863
18,1,CZ,12.5231351852417
19,1,N,12.084259986877441
20,1,CB,11.645383834838867
21,1,CG,11.206511497497559
22,1,OD1,10.648844718933105
23,1,ND2,9.623929977416992
