atom_type,importance_sum
C,4.992649078369141
CA,4.992649078369141
CB,5.502015590667725
CD,6.648101806640625
CD1,7.794189453125
CD2,8.9403076171875
CE,9.592378616333008
CE1,9.25635051727295
CE2,8.920408248901367
CE3,8.584402084350586
CG,8.699441909790039
CG1,10.3930082321167
CG2,12.086577415466309
CH2,13.780142784118652
CZ,15.252403259277344
CZ2,14.954216003417969
CZ3,14.65602970123291
O,14.357841491699219
OH,14.059652328491211
OD1,12.428550720214844
OD2,10.797450065612793
OE1,9.166345596313477
OE2,7.535243988037109
OG,7.376354694366455
OG1,7.401492118835449
N,7.426631927490234
NE,7.451770782470703
NE1,8.062699317932129
NE2,8.840935707092285
ND1,9.619222640991211
ND2,10.39751148223877
NZ,11.65075969696045
NH1,13.141488075256348
NH2,14.632210731506348
SD,16.122936248779297
SG,16.785526275634766
UNKNOWN,16.785526275634766
