atom_type,importance
C,0.19209855794906616
CA,0.19209855794906616
CB,0.20137125253677368
CD,0.22223429381847382
CD1,0.2430976927280426
CD2,0.2639613449573517
CE,0.27279290556907654
CE1,0.25756195187568665
CE2,0.24233077466487885
CE3,0.22709991037845612
CG,0.21550339460372925
CG1,0.21662208437919617
CG2,0.21774080395698547
CH2,0.21885955333709717
CZ,0.2219858318567276
CZ2,0.24117261171340942
CZ3,0.26035940647125244
O,0.2795460820198059
OH,0.2987328767776489
OD1,0.2910766005516052
OD2,0.28342047333717346
OE1,0.27576422691345215
OE2,0.26810798048973083
OG,0.26251018047332764
OG1,0.2571695148944855
N,0.2518289387226105
NE,0.24648836255073547
NE1,0.26016533374786377
NE2,0.2792762517929077
ND1,0.29838693141937256
ND2,0.31749579310417175
NZ,0.32031428813934326
NH1,0.31498581171035767
NH2,0.3096572458744049
SD,0.3043288290500641
SG,0.30196163058280945
UNKNOWN,0.30196163058280945
