atom_type,importance
C,0.10298671573400497
CA,0.10298671573400497
CB,0.11603298038244247
CD,0.1453857570886612
CD1,0.17473973333835602
CD2,0.20409247279167175
CE,0.22258809208869934
CE1,0.21936604380607605
CE2,0.21614399552345276
CE3,0.21292273700237274
CG,0.2072465866804123
CG1,0.19297924637794495
CG2,0.1787119358778
CH2,0.16444455087184906
CZ,0.15313713252544403
CZ2,0.16550849378108978
CZ3,0.17787988483905792
O,0.19025132060050964
OH,0.20262275636196136
OD1,0.19767343997955322
OD2,0.19272400438785553
OE1,0.18777470290660858
OE2,0.18282531201839447
OG,0.1848158985376358
OG1,0.18767395615577698
N,0.19053202867507935
NE,0.19339007139205933
NE1,0.19070391356945038
NE2,0.18643532693386078
ND1,0.18216674029827118
ND2,0.177898108959198
NZ,0.1790967434644699
NH1,0.18302904069423676
NH2,0.1869625300168991
SD,0.19089485704898834
SG,0.19264259934425354
UNKNOWN,0.19264259934425354
