atom_type,importance
C,0.11795322597026825
CA,0.11795322597026825
CB,0.12675489485263824
CD,0.14655782282352448
CD1,0.1663607358932495
CD2,0.18616367876529694
CE,0.19784429669380188
CE1,0.19327892363071442
CE2,0.18871496617794037
CE3,0.1841496229171753
CG,0.17878945171833038
CG1,0.17064064741134644
CG2,0.1624918431043625
CH2,0.15434302389621735
CZ,0.14755645394325256
CZ2,0.15166768431663513
CZ3,0.1557789295911789
O,0.15989021956920624
OH,0.16400146484375
OD1,0.16022685170173645
OD2,0.1564522087574005
OE1,0.15267758071422577
OE2,0.14890293776988983
OG,0.14169961214065552
OG1,0.13406766951084137
N,0.12643572688102722
NE,0.11880378425121307
NE1,0.11150993406772614
NE2,0.10431360453367233
ND1,0.09711729735136032
ND2,0.08992095291614532
NZ,0.09319715946912766
NH1,0.1017092764377594
NH2,0.11022144556045532
SD,0.11873363703489304
SG,0.12251713871955872
UNKNOWN,0.12251713871955872
