atom_type,importance_sum
C,2.069748640060425
CA,2.069748640060425
CB,2.492278575897217
CD,3.44295072555542
CD1,4.393635272979736
CD2,5.344311237335205
CE,6.250058174133301
CE1,7.065983772277832
CE2,7.8819098472595215
CE3,8.69780445098877
CG,9.633429527282715
CG1,10.98783016204834
CG2,12.342231750488281
CH2,13.696632385253906
CZ,14.91187858581543
CZ2,15.013880729675293
CZ3,15.115886688232422
O,15.217891693115234
OH,15.31989574432373
OD1,13.512381553649902
OD2,11.704864501953125
OE1,9.897350311279297
OE2,8.089836120605469
OG,7.205452919006348
OG1,6.436463832855225
N,5.667473793029785
NE,4.898482322692871
NE1,5.345618724822998
NE2,6.140242576599121
ND1,6.934868335723877
ND2,7.729491233825684
NZ,8.411964416503906
NH1,9.038328170776367
NH2,9.664689064025879
SD,10.291071891784668
SG,10.569440841674805
UNKNOWN,10.569440841674805
