atom_index,is_real_atom,atom_type_from_onehot,importance
0,1,O,5.443785667419434
1,1,CA,5.443785667419434
2,1,C,5.443764686584473
3,1,O,5.4437174797058105
4,1,CB,5.443672180175781
5,1,CG,5.443625450134277
6,1,CD1,5.445197582244873
7,1,CD2,5.449012756347656
8,1,CE1,5.452828407287598
9,1,CE2,5.456644058227539
10,1,CZ,5.648014068603516
11,1,CB,6.165864944458008
12,1,OG,6.683717250823975
13,1,CA,7.201567649841309
14,1,O,7.584132671356201
15,1,CB,7.666711330413818
16,1,CG1,7.749290943145752
17,1,CG2,7.8318705558776855
18,1,CD1,7.928781509399414
19,1,CA,8.067184448242188
20,1,C,8.205588340759277
21,1,O,8.343990325927734
22,1,CB,8.443412780761719
23,1,CG,8.389509201049805
24,1,SD,8.33560562133789
25,1,CE,8.281700134277344
26,1,N,8.214956283569336
27,1,CA,8.07466983795166
28,1,CB,7.934384822845459
29,1,CD1,7.794097423553467
30,1,CE1,7.644472122192383
31,1,CA,7.4054460525512695
32,1,C,7.16641902923584
33,1,O,6.927394390106201
34,1,CB,6.695791244506836
35,1,OG,6.639875411987305
36,1,N,6.583959579467773
37,1,CA,6.528043746948242
38,1,CD1,6.472127914428711
39,1,CB,6.721870422363281
40,1,CG,6.975798606872559
41,1,CD1,7.229728698730469
42,1,CD2,7.4836578369140625
43,1,CE1,7.359014987945557
44,1,CZ2,7.206938743591309
45,1,CH2,7.0548624992370605
46,1,CG2,6.9027862548828125
47,1,CD1,6.702771186828613
48,1,OG1,6.496120929718018
