atom_type,importance_sum
C,5.398532390594482
CA,5.398532390594482
CB,5.565670013427734
CD,5.941770076751709
CD1,6.317872524261475
CD2,6.693971633911133
CE,7.542034149169922
CE1,9.33397102355957
CE2,11.125909805297852
CE3,12.917925834655762
CG,14.067586898803711
CG1,12.969396591186523
CG2,11.871211051940918
CH2,10.773019790649414
CZ,9.839975357055664
CZ2,10.22806167602539
CZ3,10.61614990234375
O,11.004234313964844
OH,11.39232063293457
OD1,11.593840599060059
OD2,11.795356750488281
OE1,11.99687671661377
OE2,12.198393821716309
OG,12.726534843444824
OG1,13.295504570007324
N,13.864468574523926
NE,14.43343448638916
NE1,13.872645378112793
NE2,12.989076614379883
ND1,12.105515480041504
ND2,11.222031593322754
NZ,10.696161270141602
NH1,10.349217414855957
NH2,10.002270698547363
SD,9.655324935913086
SG,9.501137733459473
UNKNOWN,9.501137733459473
