atom_type,importance
C,0.09382176399230957
CA,0.09382176399230957
CB,0.09967948496341705
CD,0.1128583624958992
CD1,0.12603670358657837
CD2,0.13921593129634857
CE,0.15121643245220184
CE1,0.16086067259311676
CE2,0.17050492763519287
CE3,0.18014925718307495
CG,0.18930397927761078
CG1,0.19674886763095856
CG2,0.20419380068778992
CH2,0.2116386741399765
CZ,0.21782849729061127
CZ2,0.21397656202316284
CZ3,0.21012449264526367
O,0.20627260208129883
OH,0.20242063701152802
OD1,0.20245946943759918
OD2,0.2024983912706375
OE1,0.20253726840019226
OE2,0.20257607102394104
OG,0.19899924099445343
OG1,0.19497050344944
N,0.1909416913986206
NE,0.1869128793478012
NE1,0.18446582555770874
NE2,0.18247094750404358
ND1,0.180476114153862
ND2,0.1784813106060028
NZ,0.1754922717809677
NH1,0.17200572788715363
NH2,0.16852030158042908
SD,0.16503380239009857
SG,0.16348455846309662
UNKNOWN,0.16348455846309662
