atom_index,is_real_atom,atom_type_from_onehot,importance
0,1,CA,5.4601874351501465
1,1,O,5.4601874351501465
2,1,CB,5.491747856140137
3,1,CG,5.558475971221924
4,1,CD1,5.625205039978027
5,1,CD2,5.6919331550598145
6,1,CE1,5.542781829833984
7,1,CG,5.0941877365112305
8,1,CD,4.645594596862793
9,1,CA,4.1969990730285645
10,1,C,4.00224494934082
11,1,O,4.24936056137085
12,1,CB,4.496475696563721
13,1,CG,4.743590831756592
14,1,CD1,4.988274097442627
15,1,CD2,5.227564334869385
16,1,CE1,5.466855525970459
17,1,CE2,5.706144332885742
18,1,CZ,5.904929161071777
19,1,OH,5.986457824707031
20,1,C,6.067986488342285
21,1,O,6.1495161056518555
22,1,CB,6.263764381408691
23,1,N,6.506708145141602
24,1,CA,6.7496514320373535
25,1,CB,6.992595195770264
26,1,CG2,7.177430629730225
27,1,N,7.029469966888428
28,1,CA,6.8815107345581055
29,1,CB,6.733551025390625
30,1,CG,6.5937113761901855
31,1,CD1,6.531595230102539
32,1,CE1,6.469478130340576
33,1,CE2,6.40736198425293
34,1,CZ,6.3308234214782715
35,1,CD2,5.912971496582031
36,1,CE2,5.495120525360107
37,1,CZ,5.077267646789551
38,1,CB,4.659414768218994
39,1,CG1,4.396052837371826
40,1,CG2,4.1348090171813965
41,1,CB,3.873562812805176
42,1,CG,3.612316846847534
43,1,CD1,3.684781551361084
44,1,CD2,3.7814278602600098
45,1,CE1,3.8780741691589355
46,1,CE2,3.9747202396392822
47,1,CZ,4.011367321014404
48,1,CE1,4.039706230163574
49,1,CE2,4.068046569824219
50,1,CZ,4.096385955810547
