atom_type,importance_sum
C,6.639557838439941
CA,6.639557838439941
CB,6.848844528198242
CD,7.319812774658203
CD1,7.7907819747924805
CD2,8.261712074279785
CE,8.577789306640625
CE1,8.583929061889648
CE2,8.590070724487305
CE3,8.596212387084961
CG,8.787468910217285
CG1,9.626821517944336
CG2,10.466176986694336
CH2,11.30553150177002
CZ,12.124505996704102
CZ2,12.780467987060547
CZ3,13.43642520904541
O,14.09238338470459
OH,14.748344421386719
OD1,14.020047187805176
OD2,13.29175090789795
OE1,12.563455581665039
OE2,11.835163116455078
OG,10.483983039855957
OG1,9.054937362670898
N,7.625898361206055
NE,6.196858882904053
NE1,5.549802303314209
NE2,5.126183032989502
ND1,4.702563285827637
ND2,4.278905391693115
NZ,4.199612617492676
NH1,4.292479038238525
NH2,4.385347366333008
SD,4.478214263916016
SG,4.5194902420043945
UNKNOWN,4.5194902420043945
