atom_type,mean_importance
C,0.1275031715631485
CA,0.1275031715631485
CB,0.13061940670013428
CD,0.13763083517551422
CD1,0.14464236795902252
CD2,0.15165378153324127
CE,0.15643244981765747
CE1,0.15674558281898499
CE2,0.1570587456226349
CE3,0.15737183392047882
CG,0.15802083909511566
CG1,0.15984530746936798
CG2,0.1616697460412979
CH2,0.16349416971206665
CZ,0.16584914922714233
CZ2,0.1724482774734497
CZ3,0.17904742062091827
O,0.18564654886722565
OH,0.19224566221237183
OD1,0.186882883310318
OD2,0.18152011930942535
OE1,0.17615731060504913
OE2,0.1707945168018341
OG,0.1654817909002304
OG1,0.16017527878284454
N,0.15486878156661987
NE,0.149562269449234
NE1,0.15012545883655548
NE2,0.15236574411392212
ND1,0.15460610389709473
ND2,0.15684637427330017
NZ,0.15446744859218597
NH1,0.14977894723415375
NH2,0.14509046077728271
SD,0.1404019296169281
SG,0.13831815123558044
UNKNOWN,0.13831815123558044
