atom_type,importance
C,0.07060189545154572
CA,0.07060189545154572
CB,0.07272687554359436
CD,0.07750917971134186
CD1,0.08229085057973862
CD2,0.08707316964864731
CE,0.09078370779752731
CE1,0.09235075861215591
CE2,0.09391846507787704
CE3,0.09548614919185638
CG,0.10105925053358078
CG1,0.12065263092517853
CG2,0.14024534821510315
CH2,0.15983809530735016
CZ,0.17732851207256317
CZ2,0.17800067365169525
CZ3,0.17867274582386017
O,0.17934484779834747
OH,0.18001708388328552
OD1,0.1804078221321106
OD2,0.18079864978790283
OE1,0.1811893880367279
OE2,0.18158015608787537
OG,0.17088614404201508
OG1,0.1588064730167389
N,0.1467268317937851
NE,0.1346471905708313
NE1,0.13435055315494537
NE2,0.1374213546514511
ND1,0.14049091935157776
ND2,0.14356175065040588
NZ,0.1479203850030899
NH1,0.1529235988855362
NH2,0.15792672336101532
SD,0.16292992234230042
SG,0.1651534140110016
UNKNOWN,0.1651534140110016
