atom_index,is_real_atom,atom_type_from_onehot,importance
0,1,CD2,9.393752098083496
1,1,C,9.393752098083496
2,1,O,9.551502227783203
3,1,N,9.885025024414062
4,1,CA,10.218548774719238
5,1,C,10.55207347869873
6,1,O,10.656524658203125
7,1,CB,10.44322681427002
8,1,CG1,10.229926109313965
9,1,CG2,10.016626358032227
10,1,O,9.782807350158691
11,1,CB,9.51326847076416
12,1,OG,9.243728637695312
13,1,CG,8.974186897277832
14,1,CD1,8.710102081298828
15,1,CD2,8.458115577697754
16,1,CD2,8.206128120422363
17,1,CD2,7.954141139984131
18,1,CE2,7.71115779876709
19,1,CE3,7.494241714477539
20,1,CZ2,7.277324199676514
21,1,CZ3,7.060406684875488
22,1,CH2,6.906761646270752
23,1,CE1,7.001984596252441
24,1,CZ,7.097208023071289
25,1,CE1,7.19243049621582
26,1,CZ,7.259226322174072
27,1,CD1,7.163210391998291
28,1,CG,7.067194938659668
29,1,CD1,6.971179008483887
30,1,CD2,6.909591197967529
31,1,CE1,7.177522659301758
32,1,CE2,7.445454120635986
33,1,CZ,7.713386535644531
34,1,CE1,7.979888916015625
35,1,CG1,8.21255111694336
36,1,CB,8.445213317871094
37,1,SG,8.677875518798828
38,1,CB,8.910538673400879
39,1,CG,8.550049781799316
40,1,CD1,8.181436538696289
41,1,CD2,7.8128228187561035
42,1,NZ,7.44420862197876
