atom_type,importance
C,0.06711052358150482
CA,0.06711052358150482
CB,0.07316014170646667
CD,0.08677172660827637
CD1,0.10038330405950546
CD2,0.11399492621421814
CE,0.12246360629796982
CE1,0.12064793705940247
CE2,0.1188323050737381
CE3,0.11701664328575134
CG,0.1152365654706955
CG1,0.11357524991035461
CG2,0.11191394925117493
CH2,0.11025246977806091
CZ,0.1093362420797348
CZ2,0.11438233405351639
CZ3,0.11942807585000992
O,0.12447387725114822
OH,0.12951959669589996
OD1,0.12190097570419312
OD2,0.11428230255842209
OE1,0.10666292905807495
OE2,0.0990443006157875
OG,0.09113563597202301
OG1,0.08319072425365448
N,0.07524581253528595
NE,0.06730092316865921
NE1,0.062028300017118454
NE2,0.057519517838954926
ND1,0.05301034823060036
ND2,0.04850119724869728
NZ,0.05176065117120743
NH1,0.05890412628650665
NH2,0.06604781001806259
SD,0.07319118827581406
SG,0.0763661190867424
UNKNOWN,0.0763661190867424
