atom_index,is_real_atom,atom_type_from_onehot,importance
0,1,O,11.855533599853516
1,1,N,11.855533599853516
2,1,CA,12.132434844970703
3,1,CB,12.717877388000488
4,1,OG,13.303323745727539
5,1,CG2,13.888766288757324
6,1,CB,14.196223258972168
7,1,CG,14.118085861206055
8,1,SD,14.039947509765625
9,1,CE,13.961811065673828
10,1,CG,13.749948501586914
11,1,CD1,13.305310249328613
12,1,CD2,12.860669136047363
13,1,NE1,12.416029930114746
14,1,CE2,11.918008804321289
15,1,CZ2,11.301616668701172
16,1,CG1,10.685223579406738
17,1,CD1,10.068833351135254
18,1,CG1,9.385133743286133
19,1,CD1,8.506604194641113
