atom_type,importance
C,0.08225376904010773
CA,0.08225376904010773
CB,0.08572545647621155
CD,0.09353557229042053
CD1,0.10134569555521011
CD2,0.10915634036064148
CE,0.11241115629673004
CE1,0.1065547913312912
CE2,0.10069893300533295
CE3,0.09484256058931351
CG,0.09140025824308395
CG1,0.09640565514564514
CG2,0.10141106694936752
CH2,0.10641644150018692
CZ,0.11266645789146423
CZ2,0.12887723743915558
CZ3,0.1450881063938141
O,0.1612989753484726
OH,0.1775098741054535
OD1,0.17894600331783295
OD2,0.1803821325302124
OE1,0.18181823194026947
OE2,0.18325436115264893
OG,0.18007200956344604
OG1,0.17631231248378754
N,0.17255273461341858
NE,0.16879303753376007
NE1,0.1843925416469574
NE2,0.20552219450473785
ND1,0.22665074467658997
ND2,0.24778154492378235
NZ,0.24719899892807007
NH1,0.23576316237449646
NH2,0.22432640194892883
SD,0.21289032697677612
SG,0.207807257771492
UNKNOWN,0.2078072726726532
