atom_index,is_real_atom,atom_type_from_onehot,importance
0,1,CD2,10.126448631286621
1,1,CG,10.126448631286621
2,1,CD1,10.25818157196045
3,1,CD2,10.536699295043945
4,1,CE,10.815217018127441
5,1,NZ,11.093733787536621
6,1,CG2,11.129003524780273
7,1,CG,10.82686710357666
8,1,CD1,10.524730682373047
9,1,CD2,10.222591400146484
10,1,CB,9.766386032104492
11,1,SG,9.041986465454102
12,1,CG1,8.317585945129395
13,1,CD1,7.593186378479004
