atom_type,importance_sum
C,5.695541858673096
CA,5.695541858673096
CB,6.207491874694824
CD,7.359316349029541
CD1,8.511083602905273
CD2,9.662908554077148
CE,10.489591598510742
CE1,10.665764808654785
CE2,10.842047691345215
CE3,11.01822280883789
CG,11.080853462219238
CG1,10.745742797851562
CG2,10.410632133483887
CH2,10.075520515441895
CZ,9.689004898071289
CZ2,8.89128303527832
CZ3,8.093561172485352
O,7.295811653137207
OH,6.498061180114746
OD1,5.41523551940918
OD2,4.332393646240234
OE1,3.249567985534668
OE2,2.1667463779449463
OG,2.22027850151062
OG1,2.415856122970581
N,2.611433267593384
NE,2.8070101737976074
NE1,3.168097496032715
NE2,3.5764501094818115
ND1,3.9848289489746094
ND2,4.3932037353515625
NZ,5.582571029663086
NH1,7.162472248077393
NH2,8.742382049560547
SD,10.322237014770508
SG,11.024415969848633
UNKNOWN,11.024415969848633
