atom_type,importance
C,0.12928277254104614
CA,0.12928277254104614
CB,0.13232816755771637
CD,0.13918115198612213
CD1,0.14603525400161743
CD2,0.15288841724395752
CE,0.1662888526916504
CE1,0.19278404116630554
CE2,0.21927963197231293
CE3,0.24577432870864868
CG,0.2625539004802704
CG1,0.24532555043697357
CG2,0.22809697687625885
CH2,0.2108684629201889
CZ,0.19668947160243988
CZ2,0.20690575242042542
CZ3,0.2171221375465393
O,0.22733840346336365
OH,0.23755475878715515
OD1,0.23406587541103363
OD2,0.23057706654071808
OE1,0.22708819806575775
OE2,0.22359934449195862
OG,0.22059601545333862
OG1,0.21765337884426117
N,0.21471071243286133
NE,0.21176807582378387
NE1,0.2171509563922882
NE2,0.22491396963596344
ND1,0.2326764464378357
ND2,0.24043843150138855
NZ,0.23334258794784546
NH1,0.21881930530071259
NH2,0.20429620146751404
SD,0.1897721141576767
SG,0.18331775069236755
UNKNOWN,0.18331775069236755
