atom_index,is_real_atom,atom_type_from_onehot,importance
0,1,C,9.435983657836914
1,1,O,9.435983657836914
2,1,CB,9.594593048095703
3,1,CG,9.929940223693848
4,1,CD2,10.265287399291992
5,1,CA,10.600634574890137
6,1,C,10.878280639648438
7,1,O,11.075895309448242
8,1,CB,11.273509979248047
9,1,CG,11.471125602722168
10,1,CD,11.484606742858887
11,1,NE,11.17756462097168
12,1,CZ,10.870521545410156
13,1,NH1,10.56347942352295
14,1,NH2,10.22358226776123
15,1,CB,9.810832977294922
16,1,CG,9.398085594177246
17,1,N,8.985339164733887
18,1,CA,8.67975902557373
19,1,CB,8.684401512145996
20,1,CG,8.689044952392578
21,1,CD1,8.693689346313477
22,1,CE1,8.704741477966309
23,1,CB,8.741004943847656
24,1,CD2,8.777265548706055
25,1,CA,8.813528060913086
26,1,C,8.8454008102417
27,1,O,8.852131843566895
28,1,CB,8.858865737915039
29,1,CG1,8.865598678588867
30,1,CG2,8.879247665405273
31,1,CD2,8.959112167358398
32,1,N,9.038973808288574
33,1,CA,9.118836402893066
34,1,CB,9.192506790161133
35,1,CG,9.119640350341797
36,1,CD1,9.046772003173828
37,1,CD2,8.973904609680176
38,1,CG1,8.901037216186523
39,1,CD1,8.638981819152832
40,1,C,8.37433910369873
41,1,O,8.10969352722168
42,1,CB,7.845047473907471
43,1,CD1,7.54622745513916
44,1,N,7.244931697845459
45,1,CA,6.943634033203125
46,1,CB,6.642336845397949
47,1,CG,6.320953369140625
48,1,CD1,5.996790409088135
49,1,CE1,5.672626972198486
50,1,CB,5.348462104797363
51,1,CG,5.573049545288086
52,1,CD1,5.914581775665283
53,1,CD2,6.2561140060424805
54,1,CE1,6.597647190093994
55,1,CE2,6.580897808074951
56,1,CZ,6.45729398727417
57,1,OH,6.333690643310547
58,1,CE2,6.210085868835449
59,1,CZ,6.01326847076416
