atom_type,importance_sum
C,10.15495777130127
CA,10.15495777130127
CB,10.680397987365723
CD,11.86256217956543
CD1,13.04472541809082
CD2,14.226895332336426
CE,14.918034553527832
CE1,14.627043724060059
CE2,14.335983276367188
CE3,14.044997215270996
CG,14.198978424072266
CG1,15.910482406616211
CG2,17.6220645904541
CH2,19.333572387695312
CZ,20.966360092163086
CZ2,21.96940803527832
CZ3,22.97245979309082
O,23.975505828857422
OH,24.978553771972656
OD1,22.7584285736084
OD2,20.538305282592773
OE1,18.318180084228516
OE2,16.097990036010742
OG,16.3693790435791
OG1,16.952219009399414
N,17.535045623779297
NE,18.11785125732422
NE1,17.628557205200195
NE2,16.8330078125
ND1,16.037517547607422
ND2,15.241968154907227
NZ,15.058119773864746
NH1,15.180063247680664
NH2,15.3020658493042
SD,15.424001693725586
SG,15.478229522705078
UNKNOWN,15.478229522705078
