atom_type,importance
C,0.12040051817893982
CA,0.12040051817893982
CB,0.13107123970985413
CD,0.15508201718330383
CD1,0.1790914684534073
CD2,0.20310094952583313
CE,0.21588630974292755
CE1,0.20622089505195618
CE2,0.1965554803609848
CE3,0.18689006567001343
CG,0.18062955141067505
CG1,0.18628548085689545
CG2,0.19194139540195465
CH2,0.19759729504585266
CZ,0.20205511152744293
CZ2,0.19692789018154144
CZ3,0.19180074334144592
O,0.1866735965013504
OH,0.1815464347600937
OD1,0.16361716389656067
OD2,0.14568792283535004
OE1,0.1277586817741394
OE2,0.10982944816350937
OG,0.10255074501037598
OG1,0.09660332649946213
N,0.09065591543912888
NE,0.08470849692821503
NE1,0.08369681984186172
NE2,0.08409493416547775
ND1,0.08449365198612213
ND2,0.08489172905683517
NZ,0.08910016715526581
NH1,0.09521344304084778
NH2,0.1013273149728775
SD,0.10744060575962067
SG,0.11015789955854416
UNKNOWN,0.11015789955854416
