atom_index,is_real_atom,atom_type_from_onehot,importance
0,1,CG2,9.404741287231445
1,1,CD1,9.404741287231445
2,1,CA,9.665010452270508
3,1,C,10.215290069580078
4,1,O,10.765572547912598
5,1,CB,11.3158540725708
6,1,CG,11.55736255645752
7,1,CD,11.370574951171875
8,1,C,11.183789253234863
9,1,O,10.997001647949219
10,1,CB,10.815744400024414
11,1,CG2,10.644112586975098
12,1,N,10.472481727600098
13,1,CA,10.300854682922363
14,1,CB,10.307157516479492
15,1,OG,10.708012580871582
16,1,C,11.108868598937988
17,1,O,11.509722709655762
18,1,CB,11.824568748474121
19,1,N,11.890434265136719
20,1,CA,11.956303596496582
21,1,SD,12.022171020507812
22,1,CE,12.02499771118164
23,1,NE,11.779861450195312
24,1,CZ,11.534727096557617
25,1,NH1,11.289588928222656
26,1,NH2,10.981449127197266
27,1,CZ3,10.312448501586914
28,1,CH2,9.64344596862793
29,1,CG1,8.974445343017578
30,1,CD1,8.341069221496582
31,1,CG,8.048678398132324
32,1,CD1,7.756288051605225
33,1,CD2,7.46389627456665
34,1,CE1,7.170075416564941
35,1,CE2,6.842397689819336
36,1,CZ,6.514721393585205
37,1,OH,6.1870436668396
38,1,CE2,5.859366416931152
39,1,CZ,5.451268672943115
40,1,OH,5.042070388793945
