atom_type,importance
C,0.07799991965293884
CA,0.07799991965293884
CB,0.08517507463693619
CD,0.10131814330816269
CD1,0.11746057122945786
CD2,0.13360430300235748
CE,0.14780472218990326
CE1,0.15811985731124878
CE2,0.16843491792678833
CE3,0.17875008285045624
CG,0.18518923223018646
CG1,0.17806458473205566
CG2,0.17093990743160248
CH2,0.1638152301311493
CZ,0.1569141447544098
CZ2,0.1518019288778305
CZ3,0.14668968319892883
O,0.14157745242118835
OH,0.1364651918411255
OD1,0.1312202364206314
OD2,0.12597529590129852
OE1,0.12073032557964325
OE2,0.11548538506031036
OG,0.11469561606645584
OG1,0.11446278542280197
N,0.1142299547791481
NE,0.11399709433317184
NE1,0.1109686940908432
NE2,0.10714112967252731
ND1,0.10331369191408157
ND2,0.09948626905679703
NZ,0.09809331595897675
NH1,0.09791796654462814
NH2,0.09774195402860641
SD,0.09756660461425781
SG,0.09748881310224533
UNKNOWN,0.09748881310224533
