atom_index,is_real_atom,atom_type_from_onehot,importance
0,1,CB,5.239374160766602
1,1,CD2,5.239374160766602
2,1,CG1,5.0972580909729
3,1,CG2,4.7967848777771
4,1,CD1,4.496311187744141
5,1,CE2,4.195836544036865
6,1,CZ,4.1298370361328125
7,1,CG1,4.3890767097473145
8,1,CB,4.648314952850342
9,1,CG,4.9075541496276855
10,1,CD1,5.059974193572998
11,1,CD2,5.0264506340026855
12,1,CE1,4.9929280281066895
13,1,CE2,4.959404468536377
14,1,CZ,4.952426433563232
15,1,CA,5.004311561584473
16,1,C,5.0561957359313965
17,1,O,5.10807991027832
18,1,CB,5.178618907928467
19,1,N,5.303155422210693
20,1,CA,5.427691459655762
21,1,CG1,5.552227973937988
22,1,CD1,5.655718803405762
23,1,CB,5.676429271697998
24,1,CG2,5.697139263153076
25,1,N,5.717848777770996
26,1,CA,5.735779285430908
27,1,CB,5.73777961730957
28,1,CG,5.739781379699707
29,1,CD1,5.7417826652526855
30,1,CD2,5.739768981933594
31,1,CB,5.699337482452393
32,1,CG1,5.658904075622559
33,1,CG2,5.618473052978516
34,1,CG2,5.5700507164001465
35,1,CB,5.332545757293701
36,1,CG1,5.095041751861572
37,1,CG2,4.857536792755127
38,1,CD1,4.620030879974365
