atom_type,importance_sum
C,2.8047327995300293
CA,2.8047327995300293
CB,3.144624948501587
CD,3.909393310546875
CD1,4.674160480499268
CD2,5.438928604125977
CE,5.91737699508667
CE1,5.823276042938232
CE2,5.729174613952637
CE3,5.635072231292725
CG,6.177411079406738
CG1,8.947221755981445
CG2,11.717036247253418
CH2,14.486847877502441
CZ,16.841651916503906
CZ2,15.877335548400879
CZ3,14.912931442260742
O,13.948525428771973
OH,12.984121322631836
OD1,10.610451698303223
OD2,8.236790657043457
OE1,5.863126754760742
OE2,3.4894397258758545
OG,3.3460960388183594
OG1,3.481544017791748
N,3.616990804672241
NE,3.7524378299713135
NE1,4.001228332519531
NE2,4.282419681549072
ND1,4.563588619232178
ND2,4.844757556915283
NZ,4.68908166885376
NH1,4.31497859954834
NH2,3.940894365310669
SD,3.566800117492676
SG,3.4005484580993652
UNKNOWN,3.4005484580993652
