atom_type,importance_sum
C,4.7097249031066895
CA,4.7097249031066895
CB,5.527991771697998
CD,7.369121074676514
CD1,9.210287094116211
CD2,11.051414489746094
CE,12.677071571350098
CE1,13.871955871582031
CE2,15.06684398651123
CE3,16.26167869567871
CG,16.849130630493164
CG1,15.310633659362793
CG2,13.772137641906738
CH2,12.233642578125
CZ,11.01242446899414
CZ2,12.329427719116211
CZ3,13.646430969238281
O,14.963430404663086
OH,16.28043556213379
OD1,14.904558181762695
OD2,13.528685569763184
OE1,12.15280818939209
OE2,10.77692699432373
OG,13.03014087677002
OG1,15.736997604370117
N,18.443851470947266
NE,21.15070915222168
NE1,21.898839950561523
NE2,22.087238311767578
ND1,22.275766372680664
ND2,22.464174270629883
NZ,21.84585189819336
NH1,20.824113845825195
NH2,19.802486419677734
SD,18.78074836730957
SG,18.326717376708984
UNKNOWN,18.326717376708984
