atom_index,is_real_atom,atom_type_from_onehot,importance
0,1,CG1,7.147749900817871
1,1,CB,7.147749900817871
2,1,CG1,7.071507453918457
3,1,CG2,6.910308837890625
4,1,O,6.749109268188477
5,1,CA,6.587909698486328
6,1,C,6.488429546356201
7,1,O,6.474555492401123
8,1,CB,6.460681915283203
9,1,CG,6.446808815002441
10,1,CD1,6.468598365783691
11,1,CD2,6.552468776702881
12,1,CE1,6.636338710784912
13,1,CD1,6.72020959854126
14,1,C,6.830524444580078
15,1,O,6.999475479125977
16,1,CB,7.168426990509033
17,1,CG,7.337378025054932
18,1,CD2,7.383579730987549
19,1,N,7.074449062347412
20,1,CA,6.765318393707275
21,1,CB,6.456188201904297
22,1,CD1,6.243220806121826
23,1,CG,6.408494472503662
24,1,CD1,6.573768615722656
25,1,CD2,6.739041328430176
26,1,CE1,6.8885931968688965
27,1,CE2,6.94809627532959
28,1,CZ,7.007601261138916
29,1,OH,7.067104339599609
30,1,C,7.116233825683594
31,1,O,7.066065788269043
32,1,N,7.015897750854492
33,1,CA,6.965729236602783
34,1,CB,6.901555061340332
