atom_type,importance_sum
C,5.581930160522461
CA,5.581930160522461
CB,5.71270227432251
CD,6.006941795349121
CD1,6.301180362701416
CD2,6.595418453216553
CE,6.917900085449219
CE1,7.296910762786865
CE2,7.675969123840332
CE3,8.05499267578125
CG,8.366756439208984
CG1,8.443303108215332
CG2,8.519847869873047
CH2,8.596391677856445
CZ,8.721968650817871
CZ2,9.239818572998047
CZ3,9.75766658782959
O,10.275511741638184
OH,10.79336166381836
OD1,10.564413070678711
OD2,10.335467338562012
OE1,10.10651969909668
OE2,9.87757682800293
OG,9.706787109375
OG1,9.543265342712402
N,9.379743576049805
NE,9.21622085571289
NE1,8.565570831298828
NE2,7.775599002838135
ND1,6.985672950744629
ND2,6.1956987380981445
NZ,6.00625467300415
NH1,6.1170735359191895
NH2,6.227891445159912
SD,6.338665008544922
SG,6.387938499450684
UNKNOWN,6.387938499450684
