atom_type,importance_sum
C,3.1712584495544434
CA,3.1712584495544434
CB,3.6507461071014404
CD,4.729590892791748
CD1,5.808436393737793
CD2,6.887280464172363
CE,7.602821350097656
CE1,7.591699600219727
CE2,7.580578804016113
CE3,7.569459438323975
CG,7.4691290855407715
CG1,7.056480884552002
CG2,6.643834114074707
CH2,6.231185436248779
CZ,6.0536041259765625
CZ2,7.756563663482666
CZ3,9.459563255310059
O,11.162521362304688
OH,12.865482330322266
OD1,11.397408485412598
OD2,9.929336547851562
OE1,8.461267471313477
OE2,6.99315071105957
OG,6.873964786529541
OG1,6.9233927726745605
N,6.9728193283081055
NE,7.022245407104492
NE1,7.021048545837402
NE2,7.005418300628662
ND1,6.9897894859313965
ND2,6.974113941192627
NZ,7.188408851623535
NH1,7.517662525177002
NH2,7.8469624519348145
SD,8.176216125488281
SG,8.32257080078125
UNKNOWN,8.32257080078125
