atom_type,importance
C,0.1277080625295639
CA,0.1277080625295639
CB,0.13006919622421265
CD,0.13538160920143127
CD1,0.14069399237632751
CD2,0.14600688219070435
CE,0.16706059873104095
CE1,0.21959729492664337
CE2,0.272134006023407
CE3,0.32466965913772583
CG,0.36421439051628113
CG1,0.3582870662212372
CG2,0.35235995054244995
CH2,0.346432626247406
CZ,0.34257712960243225
CZ2,0.3552960157394409
CZ3,0.3680149018764496
O,0.3807339072227478
OH,0.3934527337551117
OD1,0.36125943064689636
OD2,0.32906627655029297
OE1,0.2968730926513672
OE2,0.264679878950119
OG,0.2652518153190613
OG1,0.26991939544677734
N,0.2745870351791382
NE,0.27925464510917664
NE1,0.29172831773757935
NE2,0.30643290281295776
ND1,0.3211362659931183
ND2,0.33584064245224
NZ,0.3523050546646118
NH1,0.36965033411979675
NH2,0.3869956135749817
SD,0.40433990955352783
SG,0.41204842925071716
UNKNOWN,0.41204842925071716
