atom_type,importance
C,0.10388419777154922
CA,0.10388419777154922
CB,0.10676572471857071
CD,0.11324815452098846
CD1,0.11973053961992264
CD2,0.12621277570724487
CE,0.12925757467746735
CE1,0.1254250407218933
CE2,0.12159376591444016
CE3,0.1177624985575676
CG,0.11602165549993515
CG1,0.1215997040271759
CG2,0.12717774510383606
CH2,0.13275578618049622
CZ,0.13905338943004608
CZ2,0.15110746026039124
CZ3,0.1631615310907364
O,0.17521555721759796
OH,0.18726961314678192
OD1,0.18506209552288055
OD2,0.18285460770130157
OE1,0.1806470900774002
OE2,0.17843951284885406
OG,0.18284153938293457
OG1,0.18806979060173035
N,0.19329802691936493
NE,0.19852621853351593
NE1,0.19782549142837524
NE2,0.19542913138866425
ND1,0.1930340826511383
ND2,0.19063903391361237
NZ,0.1932668834924698
NH1,0.1984061896800995
NH2,0.20354554057121277
SD,0.20868484675884247
SG,0.21096885204315186
UNKNOWN,0.21096883714199066
