atom_type,importance
C,0.10873148590326309
CA,0.10873148590326309
CB,0.11664672940969467
CD,0.13445548713207245
CD1,0.15226541459560394
CD2,0.17007401585578918
CE,0.18088483810424805
CE1,0.1776961237192154
CE2,0.17450742423534393
CE3,0.1713200807571411
CG,0.16890184581279755
CG1,0.16917775571346283
CG2,0.1694537252187729
CH2,0.16972962021827698
CZ,0.169881671667099
CZ2,0.16904281079769135
CZ3,0.16820396482944489
O,0.16736505925655365
OH,0.166526198387146
OD1,0.1562698930501938
OD2,0.14601357281208038
OE1,0.13575729727745056
OE2,0.12550099194049835
OG,0.12605240941047668
OG1,0.12795481085777283
N,0.12985724210739136
NE,0.1317596435546875
NE1,0.12851521372795105
NE2,0.12379873543977737
ND1,0.11908362060785294
ND2,0.1143685057759285
NZ,0.11011602729558945
NH1,0.10609564185142517
NH2,0.10207529366016388
SD,0.09805499762296677
SG,0.09626832604408264
UNKNOWN,0.09626832604408264
