atom_type,importance
C,0.18021100759506226
CA,0.18021100759506226
CB,0.18599440157413483
CD,0.1990060657262802
CD1,0.21201777458190918
CD2,0.22502924501895905
CE,0.22945436835289001
CE1,0.2167104035615921
CE2,0.20396536588668823
CE3,0.19122035801410675
CG,0.17828549444675446
CG1,0.1646861732006073
CG2,0.1510869264602661
CH2,0.13748763501644135
CZ,0.12620896100997925
CZ2,0.13349437713623047
CZ3,0.1407797783613205
O,0.14806526899337769
OH,0.1553507149219513
OD1,0.15280018746852875
OD2,0.1502496302127838
OE1,0.14769913256168365
OE2,0.14514859020709991
OG,0.14498119056224823
OG1,0.14511168003082275
N,0.14524221420288086
NE,0.1453726589679718
NE1,0.14903704822063446
NE2,0.1537116914987564
ND1,0.15838629007339478
ND2,0.16306088864803314
NZ,0.15929408371448517
NH1,0.15130776166915894
NH2,0.1433202177286148
SD,0.13533388078212738
SG,0.13178323209285736
UNKNOWN,0.13178323209285736
