atom_type,importance_sum
C,12.04638957977295
CA,12.04638957977295
CB,11.698773384094238
CD,10.916686058044434
CD1,10.134602546691895
CD2,9.35247802734375
CE,8.944628715515137
CE1,9.28519344329834
CE2,9.625801086425781
CE3,9.966409683227539
CG,10.193574905395508
CG1,10.023880004882812
CG2,9.854186058044434
CH2,9.684493064880371
CZ,9.714031219482422
CZ2,11.337451934814453
CZ3,12.960867881774902
O,14.584282875061035
OH,16.20771026611328
OD1,16.00851058959961
OD2,15.809319496154785
OE1,15.610135078430176
OE2,15.410944938659668
OG,16.721473693847656
OG1,18.220693588256836
N,19.719898223876953
NE,21.21910858154297
NE1,21.273515701293945
NE2,20.915205001831055
ND1,20.556896209716797
ND2,20.19858741760254
NZ,19.36713981628418
NH1,18.2990779876709
NH2,17.231019973754883
SD,16.162981033325195
SG,15.688325881958008
UNKNOWN,15.688325881958008
