atom_index,is_real_atom,atom_type_from_onehot,importance
0,1,C,5.318183422088623
1,1,O,5.318183422088623
2,1,CA,5.238656520843506
3,1,O,5.070513725280762
4,1,CB,4.902370452880859
5,1,CG,4.734227657318115
6,1,CD1,4.5869646072387695
7,1,CD2,4.468661308288574
8,1,CE1,4.350358486175537
9,1,CE2,4.232056140899658
10,1,CZ,4.2001872062683105
11,1,OH,4.318779945373535
12,1,CG,4.437370777130127
13,1,CD1,4.555962085723877
14,1,CD2,4.717077255249023
15,1,CA,4.972482204437256
16,1,C,5.227885723114014
17,1,O,5.483290195465088
18,1,CB,5.646122932434082
19,1,CG,5.540987014770508
20,1,CD1,5.435851097106934
21,1,CE1,5.330715179443359
22,1,CA,5.274012565612793
23,1,C,5.407811164855957
24,1,O,5.541609764099121
25,1,CB,5.675407886505127
26,1,N,5.80428409576416
27,1,CA,5.904973983764648
28,1,CB,6.0056633949279785
29,1,CD1,6.106354713439941
30,1,CB,6.225822925567627
31,1,OG1,6.525027751922607
32,1,CG2,6.8242340087890625
33,1,CG,7.123437404632568
34,1,OE2,7.40480899810791
35,1,CG2,7.264084339141846
36,1,CD1,7.123361587524414
37,1,CG,6.982638359069824
38,1,CD1,6.841915130615234
39,1,CD2,6.537293910980225
40,1,CE1,6.2304301261901855
41,1,CZ,5.923564434051514
42,1,CE1,5.616698265075684
43,1,CE2,5.371883869171143
44,1,CZ,5.131566524505615
45,1,CD2,4.8912482261657715
46,1,CB,4.6509294509887695
47,1,CD1,4.4415459632873535
48,1,CD2,4.236445426940918
