atom_type,importance_sum
C,4.2218098640441895
CA,4.2218098640441895
CB,4.339006423950195
CD,4.602717399597168
CD1,4.866440296173096
CD2,5.130123138427734
CE,5.715676307678223
CE1,6.944845676422119
CE2,8.17401123046875
CE3,9.403223037719727
CG,10.511731147766113
CG1,11.198214530944824
CG2,11.8847017288208
CH2,12.571189880371094
CZ,13.2083101272583
CZ2,13.450506210327148
CZ3,13.692702293395996
O,13.934903144836426
OH,14.177095413208008
OD1,13.56612777709961
OD2,12.955161094665527
OE1,12.344194412231445
OE2,11.733226776123047
OG,10.978628158569336
OG1,10.206077575683594
N,9.433526039123535
NE,8.660977363586426
NE1,7.655872344970703
NE2,6.584245681762695
ND1,5.51265811920166
ND2,4.441071510314941
NZ,4.062375068664551
NH1,4.030134677886963
NH2,3.9979143142700195
SD,3.9656949043273926
SG,3.9513590335845947
UNKNOWN,3.9513590335845947
