atom_type,importance_sum
C,6.445377826690674
CA,6.445377826690674
CB,6.3023481369018555
CD,5.980541229248047
CD1,5.658759593963623
CD2,5.336953639984131
CE,5.212922096252441
CE1,5.484462738037109
CE2,5.756005764007568
CE3,6.027550220489502
CG,6.373327255249023
CG1,6.978898525238037
CG2,7.584470272064209
CH2,8.190040588378906
CZ,8.889864921569824
CZ2,10.343873023986816
CZ3,11.797892570495605
O,13.251906394958496
OH,14.7059326171875
OD1,14.413127899169922
OD2,14.12032413482666
OE1,13.827516555786133
OE2,13.534714698791504
OG,13.25451374053955
OG1,12.975889205932617
N,12.697261810302734
NE,12.418636322021484
NE1,13.77316951751709
NE2,15.594320297241211
ND1,17.415407180786133
ND2,19.236541748046875
NZ,18.877151489257812
NH1,17.427387237548828
NH2,15.977622985839844
SD,14.527892112731934
SG,13.883575439453125
UNKNOWN,13.883575439453125
