atom_index,is_real_atom,atom_type_from_onehot,importance
0,1,CB,6.547763824462891
1,1,CG,6.547763824462891
2,1,CD1,6.551107406616211
3,1,CD2,6.558175563812256
4,1,CE2,6.565243721008301
5,1,CZ,6.572311878204346
6,1,CD2,6.547811508178711
7,1,OG1,6.479522228240967
8,1,CG2,6.411233425140381
9,1,CB,6.342945098876953
10,1,CG,6.318689346313477
11,1,CD1,6.371088027954102
12,1,CD2,6.423486709594727
13,1,CE1,6.475885391235352
14,1,CE2,6.559769153594971
15,1,CZ,6.713467121124268
16,1,CA,6.867165565490723
17,1,CB,7.020864486694336
18,1,CG,7.240113735198975
19,1,CD2,7.649112224578857
20,1,CE2,8.058112144470215
21,1,N,8.467111587524414
22,1,CA,8.71875286102295
23,1,CB,8.351461410522461
24,1,OE1,7.984166622161865
25,1,CG,7.616872787475586
26,1,CD2,7.2110795974731445
27,1,CD2,6.5847907066345215
