atom_type,importance_sum
C,15.743936538696289
CA,15.743936538696289
CB,16.034469604492188
CD,16.688140869140625
CD1,17.34185791015625
CD2,17.9954891204834
CE,18.652185440063477
CE1,19.31447982788086
CE2,19.976919174194336
CE3,20.639368057250977
CG,20.775558471679688
CG1,19.070255279541016
CG2,17.36495018005371
CH2,15.659642219543457
CZ,14.197198867797852
CZ2,14.67758560180664
CZ3,15.157976150512695
O,15.63836669921875
OH,16.118755340576172
OD1,15.138904571533203
OD2,14.15906047821045
OE1,13.179205894470215
OE2,12.199359893798828
OG,11.860004425048828
OG1,11.600709915161133
N,11.341414451599121
NE,11.082122802734375
NE1,11.101762771606445
NE2,11.201061248779297
ND1,11.300355911254883
ND2,11.39964771270752
NZ,11.288675308227539
NH1,11.072568893432617
NH2,10.856459617614746
SD,10.640352249145508
SG,10.544313430786133
UNKNOWN,10.544313430786133
