atom_index,is_real_atom,atom_type_from_onehot,importance
0,1,OG,7.789053916931152
1,1,N,7.789053916931152
2,1,CA,7.832634925842285
3,1,C,7.924776554107666
4,1,O,8.016918182373047
5,1,CA,8.109058380126953
6,1,C,7.987483978271484
7,1,O,7.569462299346924
8,1,CB,7.151440620422363
9,1,CG2,6.733418941497803
10,1,CD1,6.495960235595703
11,1,N,6.572812557220459
12,1,CA,6.649664402008057
13,1,C,6.726515769958496
14,1,O,6.705917835235596
15,1,CB,6.469234943389893
16,1,CG1,6.232551097869873
17,1,CG2,5.995867729187012
18,1,CD1,5.805870056152344
19,1,CB,5.751016139984131
20,1,CG,5.696160316467285
21,1,CD1,5.641305446624756
22,1,CD2,5.665616035461426
23,1,NE1,6.001312255859375
24,1,CE2,6.337008476257324
25,1,CE3,6.672704696655273
26,1,CZ2,7.000626087188721
27,1,CZ3,7.284012794494629
28,1,CH2,7.567399024963379
29,1,CG,7.850785255432129
30,1,CD,8.133683204650879
31,1,NE,8.411901473999023
32,1,CZ,8.690117835998535
33,1,NH1,8.96833610534668
34,1,CD1,9.233429908752441
35,1,CE1,9.187932014465332
36,1,CE2,9.142434120178223
37,1,CZ,9.096933364868164
38,1,O,9.051435470581055
39,1,CA,8.837876319885254
40,1,C,8.622017860412598
41,1,OD1,8.406155586242676
42,1,N,8.190296173095703
43,1,CA,8.31032657623291
44,1,C,8.454695701599121
45,1,CB,8.599065780639648
46,1,CG,8.74343490600586
47,1,CD,8.768118858337402
48,1,CE,8.776229858398438
49,1,NZ,8.784339904785156
50,1,N,8.792450904846191
51,1,CE3,9.004398345947266
52,1,CZ2,9.259781837463379
53,1,CZ3,9.515169143676758
54,1,CH2,9.77055549621582
55,1,CG,9.418415069580078
56,1,CD1,8.88508129119873
57,1,CD2,8.3517484664917
