atom_type,importance
C,0.08157169818878174
CA,0.08157169818878174
CB,0.08563388884067535
CD,0.09477460384368896
CD1,0.10391530394554138
CD2,0.11305564641952515
CE,0.1198839545249939
CE1,0.12208676338195801
CE2,0.12428942322731018
CE3,0.12649334967136383
CG,0.1312800943851471
CG1,0.14511366188526154
CG2,0.15894721448421478
CH2,0.17278079688549042
CZ,0.18522201478481293
CZ2,0.18652430176734924
CZ3,0.18782658874988556
O,0.18912887573242188
OH,0.19043117761611938
OD1,0.1832388937473297
OD2,0.17604650557041168
OE1,0.16885419189929962
OE2,0.16166184842586517
OG,0.15039707720279694
OG1,0.13862325251102448
N,0.12684941291809082
NE,0.11507561057806015
NE1,0.11906135827302933
NE2,0.1275496929883957
ND1,0.13603799045085907
ND2,0.14452634751796722
NZ,0.15083153545856476
NH1,0.15604636073112488
NH2,0.16125991940498352
SD,0.16647350788116455
SG,0.16879120469093323
UNKNOWN,0.16879120469093323
