atom_index,is_real_atom,atom_type_from_onehot,importance
0,1,N,5.128304958343506
1,1,CA,5.128304958343506
2,1,C,4.997766971588135
3,1,O,4.721772193908691
4,1,CB,4.44577693939209
5,1,CG,4.1697821617126465
6,1,CD1,3.9790432453155518
7,1,CE1,3.9065613746643066
8,1,CZ,3.8340795040130615
9,1,CB,3.7615976333618164
10,1,CG1,3.8495426177978516
11,1,CG2,4.216750621795654
12,1,CD1,4.583957672119141
13,1,CA,4.951166152954102
14,1,CB,5.363222599029541
15,1,CG,5.874725341796875
16,1,CD,6.386229515075684
17,1,CG1,6.897731781005859
18,1,CG2,7.220399856567383
19,1,CD1,6.996440887451172
20,1,CE,6.772481918334961
21,1,CD1,6.54852294921875
22,1,CE1,6.3671555519104
23,1,N,6.353317737579346
24,1,CA,6.339480400085449
25,1,C,6.3256425857543945
26,1,O,6.319995880126953
27,1,CB,6.361265182495117
28,1,CG,6.402533531188965
29,1,CE,6.443802833557129
30,1,N,6.469748020172119
31,1,CA,6.349021911621094
32,1,CB,6.228295803070068
33,1,OE1,6.107569217681885
34,1,C,5.974339962005615
35,1,O,5.545206546783447
36,1,CB,5.1160759925842285
37,1,OG,4.6869425773620605
38,1,N,4.257809638977051
39,1,CA,4.429352283477783
40,1,CG1,4.609121799468994
41,1,CD1,4.78889274597168
42,1,CB,4.968662738800049
43,1,CG1,4.624107837677002
44,1,CG2,4.241561412811279
45,1,CG2,3.8590121269226074
