atom_type,importance
C,0.08694975823163986
CA,0.08694975823163986
CB,0.09180685132741928
CD,0.10273639857769012
CD1,0.11366590857505798
CD2,0.12459544092416763
CE,0.12936997413635254
CE1,0.12183452397584915
CE2,0.11429905891418457
CE3,0.10676362365484238
CG,0.10075896233320236
CG1,0.10011324286460876
CG2,0.09946751594543457
CH2,0.09882180392742157
CZ,0.10033351927995682
CZ2,0.11910466849803925
CZ3,0.13787584006786346
O,0.1566469520330429
OH,0.17541809380054474
OD1,0.175608828663826
OD2,0.17579951882362366
OE1,0.1759902685880661
OE2,0.17618098855018616
OG,0.1753937155008316
OG1,0.17448417842388153
N,0.17357470095157623
NE,0.17266516387462616
NE1,0.1837242692708969
NE2,0.19820347428321838
ND1,0.21268144249916077
ND2,0.22716058790683746
NZ,0.22788676619529724
NH1,0.2217388153076172
NH2,0.21559010446071625
SD,0.20944027602672577
SG,0.20670807361602783
UNKNOWN,0.20670807361602783
