atom_type,importance
C,0.15858811140060425
CA,0.15858811140060425
CB,0.16406597197055817
CD,0.17638945579528809
CD1,0.1887129545211792
CD2,0.20103643834590912
CE,0.20786438882350922
CE1,0.20370328426361084
CE2,0.19954213500022888
CE3,0.19537998735904694
CG,0.19569742679595947
CG1,0.21169044077396393
CG2,0.22768338024616241
CH2,0.24367637932300568
CZ,0.25818634033203125
CZ2,0.2608325481414795
CZ3,0.2634787857532501
O,0.2661249339580536
OH,0.2687712013721466
OD1,0.27397701144218445
OD2,0.27918288111686707
OE1,0.28438881039619446
OE2,0.2895946800708771
OG,0.28271371126174927
OG1,0.27432185411453247
N,0.2659299075603485
NE,0.2575381100177765
NE1,0.244815856218338
NE2,0.2308584600687027
ND1,0.2168990820646286
ND2,0.20294062793254852
NZ,0.19772349298000336
NH1,0.19687800109386444
NH2,0.19603238999843597
SD,0.19518685340881348
SG,0.1948108673095703
UNKNOWN,0.1948108673095703
