atom_index,is_real_atom,atom_type_from_onehot,importance
0,1,CA,5.723095893859863
1,1,O,5.723095893859863
2,1,CB,5.792147636413574
3,1,CG,5.938144207000732
4,1,CD1,6.084140300750732
5,1,CD2,6.230135917663574
6,1,CE1,6.439609050750732
7,1,CE2,6.7371320724487305
8,1,CZ,7.034654140472412
9,1,OH,7.332177639007568
10,1,CB,7.754509925842285
11,1,CB,8.394102096557617
12,1,CA,9.033695220947266
13,1,CG2,9.673287391662598
14,1,CG2,9.986197471618652
15,1,O,9.574731826782227
16,1,CB,9.163264274597168
17,1,CG1,8.751797676086426
18,1,CA,8.248528480529785
19,1,C,7.479516506195068
20,1,O,6.710503101348877
21,1,O,5.941491603851318
22,1,CB,5.2925190925598145
23,1,CG,5.115707874298096
24,1,CD1,4.938896656036377
25,1,CD2,4.762085437774658
26,1,CE1,4.6194329261779785
27,1,CE2,4.672417163848877
28,1,CZ,4.725401401519775
29,1,CG1,4.778385162353516
30,1,CD1,4.85469388961792
31,1,CG,5.154242992401123
32,1,CD2,5.453793048858643
33,1,CA,5.753342151641846
34,1,CB,6.030994892120361
35,1,CD2,5.7904229164123535
