atom_type,importance_sum
C,10.80945873260498
CA,10.80945873260498
CB,11.053393363952637
CD,11.602365493774414
CD1,12.151334762573242
CD2,12.700309753417969
CE,12.86940860748291
CE1,12.279047012329102
CE2,11.688680648803711
CE3,11.098320007324219
CG,10.659961700439453
CG1,10.753623008728027
CG2,10.847285270690918
CH2,10.940947532653809
CZ,11.102169036865234
CZ2,11.803860664367676
CZ3,12.505552291870117
O,13.207242012023926
OH,13.908936500549316
OD1,13.866079330444336
OD2,13.823225021362305
OE1,13.780370712280273
OE2,13.737516403198242
OG,12.21761417388916
OG1,10.513076782226562
N,8.808575630187988
NE,7.104058742523193
NE1,6.132282733917236
NE2,5.369869232177734
ND1,4.607456684112549
ND2,3.845041513442993
NZ,4.1549272537231445
NH1,5.000958442687988
NH2,5.846999168395996
SD,6.69301176071167
SG,7.069045066833496
UNKNOWN,7.069045066833496
