atom_index,is_real_atom,atom_type_from_onehot,importance
0,1,NZ,8.408550262451172
1,1,CG1,8.408550262451172
2,1,CG2,8.378168106079102
3,1,CD1,8.31393051147461
4,1,CG,8.249692916870117
5,1,CD2,8.185455322265625
6,1,CG,7.927063941955566
7,1,OD1,7.3993611335754395
8,1,ND2,6.871659278869629
9,1,CB,6.343957424163818
10,1,CG1,6.197160243988037
11,1,CG2,6.713420391082764
12,1,CD1,7.229681015014648
13,1,CG,7.745941162109375
14,1,CD1,8.052604675292969
15,1,CD2,7.894513130187988
16,1,CD1,7.736420154571533
17,1,CE1,7.578329086303711
18,1,CZ,7.55837345123291
19,1,CB,7.9382853507995605
20,1,OG1,8.318199157714844
21,1,CG2,8.698111534118652
22,1,CB,8.958770751953125
23,1,CG1,8.750362396240234
24,1,CG2,8.541954040527344
25,1,CB,8.333545684814453
26,1,OG,8.104327201843262
27,1,CG1,7.755918979644775
28,1,CD1,7.407512187957764
29,1,CB,7.0591044425964355
30,1,CG,6.713505744934082
31,1,CD1,6.394802570343018
32,1,CD2,6.076098442077637
33,1,NE1,5.757395267486572
34,1,CE2,5.449416160583496
35,1,CE3,5.395239353179932
36,1,CZ2,5.341063499450684
37,1,CZ3,5.286887168884277
38,1,CH2,5.232710838317871
39,1,CG1,4.752059459686279
40,1,CD1,4.265567779541016
