atom_type,importance_sum
C,2.1168603897094727
CA,2.1168603897094727
CB,2.589711904525757
CD,3.6536002159118652
CD1,4.717533111572266
CD2,5.781398773193359
CE,6.415866374969482
CE1,6.191406726837158
CE2,5.966946125030518
CE3,5.742487907409668
CG,6.171225070953369
CG1,8.886086463928223
CG2,11.600950241088867
CH2,14.315812110900879
CZ,16.62858009338379
CZ2,15.724652290344238
CZ3,14.820727348327637
O,13.916796684265137
OH,13.012869834899902
OD1,12.022557258605957
OD2,11.032249450683594
OE1,10.041939735412598
OE2,9.051630020141602
OG,9.155647277832031
OG1,9.396459579467773
N,9.63726806640625
NE,9.878079414367676
NE1,9.714622497558594
NE2,9.43576717376709
ND1,9.156818389892578
ND2,8.877873420715332
NZ,8.982902526855469
NH1,9.279916763305664
NH2,9.576933860778809
SD,9.873858451843262
SG,10.005914688110352
UNKNOWN,10.005914688110352
