atom_type,importance
C,0.13261477649211884
CA,0.13261477649211884
CB,0.1399463564157486
CD,0.15644486248493195
CD1,0.17294344305992126
CD2,0.1894419938325882
CE,0.19889616966247559
CE1,0.1942615956068039
CE2,0.18962699174880981
CE3,0.1849924921989441
CG,0.1820668876171112
CG1,0.18511870503425598
CG2,0.1881704479455948
CH2,0.1912221610546112
CZ,0.19326874613761902
CZ2,0.18727368116378784
CZ3,0.18127866089344025
O,0.17528356611728668
OH,0.1692885160446167
OD1,0.16070780158042908
OD2,0.15212702751159668
OE1,0.14354631304740906
OE2,0.13496556878089905
OG,0.13972853124141693
OG1,0.14615949988365173
N,0.15259048342704773
NE,0.15902140736579895
NE1,0.15687522292137146
NE2,0.15227928757667542
ND1,0.14768333733081818
ND2,0.14308863878250122
NZ,0.14460816979408264
NH1,0.14918789267539978
NH2,0.15376625955104828
SD,0.15834476053714752
SG,0.16038043797016144
UNKNOWN,0.16038043797016144
