atom_index,is_real_atom,atom_type_from_onehot,importance
0,1,CZ3,9.873744010925293
1,1,CH2,9.873744010925293
2,1,CD1,9.718916893005371
3,1,CG2,9.39156436920166
4,1,CD1,9.064213752746582
