atom_type,importance_sum
C,5.539360523223877
CA,5.539360523223877
CB,5.860390663146973
CD,6.582733631134033
CD1,7.305077075958252
CD2,8.027420043945312
CE,8.422150611877441
CE1,8.161580085754395
CE2,7.901009559631348
CE3,7.640440464019775
CG,7.3891472816467285
CG1,7.170319080352783
CG2,6.95149040222168
CH2,6.732662677764893
CZ,6.5506744384765625
CZ2,6.663387775421143
CZ3,6.776100158691406
O,6.888814449310303
OH,7.001528739929199
OD1,6.463073253631592
OD2,5.924621105194092
OE1,5.386168479919434
OE2,4.847716808319092
OG,4.4277729988098145
OG1,4.022641658782959
N,3.6175076961517334
NE,3.212374448776245
NE1,3.102745532989502
NE2,3.0775556564331055
ND1,3.0523595809936523
ND2,3.027160406112671
NZ,3.965548038482666
NH1,5.385744571685791
NH2,6.80593204498291
SD,8.22610855102539
SG,8.8572998046875
UNKNOWN,8.8572998046875
