atom_type,importance_sum
C,9.944130897521973
CA,9.944130897521973
CB,9.573723793029785
CD,8.740337371826172
CD1,7.906937599182129
CD2,7.073540687561035
CE,6.571946144104004
CE1,6.733916759490967
CE2,6.895886421203613
CE3,7.057837009429932
CG,7.4306464195251465
CG1,8.54137897491455
CG2,9.652116775512695
CH2,10.76284122467041
CZ,12.002326965332031
CZ2,14.27192497253418
CZ3,16.541513442993164
O,18.81111717224121
OH,21.080707550048828
OD1,19.553701400756836
OD2,18.026700973510742
OE1,16.499692916870117
OE2,14.972689628601074
OG,14.114632606506348
OG1,13.340192794799805
N,12.565753936767578
NE,11.7913179397583
NE1,12.436053276062012
NE2,13.48623275756836
ND1,14.536444664001465
ND2,15.586666107177734
NZ,15.716814041137695
NH1,15.386937141418457
NH2,15.057053565979004
SD,14.727174758911133
SG,14.580556869506836
UNKNOWN,14.580556869506836
