atom_type,importance_sum
C,9.377592086791992
CA,9.377592086791992
CB,9.594783782958984
CD,10.083479881286621
CD1,10.57217788696289
CD2,11.060805320739746
CE,11.68195629119873
CE1,12.568072319030762
CE2,13.454126358032227
CE3,14.340250968933105
CG,15.406495094299316
CG1,17.103511810302734
CG2,18.800451278686523
CH2,20.497390747070312
CZ,22.055221557617188
CZ2,22.500131607055664
CZ3,22.945051193237305
O,23.38996696472168
OH,23.834877014160156
OD1,22.186565399169922
OD2,20.538240432739258
OE1,18.889915466308594
OE2,17.241600036621094
OG,16.90947151184082
OG1,16.74186897277832
N,16.574264526367188
NE,16.40665626525879
NE1,15.542795181274414
NE2,14.479965209960938
ND1,13.417210578918457
ND2,12.354455947875977
NZ,12.701854705810547
NH1,13.754328727722168
NH2,14.806801795959473
SD,15.859277725219727
SG,16.327075958251953
UNKNOWN,16.327075958251953
