atom_index,is_real_atom,atom_type_from_onehot,importance
0,1,CB,8.598684310913086
1,1,CG,8.598684310913086
2,1,CD1,8.588951110839844
3,1,CE1,8.568366050720215
4,1,CZ,8.547785758972168
5,1,OH,8.527202606201172
6,1,CG,8.64095401763916
7,1,CD1,8.941033363342285
8,1,CD2,9.241113662719727
9,1,O,9.541196823120117
10,1,CB,9.741637229919434
11,1,CG,9.768624305725098
12,1,CD1,9.795615196228027
13,1,CD2,9.822607040405273
14,1,CB,9.768478393554688
15,1,OG1,9.534486770629883
16,1,CG2,9.300491333007812
17,1,CA,9.066499710083008
18,1,C,8.880008697509766
19,1,O,8.831029891967773
20,1,CB,8.782047271728516
21,1,CG1,8.733067512512207
22,1,CG2,8.679726600646973
23,1,CA,8.60923957824707
24,1,C,8.538751602172852
25,1,O,8.46826457977295
26,1,CB,8.345706939697266
27,1,CG,7.92494010925293
28,1,CD1,7.504171848297119
29,1,N,7.083404064178467
30,1,CA,6.668615818023682
31,1,CB,6.311059951782227
32,1,CG1,5.953503608703613
33,1,CD1,5.595947742462158
34,1,CA,5.259530067443848
35,1,CB,5.423399448394775
36,1,CG,5.5872673988342285
37,1,CD1,5.751136302947998
38,1,CD2,5.9150071144104
39,1,CE1,5.5301127433776855
40,1,CE2,5.1377034187316895
41,1,CZ,4.745293140411377
42,1,OE1,4.352882385253906
