atom_type,importance_sum
C,8.774399757385254
CA,8.774399757385254
CB,9.040809631347656
CD,9.640250205993652
CD1,10.2396879196167
CD2,10.839137077331543
CE,11.213406562805176
CE1,11.137393951416016
CE2,11.061295509338379
CE3,10.985203742980957
CG,11.145386695861816
CG1,12.132378578186035
CG2,13.11937427520752
CH2,14.106368064880371
CZ,15.0443754196167
CZ2,15.590521812438965
CZ3,16.13666343688965
O,16.68277931213379
OH,17.22889518737793
OD1,17.217634201049805
OD2,17.20637321472168
OE1,17.195112228393555
OE2,17.183855056762695
OG,16.38724708557129
OG1,15.492432594299316
N,14.597607612609863
NE,13.702784538269043
NE1,12.619958877563477
NE2,11.483345985412598
ND1,10.346821784973145
ND2,9.210212707519531
NZ,8.591683387756348
NH1,8.232154846191406
NH2,7.872613430023193
SD,7.513119697570801
SG,7.35333776473999
UNKNOWN,7.35333776473999
