atom_type,importance_sum
C,10.70676326751709
CA,10.70676326751709
CB,11.156121253967285
CD,12.167070388793945
CD1,13.178105354309082
CD2,14.189140319824219
CE,14.597434997558594
CE1,13.800406455993652
CE2,13.003291130065918
CE3,12.206267356872559
CG,11.55837345123291
CG1,11.432621955871582
CG2,11.306866645812988
CH2,11.181113243103027
CZ,11.224993705749512
CZ2,12.625926971435547
CZ3,14.026860237121582
O,15.427794456481934
OH,16.828725814819336
OD1,16.604217529296875
OD2,16.37970733642578
OE1,16.15519905090332
OE2,15.93068790435791
OG,15.868647575378418
OG1,15.82691764831543
N,15.785188674926758
NE,15.743456840515137
NE1,15.635490417480469
NE2,15.508728981018066
ND1,15.381879806518555
ND2,15.25502872467041
NZ,14.871777534484863
NH1,14.360292434692383
NH2,13.848803520202637
SD,13.337396621704102
SG,13.110088348388672
UNKNOWN,13.110088348388672
