atom_type,importance
C,0.08714546263217926
CA,0.08714546263217926
CB,0.09110600501298904
CD,0.10001779347658157
CD1,0.10892956703901291
CD2,0.11784108728170395
CE,0.12235885858535767
CE1,0.11808659881353378
CE2,0.11381502449512482
CE3,0.10954297333955765
CG,0.10725758969783783
CG1,0.11192575097084045
CG2,0.11659389734268188
CH2,0.12126179784536362
CZ,0.1276482194662094
CZ2,0.1477828025817871
CZ3,0.16791734099388123
O,0.18805190920829773
OH,0.20818649232387543
OD1,0.20793941617012024
OD2,0.20769228041172028
OE1,0.20744523406028748
OE2,0.2071981579065323
OG,0.2055070549249649
OG1,0.2036353349685669
N,0.20176362991333008
NE,0.19989196956157684
NE1,0.2092967927455902
NE2,0.2219240814447403
ND1,0.23455137014389038
ND2,0.24717867374420166
NZ,0.2462642341852188
NH1,0.23857857286930084
NH2,0.23089265823364258
SD,0.2232070118188858
SG,0.21979133784770966
UNKNOWN,0.21979133784770966
