atom_index,is_real_atom,atom_type_from_onehot,importance
0,1,OH,7.470574855804443
1,1,O,7.470574855804443
2,1,C,7.522346496582031
3,1,O,7.631805896759033
4,1,N,7.741264820098877
5,1,CA,7.850723743438721
6,1,C,7.942567825317383
7,1,O,8.009976387023926
8,1,CB,8.077384948730469
9,1,CG,8.144794464111328
10,1,CD1,8.248528480529785
11,1,N,8.415497779846191
12,1,CA,8.582465171813965
13,1,C,8.749433517456055
14,1,O,8.939580917358398
15,1,N,9.18111801147461
16,1,CA,9.422656059265137
17,1,CD2,9.664194107055664
18,1,CE3,9.812276840209961
19,1,CZ3,9.689828872680664
20,1,CA,9.567381858825684
21,1,CB,9.444933891296387
22,1,CG,9.224370956420898
23,1,CD,8.617902755737305
24,1,OE1,8.011432647705078
