atom_type,importance_sum
C,5.907284259796143
CA,5.907284259796143
CB,6.180365562438965
CD,6.794680595397949
CD1,7.409049987792969
CD2,8.023420333862305
CE,8.68555736541748
CE1,9.443181037902832
CE2,10.200806617736816
CE3,10.958325386047363
CG,11.231575012207031
CG1,9.809188842773438
CG2,8.386802673339844
CH2,6.964364528656006
CZ,5.722151279449463
CZ2,5.92131233215332
CZ3,6.1204729080200195
O,6.319633960723877
OH,6.518794059753418
OD1,6.323186874389648
OD2,6.1275811195373535
OE1,5.9319748878479
OE2,5.736368179321289
OG,6.093094348907471
OG1,6.518863677978516
N,6.944630146026611
NE,7.370398044586182
NE1,7.195839881896973
NE2,6.849792003631592
ND1,6.5036940574646
ND2,6.157645225524902
NZ,6.28083610534668
NH1,6.638648986816406
NH2,6.996460437774658
SD,7.354271411895752
SG,7.513311386108398
UNKNOWN,7.513311386108398
