atom_type,importance
C,0.06897438317537308
CA,0.06897438317537308
CB,0.07534065842628479
CD,0.08966387063264847
CD1,0.1039876937866211
CD2,0.11831110715866089
CE,0.1320381909608841
CE1,0.14457359910011292
CE2,0.15710781514644623
CE3,0.16964201629161835
CG,0.18018774688243866
CG1,0.18377509713172913
CG2,0.1873624324798584
CH2,0.19094976782798767
CZ,0.19362594187259674
CZ2,0.18901297450065613
CZ3,0.1844000220298767
O,0.1797870695590973
OH,0.17517410218715668
OD1,0.183322012424469
OD2,0.1914699226617813
OE1,0.19961778819561005
OE2,0.20776569843292236
OG,0.20523054897785187
OG1,0.20136013627052307
N,0.1974896937608719
NE,0.19361920654773712
NE1,0.18692772090435028
NE2,0.17943069338798523
ND1,0.17193372547626495
ND2,0.1644367277622223
NZ,0.1611330211162567
NH1,0.15992705523967743
NH2,0.15871985256671906
SD,0.15751393139362335
SG,0.15697787702083588
UNKNOWN,0.15697787702083588
