atom_type,importance
C,0.10965511202812195
CA,0.10965511202812195
CB,0.11199460178613663
CD,0.11725816130638123
CD1,0.1225217655301094
CD2,0.12778551876544952
CE,0.13138394057750702
CE1,0.13164949417114258
CE2,0.13191506266593933
CE3,0.1321805715560913
CG,0.13344833254814148
CG1,0.13822031021118164
CG2,0.1429923176765442
CH2,0.14776426553726196
CZ,0.15385441482067108
CZ2,0.1704900860786438
CZ3,0.18712560832500458
O,0.2037612348794937
OH,0.22039686143398285
OD1,0.21283455193042755
OD2,0.20527228713035583
OE1,0.19770993292331696
OE2,0.19014762341976166
OG,0.1890648454427719
OG1,0.18879203498363495
N,0.1885192096233368
NE,0.18824638426303864
NE1,0.1872844099998474
NE2,0.18612678349018097
ND1,0.18496909737586975
ND2,0.1838102638721466
NZ,0.1868675947189331
NH1,0.19203361868858337
NH2,0.19719965755939484
SD,0.20236453413963318
SG,0.20466065406799316
UNKNOWN,0.20466065406799316
