atom_type,importance
C,0.16034795343875885
CA,0.16034795343875885
CB,0.17111444473266602
CD,0.19533921778202057
CD1,0.21956324577331543
CD2,0.24378876388072968
CE,0.2565819323062897
CE1,0.24651628732681274
CE2,0.2364491969347
CE3,0.22638359665870667
CG,0.2187209278345108
CG1,0.21947336196899414
CG2,0.22022582590579987
CH2,0.22097842395305634
CZ,0.2209131419658661
CZ2,0.21430587768554688
CZ3,0.2076980620622635
O,0.20109008252620697
OH,0.19448214769363403
OD1,0.2140876203775406
OD2,0.23369239270687103
OE1,0.25329795479774475
OE2,0.2729035019874573
OG,0.27883046865463257
OG1,0.283047616481781
N,0.28726470470428467
NE,0.2914818525314331
NE1,0.28310656547546387
NE2,0.27113077044487
ND1,0.259156733751297
ND2,0.2471827119588852
NZ,0.22999908030033112
NH1,0.2102115899324417
NH2,0.19042395055294037
SD,0.17063647508621216
SG,0.16184209287166595
UNKNOWN,0.16184209287166595
