atom_index,is_real_atom,atom_type_from_onehot,importance
0,1,NE,10.034379005432129
1,1,NH2,10.034379005432129
2,1,CA,10.395980834960938
3,1,O,11.160513877868652
4,1,CB,11.925046920776367
5,1,CG1,12.689579963684082
6,1,CG2,13.149092674255371
7,1,CB,13.18551254272461
8,1,CG,13.221931457519531
9,1,CD2,13.25835132598877
10,1,N,13.24895191192627
11,1,CA,13.159793853759766
12,1,CB,13.070636749267578
13,1,CD1,12.981477737426758
14,1,CA,12.927074432373047
15,1,O,12.949736595153809
16,1,CB,12.972396850585938
17,1,CB,12.9950590133667
18,1,SG,12.890875816345215
19,1,O,12.419525146484375
20,1,CB,11.94817066192627
21,1,CG1,11.476818084716797
22,1,CA,10.992359161376953
23,1,C,10.456343650817871
24,1,O,9.920330047607422
25,1,CB,9.384315490722656
26,1,CG,8.927684783935547
27,1,CD1,8.925711631774902
28,1,CD2,8.923736572265625
29,1,NE1,8.921761512756348
30,1,CE2,8.914074897766113
31,1,CE3,8.851705551147461
32,1,CZ2,8.789337158203125
33,1,CZ3,8.726967811584473
34,1,CH2,8.668208122253418
35,1,N,8.694855690002441
36,1,CA,8.721506118774414
37,1,CB,8.74815559387207
38,1,CB,8.77480697631836
39,1,CG,8.300240516662598
40,1,CD1,7.818812370300293
41,1,CD2,7.337381362915039
