atom_type,importance_sum
C,13.249795913696289
CA,13.249795913696289
CB,14.156694412231445
CD,16.19713592529297
CD1,18.237640380859375
CD2,20.2780704498291
CE,21.232532501220703
CE1,20.014875411987305
CE2,18.797224044799805
CE3,17.579570770263672
CG,16.452857971191406
CG1,15.644180297851562
CG2,14.835502624511719
CH2,14.026827812194824
CZ,13.393211364746094
CZ2,14.160079002380371
CZ3,14.926950454711914
O,15.69382381439209
OH,16.460693359375
OD1,15.712013244628906
OD2,14.963333129882812
OE1,14.214653968811035
OE2,13.465973854064941
OG,13.468663215637207
OG1,13.565274238586426
N,13.661886215209961
NE,13.75849723815918
NE1,13.676880836486816
NE2,13.544381141662598
ND1,13.411886215209961
ND2,13.279297828674316
NZ,13.489755630493164
NH1,13.87160587310791
NH2,14.2535400390625
SD,14.635390281677246
SG,14.805167198181152
UNKNOWN,14.805167198181152
