atom_type,importance
C,0.07647065818309784
CA,0.07647065818309784
CB,0.08420747518539429
CD,0.10161636769771576
CD1,0.11902456730604172
CD2,0.13643279671669006
CE,0.14928948879241943
CE1,0.15304456651210785
CE2,0.15679822862148285
CE3,0.16055189073085785
CG,0.1603693813085556
CG1,0.14640875160694122
CG2,0.13244807720184326
CH2,0.11848744750022888
CZ,0.10655170679092407
CZ2,0.11080774664878845
CZ3,0.11506451666355133
O,0.11932128667831421
OH,0.12357804924249649
OD1,0.12336324155330658
OD2,0.12314846366643906
OE1,0.12293367087841034
OE2,0.12271886318922043
OG,0.12288312613964081
OG1,0.12309478968381882
N,0.12330642342567444
NE,0.12351805716753006
NE1,0.11613743752241135
NE2,0.10658793896436691
ND1,0.09703843295574188
ND2,0.08748824894428253
NZ,0.08739429712295532
NH1,0.0920281857252121
NH2,0.0966620147228241
SD,0.1012958511710167
SG,0.1033555269241333
UNKNOWN,0.1033555269241333
