atom_type,importance
C,0.22059786319732666
CA,0.22059786319732666
CB,0.232289120554924
CD,0.2585928738117218
CD1,0.2848966121673584
CD2,0.31120023131370544
CE,0.3220405876636505
CE1,0.3019520938396454
CE2,0.281863808631897
CE3,0.2617754638195038
CG,0.2425958514213562
CG1,0.22659341990947723
CG2,0.21059024333953857
CH2,0.1945878267288208
CZ,0.18172788619995117
CZ2,0.19400738179683685
CZ3,0.20628683269023895
O,0.21856682002544403
OH,0.23084662854671478
OD1,0.241989865899086
OD2,0.2531331777572632
OE1,0.2642764449119568
OE2,0.2754196524620056
OG,0.2743879556655884
OG1,0.27183428406715393
N,0.2692806124687195
NE,0.2667270004749298
NE1,0.2618201673030853
NE2,0.25624245405197144
ND1,0.250664621591568
ND2,0.2450883984565735
NZ,0.24217475950717926
NH1,0.2405945360660553
NH2,0.23901456594467163
SD,0.2374355047941208
SG,0.23673295974731445
UNKNOWN,0.23673295974731445
