atom_type,importance_sum
C,10.696709632873535
CA,10.696709632873535
CB,10.756203651428223
CD,10.890070915222168
CD1,11.023935317993164
CD2,11.157882690429688
CE,11.427528381347656
CE1,11.96873664855957
CE2,12.5099458694458
CE3,13.051237106323242
CG,13.36143970489502
CG1,12.863369941711426
CG2,12.365301132202148
CH2,11.867229461669922
CZ,11.52118968963623
CZ2,12.391376495361328
CZ3,13.261567115783691
O,14.131756782531738
OH,15.001943588256836
OD1,14.502150535583496
OD2,14.002359390258789
OE1,13.502564430236816
OE2,13.002772331237793
OG,12.871999740600586
OG1,12.787357330322266
N,12.702715873718262
NE,12.618077278137207
NE1,12.696903228759766
NE2,12.822481155395508
ND1,12.947978019714355
ND2,13.073562622070312
NZ,12.787353515625
NH1,12.295419692993164
NH2,11.803401947021484
SD,11.311468124389648
SG,11.092782020568848
UNKNOWN,11.092782020568848
