atom_type,importance_sum
C,6.267011642456055
CA,6.267011642456055
CB,6.780900478363037
CD,7.93709135055542
CD1,9.093324661254883
CD2,10.249515533447266
CE,11.503995895385742
CE1,12.954800605773926
CE2,14.405694007873535
CE3,15.856587409973145
CG,17.180620193481445
CG1,18.060306549072266
CG2,18.939977645874023
CH2,19.819656372070312
CZ,20.485492706298828
CZ2,19.440563201904297
CZ3,18.3956356048584
O,17.350711822509766
OH,16.30571937561035
OD1,14.050378799438477
OD2,11.795051574707031
OE1,9.539727210998535
OE2,7.284400463104248
OG,8.041827201843262
OG1,9.17585277557373
N,10.3098783493042
NE,11.443899154663086
NE1,12.37486743927002
NE2,13.24775218963623
ND1,14.1207275390625
ND2,14.993616104125977
NZ,15.381698608398438
NH1,15.52738094329834
NH2,15.673064231872559
SD,15.818656921386719
SG,15.883367538452148
UNKNOWN,15.883367538452148
