atom_index,is_real_atom,atom_type_from_onehot,importance
0,1,CA,9.302742004394531
1,1,C,9.302742004394531
2,1,O,9.609073638916016
3,1,CB,10.256746292114258
4,1,CG2,10.9044189453125
5,1,CB,11.552092552185059
6,1,CG2,11.95203971862793
7,1,N,12.008377075195312
8,1,CB,12.064712524414062
9,1,CG,12.121047019958496
10,1,CD,12.084080696105957
11,1,C,11.884703636169434
12,1,O,11.685327529907227
13,1,CB,11.485949516296387
14,1,CG,11.173711776733398
15,1,CD,10.611209869384766
16,1,CA,10.04870891571045
17,1,C,9.48620891571045
18,1,O,8.961264610290527
19,1,CB,8.545031547546387
20,1,CG,8.128799438476562
21,1,CD1,7.71256685256958
22,1,CD2,7.430365562438965
23,1,NE1,7.675356864929199
24,1,CE2,7.920350074768066
25,1,CE3,8.1653413772583
26,1,CZ2,8.320487976074219
27,1,CZ3,7.961063385009766
28,1,CH2,7.6016387939453125
29,1,N,7.242215156555176
30,1,CA,6.969924449920654
31,1,CG,7.531619548797607
32,1,CD1,8.093315124511719
33,1,CD2,8.655008316040039
34,1,CE1,9.193537712097168
35,1,CE2,9.183784484863281
36,1,CZ,9.174032211303711
37,1,C,9.164280891418457
38,1,O,9.154526710510254
39,1,CG1,9.044455528259277
40,1,CD1,8.933006286621094
41,1,N,8.821560859680176
42,1,CA,8.710112571716309
43,1,CE2,8.158886909484863
