atom_type,importance_sum
C,3.693807363510132
CA,3.693807363510132
CB,3.9550061225891113
CD,4.542691230773926
CD1,5.130399227142334
CD2,5.718108177185059
CE,6.312964916229248
CE1,6.9222588539123535
CE2,7.531550407409668
CE3,8.140843391418457
CG,8.833558082580566
CG1,9.818342208862305
CG2,10.803125381469727
CH2,11.787909507751465
CZ,12.636554718017578
CZ2,12.396084785461426
CZ3,12.155611991882324
O,11.915142059326172
OH,11.674665451049805
OD1,10.867268562316895
OD2,10.05986213684082
OE1,9.252461433410645
OE2,8.44505786895752
OG,7.834085464477539
OG1,7.2476677894592285
N,6.661250591278076
NE,6.074832439422607
NE1,6.4132537841796875
NE2,7.015983581542969
ND1,7.6186628341674805
ND2,8.221345901489258
NZ,8.896010398864746
NH1,9.606669425964355
NH2,10.317331314086914
SD,11.028083801269531
SG,11.34393310546875
UNKNOWN,11.34393310546875
