atom_index,is_real_atom,atom_type_from_onehot,importance
0,1,C,7.739970684051514
1,1,O,7.739970684051514
2,1,CB,7.542398452758789
3,1,CD1,7.124673843383789
4,1,N,6.706949710845947
5,1,CA,6.2892255783081055
6,1,C,5.999873161315918
7,1,O,5.888584613800049
8,1,CB,5.777295112609863
9,1,CG1,5.666007995605469
10,1,CG2,5.617292404174805
11,1,CD1,5.677501201629639
12,1,CA,5.7377095222473145
13,1,C,5.797918319702148
14,1,O,5.691262722015381
15,1,N,5.214606285095215
16,1,CA,4.737947940826416
17,1,O,4.26129150390625
18,1,CD2,4.031639099121094
19,1,CE2,4.517002105712891
20,1,CB,5.002364635467529
21,1,CG,5.487727165222168
22,1,CD1,5.861799240112305
23,1,CD2,5.798129558563232
24,1,CE1,5.734460830688477
25,1,CE2,5.670791149139404
26,1,CZ,5.656026840209961
27,1,CD1,5.921356678009033
28,1,NE1,6.186686992645264
29,1,CE2,6.452015399932861
30,1,CZ2,6.725038051605225
31,1,CH2,7.071684837341309
32,1,CA,7.418333530426025
33,1,C,7.764980316162109
34,1,O,8.096850395202637
35,1,CB,8.078996658325195
36,1,CG,8.061141014099121
37,1,SD,8.043286323547363
38,1,CB,8.025432586669922
39,1,OG,7.265187740325928
40,1,N,6.494776248931885
41,1,CG2,5.724362373352051
42,1,CG2,4.953948020935059
