atom_index,is_real_atom,atom_type_from_onehot,importance
0,1,CA,8.724762916564941
1,1,O,8.724762916564941
2,1,CB,8.837774276733398
3,1,CG,9.076711654663086
4,1,CD1,9.315646171569824
5,1,CD2,9.554583549499512
6,1,NE1,9.707531929016113
7,1,CE2,9.741211891174316
8,1,CZ2,9.774889945983887
9,1,CG,9.808568954467773
10,1,CD1,9.861174583435059
11,1,CD2,9.946722030639648
12,1,NE1,10.032267570495605
13,1,CE2,10.117813110351562
14,1,CG1,10.050542831420898
15,1,CD1,9.644415855407715
16,1,CG,9.238286972045898
17,1,CD1,8.832158088684082
18,1,CD1,8.384222984313965
