atom_type,importance
C,0.09194585680961609
CA,0.09194585680961609
CB,0.09528614580631256
CD,0.10280125588178635
CD1,0.11031642556190491
CD2,0.11783143132925034
CE,0.12289104610681534
CE1,0.12303852289915085
CE2,0.12318598479032516
CE3,0.12333348393440247
CG,0.12641380727291107
CG1,0.13975757360458374
CG2,0.15310138463974
CH2,0.1664450764656067
CZ,0.17945407330989838
CZ2,0.18978478014469147
CZ3,0.20011542737483978
O,0.2104460895061493
OH,0.2207767218351364
OD1,0.22098754346370697
OD2,0.2211984246969223
OE1,0.22140935063362122
OE2,0.22162020206451416
OG,0.21352297067642212
OG1,0.2043870985507965
N,0.19525130093097687
NE,0.18611548840999603
NE1,0.19992710649967194
NE2,0.2202959656715393
ND1,0.24066413938999176
ND2,0.26103150844573975
NZ,0.26234546303749084
NH1,0.25412845611572266
NH2,0.24591346085071564
SD,0.23769789934158325
SG,0.2340461015701294
UNKNOWN,0.2340461015701294
