atom_index,is_real_atom,atom_type_from_onehot,importance
0,1,CE3,6.165555000305176
1,1,CZ2,6.165555000305176
2,1,CZ3,6.230063438415527
3,1,CH2,6.366452693939209
4,1,CG2,6.502842426300049
5,1,CB,6.639232158660889
6,1,CD2,6.70399808883667
7,1,CE2,6.6694183349609375
8,1,CZ,6.634838104248047
9,1,OH,6.600257396697998
10,1,CA,6.5707550048828125
11,1,C,6.550090312957764
12,1,O,6.5294270515441895
13,1,CB,6.508762836456299
14,1,CG,6.432989120483398
15,1,C,6.235015869140625
16,1,O,6.037040710449219
17,1,CB,5.839066982269287
18,1,CG,5.686223030090332
19,1,CD1,5.66402006149292
20,1,CD2,5.641815662384033
21,1,NE1,5.619610786437988
22,1,CE2,5.590679168701172
23,1,CE3,5.535285472869873
24,1,CZ2,5.479889869689941
25,1,CZ3,5.424494743347168
26,1,CH2,5.455883026123047
27,1,CD1,5.98429536819458
28,1,CE1,6.512709140777588
29,1,CE2,7.041121482849121
30,1,CZ,7.533240795135498
31,1,CD1,7.677974700927734
32,1,CD2,7.822709560394287
33,1,CE1,7.967444896697998
34,1,CE2,8.104541778564453
35,1,CZ,8.060894966125488
36,1,O,8.017248153686523
37,1,CA,7.9736008644104
38,1,C,7.929953098297119
39,1,O,7.736203670501709
40,1,CB,7.540397644042969
41,1,CG1,7.3445916175842285
42,1,N,7.14878511428833
43,1,CA,6.732310771942139
44,1,C,6.299848556518555
45,1,O,5.8673834800720215
46,1,N,5.434919834136963
47,1,CA,5.619673252105713
48,1,CB,5.889885425567627
49,1,CG,6.160099506378174
50,1,CD1,6.4303131103515625
51,1,CD2,6.446784019470215
52,1,CE1,6.409178733825684
53,1,CE2,6.371572017669678
54,1,CZ,6.33396577835083
