atom_type,importance_sum
C,3.2488067150115967
CA,3.2488067150115967
CB,3.675985097885132
CD,4.637156963348389
CD1,5.598311901092529
CD2,6.559501647949219
CE,7.303732395172119
CE1,7.614180564880371
CE2,7.924596786499023
CE3,8.23504638671875
CG,8.771774291992188
CG1,10.100589752197266
CG2,11.429418563842773
CH2,12.758247375488281
CZ,14.155261039733887
CZ2,16.097745895385742
CZ3,18.04023551940918
O,19.98272132873535
OH,21.925203323364258
OD1,20.302656173706055
OD2,18.68010711669922
OE1,17.057559967041016
OE2,15.435011863708496
OG,15.327625274658203
OG1,15.40963077545166
N,15.491642951965332
NE,15.57364559173584
NE1,15.40918254852295
NE2,15.174302101135254
ND1,14.93942642211914
ND2,14.704474449157715
NZ,14.173551559448242
NH1,13.494538307189941
NH2,12.815524101257324
SD,12.136509895324707
SG,11.834725379943848
UNKNOWN,11.834725379943848
