atom_index,is_real_atom,atom_type_from_onehot,importance
0,1,OH,7.127047061920166
1,1,CB,7.127047061920166
2,1,CG,7.20293664932251
3,1,CD1,7.363387584686279
4,1,CD2,7.523839950561523
5,1,NE1,7.684292793273926
6,1,CE2,7.850341320037842
7,1,CE3,8.024154663085938
8,1,CZ2,8.197966575622559
9,1,CZ3,8.371779441833496
10,1,CH2,8.520508766174316
11,1,C,8.625572204589844
12,1,CG2,8.730636596679688
13,1,CD1,8.835700988769531
14,1,N,8.824673652648926
15,1,CA,8.556232452392578
16,1,CB,8.287789344787598
17,1,CG,8.019347190856934
18,1,CD1,7.703967094421387
19,1,CD2,7.252718925476074
20,1,CA,6.801467418670654
21,1,CB,6.350219249725342
