atom_index,is_real_atom,atom_type_from_onehot,importance
0,1,CZ2,6.071915149688721
1,1,CZ3,6.071915149688721
2,1,CH2,6.057061672210693
3,1,CA,6.025656700134277
4,1,C,5.9942522048950195
5,1,O,5.962846755981445
6,1,CB,5.921287536621094
7,1,CG1,5.865644931793213
8,1,CG2,5.810001850128174
9,1,CB,5.754358291625977
10,1,CD1,5.7785964012146
11,1,CE1,5.941890716552734
12,1,CB,6.105182647705078
13,1,CG1,6.268475532531738
14,1,CG2,6.417505264282227
15,1,CD1,6.534908294677734
16,1,CG2,6.6523118019104
17,1,CB,6.769715309143066
18,1,CG1,6.884268283843994
19,1,N,6.99057149887085
20,1,CA,7.0968756675720215
21,1,CB,7.203179359436035
22,1,CG2,7.2661848068237305
23,1,CB,7.158889293670654
24,1,CG1,7.051591873168945
25,1,CA,6.944295406341553
26,1,CB,6.8583221435546875
27,1,OG,6.894478797912598
28,1,CD1,6.930634498596191
29,1,CA,6.966790199279785
30,1,C,6.989163398742676
31,1,O,6.8796067237854
32,1,CB,6.770051002502441
33,1,O,6.66049337387085
34,1,CB,6.543888092041016
35,1,CG,6.260453224182129
36,1,CD,5.977019786834717
37,1,C,5.693584442138672
38,1,O,5.4101481437683105
39,1,N,5.3660430908203125
40,1,CA,5.325215816497803
41,1,C,5.284387111663818
42,1,O,5.24355936050415
43,1,CB,4.914697170257568
44,1,CD,4.564966201782227
45,1,OE1,4.215233325958252
