atom_type,importance_sum
C,5.950023174285889
CA,5.950023174285889
CB,7.1206159591674805
CD,9.754534721374512
CD1,12.388364791870117
CD2,15.022197723388672
CE,16.043193817138672
CE1,13.838493347167969
CE2,11.633720397949219
CE3,9.428939819335938
CG,7.857342720031738
CG1,8.501949310302734
CG2,9.14655876159668
CH2,9.791171073913574
CZ,10.39059066772461
CZ2,10.628520965576172
CZ3,10.866445541381836
O,11.104373931884766
OH,11.342300415039062
OD1,10.998652458190918
OD2,10.65500545501709
OE1,10.311355590820312
OE2,9.967705726623535
OG,9.847265243530273
OG1,9.754724502563477
N,9.662181854248047
NE,9.569643020629883
NE1,8.563443183898926
NE2,7.2961106300354
ND1,6.028781890869141
ND2,4.761450290679932
NZ,4.083961486816406
NH1,3.7013750076293945
NH2,3.318769931793213
SD,2.9361655712127686
SG,2.766132116317749
UNKNOWN,2.766132116317749
