atom_type,importance
C,0.19525021314620972
CA,0.19525021314620972
CB,0.20392152667045593
CD,0.2234334498643875
CD1,0.24294543266296387
CD2,0.26245594024658203
CE,0.2713831961154938
CE1,0.25914275646209717
CE2,0.2469022125005722
CE3,0.23466171324253082
CG,0.2273823767900467
CG1,0.23746874928474426
CG2,0.2475551813840866
CH2,0.25764158368110657
CZ,0.2661394774913788
CZ2,0.2619296610355377
CZ3,0.25771987438201904
O,0.2535099685192108
OH,0.24930013716220856
OD1,0.2592439651489258
OD2,0.2691878378391266
OE1,0.2791316509246826
OE2,0.2890755236148834
OG,0.29120343923568726
OG1,0.2923543453216553
N,0.29350531101226807
NE,0.2946561872959137
NE1,0.28877949714660645
NE2,0.28089338541030884
ND1,0.27300742268562317
ND2,0.265122652053833
NZ,0.25458529591560364
NH1,0.24272219836711884
NH2,0.2308603674173355
SD,0.2189972996711731
SG,0.21372568607330322
UNKNOWN,0.21372568607330322
