atom_index,is_real_atom,atom_type_from_onehot,importance
0,1,OD1,6.751098155975342
1,1,ND2,6.751098155975342
2,1,CG1,7.034740924835205
3,1,CD1,7.634442329406738
4,1,CG,8.23414134979248
5,1,CD1,8.833842277526855
6,1,CD2,9.220376968383789
7,1,CG,9.311230659484863
8,1,CD1,9.402085304260254
9,1,CG1,9.492938995361328
10,1,CD1,9.463508605957031
11,1,CD1,9.224696159362793
12,1,N,8.985882759094238
13,1,CA,8.7470703125
14,1,C,8.557453155517578
15,1,O,8.476921081542969
16,1,CB,8.396389961242676
17,1,CG,8.315858840942383
18,1,CD,8.164497375488281
19,1,CE,7.808099269866943
20,1,NZ,7.451700687408447
21,1,CA,7.095303535461426
22,1,C,6.795361042022705
23,1,O,6.717478275299072
24,1,CB,6.639595031738281
25,1,SG,6.561712265014648
26,1,N,6.465959072113037
27,1,CA,6.267862796783447
28,1,CB,6.069765567779541
29,1,CD1,5.871669292449951
30,1,CB,5.684966087341309
31,1,CG,5.6073126792907715
32,1,CD1,5.529658794403076
33,1,CD2,5.452004909515381
34,1,NE1,5.371481895446777
35,1,CE2,5.223060607910156
36,1,CE3,5.074640274047852
37,1,CZ2,4.926218509674072
38,1,CZ3,4.777796268463135
39,1,CH2,4.34452486038208
