atom_type,importance_sum
C,2.2717151641845703
CA,2.2717151641845703
CB,2.875685930252075
CD,4.234637260437012
CD1,5.593597888946533
CD2,6.9525628089904785
CE,8.156557083129883
CE1,9.050557136535645
CE2,9.944642066955566
CE3,10.838639259338379
CG,11.545905113220215
CG1,11.59964656829834
CG2,11.653385162353516
CH2,11.707125663757324
CZ,11.738099098205566
CZ2,11.586894035339355
CZ3,11.435684204101562
O,11.284480094909668
OH,11.13327407836914
OD1,9.864977836608887
OD2,8.596686363220215
OE1,7.328392028808594
OE2,6.060099124908447
OG,5.8309006690979
OG1,5.7315897941589355
N,5.632279872894287
NE,5.53297233581543
NE1,6.227725505828857
NE2,7.14931058883667
ND1,8.070904731750488
ND2,8.992523193359375
NZ,9.942439079284668
NH1,10.906441688537598
NH2,11.870528221130371
SD,12.834525108337402
SG,13.262964248657227
UNKNOWN,13.262964248657227
