atom_type,importance
C,0.05610095337033272
CA,0.05610095337033272
CB,0.059648025780916214
CD,0.06762807816267014
CD1,0.07560865581035614
CD2,0.08358921855688095
CE,0.09092968702316284
CE1,0.0969899594783783
CE2,0.10305022448301315
CE3,0.10911090672016144
CG,0.11627283692359924
CG1,0.12729206681251526
CG2,0.13831134140491486
CH2,0.14933061599731445
CZ,0.1584009975194931
CZ2,0.15188030898571014
CZ3,0.1453595757484436
O,0.13883887231349945
OH,0.13231821358203888
OD1,0.12426316738128662
OD2,0.11620818078517914
OE1,0.10815363377332687
OE2,0.10009883344173431
OG,0.08829490095376968
OG1,0.07602230459451675
N,0.0637497529387474
NE,0.051476869732141495
NE1,0.05085521191358566
NE2,0.05356249958276749
ND1,0.05626960098743439
ND2,0.058977000415325165
NZ,0.06432922929525375
NH1,0.07100415229797363
NH2,0.07767917215824127
SD,0.08435411751270294
SG,0.08732081204652786
UNKNOWN,0.08732081204652786
