atom_type,importance_sum
C,4.351782321929932
CA,4.351782321929932
CB,4.331692218780518
CD,4.28648567199707
CD1,4.241279602050781
CD2,4.196074962615967
CE,4.419535160064697
CE1,5.180317401885986
CE2,5.941086769104004
CE3,6.7018723487854
CG,7.52777099609375
CG1,8.58159351348877
CG2,9.635416030883789
CH2,10.68923568725586
CZ,11.848946571350098
CZ2,13.855774879455566
CZ3,15.862602233886719
O,17.869434356689453
OH,19.876262664794922
OD1,19.0777530670166
OD2,18.279247283935547
OE1,17.480737686157227
OE2,16.682233810424805
OG,17.032764434814453
OG1,17.52692222595215
N,18.02107810974121
NE,18.515247344970703
NE1,18.962417602539062
NE2,19.39617347717285
ND1,19.829927444458008
ND2,20.263763427734375
NZ,20.419212341308594
NH1,20.43549346923828
NH2,20.451770782470703
SD,20.46812629699707
SG,20.475332260131836
UNKNOWN,20.475332260131836
