atom_index,is_real_atom,atom_type_from_onehot,importance
0,1,CG1,8.274962425231934
1,1,CG2,8.274962425231934
2,1,CD1,8.178607940673828
3,1,CB,7.974888801574707
4,1,OG,7.771168231964111
5,1,CD2,7.56744909286499
6,1,CE1,7.2881178855896
7,1,CE2,6.90390682220459
8,1,CZ,6.519696235656738
9,1,O,6.135484218597412
10,1,CB,5.90070915222168
11,1,CG,5.92606258392334
12,1,CD1,5.951416015625
13,1,CD2,5.97676944732666
14,1,CE1,5.976015090942383
15,1,CZ,5.917373180389404
16,1,CD1,5.8587327003479
17,1,N,5.8000898361206055
18,1,CA,5.732176303863525
19,1,CB,5.637421131134033
20,1,OG1,5.542667388916016
21,1,CG2,5.447912216186523
22,1,CG,5.448906898498535
23,1,CD1,5.82651424407959
24,1,CD2,6.204121112823486
25,1,NE1,6.581728935241699
26,1,CE2,6.907557010650635
27,1,CE3,6.936829566955566
28,1,CZ2,6.96610164642334
29,1,CZ3,6.995375633239746
30,1,CH2,7.035428524017334
31,1,CZ,7.178676605224609
32,1,NH1,7.321926116943359
33,1,NH2,7.465173721313477
34,1,OG,7.60670280456543
35,1,CG2,7.707514762878418
36,1,CA,7.8083271980285645
37,1,C,7.909139156341553
38,1,O,8.0099515914917
39,1,CB,8.04736042022705
40,1,CG1,8.083902359008789
41,1,CG2,8.120443344116211
42,1,CB,8.156984329223633
43,1,OG,8.00845718383789
44,1,CA,7.84652042388916
45,1,O,7.68458366394043
46,1,CB,7.522645473480225
47,1,OG1,7.447196960449219
48,1,CG2,7.38372278213501
49,1,CB,7.320247650146484
50,1,CG1,7.256773471832275
51,1,CG2,7.422012805938721
52,1,CD1,7.635992527008057
53,1,CA,7.849972724914551
54,1,CD1,8.063953399658203
55,1,CE1,8.129844665527344
56,1,CZ,8.151567459106445
57,1,CB,8.17329216003418
58,1,OG,8.195014953613281
59,1,CB,8.290599822998047
60,1,CG1,8.415450096130371
61,1,CG2,8.540299415588379
62,1,CD1,8.665148735046387
63,1,CA,8.538226127624512
64,1,C,8.282849311828613
65,1,O,8.027472496032715
66,1,CB,7.772096157073975
67,1,OG,7.761711120605469
68,1,N,7.909212112426758
69,1,CA,8.05671215057373
70,1,CG,8.204212188720703
71,1,CD,8.313955307006836
72,1,OE1,8.393308639526367
73,1,CA,8.472661018371582
74,1,C,8.552013397216797
75,1,O,8.450191497802734
76,1,CB,8.167191505432129
77,1,CG,7.884192943572998
78,1,N,7.601195335388184
79,1,CA,7.018593788146973
80,1,C,6.063770771026611
