atom_type,importance_sum
C,11.37203598022461
CA,11.37203598022461
CB,12.080892562866211
CD,13.67575454711914
CD1,15.270612716674805
CD2,16.865468978881836
CE,17.39323616027832
CE1,15.78664493560791
CE2,14.180108070373535
CE3,12.573567390441895
CG,11.774785041809082
CG1,13.803045272827148
CG2,15.831307411193848
CH2,17.859521865844727
CZ,19.707544326782227
CZ2,20.113697052001953
CZ3,20.519851684570312
O,20.92599868774414
OH,21.332149505615234
OD1,20.503726959228516
OD2,19.675291061401367
OE1,18.84685707092285
OE2,18.018434524536133
OG,20.222026824951172
OG1,22.80462646484375
N,25.387224197387695
NE,27.969820022583008
NE1,26.891727447509766
NE2,24.76778793334961
ND1,22.64383888244629
ND2,20.519804000854492
NZ,18.86393928527832
NH1,17.442066192626953
NH2,16.02018165588379
SD,14.598307609558105
SG,13.966355323791504
UNKNOWN,13.966355323791504
