atom_type,importance
C,0.09370526671409607
CA,0.09370526671409607
CB,0.10423770546913147
CD,0.12793613970279694
CD1,0.15163511037826538
CD2,0.17533297836780548
CE,0.19123098254203796
CE1,0.19152699410915375
CE2,0.19182299077510834
CE3,0.19212013483047485
CG,0.19253981113433838
CG1,0.193393275141716
CG2,0.19424672424793243
CH2,0.19510018825531006
CZ,0.19745290279388428
CZ2,0.21179939806461334
CZ3,0.226145938038826
O,0.24049240350723267
OH,0.25483885407447815
OD1,0.24363186955451965
OD2,0.2324247509241104
OE1,0.22121772170066833
OE2,0.21001063287258148
OG,0.19794243574142456
OG1,0.18576659262180328
N,0.1735907644033432
NE,0.16141487658023834
NE1,0.15999557077884674
NE2,0.16165001690387726
ND1,0.1633046269416809
ND2,0.16495917737483978
NZ,0.16339920461177826
NH1,0.16023431718349457
NH2,0.15706942975521088
SD,0.15390339493751526
SG,0.1524968147277832
UNKNOWN,0.1524968147277832
