atom_index,is_real_atom,atom_type_from_onehot,importance
0,1,CG,5.387111186981201
1,1,CD1,5.387111186981201
2,1,CD2,5.34645938873291
3,1,CE1,5.260509490966797
4,1,CE2,5.174560546875
5,1,CZ,5.088610649108887
6,1,CG,4.986700057983398
7,1,CA,4.862648963928223
8,1,C,4.738597393035889
9,1,O,4.614546775817871
10,1,CB,4.5291242599487305
11,1,CG1,4.510944366455078
12,1,CG2,4.492764949798584
13,1,CD1,4.474585056304932
14,1,CA,4.455894947052002
15,1,C,4.4360737800598145
16,1,O,4.416253089904785
17,1,CB,4.396431922912598
18,1,CG,4.370370864868164
19,1,CD1,4.3262457847595215
20,1,CD2,4.2821197509765625
21,1,N,4.237994194030762
22,1,CA,4.1423468589782715
23,1,C,3.844048261642456
24,1,O,3.5457494258880615
25,1,CB,3.247450828552246
26,1,CG1,2.9844844341278076
27,1,CG2,2.9238767623901367
28,1,CA,2.863269329071045
29,1,CB,2.802661657333374
30,1,CG1,2.7758030891418457
31,1,CG2,3.071974277496338
32,1,CG,3.368145227432251
33,1,CD1,3.6643166542053223
34,1,CD2,3.944509267807007
35,1,CD2,3.846550941467285
36,1,CE2,3.7485928535461426
37,1,CA,3.650634765625
38,1,C,3.5526766777038574
39,1,O,3.7903568744659424
40,1,CB,4.0326337814331055
41,1,CG,4.274911403656006
42,1,CD1,4.5171895027160645
43,1,CD2,4.425773620605469
44,1,CE1,4.310177326202393
45,1,CE2,4.194581508636475
46,1,CZ,4.078985214233398
47,1,N,4.1781439781188965
48,1,CA,4.307037353515625
49,1,C,4.435930252075195
50,1,O,4.564824104309082
51,1,CB,4.6656694412231445
52,1,CG1,4.7605366706848145
53,1,CG2,4.855404376983643
