atom_type,importance_sum
C,13.753249168395996
CA,13.753249168395996
CB,13.97450065612793
CD,14.47222900390625
CD1,14.970033645629883
CD2,15.46776008605957
CE,16.230758666992188
CE1,17.524208068847656
CE2,18.81758689880371
CE3,20.11111068725586
CG,21.049726486206055
CG1,20.746673583984375
CG2,20.44363784790039
CH2,20.140596389770508
CZ,19.77416229248047
CZ2,18.900516510009766
CZ3,18.026878356933594
O,17.15325927734375
OH,16.2796573638916
OD1,15.223594665527344
OD2,14.167520523071289
OE1,13.111454010009766
OE2,12.05538272857666
OG,12.290811538696289
OG1,12.687679290771484
N,13.084548950195312
NE,13.481413841247559
NE1,13.88747501373291
NE2,14.29613208770752
ND1,14.704790115356445
ND2,15.113513946533203
NZ,14.722416877746582
NH1,13.931477546691895
NH2,13.140616416931152
SD,12.349678039550781
SG,11.998109817504883
UNKNOWN,11.998109817504883
