atom_index,is_real_atom,atom_type_from_onehot,importance
0,1,CE3,6.849937438964844
1,1,CZ2,6.849937438964844
2,1,CZ3,6.814599514007568
3,1,CH2,6.739889144897461
4,1,CG2,6.665176868438721
5,1,CB,6.590463638305664
6,1,CD1,6.433196544647217
7,1,CD2,6.161412715911865
8,1,CE1,5.889630317687988
9,1,CE2,5.617846488952637
10,1,CZ,5.462487697601318
11,1,OH,5.509794235229492
12,1,CA,5.557100296020508
13,1,C,5.604406833648682
14,1,O,5.669636249542236
15,1,CB,5.7746124267578125
16,1,CG,5.8795881271362305
17,1,O,5.984563827514648
18,1,CB,6.0107831954956055
19,1,CG,5.809024333953857
20,1,CD1,5.607264041900635
21,1,CD2,5.405505657196045
22,1,NE1,5.227592945098877
23,1,CE2,5.143479824066162
24,1,CE3,5.059365272521973
25,1,CZ2,4.975250720977783
26,1,CZ3,4.935426235198975
27,1,CH2,5.149260520935059
28,1,CD1,5.363094329833984
29,1,CE1,5.57692813873291
30,1,CE2,5.818379878997803
31,1,CZ,6.324161052703857
32,1,CD1,6.829943656921387
33,1,CE1,7.335726737976074
34,1,CE2,7.82042121887207
35,1,CZ,7.806076526641846
36,1,CA,7.791729927062988
37,1,C,7.777383804321289
38,1,O,7.76303768157959
39,1,CG1,7.515864372253418
40,1,N,7.2655029296875
41,1,CA,7.015140056610107
42,1,C,6.764777183532715
43,1,O,6.360852241516113
44,1,N,5.945801258087158
45,1,CA,5.530749797821045
46,1,C,5.115697383880615
47,1,CB,5.126094341278076
48,1,CG,5.195398807525635
49,1,CD1,5.264703750610352
50,1,CD2,5.334007740020752
51,1,CE1,5.25055456161499
52,1,CE2,5.134547233581543
53,1,CZ,5.0185394287109375
