atom_type,importance_sum
C,6.58873987197876
CA,6.58873987197876
CB,6.623122692108154
CD,6.700530529022217
CD1,6.777902126312256
CD2,6.855308532714844
CE,7.178719997406006
CE1,7.994243621826172
CE2,8.809736251831055
CE3,9.625252723693848
CG,10.492338180541992
CG1,11.540003776550293
CG2,12.587664604187012
CH2,13.63532543182373
CZ,14.597871780395508
CZ2,14.879460334777832
CZ3,15.161052703857422
O,15.442646026611328
OH,15.724238395690918
OD1,16.308813095092773
OD2,16.89338493347168
OE1,17.47795867919922
OE2,18.062532424926758
OG,17.954545974731445
OG1,17.759992599487305
N,17.565441131591797
NE,17.370882034301758
NE1,16.90795135498047
NE2,16.36830711364746
ND1,15.828668594360352
ND2,15.288956642150879
NZ,14.8023042678833
NH1,14.342191696166992
NH2,13.881999015808105
SD,13.4218111038208
SG,13.217323303222656
UNKNOWN,13.217323303222656
