atom_index,is_real_atom,atom_type_from_onehot,importance
0,1,CB,8.301828384399414
1,1,OG1,8.301828384399414
2,1,CG2,8.363458633422852
3,1,CG,8.493762016296387
4,1,CD1,8.624066352844238
5,1,CD2,8.754372596740723
6,1,CD1,8.857309341430664
7,1,CB,8.922281265258789
8,1,CG2,8.987255096435547
9,1,CG,9.052229881286621
10,1,CD1,9.133143424987793
11,1,CD2,9.241806983947754
12,1,CA,9.350470542907715
13,1,CB,9.459134101867676
14,1,CG1,9.679153442382812
15,1,CB,10.146095275878906
16,1,N,10.613038063049316
17,1,CA,11.079978942871094
18,1,CB,11.41423511505127
19,1,CG2,11.36440372467041
20,1,CB,11.314573287963867
21,1,CD1,11.264741897583008
22,1,CD1,11.199627876281738
23,1,O,11.0743989944458
24,1,CG2,10.949174880981445
25,1,CA,10.823948860168457
26,1,C,10.691771507263184
27,1,O,10.519790649414062
28,1,CB,10.347806930541992
29,1,N,10.175827026367188
30,1,CA,9.956320762634277
31,1,CB,9.281942367553711
32,1,CG,8.607562065124512
33,1,CD,7.933182716369629
