atom_index,is_real_atom,atom_type_from_onehot,importance
0,1,C,8.054084777832031
1,1,O,8.054084777832031
2,1,N,8.079389572143555
3,1,CA,8.132891654968262
4,1,C,8.186393737792969
5,1,O,8.23989486694336
6,1,CB,8.191526412963867
7,1,CG,8.001852035522461
8,1,CD1,7.812179088592529
9,1,N,7.622506141662598
10,1,CA,7.436415672302246
11,1,C,7.25656795501709
12,1,O,7.076720714569092
13,1,CB,6.896872043609619
14,1,CG,6.754279136657715
15,1,CD1,6.6942949295043945
16,1,N,6.634311676025391
17,1,CA,6.5743279457092285
18,1,C,6.507778167724609
19,1,CG,6.422219753265381
20,1,CD2,6.336660861968994
21,1,CE1,6.251101493835449
22,1,CE2,6.201880931854248
23,1,CZ,6.295588970184326
24,1,CD1,6.389298915863037
25,1,CE1,6.483006954193115
26,1,CE2,6.531643867492676
27,1,CZ,6.322146892547607
28,1,C,6.112650394439697
29,1,O,5.903152942657471
30,1,CB,5.727818965911865
31,1,CG1,5.879476547241211
32,1,CG2,6.031134128570557
33,1,CD1,6.182790279388428
34,1,CD1,6.3343048095703125
35,1,CE1,6.482424736022949
36,1,CZ,6.630545139312744
37,1,CD2,6.778665542602539
38,1,CE2,6.926785945892334
39,1,CZ,7.278090953826904
40,1,CA,7.632177829742432
41,1,C,7.98626708984375
42,1,O,8.340353965759277
43,1,CB,8.354439735412598
44,1,CG,8.343889236450195
45,1,CD,8.333335876464844
46,1,OE1,8.322786331176758
47,1,NE2,8.303661346435547
48,1,CB,8.28335189819336
49,1,CG1,8.263040542602539
50,1,CG2,8.242728233337402
51,1,CD2,8.048504829406738
52,1,CE1,7.817219257354736
53,1,CE2,7.585933685302734
54,1,CZ,7.354645729064941
