atom_index,is_real_atom,atom_type_from_onehot,importance
0,1,O,8.192132949829102
1,1,CG,8.192132949829102
2,1,CD1,8.502808570861816
3,1,CB,9.15966796875
4,1,CD1,9.816526412963867
5,1,CG2,10.473381996154785
6,1,CG2,10.729662895202637
7,1,SG,10.4302978515625
8,1,O,10.13093376159668
9,1,NE1,9.831568717956543
10,1,CE2,9.585031509399414
11,1,CZ2,9.430445671081543
12,1,C,9.275862693786621
13,1,O,9.121278762817383
14,1,CB,8.88166332244873
15,1,CG1,8.453511238098145
16,1,CG2,8.025357246398926
17,1,N,7.597203731536865
18,1,CA,7.27227783203125
19,1,C,7.24616813659668
20,1,O,7.220058917999268
21,1,CB,7.193950176239014
22,1,C,7.153709411621094
23,1,O,7.057888031005859
24,1,CB,6.962066173553467
25,1,N,6.866245746612549
26,1,CA,6.739599704742432
27,1,CB,6.436421871185303
28,1,CG,6.133244514465332
29,1,SD,5.830067157745361
30,1,CE,5.552947998046875
31,1,CG,5.525240898132324
32,1,CD2,5.497533321380615
33,1,CE2,5.4698262214660645
34,1,CZ,5.429752826690674
35,1,CG,5.096988677978516
36,1,CD1,4.764227390289307
37,1,CD2,4.431464672088623
