atom_type,importance
C,0.19947586953639984
CA,0.19947586953639984
CB,0.20458857715129852
CD,0.21609263122081757
CD1,0.22759674489498138
CD2,0.2391008734703064
CE,0.24908947944641113
CE1,0.2560487687587738
CE2,0.26300790905952454
CE3,0.26996833086013794
CG,0.27237093448638916
CG1,0.2588241398334503
CG2,0.2452773004770279
CH2,0.23173047602176666
CZ,0.2206762731075287
CZ2,0.2295634150505066
CZ3,0.2384505271911621
O,0.24733759462833405
OH,0.2562246322631836
OD1,0.27305567264556885
OD2,0.28988662362098694
OE1,0.3067176043987274
OE2,0.3235486149787903
OG,0.36165136098861694
OG1,0.4024129807949066
N,0.44317346811294556
NE,0.4839347302913666
NE1,0.4566604197025299
NE2,0.4099474549293518
ND1,0.36323437094688416
ND2,0.3165212869644165
NZ,0.30394041538238525
NH1,0.30842599272727966
NH2,0.31291165947914124
SD,0.31739622354507446
SG,0.31939005851745605
UNKNOWN,0.31939005851745605
