atom_type,importance
C,0.08147541433572769
CA,0.08147541433572769
CB,0.08615333586931229
CD,0.09667790681123734
CD1,0.10720308870077133
CD2,0.11772830784320831
CE,0.12648066878318787
CE1,0.13168618083000183
CE2,0.13689297437667847
CE3,0.14209847152233124
CG,0.148564875125885
CG1,0.15943874418735504
CG2,0.17031265795230865
CH2,0.1811864674091339
CZ,0.19060488045215607
CZ2,0.18837936222553253
CZ3,0.18615388870239258
O,0.18392838537693024
OH,0.18170292675495148
OD1,0.16300326585769653
OD2,0.14430354535579681
OE1,0.1256038248538971
OE2,0.10690353065729141
OG,0.0983516201376915
OG1,0.09106817841529846
N,0.08378475159406662
NE,0.07650134712457657
NE1,0.06792599707841873
NE2,0.05898108333349228
ND1,0.0500364787876606
ND2,0.04109188914299011
NZ,0.044478889554739
NH1,0.05403216555714607
NH2,0.0635853260755539
SD,0.07313840091228485
SG,0.0773843303322792
UNKNOWN,0.0773843303322792
