atom_type,importance
C,0.07868495583534241
CA,0.07868495583534241
CB,0.07831120491027832
CD,0.07746980339288712
CD1,0.07662902027368546
CD2,0.07578759640455246
CE,0.07523512095212936
CE1,0.07526051253080368
CE2,0.07528653740882874
CE3,0.07531196624040604
CG,0.07989630848169327
CG1,0.10043605417013168
CG2,0.1209757998585701
CH2,0.1415155529975891
CZ,0.16106154024600983
CZ2,0.17265763878822327
CZ3,0.1842537373304367
O,0.19584988057613373
OH,0.20744597911834717
OD1,0.2004823237657547
OD2,0.19351868331432343
OE1,0.18655502796173096
OE2,0.17959140241146088
OG,0.17147554457187653
OG1,0.16321569681167603
N,0.15495581924915314
NE,0.14669591188430786
NE1,0.13341325521469116
NE2,0.1186959445476532
ND1,0.10397861897945404
ND2,0.08926068991422653
NZ,0.08513136208057404
NH1,0.0862959772348404
NH2,0.0874599814414978
SD,0.08862458914518356
SG,0.08914221078157425
UNKNOWN,0.08914221078157425
