atom_index,is_real_atom,atom_type_from_onehot,importance
0,1,O,7.293998718261719
1,1,CG,7.293998718261719
2,1,CD1,7.276763916015625
3,1,CD2,7.240326404571533
4,1,O,7.203887939453125
5,1,CB,7.167450428009033
6,1,OG1,7.143807888031006
7,1,CG2,7.13791036605835
8,1,CG,7.13201379776001
9,1,CD1,7.126117706298828
10,1,CD2,7.065449237823486
11,1,CG,6.909438610076904
12,1,CD2,6.753427505493164
13,1,CA,6.597416400909424
14,1,CB,6.511407375335693
15,1,CD2,6.58062219619751
16,1,CE1,6.649835586547852
17,1,CE2,6.719050407409668
18,1,CZ,6.858754634857178
19,1,OH,7.2025065422058105
20,1,CG,7.546259880065918
21,1,CD1,7.890012741088867
22,1,CD2,8.151230812072754
23,1,CG,8.087812423706055
24,1,SD,8.024394035339355
25,1,CD2,7.9609761238098145
26,1,CB,7.8000688552856445
27,1,CD1,7.080824851989746
28,1,CG,6.361579418182373
