atom_type,importance_sum
C,1.2054834365844727
CA,1.2054834365844727
CB,1.5874637365341187
CD,2.4469175338745117
CD1,3.306370973587036
CD2,4.165816783905029
CE,5.149014949798584
CE1,6.379702568054199
CE2,7.610393047332764
CE3,8.841132164001465
CG,10.1465482711792
CG1,11.713512420654297
CG2,13.280479431152344
CH2,14.847443580627441
CZ,16.106481552124023
CZ2,14.90256404876709
CZ3,13.698603630065918
O,12.49463939666748
OH,11.290677070617676
OD1,10.021504402160645
OD2,8.752326965332031
OE1,7.4831037521362305
OE2,6.213929653167725
OG,5.71486759185791
OG1,5.312070846557617
N,4.909275054931641
NE,4.506477355957031
NE1,4.005471229553223
NE2,3.4763832092285156
ND1,2.947319746017456
ND2,2.418231964111328
NZ,2.8169541358947754
NH1,3.6795706748962402
NH2,4.542173385620117
SD,5.404800891876221
SG,5.7882080078125
UNKNOWN,5.7882080078125
