atom_index,is_real_atom,atom_type_from_onehot,importance
0,1,CG2,9.434063911437988
1,1,O,9.434063911437988
2,1,CG,9.686142921447754
3,1,CD1,10.219112396240234
4,1,CD2,10.752079963684082
5,1,CG1,11.285049438476562
6,1,CG2,11.65127182006836
7,1,CD1,11.786205291748047
8,1,CA,11.921138763427734
9,1,O,12.056071281433105
10,1,CB,12.154799461364746
11,1,CA,12.190507888793945
12,1,C,12.226212501525879
13,1,O,12.261921882629395
14,1,CB,12.27992057800293
15,1,CG,12.258661270141602
16,1,OD1,12.237403869628906
17,1,ND2,12.216141700744629
18,1,CG2,12.237818717956543
19,1,CA,12.383781433105469
20,1,C,12.529743194580078
21,1,O,12.675704956054688
22,1,CB,12.736894607543945
23,1,CG1,12.464655876159668
24,1,CG2,12.192419052124023
25,1,CA,11.92017936706543
26,1,C,11.682266235351562
27,1,O,11.640925407409668
28,1,CB,11.599586486816406
29,1,OG1,11.558244705200195
30,1,CG2,11.480399131774902
31,1,N,11.053109169006348
32,1,CA,10.62582015991211
33,1,CB,10.198531150817871
