atom_type,importance_sum
C,11.80102825164795
CA,11.80102825164795
CB,12.487950325012207
CD,14.033594131469727
CD1,15.579237937927246
CD2,17.124826431274414
CE,18.013139724731445
CE1,17.586727142333984
CE2,17.160289764404297
CE3,16.733924865722656
CG,16.373172760009766
CG1,16.242334365844727
CG2,16.111494064331055
CH2,15.9806547164917
CZ,15.926267623901367
CZ2,16.483478546142578
CZ3,17.040691375732422
O,17.59790802001953
OH,18.155118942260742
OD1,17.775802612304688
OD2,17.396482467651367
OE1,17.017166137695312
OE2,16.637842178344727
OG,16.013015747070312
OG1,15.357495307922363
N,14.701974868774414
NE,14.046456336975098
NE1,13.306771278381348
NE2,12.542925834655762
ND1,11.779078483581543
ND2,11.015324592590332
NZ,10.919763565063477
NH1,11.158385276794434
NH2,11.396920204162598
SD,11.635543823242188
SG,11.741579055786133
UNKNOWN,11.741579055786133
