atom_type,importance
C,0.13843390345573425
CA,0.13843390345573425
CB,0.1370326429605484
CD,0.1338784098625183
CD1,0.13072416186332703
CD2,0.12756991386413574
CE,0.12262508273124695
CE1,0.1140989139676094
CE2,0.10557220131158829
CE3,0.09704608470201492
CG,0.0932249203324318
CG1,0.10587345063686371
CG2,0.11852248013019562
CH2,0.13117103278636932
CZ,0.14515727758407593
CZ2,0.16984529793262482
CZ3,0.19453322887420654
O,0.21922050416469574
OH,0.24390822649002075
OD1,0.23567995429039001
OD2,0.22745178639888763
OE1,0.2192237377166748
OE2,0.21099624037742615
OG,0.19401490688323975
OG1,0.1759394109249115
N,0.15786392986774445
NE,0.13978849351406097
NE1,0.1321331262588501
NE2,0.12745541334152222
ND1,0.12277773767709732
ND2,0.11810001730918884
NZ,0.11634083092212677
NH1,0.11604064702987671
NH2,0.11574077606201172
SD,0.11544092744588852
SG,0.11530744284391403
UNKNOWN,0.11530744284391403
