atom_type,importance
C,0.07641695439815521
CA,0.07641695439815521
CB,0.081529900431633
CD,0.09303390979766846
CD1,0.10453727096319199
CD2,0.11604078859090805
CE,0.12347132712602615
CE1,0.12275156378746033
CE2,0.122033029794693
CE3,0.12131453305482864
CG,0.12474249303340912
CG1,0.14268052577972412
CG2,0.1606186181306839
CH2,0.1785566657781601
CZ,0.19433511793613434
CZ2,0.19283628463745117
CZ3,0.19133737683296204
O,0.18983854353427887
OH,0.18833968043327332
OD1,0.17963175475597382
OD2,0.1709238886833191
OE1,0.1622159481048584
OE2,0.1535080522298813
OG,0.13926954567432404
OG1,0.12433962523937225
N,0.10940976440906525
NE,0.0944792851805687
NE1,0.08673854917287827
NE2,0.08105146884918213
ND1,0.07536374777555466
ND2,0.06967668235301971
NZ,0.06882542371749878
NH1,0.070391446352005
NH2,0.07195747643709183
SD,0.07352349162101746
SG,0.0742197036743164
UNKNOWN,0.0742197036743164
