atom_index,is_real_atom,atom_type_from_onehot,importance
0,1,O,9.5823974609375
1,1,CB,9.5823974609375
2,1,SD,9.980133056640625
3,1,CE,10.821061134338379
4,1,CD2,11.661988258361816
5,1,CE2,12.502913475036621
6,1,CB,12.74169635772705
7,1,CG2,12.145246505737305
8,1,NH2,11.548794746398926
9,1,CG,10.952345848083496
10,1,CD2,10.434505462646484
11,1,CB,10.053505897521973
12,1,CG1,9.672508239746094
13,1,CG2,9.291510581970215
14,1,CD1,8.841102600097656
15,1,CE2,8.236795425415039
16,1,CG,7.632486343383789
17,1,CD1,7.028177738189697
18,1,CD2,6.44289493560791
