atom_type,importance_sum
C,4.356238842010498
CA,4.356238842010498
CB,5.06613826751709
CD,6.663438320159912
CD1,8.26069164276123
CD2,9.85798168182373
CE,11.057882308959961
CE1,11.463088035583496
CE2,11.868288040161133
CE3,12.273388862609863
CG,12.647061347961426
CG1,12.910318374633789
CG2,13.173572540283203
CH2,13.436829566955566
CZ,13.534383773803711
CZ2,12.3063325881958
CZ3,11.07828140258789
O,9.850231170654297
OH,8.622179985046387
OD1,7.259723663330078
OD2,5.897268772125244
OE1,4.534812927246094
OE2,3.172358274459839
OG,2.735584020614624
OG1,2.4145219326019287
N,2.0934605598449707
NE,1.7723948955535889
NE1,1.7119214534759521
NE2,1.7259128093719482
ND1,1.739903450012207
ND2,1.7538949251174927
NZ,3.2064225673675537
NH1,5.37820291519165
NH2,7.5499796867370605
SD,9.72177791595459
SG,10.687047004699707
UNKNOWN,10.687047004699707
