atom_type,importance
C,0.246901273727417
CA,0.246901273727417
CB,0.2565983533859253
CD,0.2784150540828705
CD1,0.3002333641052246
CD2,0.322050005197525
CE,0.3370586633682251
CE1,0.3384500741958618
CE2,0.3398413360118866
CE3,0.3412327468395233
CG,0.3350551128387451
CG1,0.3023816645145416
CG2,0.2697082459926605
CH2,0.2370348870754242
CZ,0.20695267617702484
CZ2,0.1975996345281601
CZ3,0.18824656307697296
O,0.17889350652694702
OH,0.16954046487808228
OD1,0.18103566765785217
OD2,0.19253088533878326
OE1,0.20402607321739197
OE2,0.21552129089832306
OG,0.21027347445487976
OG1,0.20293273031711578
N,0.1955920159816742
NE,0.1882513016462326
NE1,0.1951572597026825
NE2,0.20613321661949158
ND1,0.21711000800132751
ND2,0.2280869036912918
NZ,0.22098800539970398
NH1,0.20485208928585052
NH2,0.18871618807315826
SD,0.17258033156394958
SG,0.16540877521038055
UNKNOWN,0.16540877521038055
