atom_index,is_real_atom,atom_type_from_onehot,importance
0,1,CG,10.178824424743652
1,1,CD2,10.178824424743652
2,1,CD1,10.482993125915527
3,1,CG,11.126094818115234
4,1,CD1,11.769193649291992
5,1,CD2,12.412294387817383
6,1,CB,12.859007835388184
7,1,CG1,13.033307075500488
8,1,N,13.207608222961426
9,1,CA,13.381908416748047
10,1,O,13.435242652893066
11,1,CB,13.278013229370117
12,1,CG,13.120779037475586
13,1,CD,12.963549613952637
14,1,CA,12.74292278289795
15,1,C,12.381729125976562
16,1,O,12.020533561706543
17,1,CB,11.659337997436523
18,1,N,11.368210792541504
19,1,CA,11.279902458190918
20,1,CG1,11.191593170166016
21,1,CD1,11.103285789489746
22,1,CB,11.093646049499512
23,1,CG1,11.393445014953613
24,1,CG2,11.693243980407715
25,1,CG1,11.9930419921875
26,1,CA,12.188553810119629
27,1,O,11.786806106567383
28,1,CB,11.385056495666504
29,1,OG,10.983308792114258
