atom_type,importance_sum
C,11.420463562011719
CA,11.420463562011719
CB,12.164152145385742
CD,13.837478637695312
CD1,15.5108003616333
CD2,17.18421745300293
CE,18.13457679748535
CE1,17.63894271850586
CE2,17.143278121948242
CE3,16.647689819335938
CG,16.209941864013672
CG1,15.974472999572754
CG2,15.739006996154785
CH2,15.50354290008545
CZ,15.355046272277832
CZ2,15.902262687683105
CZ3,16.449485778808594
O,16.996707916259766
OH,17.543928146362305
OD1,16.977678298950195
OD2,16.41143226623535
OE1,15.845181465148926
OE2,15.278931617736816
OG,14.91882038116455
OG1,14.584477424621582
N,14.25013542175293
NE,13.915791511535645
NE1,13.395203590393066
NE2,12.821413040161133
ND1,12.24763011932373
ND2,11.673839569091797
NZ,11.183048248291016
NH1,10.733659744262695
NH2,10.2843656539917
SD,9.835042953491211
SG,9.635344505310059
UNKNOWN,9.635344505310059
