atom_index,is_real_atom,atom_type_from_onehot,importance
0,1,C,8.130500793457031
1,1,O,8.130500793457031
2,1,CG1,8.185503005981445
3,1,N,8.30179214477539
4,1,CA,8.418083190917969
5,1,C,8.534372329711914
6,1,O,8.503278732299805
7,1,CB,8.267742156982422
8,1,OG,8.032207489013672
9,1,CD,7.7966742515563965
10,1,OE1,7.609180450439453
11,1,NE2,7.505314350128174
12,1,CA,7.4014482498168945
13,1,C,7.297582149505615
14,1,O,7.25999641418457
15,1,CB,7.369376182556152
16,1,CG,7.478757858276367
17,1,CD1,7.588139057159424
18,1,CE1,7.667396545410156
19,1,CZ,7.659461498260498
20,1,CB,7.651525020599365
21,1,CG,7.643588066101074
22,1,SD,7.697942733764648
23,1,CE,7.997304916381836
24,1,N,8.296669006347656
25,1,CA,8.59603214263916
26,1,CB,8.915521621704102
27,1,OG,9.3502779006958
28,1,CG2,9.785036087036133
29,1,CD1,10.219792366027832
30,1,CD1,10.556320190429688
31,1,CE1,9.952664375305176
32,1,CZ,9.34901237487793
33,1,NH1,8.74535846710205
34,1,NH2,8.152169227600098
35,1,CG,7.806619167327881
36,1,CD1,7.461069583892822
37,1,CD2,7.115518569946289
38,1,CE1,6.769969463348389
39,1,CE2,6.655590534210205
40,1,CZ,6.544379234313965
41,1,CB,6.433165550231934
42,1,CG1,6.321953296661377
43,1,CG2,6.253902435302734
44,1,CD1,6.18897819519043
45,1,CG,6.124054431915283
46,1,CD1,6.059130668640137
47,1,CD2,5.815957546234131
48,1,NE1,5.548107147216797
49,1,CE2,5.280255317687988
50,1,CE3,5.012402057647705
51,1,CZ2,4.728708744049072
52,1,CZ3,4.441641330718994
53,1,CH2,4.154573440551758
