atom_index,is_real_atom,atom_type_from_onehot,importance
0,1,N,6.657176971435547
1,1,CA,6.657176971435547
2,1,C,6.573993682861328
3,1,O,6.398121356964111
4,1,CB,6.222248077392578
5,1,CG1,6.046374797821045
6,1,CG2,5.955684185028076
7,1,CA,5.983148097991943
8,1,C,6.010613441467285
9,1,CB,6.038076400756836
10,1,CG,6.011617660522461
11,1,CD1,5.891294479370117
12,1,CD2,5.770969390869141
13,1,CG,5.650646686553955
14,1,CD1,5.6390485763549805
15,1,CD2,5.868541717529297
16,1,CB,6.098033905029297
17,1,CG1,6.327526569366455
18,1,CG2,6.527310371398926
19,1,CD1,6.6410980224609375
20,1,CG,6.754886627197266
21,1,CD1,6.868672847747803
22,1,CD2,6.875610828399658
23,1,CA,6.462275505065918
24,1,C,6.048939228057861
25,1,O,5.635603427886963
26,1,CB,5.321927070617676
27,1,CG,5.5790228843688965
28,1,CD1,5.836120128631592
29,1,CD2,6.0932159423828125
30,1,CE1,6.313514709472656
31,1,CE2,6.181615352630615
32,1,CZ,6.049713611602783
33,1,OH,5.917813301086426
34,1,N,5.792692184448242
35,1,CA,5.828024387359619
36,1,C,5.863354682922363
37,1,O,5.89868688583374
38,1,CB,5.934018135070801
39,1,N,5.885106563568115
40,1,CA,5.835041046142578
41,1,C,5.784975051879883
42,1,O,5.734908103942871
43,1,CB,5.688327312469482
44,1,CG,5.641997337341309
45,1,CD1,5.595668792724609
46,1,CD2,5.549339771270752
47,1,CD2,5.528783321380615
48,1,CG,5.511794090270996
49,1,CD1,5.494806289672852
50,1,CD2,5.477818012237549
51,1,CA,5.425689697265625
52,1,CB,5.366074085235596
53,1,CG1,5.306457996368408
54,1,CG2,5.246840953826904
55,1,CD1,5.169478893280029
56,1,CB,5.0868239402771
57,1,CG1,5.0041680335998535
58,1,CG2,4.921512603759766
59,1,CD1,4.634350776672363
