atom_type,importance
C,0.11189219355583191
CA,0.11189219355583191
CB,0.11395114660263062
CD,0.11858389526605606
CD1,0.12321662902832031
CD2,0.12784883379936218
CE,0.12892571091651917
CE1,0.12289000302553177
CE2,0.11685380339622498
CE3,0.11081819981336594
CG,0.11031696200370789
CG1,0.12918676435947418
CG2,0.14805655181407928
CH2,0.166926309466362
CZ,0.18513616919517517
CZ2,0.19806666672229767
CZ3,0.21099713444709778
O,0.2239275872707367
OH,0.2368580847978592
OD1,0.24175237119197845
OD2,0.24664665758609772
OE1,0.25154101848602295
OE2,0.2564353048801422
OG,0.25119057297706604
OG1,0.24467846751213074
N,0.23816630244255066
NE,0.23165415227413177
NE1,0.24166379868984222
NE2,0.25639402866363525
ND1,0.27112460136413574
ND2,0.2858549952507019
NZ,0.2831311523914337
NH1,0.27168241143226624
NH2,0.26023367047309875
SD,0.2487848699092865
SG,0.2436964362859726
UNKNOWN,0.2436964362859726
