atom_type,importance_sum
C,5.109833240509033
CA,5.109833240509033
CB,5.9056315422058105
CD,7.696208953857422
CD1,9.48674488067627
CD2,11.277322769165039
CE,12.111149787902832
CE1,11.031478881835938
CE2,9.951809883117676
CE3,8.872139930725098
CG,8.108908653259277
CG1,8.453195571899414
CG2,8.797490119934082
CH2,9.141779899597168
CZ,9.653997421264648
CZ2,11.50960922241211
CZ3,13.365213394165039
O,15.220821380615234
OH,17.076431274414062
OD1,16.815818786621094
OD2,16.555208206176758
OE1,16.294597625732422
OE2,16.033987045288086
OG,18.72270965576172
OG1,21.780109405517578
N,24.837491989135742
NE,27.894886016845703
NE1,26.999332427978516
NE2,24.97431755065918
ND1,22.94930076599121
ND2,20.924379348754883
NZ,20.73520278930664
NH1,21.463911056518555
NH2,22.1926212310791
SD,22.921337127685547
SG,23.245214462280273
UNKNOWN,23.245214462280273
