atom_type,importance
C,0.09885480254888535
CA,0.09885480254888535
CB,0.10134865343570709
CD,0.10695932805538177
CD1,0.11256959289312363
CD2,0.11817971616983414
CE,0.1209835410118103
CE1,0.11817316710948944
CE2,0.11536271125078201
CE3,0.11255237460136414
CG,0.11392626166343689
CG1,0.12994995713233948
CG2,0.14597368240356445
CH2,0.16199742257595062
CZ,0.17699812352657318
CZ2,0.1838148832321167
CZ3,0.19063159823417664
O,0.19744834303855896
OH,0.2042650580406189
OD1,0.19715209305286407
OD2,0.19003915786743164
OE1,0.18292617797851562
OE2,0.1758132129907608
OG,0.15773296356201172
OG1,0.1382816880941391
N,0.11883053183555603
NE,0.09937994927167892
NE1,0.10625265538692474
NE2,0.12064649909734726
ND1,0.13504165410995483
ND2,0.14943547546863556
NZ,0.16226521134376526
NH1,0.17431358993053436
NH2,0.18636064231395721
SD,0.19840900599956512
SG,0.2037636935710907
UNKNOWN,0.2037636935710907
