atom_type,importance
C,0.15370522439479828
CA,0.15370522439479828
CB,0.16410979628562927
CD,0.18751850724220276
CD1,0.21092844009399414
CD2,0.2343384027481079
CE,0.24532152712345123
CE1,0.2314508855342865
CE2,0.21758273243904114
CE3,0.2037133276462555
CG,0.19114544987678528
CG1,0.183131143450737
CG2,0.17511677742004395
CH2,0.16710250079631805
CZ,0.15941116213798523
CZ2,0.15430429577827454
CZ3,0.14919739961624146
O,0.14409048855304718
OH,0.13898363709449768
OD1,0.13818874955177307
OD2,0.13739390671253204
OE1,0.13659906387329102
OE2,0.13580422103405
OG,0.13232101500034332
OG1,0.12850166857242584
N,0.12468242645263672
NE,0.12086312472820282
NE1,0.12052246183156967
NE2,0.12117567658424377
ND1,0.12183009833097458
ND2,0.12248338013887405
NZ,0.12478870153427124
NH1,0.12792126834392548
NH2,0.1310536414384842
SD,0.13418519496917725
SG,0.13557766377925873
UNKNOWN,0.13557766377925873
