atom_index,is_real_atom,atom_type_from_onehot,importance
0,1,CA,9.697654724121094
1,1,C,9.697654724121094
2,1,O,9.746811866760254
3,1,CB,9.850744247436523
4,1,CG,9.954675674438477
5,1,CD1,10.058609962463379
6,1,CD2,10.057912826538086
7,1,N,9.912088394165039
8,1,CA,9.766263008117676
9,1,C,9.620437622070312
10,1,O,9.55431842803955
11,1,CB,9.626949310302734
12,1,C,9.699580192565918
13,1,O,9.772212028503418
14,1,CB,9.857390403747559
15,1,OG,9.970394134521484
16,1,N,10.083399772644043
17,1,CA,10.196403503417969
18,1,CB,10.39255428314209
19,1,O,10.82939338684082
20,1,CB,11.266231536865234
21,1,CA,11.703068733215332
22,1,C,11.98587417602539
23,1,O,11.662817001342773
24,1,CB,11.339761734008789
25,1,CG,11.016706466674805
26,1,SD,10.730676651000977
27,1,CE,10.656725883483887
28,1,N,10.582773208618164
29,1,CA,10.508820533752441
30,1,CB,10.435240745544434
31,1,CG,10.365216255187988
32,1,CD1,10.295194625854492
33,1,C,10.22516918182373
34,1,CB,10.144448280334473
35,1,OG,9.810526847839355
36,1,CB,9.476607322692871
37,1,CG2,9.142684936523438
38,1,CD1,8.808764457702637
39,1,CG1,7.798460960388184
40,1,CG2,6.778895854949951
