atom_type,importance_sum
C,12.992341041564941
CA,12.992341041564941
CB,13.72866439819336
CD,15.385454177856445
CD1,17.042213439941406
CD2,18.698951721191406
CE,19.751577377319336
CE1,19.595703125
CE2,19.439834594726562
CE3,19.28396224975586
CG,18.826257705688477
CG1,17.312288284301758
CG2,15.798318862915039
CH2,14.284355163574219
CZ,12.934188842773438
CZ2,12.894449234008789
CZ3,12.854706764221191
O,12.81496524810791
OH,12.775222778320312
OD1,12.777571678161621
OD2,12.77992057800293
OE1,12.782269477844238
OE2,12.78461742401123
OG,12.81702995300293
OG1,12.853204727172852
N,12.889378547668457
NE,12.925548553466797
NE1,13.172567367553711
NE2,13.479921340942383
ND1,13.787186622619629
ND2,14.094451904296875
NZ,13.875842094421387
NH1,13.394288063049316
NH2,12.912739753723145
SD,12.43118953704834
SG,12.217126846313477
UNKNOWN,12.217126846313477
