atom_index,is_real_atom,atom_type_from_onehot,importance
0,1,NE,11.101619720458984
1,1,CZ,11.101619720458984
2,1,NH1,11.196548461914062
3,1,CG,11.397260665893555
4,1,CD1,11.597970008850098
5,1,CD2,11.798678398132324
6,1,CD2,11.807044982910156
7,1,CE1,11.548608779907227
8,1,CE2,11.290176391601562
9,1,CZ,11.031740188598633
10,1,CA,10.858616828918457
11,1,O,10.834001541137695
12,1,CB,10.809386253356934
13,1,CG,10.784770965576172
14,1,CD,10.68372917175293
15,1,CE,10.413228988647461
16,1,CB,10.14272689819336
17,1,CG2,9.872224807739258
18,1,CD1,9.576030731201172
19,1,N,9.205467224121094
20,1,CB,8.834903717041016
21,1,CG,8.464338302612305
22,1,CD1,8.172891616821289
23,1,CD2,8.192647933959961
24,1,NE1,8.212403297424316
25,1,CE2,8.232159614562988
26,1,CE3,8.198951721191406
27,1,CE1,7.8624138832092285
28,1,CE2,7.525875091552734
29,1,CZ,7.189337730407715
