atom_type,importance_sum
C,8.689359664916992
CA,8.689359664916992
CB,8.825504302978516
CD,9.131789207458496
CD1,9.438097953796387
CD2,9.74444580078125
CE,10.140685081481934
CE1,10.716989517211914
CE2,11.293292999267578
CE3,11.869502067565918
CG,12.447458267211914
CG1,13.031392097473145
CG2,13.615323066711426
CH2,14.199252128601074
CZ,14.72344970703125
CZ2,14.769762992858887
CZ3,14.816075325012207
O,14.862387657165527
OH,14.908697128295898
OD1,14.124259948730469
OD2,13.339826583862305
OE1,12.555392265319824
OE2,11.770954132080078
OG,11.178915977478027
OG1,10.61092472076416
N,10.042932510375977
NE,9.474949836730957
NE1,9.746516227722168
NE2,10.257956504821777
ND1,10.769304275512695
ND2,11.28074836730957
NZ,11.406392097473145
NH1,11.339082717895508
NH2,11.271775245666504
SD,11.204559326171875
SG,11.1746187210083
UNKNOWN,11.1746187210083
