atom_type,importance
C,0.05935222655534744
CA,0.05935222655534744
CB,0.06579727679491043
CD,0.08029774576425552
CD1,0.09479879587888718
CD2,0.10929935425519943
CE,0.11983980983495712
CE1,0.1224607303738594
CE2,0.12508176267147064
CE3,0.1277027577161789
CG,0.13460449874401093
CG1,0.15649296343326569
CG2,0.17838150262832642
CH2,0.20027001202106476
CZ,0.21897196769714355
CZ2,0.21217480301856995
CZ3,0.20537826418876648
O,0.19858179986476898
OH,0.1917852759361267
OD1,0.17810513079166412
OD2,0.16442488133907318
OE1,0.1507447212934494
OE2,0.13706451654434204
OG,0.12891025841236115
OG1,0.1214466467499733
N,0.11398317664861679
NE,0.10652007162570953
NE1,0.10246005654335022
NE2,0.09937305003404617
ND1,0.09628545492887497
ND2,0.09319843351840973
NZ,0.09416291117668152
NH1,0.09715401381254196
NH2,0.10014453530311584
SD,0.10313504934310913
SG,0.10446419566869736
UNKNOWN,0.10446419566869736
