atom_index,is_real_atom,atom_type_from_onehot,importance
0,1,CG2,8.783323287963867
1,1,CD1,8.783323287963867
2,1,CA,9.027474403381348
3,1,C,9.543678283691406
4,1,O,10.059884071350098
5,1,CB,10.57608699798584
6,1,CG,10.83195686340332
7,1,CD,10.726715087890625
8,1,C,10.621475219726562
9,1,O,10.51623249053955
10,1,CB,10.372147560119629
11,1,CG2,10.160442352294922
12,1,N,9.948740005493164
13,1,CA,9.737034797668457
14,1,CB,9.536581993103027
15,1,OG,9.361076354980469
16,1,C,9.185571670532227
17,1,O,9.010066986083984
18,1,CB,8.894094467163086
19,1,N,8.950454711914062
20,1,CA,9.006815910339355
21,1,SD,9.063175201416016
22,1,CE,9.10400390625
23,1,CD,9.083741188049316
24,1,NE,9.0634765625
25,1,CZ,9.043212890625
26,1,NH1,8.9493408203125
27,1,NH2,8.433899879455566
28,1,CZ3,7.918455123901367
29,1,CH2,7.403012752532959
30,1,CB,6.900165557861328
31,1,CG1,6.517884254455566
32,1,CG2,6.13560152053833
33,1,CD1,5.753320217132568
34,1,CG,5.383848667144775
35,1,CD1,5.317564964294434
36,1,CD2,5.251280784606934
37,1,CE1,5.184997081756592
38,1,CE2,5.118712902069092
39,1,CZ,5.068908214569092
40,1,OH,5.019330024719238
41,1,CE1,4.969751358032227
42,1,CZ,4.920172691345215
43,1,OH,4.808680534362793
