atom_type,importance_sum
C,7.964415550231934
CA,7.964415550231934
CB,8.237496376037598
CD,8.851978302001953
CD1,9.466403007507324
CD2,10.080827713012695
CE,10.635558128356934
CE1,11.070903778076172
CE2,11.506246566772461
CE3,11.94158935546875
CG,12.109323501586914
CG1,11.34045696258545
CG2,10.5715913772583
CH2,9.802725791931152
CZ,9.217726707458496
CZ2,10.103646278381348
CZ3,10.989564895629883
O,11.875486373901367
OH,12.761404991149902
OD1,12.68688678741455
OD2,12.612373352050781
OE1,12.537858009338379
OE2,12.463338851928711
OG,12.277763366699219
OG1,12.078299522399902
N,11.878836631774902
NE,11.679373741149902
NE1,11.23685073852539
NE2,10.724989891052246
ND1,10.213132858276367
ND2,9.701273918151855
NZ,9.697321891784668
NH1,9.947242736816406
NH2,10.197246551513672
SD,10.447250366210938
SG,10.55833625793457
UNKNOWN,10.55833625793457
