atom_type,importance
C,0.08343962579965591
CA,0.08343962579965591
CB,0.09088405966758728
CD,0.10763400793075562
CD1,0.12438394874334335
CD2,0.14113330841064453
CE,0.15136271715164185
CE1,0.14855214953422546
CE2,0.1457415670156479
CE3,0.14292967319488525
CG,0.14331525564193726
CG1,0.15488788485527039
CG2,0.1664605736732483
CH2,0.17803321778774261
CZ,0.1878487765789032
CZ2,0.183607816696167
CZ3,0.1793668568134308
O,0.17512597143650055
OH,0.17088502645492554
OD1,0.16489703953266144
OD2,0.15890906751155853
OE1,0.15292109549045563
OE2,0.14693310856819153
OG,0.13611212372779846
OG1,0.12468694150447845
N,0.11326193809509277
NE,0.10183735191822052
NE1,0.10619474202394485
NE2,0.1150607317686081
ND1,0.12392771244049072
ND2,0.13279353082180023
NZ,0.14120903611183167
NH1,0.149399995803833
NH2,0.15759095549583435
SD,0.16578064858913422
SG,0.16942119598388672
UNKNOWN,0.16942119598388672
