atom_type,importance_sum
C,2.209857940673828
CA,2.209857940673828
CB,2.422494649887085
CD,2.9009275436401367
CD1,3.3793604373931885
CD2,3.8578133583068848
CE,4.349465370178223
CE1,4.867596626281738
CE2,5.3857293128967285
CE3,5.903899192810059
CG,6.138785362243652
CG1,5.382392883300781
CG2,4.6259989738464355
CH2,3.8696045875549316
CZ,3.4450314044952393
CZ2,5.675007343292236
CZ3,7.9049811363220215
O,10.134956359863281
OH,12.3649320602417
OD1,12.385252952575684
OD2,12.405580520629883
OE1,12.425898551940918
OE2,12.446224212646484
OG,12.066780090332031
OG1,11.637364387512207
N,11.207948684692383
NE,10.778532028198242
NE1,11.093698501586914
NE2,11.621563911437988
ND1,12.149508476257324
ND2,12.677375793457031
NZ,11.951369285583496
NH1,10.598502159118652
NH2,9.245562553405762
SD,7.892655372619629
SG,7.291370868682861
UNKNOWN,7.291370868682861
