atom_index,is_real_atom,atom_type_from_onehot,importance
0,1,CG1,8.08768367767334
1,1,CG2,8.08768367767334
2,1,CB,8.348989486694336
3,1,CG,8.90146255493164
4,1,CD1,9.453937530517578
5,1,CG,10.006412506103516
6,1,CD2,10.17463493347168
7,1,CG1,9.809865951538086
8,1,CD1,9.445096015930176
9,1,CD2,9.080327033996582
10,1,CA,8.731346130371094
11,1,C,8.40985107421875
12,1,O,8.08835506439209
13,1,CB,7.766860485076904
14,1,CG,7.581602096557617
15,1,CD1,7.6984333992004395
16,1,CD2,7.815264701843262
17,1,CE1,7.932096004486084
18,1,CE2,8.053498268127441
19,1,CZ,8.188127517700195
20,1,OH,8.322757720947266
21,1,CA,8.457388877868652
22,1,C,8.65485954284668
23,1,CB,9.099513053894043
24,1,CD1,9.544166564941406
25,1,N,9.988819122314453
26,1,CA,10.289844512939453
27,1,CB,9.768275260925293
28,1,CG,9.246702194213867
29,1,CD1,8.72513198852539
30,1,CD2,8.244294166564941
31,1,CD2,8.15334415435791
32,1,CB,8.062395095825195
33,1,CG1,7.971445560455322
34,1,CG2,7.872665882110596
35,1,CD1,7.5885725021362305
36,1,CG1,7.304480075836182
37,1,CG2,7.020387172698975
38,1,CD1,6.736292839050293
