atom_index,is_real_atom,atom_type_from_onehot,importance
0,1,CA,6.9393439292907715
1,1,CB,6.9393439292907715
2,1,CG1,7.185614109039307
3,1,CB,7.706300735473633
4,1,CG,8.226985931396484
5,1,CD1,8.747673034667969
6,1,CG,9.068865776062012
7,1,CD2,9.113343238830566
8,1,CD1,9.157818794250488
9,1,CD1,9.202296257019043
10,1,CD2,9.144942283630371
11,1,CA,8.910331726074219
12,1,C,8.6757173538208
13,1,O,8.441104888916016
14,1,CB,8.391016960144043
15,1,CG,8.750101089477539
16,1,CD1,9.109179496765137
17,1,CD2,9.468259811401367
18,1,CE1,9.700960159301758
19,1,CE2,9.567822456359863
20,1,CZ,9.434686660766602
21,1,OH,9.301548957824707
22,1,N,9.223115921020508
23,1,CA,9.35984992980957
24,1,CB,9.496582984924316
25,1,CG,9.633316993713379
26,1,CD1,9.680185317993164
27,1,CD2,9.212373733520508
28,1,CD2,8.744563102722168
29,1,CD2,8.276752471923828
30,1,CB,7.8296098709106445
31,1,CG1,7.580282688140869
32,1,CG2,7.330954551696777
33,1,CD1,7.081624984741211
34,1,CB,6.839476585388184
35,1,CG1,6.767226696014404
36,1,CG2,6.694975852966309
37,1,CD1,6.622725486755371
