atom_type,importance_sum
C,7.004970073699951
CA,7.004970073699951
CB,7.572961330413818
CD,8.850863456726074
CD1,10.12878704071045
CD2,11.40674114227295
CE,12.47758960723877
CE1,13.134293556213379
CE2,13.791003227233887
CE3,14.447712898254395
CG,15.25992202758789
CG1,16.616546630859375
CG2,17.97320556640625
CH2,19.3298397064209
CZ,20.48552894592285
CZ2,20.0339298248291
CZ3,19.582313537597656
O,19.130708694458008
OH,18.679100036621094
OD1,17.761558532714844
OD2,16.844018936157227
OE1,15.926485061645508
OE2,15.0089750289917
OG,14.163482666015625
OG1,13.32698917388916
N,12.490499496459961
NE,11.654008865356445
NE1,11.103196144104004
NE2,10.633901596069336
ND1,10.164617538452148
ND2,9.695328712463379
NZ,9.55709457397461
NH1,9.584397315979004
NH2,9.611708641052246
SD,9.639015197753906
SG,9.65116024017334
UNKNOWN,9.65116024017334
