atom_index,is_real_atom,atom_type_from_onehot,importance
0,1,CG,7.445427417755127
1,1,CD2,7.445427417755127
2,1,CD1,7.635772228240967
3,1,CG,8.038214683532715
4,1,CD1,8.440657615661621
5,1,CD2,8.843098640441895
6,1,CB,9.072997093200684
7,1,CG1,9.063560485839844
8,1,N,9.054121971130371
9,1,CA,9.044683456420898
10,1,O,8.998103141784668
11,1,CB,8.886863708496094
12,1,CG,8.775626182556152
13,1,CD,8.664388656616211
14,1,CA,8.583425521850586
15,1,C,8.56959056854248
16,1,O,8.555756568908691
17,1,CB,8.541923522949219
18,1,N,8.583039283752441
19,1,CD1,8.783220291137695
20,1,CB,8.98340129852295
21,1,CG1,9.18358325958252
22,1,CG2,9.325981140136719
23,1,C,9.241103172302246
24,1,O,9.15622615814209
25,1,CG1,9.071348190307617
26,1,N,8.976325988769531
27,1,CA,8.823212623596191
28,1,CB,8.670097351074219
29,1,OG,8.516983985900879
