atom_type,importance_sum
C,9.393400192260742
CA,9.393400192260742
CB,9.528553009033203
CD,9.832574844360352
CD1,10.136601448059082
CD2,10.440625190734863
CE,10.564533233642578
CE1,10.328025817871094
CE2,10.091516494750977
CE3,9.855010032653809
CG,9.589241027832031
CG1,9.220839500427246
CG2,8.852438926696777
CH2,8.484037399291992
CZ,8.211005210876465
CZ2,8.70091724395752
CZ3,9.190826416015625
O,9.68073844909668
OH,10.170650482177734
OD1,9.32833480834961
OD2,8.486017227172852
OE1,7.643652439117432
OE2,6.801336288452148
OG,7.274552345275879
OG1,7.912211894989014
N,8.549914360046387
NE,9.187573432922363
NE1,9.028130531311035
NE2,8.640910148620605
ND1,8.253682136535645
ND2,7.86655330657959
NZ,7.677852153778076
NH1,7.588443756103516
NH2,7.499034404754639
SD,7.409623622894287
SG,7.3699235916137695
UNKNOWN,7.3699235916137695
