atom_type,importance
C,0.10091063380241394
CA,0.10091063380241394
CB,0.10384451597929001
CD,0.1104450449347496
CD1,0.1170458123087883
CD2,0.12364701926708221
CE,0.13307900726795197
CE1,0.14817343652248383
CE2,0.16326789557933807
CE3,0.17836236953735352
CG,0.19043293595314026
CG1,0.19192200899124146
CG2,0.19341108202934265
CH2,0.19490016996860504
CZ,0.19709248840808868
CZ2,0.20491069555282593
CZ3,0.21272887289524078
O,0.22054705023765564
OH,0.2283652424812317
OD1,0.22510744631290436
OD2,0.22184959053993225
OE1,0.21859179437160492
OE2,0.2153339385986328
OG,0.20195358991622925
OG1,0.1873079240322113
N,0.17266234755516052
NE,0.158016636967659
NE1,0.15299831330776215
NE2,0.15072965621948242
ND1,0.14845989644527435
ND2,0.14619120955467224
NZ,0.14029602706432343
NH1,0.13258817791938782
NH2,0.12487933784723282
SD,0.1171712651848793
SG,0.1137452945113182
UNKNOWN,0.1137452945113182
