atom_index,is_real_atom,atom_type_from_onehot,importance
0,1,CA,6.797417163848877
1,1,C,6.797417163848877
2,1,O,6.994553565979004
3,1,CB,7.411357402801514
4,1,CG,7.828160762786865
5,1,CD1,8.244964599609375
6,1,CD2,8.588186264038086
7,1,CE1,8.829339027404785
8,1,CE2,9.0704927444458
9,1,CZ,9.311646461486816
10,1,OH,9.578707695007324
11,1,CA,9.890865325927734
12,1,C,10.203022003173828
13,1,O,10.515179634094238
14,1,CB,10.727392196655273
15,1,CG2,10.71799087524414
16,1,N,10.708586692810059
17,1,CA,10.699183464050293
18,1,C,10.658607482910156
19,1,O,10.52779769897461
20,1,CB,10.396989822387695
21,1,CB,10.266178131103516
22,1,SG,10.24327564239502
23,1,CG1,10.644804000854492
24,1,CG2,11.04633617401123
25,1,CG1,11.447863578796387
26,1,CD1,11.835026741027832
27,1,CD2,12.13989543914795
28,1,CA,12.444764137268066
29,1,C,12.749635696411133
30,1,O,12.988932609558105
31,1,CB,12.600626945495605
32,1,CG,12.212324142456055
33,1,CD,11.824016571044922
34,1,NE,11.437139511108398
35,1,CB,11.084056854248047
36,1,CG1,10.730977058410645
37,1,CG2,10.377899169921875
38,1,CD1,10.024816513061523
39,1,CD1,9.461688041687012
40,1,CB,8.895682334899902
41,1,CG,8.32967472076416
42,1,CD1,7.763668537139893
43,1,CD2,7.311428546905518
44,1,NE1,6.867434978485107
45,1,CE2,6.423439025878906
46,1,CE3,5.9794440269470215
47,1,CZ2,5.72974157333374
48,1,CZ3,5.506941318511963
49,1,CH2,5.284139156341553
