atom_type,importance_sum
C,9.145297050476074
CA,9.145297050476074
CB,9.627042770385742
CD,10.711061477661133
CD1,11.795002937316895
CD2,12.879022598266602
CE,13.715957641601562
CE1,14.058725357055664
CE2,14.40157413482666
CE3,14.744342803955078
CG,15.186579704284668
CG1,15.976778030395508
CG2,16.766971588134766
CH2,17.557167053222656
CZ,18.3253173828125
CZ2,18.917095184326172
CZ3,19.508882522583008
O,20.100656509399414
OH,20.692441940307617
OD1,21.392292022705078
OD2,22.092151641845703
OE1,22.79200553894043
OE2,23.49186134338379
OG,22.624483108520508
OG1,21.561195373535156
N,20.497905731201172
NE,19.434621810913086
NE1,19.063777923583984
NE2,18.890583038330078
ND1,18.71753692626953
ND2,18.544490814208984
NZ,17.94789695739746
NH1,17.139442443847656
NH2,16.33100128173828
SD,15.522615432739258
SG,15.163296699523926
UNKNOWN,15.163296699523926
