atom_type,importance
C,0.13438169658184052
CA,0.13438169658184052
CB,0.14407187700271606
CD,0.1658743917942047
CD1,0.18767684698104858
CD2,0.20947925746440887
CE,0.22716672718524933
CE1,0.23662404716014862
CE2,0.2460814118385315
CE3,0.25553879141807556
CG,0.2574796676635742
CG1,0.2331124097108841
CG2,0.20874625444412231
CH2,0.1843789517879486
CZ,0.1639000028371811
CZ2,0.17452774941921234
CZ3,0.18515555560588837
O,0.1957833170890808
OH,0.20641109347343445
OD1,0.19785071909427643
OD2,0.18929041922092438
OE1,0.18073008954524994
OE2,0.1721697449684143
OG,0.17549362778663635
OG1,0.18030300736427307
N,0.18511244654655457
NE,0.18992184102535248
NE1,0.1913096159696579
NE2,0.1917208582162857
ND1,0.1921321451663971
ND2,0.1925433725118637
NZ,0.19289498031139374
NH1,0.19321568310260773
NH2,0.19353750348091125
SD,0.19385819137096405
SG,0.19400149583816528
UNKNOWN,0.19400149583816528
