atom_type,importance
C,0.08446990698575974
CA,0.08446990698575974
CB,0.08740860968828201
CD,0.0940205380320549
CD1,0.10063245892524719
CD2,0.10724441707134247
CE,0.11407271027565002
CE1,0.1213332861661911
CE2,0.12859484553337097
CE3,0.13585545122623444
CG,0.14114339649677277
CG1,0.1395280510187149
CG2,0.13791263103485107
CH2,0.1362973004579544
CZ,0.13620787858963013
CZ2,0.14832566678524017
CZ3,0.1604434847831726
O,0.17256133258342743
OH,0.18467915058135986
OD1,0.18175266683101654
OD2,0.1788262277841568
OE1,0.17589978873729706
OE2,0.1729733645915985
OG,0.1788552701473236
OG1,0.18583817780017853
N,0.19282107055187225
NE,0.19980400800704956
NE1,0.21036987006664276
NE2,0.2219584882259369
ND1,0.23354721069335938
ND2,0.2451358288526535
NZ,0.24403446912765503
NH1,0.2365848869085312
NH2,0.22913742065429688
SD,0.22168922424316406
SG,0.21837906539440155
UNKNOWN,0.21837906539440155
