atom_index,is_real_atom,atom_type_from_onehot,importance
0,1,O,10.199212074279785
1,1,CG,10.199212074279785
2,1,CD1,10.27295970916748
3,1,CD2,10.42888069152832
4,1,O,10.584803581237793
5,1,CB,10.74072551727295
6,1,OG1,10.634885787963867
7,1,CG2,10.165962219238281
8,1,CG,9.697038650512695
9,1,CD1,9.228113174438477
10,1,CD2,8.877081871032715
11,1,CG,8.731282234191895
12,1,CD2,8.585482597351074
13,1,CA,8.439682006835938
14,1,CB,8.314302444458008
15,1,CD2,8.23420524597168
16,1,CE1,8.154107093811035
17,1,CE2,8.074009895324707
18,1,CZ,8.045291900634766
19,1,OH,8.165308952331543
20,1,CG,8.28532600402832
21,1,CD1,8.405341148376465
22,1,CD2,8.547080993652344
23,1,CG,8.774253845214844
24,1,SD,9.001428604125977
25,1,CD2,9.228604316711426
26,1,CB,9.311772346496582
27,1,CD1,8.570191383361816
28,1,CG,7.828606128692627
