atom_type,importance_sum
C,7.209253311157227
CA,7.209253311157227
CB,7.477789878845215
CD,8.08195972442627
CD1,8.686179161071777
CD2,9.290349006652832
CE,9.999906539916992
CE1,10.920145034790039
CE2,11.840383529663086
CE3,12.7606201171875
CG,13.644947052001953
CG1,14.403532981872559
CG2,15.16211986541748
CH2,15.920706748962402
CZ,16.52749252319336
CZ2,15.919642448425293
CZ3,15.31181526184082
O,14.70398998260498
OH,14.09616470336914
OD1,13.34694766998291
OD2,12.597725868225098
OE1,11.84851360321045
OE2,11.099292755126953
OG,10.340354919433594
OG1,9.580211639404297
N,8.820079803466797
NE,8.059948921203613
NE1,7.748692512512207
NE2,7.5656561851501465
ND1,7.3826189041137695
ND2,7.199634075164795
NZ,7.456974029541016
NH1,7.934447765350342
NH2,8.41197395324707
SD,8.88948917388916
SG,9.101723670959473
UNKNOWN,9.101723670959473
