atom_index,is_real_atom,atom_type_from_onehot,importance
0,1,OG,5.155540466308594
1,1,CB,5.155540466308594
2,1,CG,5.255924701690674
3,1,CD1,5.468166351318359
4,1,CD2,5.680408000946045
5,1,CE1,5.892649173736572
6,1,CE2,5.982829570770264
7,1,CZ,5.903702259063721
8,1,CG,5.8245744705200195
9,1,CD2,5.745447635650635
10,1,CB,5.806544780731201
11,1,OG1,6.111739635467529
12,1,CG2,6.416934967041016
13,1,CB,6.722128868103027
14,1,CG,6.924228668212891
15,1,CD1,6.897725582122803
16,1,CD2,6.871222972869873
17,1,CE1,6.844719886779785
18,1,CE2,6.802692413330078
19,1,CZ,6.715728282928467
20,1,N,6.628763198852539
21,1,CA,6.541797161102295
22,1,O,6.54921293258667
23,1,CB,6.927855491638184
24,1,CG,7.3064985275268555
25,1,CD2,7.685141563415527
26,1,CE2,7.996420860290527
27,1,CG,7.9218831062316895
28,1,CD,7.847345352172852
29,1,OE2,7.772809028625488
30,1,CG,7.637716293334961
31,1,CD2,6.923030376434326
32,1,CD2,6.208342552185059
