atom_type,importance_sum
C,1.801384687423706
CA,1.801384687423706
CB,2.0187270641326904
CD,2.507760763168335
CD1,2.99680757522583
CD2,3.4858298301696777
CE,4.087482452392578
CE1,4.914341449737549
CE2,5.741154193878174
CE3,6.5680155754089355
CG,7.62636137008667
CG1,9.49512767791748
CG2,11.36389446258545
CH2,13.23266315460205
CZ,14.791474342346191
CZ2,13.870664596557617
CZ3,12.949853897094727
O,12.029045104980469
OH,11.108232498168945
OD1,9.981687545776367
OD2,8.855143547058105
OE1,7.728599548339844
OE2,6.602054119110107
OG,7.433073043823242
OG1,8.508790969848633
N,9.584505081176758
NE,10.660223960876465
NE1,9.69275951385498
NE2,8.141578674316406
ND1,6.590354919433594
ND2,5.039150238037109
NZ,4.275461673736572
NH1,3.9055562019348145
NH2,3.535649299621582
SD,3.165745973587036
SG,3.0013461112976074
UNKNOWN,3.0013461112976074
