atom_index,is_real_atom,atom_type_from_onehot,importance
0,1,C,11.505614280700684
1,1,O,11.505614280700684
2,1,CB,11.736761093139648
3,1,N,12.225473403930664
4,1,CA,12.714184761047363
5,1,C,13.202898025512695
6,1,O,13.468247413635254
7,1,CB,13.423774719238281
8,1,CG,13.379300117492676
9,1,CD1,13.33482837677002
10,1,CD2,13.327756881713867
11,1,CA,13.385796546936035
12,1,C,13.443835258483887
13,1,O,13.501875877380371
14,1,N,13.490017890930176
15,1,CD1,13.323168754577637
16,1,CA,13.156319618225098
17,1,CB,12.989471435546875
18,1,CG,12.582253456115723
19,1,CD,11.479231834411621
20,1,OE2,10.37621021270752
