atom_type,importance_sum
C,2.0105485916137695
CA,2.0105485916137695
CB,2.1378073692321777
CD,2.424114465713501
CD1,2.7104203701019287
CD2,2.9967422485351562
CE,3.2541022300720215
CE1,3.453566789627075
CE2,3.6530330181121826
CE3,3.852499008178711
CG,4.66227912902832
CG1,7.608180046081543
CG2,10.554121017456055
CH2,13.500017166137695
CZ,16.159330368041992
CZ2,16.525890350341797
CZ3,16.892446517944336
O,17.259000778198242
OH,17.625564575195312
OD1,16.579059600830078
OD2,15.532557487487793
OE1,14.486056327819824
OE2,13.43955135345459
OG,12.667008399963379
OG1,11.928703308105469
N,11.19040298461914
NE,10.45210075378418
NE1,10.153523445129395
NE2,9.980648040771484
ND1,9.807698249816895
ND2,9.634818077087402
NZ,8.912422180175781
NH1,7.915339469909668
NH2,6.918254852294922
SD,5.92113733291626
SG,5.477992057800293
UNKNOWN,5.477992057800293
