atom_index,is_real_atom,atom_type_from_onehot,importance
0,1,CA,8.216450691223145
1,1,CD2,8.216450691223145
2,1,CA,8.379958152770996
3,1,C,8.725663185119629
4,1,O,9.071365356445312
5,1,CB,9.417067527770996
6,1,C,9.530173301696777
7,1,O,9.320639610290527
8,1,CB,9.111109733581543
9,1,N,8.90157699584961
10,1,CA,8.718216896057129
11,1,C,8.580416679382324
12,1,O,8.442615509033203
13,1,CB,8.304816246032715
14,1,C,8.214800834655762
15,1,O,8.230742454528809
16,1,CB,8.246684074401855
17,1,CG,8.262625694274902
18,1,CD2,8.281926155090332
19,1,N,8.310944557189941
20,1,CA,8.339963912963867
21,1,C,8.368983268737793
22,1,O,8.312849044799805
23,1,CB,7.921779632568359
24,1,CB,7.5307087898254395
25,1,CG1,7.139639377593994
26,1,CG2,6.760537624359131
27,1,CD1,6.4499831199646
28,1,CD1,6.139428615570068
