atom_type,importance_sum
C,8.789752960205078
CA,8.789752960205078
CB,9.017184257507324
CD,9.52880859375
CD1,10.040535926818848
CD2,10.552159309387207
CE,10.86108684539795
CE1,10.764511108398438
CE2,10.667839050292969
CE3,10.571266174316406
CG,10.224806785583496
CG1,9.004124641418457
CG2,7.783443927764893
CH2,6.562763214111328
CZ,5.5431647300720215
CZ2,6.1322407722473145
CZ3,6.721316814422607
O,7.310393810272217
OH,7.899469375610352
OD1,7.8215436935424805
OD2,7.74361515045166
OE1,7.665687561035156
OE2,7.587761402130127
OG,7.739110469818115
OG1,7.919121265411377
N,8.099130630493164
NE,8.279138565063477
NE1,7.599827766418457
NE2,6.6750030517578125
ND1,5.750182628631592
ND2,4.825358867645264
NZ,4.801401138305664
NH1,5.227902412414551
NH2,5.654353141784668
SD,6.08085298538208
SG,6.270392894744873
UNKNOWN,6.270392894744873
