atom_type,importance
C,0.10101320594549179
CA,0.10101320594549179
CB,0.10823269188404083
CD,0.12447655946016312
CD1,0.14071989059448242
CD2,0.15696434676647186
CE,0.16521763801574707
CE1,0.1574929803609848
CE2,0.14976714551448822
CE3,0.14204253256320953
CG,0.1353418529033661
CG1,0.1322324573993683
CG2,0.1291230320930481
CH2,0.1260136216878891
CZ,0.12517809867858887
CZ2,0.14253346621990204
CZ3,0.15988881886005402
O,0.1772441864013672
OH,0.19459956884384155
OD1,0.19471551477909088
OD2,0.19483141601085663
OE1,0.19494734704494476
OE2,0.19506332278251648
OG,0.1938144564628601
OG1,0.19239503145217896
N,0.19097556173801422
NE,0.1895560920238495
NE1,0.19175149500370026
NE2,0.19497810304164886
ND1,0.19820581376552582
ND2,0.20143243670463562
NZ,0.19592827558517456
NH1,0.18605823814868927
NH2,0.17618809640407562
SD,0.16631697118282318
SG,0.161930650472641
UNKNOWN,0.161930650472641
