atom_index,is_real_atom,atom_type_from_onehot,importance
0,1,O,10.508227348327637
1,1,N,10.508227348327637
2,1,CA,10.431595802307129
3,1,C,10.269580841064453
4,1,O,10.107563018798828
5,1,CB,9.945547103881836
6,1,CG,9.701007843017578
7,1,CD1,9.342002868652344
8,1,CD2,8.982995986938477
9,1,N,8.623991012573242
10,1,N,8.325094223022461
11,1,CA,8.130834579467773
12,1,C,7.936574935913086
13,1,O,7.742315292358398
14,1,CB,7.643748760223389
15,1,CG,7.7573699951171875
16,1,CD1,7.870991230010986
17,1,CD2,7.984612464904785
18,1,N,8.024806022644043
19,1,CA,7.852447032928467
20,1,CB,7.680088043212891
21,1,N,7.507729530334473
22,1,CA,7.363925457000732
23,1,CB,7.332437038421631
24,1,CG,7.300947189331055
25,1,CD1,7.269459247589111
26,1,CD2,7.2517409324646
27,1,CE1,7.31289529800415
28,1,CE2,7.374048233032227
29,1,CZ,7.435201168060303
30,1,CE1,7.510973930358887
31,1,CA,7.726668357849121
32,1,O,7.942362308502197
33,1,CB,8.15805721282959
34,1,CG1,8.368973731994629
35,1,CG2,8.466804504394531
36,1,N,8.5646333694458
37,1,CA,8.662461280822754
38,1,C,8.760293006896973
39,1,O,8.874015808105469
40,1,CB,8.987957954406738
41,1,OG,9.101898193359375
42,1,N,9.215838432312012
43,1,CA,9.330523490905762
44,1,CB,9.445258140563965
45,1,CG1,9.559993743896484
46,1,CD1,9.674731254577637
47,1,OG1,9.245833396911621
