atom_index,is_real_atom,atom_type_from_onehot,importance
0,1,CB,6.626511573791504
1,1,CG,6.626511573791504
2,1,CD1,6.742279529571533
3,1,CD2,6.987048625946045
4,1,CE1,7.231816291809082
5,1,CE2,7.476583957672119
6,1,CZ,7.521132469177246
7,1,C,7.287956237792969
8,1,O,7.054782390594482
9,1,CG,6.821606159210205
10,1,CD2,6.630021572113037
11,1,N,6.510832786560059
12,1,CA,6.391644477844238
13,1,CB,6.27245569229126
14,1,CG2,6.159701824188232
15,1,CB,6.061213493347168
16,1,CG,5.962723731994629
17,1,CD1,5.8642354011535645
18,1,CD2,5.848186492919922
19,1,CE1,6.070777893066406
20,1,CE2,6.293369770050049
21,1,CZ,6.515961647033691
22,1,C,6.735202312469482
23,1,CB,6.941260814666748
24,1,CG,7.147319793701172
25,1,CD2,7.3533782958984375
26,1,N,7.512556076049805
27,1,CA,7.403238773345947
28,1,CB,7.29392147064209
29,1,CG,7.184604167938232
30,1,OE1,7.049912452697754
31,1,CB,6.672358989715576
32,1,CG,6.294805526733398
33,1,CD1,5.9172515869140625
34,1,CD2,5.551558494567871
35,1,CD2,5.466563701629639
36,1,CB,5.381569862365723
37,1,CG,5.29657506942749
38,1,CD1,5.2115797996521
39,1,CD2,5.114791393280029
40,1,CE1,5.0178422927856445
41,1,CE2,4.920892715454102
42,1,CZ,4.823943138122559
43,1,OH,4.697671413421631
