atom_type,importance_sum
C,4.957099437713623
CA,4.957099437713623
CB,5.056463241577148
CD,5.280013084411621
CD1,5.503607273101807
CD2,5.727160453796387
CE,6.017665386199951
CE1,6.442119598388672
CE2,6.8665313720703125
CE3,7.290986061096191
CG,8.025461196899414
CG1,9.845039367675781
CG2,11.664658546447754
CH2,13.484277725219727
CZ,15.138511657714844
CZ2,15.469704627990723
CZ3,15.800895690917969
O,16.13209342956543
OH,16.463285446166992
OD1,15.151248931884766
OD2,13.83920669555664
OE1,12.52717399597168
OE2,11.215136528015137
OG,10.248879432678223
OG1,9.325843811035156
N,8.402807235717773
NE,7.479818344116211
NE1,6.939333438873291
NE2,6.50812292098999
ND1,6.076955795288086
ND2,5.645744800567627
NZ,5.550511360168457
NH1,5.6232008934021
NH2,5.695931434631348
SD,5.768661975860596
SG,5.800989151000977
UNKNOWN,5.800989151000977
