atom_type,importance_sum
C,9.724218368530273
CA,9.724218368530273
CB,10.110869407653809
CD,10.980891227722168
CD1,11.850831985473633
CD2,12.720868110656738
CE,13.6126070022583
CE1,14.547752380371094
CE2,15.482894897460938
CE3,16.418062210083008
CG,17.13271141052246
CG1,17.07547950744629
CG2,17.01824378967285
CH2,16.961009979248047
CZ,16.79314422607422
CZ2,15.740230560302734
CZ3,14.68731689453125
O,13.634403228759766
OH,12.58149242401123
OD1,12.096067428588867
OD2,11.610641479492188
OE1,11.125218391418457
OE2,10.639796257019043
OG,10.4569091796875
OG1,10.311842918395996
N,10.166776657104492
NE,10.021708488464355
NE1,9.86664867401123
NE2,9.708795547485352
ND1,9.550849914550781
ND2,9.392982482910156
NZ,8.994298934936523
NH1,8.475238800048828
NH2,7.956193923950195
SD,7.437140464782715
SG,7.206419944763184
UNKNOWN,7.206419944763184
