atom_type,importance
C,0.17335231602191925
CA,0.17335231602191925
CB,0.18363985419273376
CD,0.20678651332855225
CD1,0.22993314266204834
CD2,0.2530789077281952
CE,0.27107974886894226
CE1,0.27879124879837036
CE2,0.28650274872779846
CE3,0.2942142188549042
CG,0.2918362319469452
CG1,0.2541404962539673
CG2,0.21644484996795654
CH2,0.17874924838542938
CZ,0.14611689746379852
CZ2,0.1539909988641739
CZ3,0.16186507046222687
O,0.16973911225795746
OH,0.17761319875717163
OD1,0.19882212579250336
OD2,0.22003105282783508
OE1,0.2412400096654892
OE2,0.2624489367008209
OG,0.2572956383228302
OG1,0.24884699285030365
N,0.2403983622789383
NE,0.23194974660873413
NE1,0.22247429192066193
NE2,0.21270665526390076
ND1,0.2029389888048172
ND2,0.19317132234573364
NZ,0.18501979112625122
NH1,0.1776757389307022
NH2,0.17033270001411438
SD,0.16298966109752655
SG,0.15972599387168884
UNKNOWN,0.15972599387168884
