atom_type,importance_sum
C,13.783084869384766
CA,13.783084869384766
CB,14.16993236541748
CD,15.040339469909668
CD1,15.910840034484863
CD2,16.781246185302734
CE,17.43194580078125
CE1,17.643224716186523
CE2,17.85455322265625
CE3,18.065872192382812
CG,17.914949417114258
CG1,16.495908737182617
CG2,15.076922416687012
CH2,13.657949447631836
CZ,12.405256271362305
CZ2,12.48273754119873
CZ3,12.560219764709473
O,12.63769817352295
OH,12.715180397033691
OD1,12.351486206054688
OD2,11.987787246704102
OE1,11.624089241027832
OE2,11.260391235351562
OG,11.506978034973145
OG1,11.829849243164062
N,12.15272045135498
NE,12.475593566894531
NE1,12.7055082321167
NE2,12.908855438232422
ND1,13.112107276916504
ND2,13.31545352935791
NZ,13.344587326049805
NH1,13.286528587341309
NH2,13.228466033935547
SD,13.170498847961426
SG,13.144713401794434
UNKNOWN,13.144713401794434
