atom_type,importance
C,0.10220585763454437
CA,0.10220585763454437
CB,0.09980738162994385
CD,0.09441019594669342
CD1,0.089013010263443
CD2,0.08361636102199554
CE,0.08000781387090683
CE1,0.07997599244117737
CE2,0.07994420826435089
CE3,0.07991238683462143
CG,0.08053942024707794
CG1,0.0834740698337555
CG2,0.08640872687101364
CH2,0.08934339135885239
CZ,0.09384538978338242
CZ2,0.11088678985834122
CZ3,0.12792761623859406
O,0.14496846497058868
OH,0.1620093435049057
OD1,0.16001681983470917
OD2,0.15802429616451263
OE1,0.1560317575931549
OE2,0.15403921902179718
OG,0.14815133810043335
OG1,0.1417764127254486
N,0.13540157675743103
NE,0.12902671098709106
NE1,0.13950102031230927
NE2,0.15479055047035217
ND1,0.17007997632026672
ND2,0.18536944687366486
NZ,0.18397611379623413
NH1,0.17424242198467255
NH2,0.16450998187065125
SD,0.15477636456489563
SG,0.15045002102851868
UNKNOWN,0.15045002102851868
