atom_index,is_real_atom,atom_type_from_onehot,importance
0,1,CD2,5.360065460205078
1,1,CE1,5.360065460205078
2,1,CE2,5.314560890197754
3,1,CZ,5.218350410461426
4,1,CG,5.122142314910889
5,1,CD1,5.025932788848877
6,1,CD2,5.0207695960998535
7,1,CG,5.141897201538086
8,1,CD1,5.263026237487793
9,1,CD2,5.384153366088867
10,1,CG,5.497138500213623
11,1,CD2,5.595947265625
12,1,CE2,5.694756507873535
13,1,CZ,5.793564796447754
14,1,CA,5.861660480499268
15,1,C,5.861654281616211
16,1,O,5.86164665222168
17,1,CB,5.861640453338623
18,1,N,5.813582897186279
19,1,CA,5.626431941986084
20,1,C,5.439280986785889
21,1,O,5.252130031585693
22,1,N,5.093986511230469
23,1,CA,5.049940586090088
24,1,C,5.005893230438232
25,1,O,4.961846351623535
26,1,CB,4.9420294761657715
27,1,CD1,5.060985565185547
28,1,N,5.179941654205322
29,1,CA,5.298897743225098
30,1,C,5.39853572845459
31,1,O,5.313267230987549
32,1,CB,5.22799825668335
33,1,CG2,5.142729759216309
34,1,C,5.051928997039795
35,1,O,4.830211162567139
36,1,CB,4.608494758605957
37,1,CG2,4.386776924133301
38,1,CD1,4.1650590896606445
39,1,N,4.09757137298584
40,1,CA,4.032196044921875
41,1,C,3.966820478439331
42,1,O,3.9014453887939453
43,1,CB,3.9568116664886475
44,1,CG,4.020927906036377
45,1,CD1,4.085043430328369
46,1,CE1,4.1491594314575195
47,1,CB,4.141894817352295
48,1,CG1,4.1247477531433105
49,1,CG2,4.10759973526001
50,1,CD1,4.090451240539551
