atom_type,importance_sum
C,3.960808753967285
CA,3.960808753967285
CB,4.1643147468566895
CD,4.622150421142578
CD1,5.0800251960754395
CD2,5.537898063659668
CE,6.462832450866699
CE1,8.321922302246094
CE2,10.181011199951172
CE3,12.040176391601562
CG,13.18234634399414
CG1,11.815367698669434
CG2,10.448392868041992
CH2,9.0814208984375
CZ,7.931852340698242
CZ2,8.521561622619629
CZ3,9.111265182495117
O,9.700974464416504
OH,10.290677070617676
OD1,9.410578727722168
OD2,8.530477523803711
OE1,7.650380611419678
OE2,6.7702789306640625
OG,6.896103858947754
OG1,7.147670269012451
N,7.399237155914307
NE,7.650804042816162
NE1,7.5765790939331055
NE2,7.409268379211426
ND1,7.241955757141113
ND2,7.074605464935303
NZ,7.529020309448242
NH1,8.294292449951172
NH2,9.059529304504395
SD,9.824764251708984
SG,10.164958953857422
UNKNOWN,10.164958953857422
