atom_index,is_real_atom,atom_type_from_onehot,importance
0,1,CE3,6.90443229675293
1,1,CZ2,6.90443229675293
2,1,CZ3,6.957121849060059
3,1,CH2,7.0685224533081055
4,1,CG2,7.179922580718994
5,1,CB,7.291323184967041
6,1,CD2,7.234363555908203
7,1,CE2,6.943873882293701
8,1,CZ,6.653385162353516
9,1,OH,6.362894535064697
10,1,N,6.144253253936768
11,1,CA,6.050684452056885
12,1,C,5.957114219665527
13,1,O,5.8635454177856445
14,1,CB,5.745053291320801
15,1,CG,5.571300029754639
16,1,C,5.397544860839844
17,1,O,5.22379207611084
18,1,CB,5.038941860198975
19,1,CG,4.821972370147705
20,1,CD1,4.605000972747803
21,1,CD2,4.388030529022217
22,1,NE1,4.224204063415527
23,1,CE2,4.269413471221924
24,1,CE3,4.314621925354004
25,1,CZ2,4.359830856323242
26,1,CZ3,4.443966388702393
27,1,CH2,4.751043319702148
28,1,CD1,5.058119773864746
29,1,CE1,5.365196228027344
30,1,CE2,5.6667890548706055
31,1,CZ,5.915889739990234
32,1,CD1,6.1649909019470215
33,1,CD2,6.414091110229492
34,1,CE1,6.653275012969971
35,1,CE2,6.6577558517456055
36,1,CZ,6.66223669052124
37,1,O,6.666718482971191
38,1,CA,6.671199321746826
39,1,C,6.488694190979004
40,1,O,6.3036298751831055
41,1,CB,6.118565082550049
42,1,CG1,5.933499336242676
43,1,N,5.765413284301758
44,1,CA,5.59855842590332
45,1,C,5.431702613830566
46,1,O,5.2648468017578125
47,1,N,5.142613410949707
48,1,CA,5.0265583992004395
49,1,CB,4.91050386428833
50,1,CG,4.794448375701904
51,1,CD1,4.94758939743042
52,1,CD2,5.158097743988037
53,1,CE1,5.368607997894287
54,1,CE2,5.5791168212890625
55,1,CZ,5.188480377197266
