atom_type,importance_sum
C,8.814284324645996
CA,8.814284324645996
CB,8.553818702697754
CD,7.96769905090332
CD1,7.3815789222717285
CD2,6.79549503326416
CE,6.825054168701172
CE1,8.085928916931152
CE2,9.346877098083496
CE3,10.607756614685059
CG,11.544156074523926
CG1,11.344895362854004
CG2,11.145631790161133
CH2,10.946367263793945
CZ,10.93332290649414
CZ2,12.410018920898438
CZ3,13.886719703674316
O,15.363419532775879
OH,16.84011459350586
OD1,16.0184383392334
OD2,15.196763038635254
OE1,14.37508487701416
OE2,13.553409576416016
OG,13.290307998657227
OG1,13.097023010253906
N,12.903746604919434
NE,12.710465431213379
NE1,12.613996505737305
NE2,12.545126914978027
ND1,12.4762601852417
ND2,12.407470703125
NZ,12.16523265838623
NH1,11.836273193359375
NH2,11.507311820983887
SD,11.178427696228027
SG,11.032232284545898
UNKNOWN,11.032232284545898
