atom_type,importance
C,0.05370926484465599
CA,0.05370926484465599
CB,0.057127226144075394
CD,0.06481770426034927
CD1,0.07250797748565674
CD2,0.08019822835922241
CE,0.08665534108877182
CE1,0.09064606577157974
CE2,0.09463629126548767
CE3,0.09862649440765381
CG,0.10251331329345703
CG1,0.10603651404380798
CG2,0.10955967009067535
CH2,0.1130828708410263
CZ,0.11796601861715317
CZ2,0.13372893631458282
CZ3,0.14949184656143188
O,0.16525474190711975
OH,0.1810176521539688
OD1,0.1828850656747818
OD2,0.1847524791955948
OE1,0.18661989271640778
OE2,0.18848727643489838
OG,0.18432949483394623
OG1,0.17941850423812866
N,0.1745075136423111
NE,0.1695965677499771
NE1,0.18539002537727356
NE2,0.20709793269634247
ND1,0.22880806028842926
ND2,0.2505169212818146
NZ,0.24925513565540314
NH1,0.23650909960269928
NH2,0.22376297414302826
SD,0.21101686358451843
SG,0.20535221695899963
UNKNOWN,0.20535221695899963
