atom_type,importance
C,0.08966900408267975
CA,0.08966900408267975
CB,0.09208401292562485
CD,0.09751785546541214
CD1,0.10295164585113525
CD2,0.10838553309440613
CE,0.11371131986379623
CE1,0.1188216507434845
CE2,0.12393100559711456
CE3,0.12904015183448792
CG,0.13685725629329681
CG1,0.15414682030677795
CG2,0.1714363843202591
CH2,0.18872591853141785
CZ,0.2035895437002182
CZ2,0.19904623925685883
CZ3,0.19450287520885468
O,0.18995952606201172
OH,0.185416117310524
OD1,0.1835416555404663
OD2,0.18166719377040863
OE1,0.17979270219802856
OE2,0.1779182404279709
OG,0.16274407505989075
OG1,0.1459074169397354
N,0.12907075881958008
NE,0.11223413795232773
NE1,0.11322809755802155
NE2,0.11931495368480682
ND1,0.12540306150913239
ND2,0.13149116933345795
NZ,0.1413296014070511
NH1,0.15304456651210785
NH2,0.16475951671600342
SD,0.17647314071655273
SG,0.1816803514957428
UNKNOWN,0.1816803514957428
