atom_index,is_real_atom,atom_type_from_onehot,importance
0,1,CD2,6.998134136199951
1,1,CE2,6.998134136199951
2,1,CZ,6.6883344650268555
3,1,CD1,6.033328056335449
4,1,CG2,5.378323078155518
5,1,N,4.723315715789795
6,1,CA,4.3881988525390625
7,1,O,4.496795654296875
8,1,CB,4.605393409729004
9,1,CG1,4.713990688323975
10,1,CG2,4.833779811859131
11,1,CD1,4.973050117492676
12,1,CB,5.1123223304748535
13,1,CG1,5.251594066619873
14,1,CG2,5.385162353515625
15,1,N,5.5060858726501465
16,1,CA,5.62700891494751
17,1,CB,5.747931003570557
18,1,CG,5.775508880615234
19,1,SD,5.532876491546631
20,1,CE,5.290243625640869
21,1,CE3,5.047611236572266
22,1,CZ2,4.851230621337891
23,1,CZ3,4.8367695808410645
24,1,CH2,4.82230806350708
25,1,CA,4.807847499847412
26,1,C,4.781655311584473
27,1,O,4.688273906707764
28,1,CB,4.594893455505371
29,1,CG,4.501512050628662
30,1,CD2,4.406487464904785
31,1,N,4.2957234382629395
32,1,CA,4.184959411621094
33,1,CB,4.0741963386535645
34,1,CG,3.962810516357422
35,1,CD1,3.8367297649383545
36,1,CD2,3.7106494903564453
37,1,NE1,3.5845675468444824
38,1,CE2,3.458486557006836
39,1,CE3,3.434098720550537
40,1,CZ2,3.411104679107666
41,1,CZ3,3.3881101608276367
42,1,CH2,3.3651161193847656
43,1,CB,3.770066022872925
44,1,CG,4.206023693084717
45,1,CD1,4.641983509063721
46,1,CD2,5.077942848205566
47,1,CD2,5.182769775390625
48,1,CG1,5.241748809814453
49,1,CG2,5.300726890563965
50,1,CD1,5.359706401824951
51,1,CB,5.2814154624938965
52,1,CG,5.1738715171813965
53,1,SD,5.0663275718688965
54,1,CE,4.9587836265563965
55,1,CD2,4.506481170654297
56,1,CE1,3.9513590335845947
57,1,CE2,3.3962342739105225
58,1,CZ,2.8411102294921875
