atom_type,importance_sum
C,1.9931708574295044
CA,1.9931708574295044
CB,2.2925496101379395
CD,2.966146469116211
CD1,3.6397595405578613
CD2,4.313356399536133
CE,4.818593502044678
CE1,4.987076759338379
CE2,5.155559062957764
CE3,5.324041843414307
CG,5.910303592681885
CG1,7.958725929260254
CG2,10.00711727142334
CH2,12.055538177490234
CZ,13.926773071289062
CZ2,14.38054084777832
CZ3,14.834300994873047
O,15.288066864013672
OH,15.741826057434082
OD1,12.970046997070312
OD2,10.198265075683594
OE1,7.426515579223633
OE2,4.654735088348389
OG,4.514303684234619
OG1,4.702794551849365
N,4.89128303527832
NE,5.079771995544434
NE1,6.129878520965576
NE2,7.426144599914551
ND1,8.722413063049316
ND2,10.018747329711914
NZ,11.110137939453125
NH1,12.099054336547852
NH2,13.087971687316895
SD,14.07695484161377
SG,14.516490936279297
UNKNOWN,14.516490936279297
