atom_type,importance
C,0.12160340696573257
CA,0.12160340696573257
CB,0.12330515682697296
CD,0.12713390588760376
CD1,0.13096371293067932
CD2,0.13479244709014893
CE,0.13821351528167725
CE1,0.14081823825836182
CE2,0.14342299103736877
CE3,0.14602769911289215
CG,0.15247158706188202
CG1,0.17235442996025085
CG2,0.19223730266094208
CH2,0.2121201902627945
CZ,0.22887571156024933
CZ2,0.22062283754348755
CZ3,0.21237096190452576
O,0.2041180580854416
OH,0.19586507976055145
OD1,0.195858895778656
OD2,0.19585269689559937
OE1,0.1958465278148651
OE2,0.19584035873413086
OG,0.18993884325027466
OG1,0.1833004355430603
N,0.17666201293468475
NE,0.17002356052398682
NE1,0.16886013746261597
NE2,0.16926191747188568
ND1,0.169663667678833
ND2,0.1700654923915863
NZ,0.17763037979602814
NH1,0.18877696990966797
NH2,0.1999247521162033
SD,0.2110712081193924
SG,0.21602486073970795
UNKNOWN,0.21602486073970795
