atom_index,is_real_atom,atom_type_from_onehot,importance
0,1,CG2,8.85761833190918
1,1,CD1,8.85761833190918
2,1,CA,9.130524635314941
3,1,C,9.707529067993164
4,1,O,10.284533500671387
5,1,CB,10.861538887023926
6,1,CG,11.130560874938965
7,1,CD,10.972384452819824
8,1,C,10.814207077026367
9,1,O,10.656031608581543
10,1,CB,10.492389678955078
11,1,CG2,10.319239616394043
12,1,N,10.146086692810059
13,1,CA,9.972936630249023
14,1,CB,9.797657012939453
15,1,OG,9.617654800415039
16,1,C,9.437651634216309
17,1,O,9.257647514343262
18,1,CB,9.156390190124512
19,1,N,9.283073425292969
20,1,CA,9.409759521484375
21,1,SD,9.536442756652832
22,1,CE,9.607555389404297
23,1,NE,9.460077285766602
24,1,CZ,9.312597274780273
25,1,NH1,9.165121078491211
26,1,NH2,8.932724952697754
27,1,CZ3,8.213988304138184
28,1,CH2,7.495249271392822
29,1,CG1,6.776512145996094
30,1,CD1,6.117637634277344
31,1,CG,6.031744003295898
32,1,CD1,5.945849895477295
33,1,CD2,5.859956741333008
34,1,CE1,5.7733073234558105
35,1,CE2,5.668787002563477
36,1,CZ,5.564266204833984
37,1,OH,5.45974588394165
38,1,CE2,5.355225086212158
39,1,CZ,5.357551097869873
40,1,OH,5.3613409996032715
