atom_index,is_real_atom,atom_type_from_onehot,importance
0,1,CE2,5.335010528564453
1,1,CZ,5.335010528564453
2,1,CE1,5.318594932556152
3,1,CZ,5.283888339996338
4,1,CG,5.249180793762207
5,1,CG,5.214474678039551
6,1,CD1,5.22374153137207
7,1,CD1,5.294004917144775
8,1,CD2,5.364266395568848
9,1,CD2,5.434530735015869
10,1,CD2,5.464211463928223
11,1,CG,5.423252105712891
12,1,CD1,5.382293224334717
13,1,CD2,5.341332912445068
14,1,CA,5.320296764373779
15,1,C,5.3434367179870605
16,1,O,5.366574764251709
17,1,CB,5.389714241027832
18,1,CG1,5.339470863342285
19,1,CG2,5.076801776885986
20,1,CA,4.81413459777832
21,1,C,4.551466464996338
22,1,O,4.294166564941406
23,1,CB,4.0579833984375
24,1,SG,3.821800470352173
25,1,N,3.5856170654296875
26,1,CA,3.401674747467041
27,1,C,3.516927480697632
28,1,CB,3.6321799755096436
29,1,CG,3.7474329471588135
30,1,CD1,3.8604683876037598
31,1,CD2,3.952288866043091
32,1,CE1,4.044109344482422
33,1,CE2,4.135929584503174
34,1,CZ,4.23403263092041
35,1,CA,4.480821132659912
36,1,C,4.7276082038879395
37,1,O,4.974396228790283
38,1,CB,5.22118616104126
39,1,CG,5.217005729675293
40,1,CD2,5.209387302398682
41,1,CE2,5.2017693519592285
42,1,N,5.194151401519775
43,1,CA,4.781412124633789
44,1,CB,4.339317321777344
45,1,SG,3.8972208499908447
46,1,SG,3.4551243782043457
