atom_type,importance_sum
C,7.767309188842773
CA,7.767309188842773
CB,8.268329620361328
CD,9.395658493041992
CD1,10.522985458374023
CD2,11.65031623840332
CE,12.540251731872559
CE1,12.955395698547363
CE2,13.370537757873535
CE3,13.785771369934082
CG,14.180803298950195
CG1,14.505285263061523
CG2,14.829768180847168
CH2,15.154252052307129
CZ,15.491398811340332
CZ2,15.9298734664917
CZ3,16.368335723876953
O,16.806800842285156
OH,17.245254516601562
OD1,17.363813400268555
OD2,17.48237419128418
OE1,17.600933074951172
OE2,17.719491958618164
OG,17.308767318725586
OG1,16.831880569458008
N,16.35499382019043
NE,15.878097534179688
NE1,15.753288269042969
NE2,15.729172706604004
ND1,15.70496654510498
ND2,15.680850982666016
NZ,15.7821626663208
NH1,15.94628620147705
NH2,16.110313415527344
SD,16.274343490600586
SG,16.34733009338379
UNKNOWN,16.34733009338379
