atom_index,is_real_atom,atom_type_from_onehot,importance
0,1,CG,5.620842456817627
1,1,CD1,5.620842456817627
2,1,CD2,5.592243194580078
3,1,CA,5.531774997711182
4,1,CB,5.471307754516602
5,1,OG1,5.410841464996338
6,1,CG2,5.281573295593262
7,1,CG,5.056872844696045
8,1,CD,4.832172870635986
9,1,OE1,4.607473373413086
10,1,OE2,4.459896087646484
11,1,CD2,4.446569919586182
12,1,CE2,4.433242321014404
13,1,CB,4.419916152954102
14,1,CG1,4.470882415771484
15,1,CG2,4.664409160614014
16,1,CD1,4.857938766479492
17,1,CG,5.051467418670654
18,1,CD2,5.1858696937561035
19,1,CG,5.1491169929504395
20,1,CD2,5.11236572265625
21,1,CB,5.075613498687744
22,1,OG,5.102762699127197
23,1,CB,5.381252765655518
24,1,CG1,5.659742832183838
25,1,CG2,5.938233375549316
26,1,CB,6.1991047859191895
27,1,CG1,6.359073638916016
28,1,CG2,6.519042491912842
29,1,CD1,6.679009437561035
30,1,CB,6.810318946838379
31,1,CG,6.667322635650635
32,1,OD1,6.524326801300049
33,1,ND2,6.381328582763672
34,1,CE1,6.2389116287231445
35,1,CZ,6.110217571258545
36,1,CA,5.981523513793945
37,1,C,5.8528289794921875
38,1,O,5.72413444519043
39,1,CB,5.381254196166992
40,1,CG1,5.035442352294922
41,1,CG2,4.689628601074219
42,1,CA,4.343815326690674
43,1,C,4.192197322845459
44,1,O,4.054651737213135
45,1,CB,3.9171061515808105
46,1,CG,3.779560089111328
47,1,CD2,3.628452777862549
48,1,CE2,3.475468158721924
49,1,N,3.322483539581299
50,1,CA,3.1694986820220947
51,1,CB,3.1706995964050293
52,1,CG1,3.204759359359741
53,1,CD1,3.238818883895874
54,1,CB,3.272879123687744
55,1,CG1,3.171626329421997
56,1,CG2,3.030017852783203
57,1,CD1,2.888408899307251
58,1,CD2,2.746799945831299
59,1,CE2,2.5787301063537598
60,1,CZ,2.400177478790283
