atom_type,importance_sum
C,2.767918586730957
CA,2.767918586730957
CB,2.968891143798828
CD,3.421079397201538
CD1,3.8732495307922363
CD2,4.325438022613525
CE,4.562880039215088
CE1,4.370793342590332
CE2,4.178707599639893
CE3,3.986637592315674
CG,4.699021816253662
CG1,8.576972961425781
CG2,12.454959869384766
CH2,16.332944869995117
CZ,19.61805534362793
CZ2,18.160194396972656
CZ3,16.70233726501465
O,15.24448013305664
OH,13.786612510681152
OD1,12.869372367858887
OD2,11.952132225036621
OE1,11.034883499145508
OE2,10.117639541625977
OG,10.267749786376953
OG1,10.551274299621582
N,10.834799766540527
NE,11.118328094482422
NE1,10.218552589416504
NE2,8.9806547164917
ND1,7.742792129516602
ND2,6.504930019378662
NZ,6.13608455657959
NH1,6.201742649078369
NH2,6.267439365386963
SD,6.333098888397217
SG,6.362298011779785
UNKNOWN,6.362298011779785
