atom_type,importance
C,0.11065857857465744
CA,0.11065857857465744
CB,0.11913011223077774
CD,0.13819198310375214
CD1,0.15725387632846832
CD2,0.17631573975086212
CE,0.18771067261695862
CE1,0.18377064168453217
CE2,0.1798294484615326
CE3,0.17588935792446136
CG,0.17342399060726166
CG1,0.17612102627754211
CG2,0.17881815135478973
CH2,0.18151524662971497
CZ,0.18429063260555267
CZ2,0.187691792845726
CZ3,0.1910930722951889
O,0.19449429214000702
OH,0.19789552688598633
OD1,0.18893380463123322
OD2,0.17997200787067413
OE1,0.17101024091243744
OE2,0.16204845905303955
OG,0.1537601351737976
OG1,0.1455560326576233
N,0.137351855635643
NE,0.1291477233171463
NE1,0.13103550672531128
NE2,0.13580621778964996
ND1,0.14057697355747223
ND2,0.1453476846218109
NZ,0.14711187779903412
NH1,0.14737160503864288
NH2,0.14763136208057404
SD,0.1478911191225052
SG,0.14800691604614258
UNKNOWN,0.14800691604614258
