atom_type,importance
C,0.0670204684138298
CA,0.0670204684138298
CB,0.07251441478729248
CD,0.08487565070390701
CD1,0.09723684936761856
CD2,0.10959801077842712
CE,0.12218784540891647
CE1,0.13523271679878235
CE2,0.1482788622379303
CE3,0.16132374107837677
CG,0.17270758748054504
CG1,0.17827637493610382
CG2,0.1838451623916626
CH2,0.18941397964954376
CZ,0.19340316951274872
CZ2,0.18475545942783356
CZ3,0.17610779404640198
O,0.16746008396148682
OH,0.15881238877773285
OD1,0.15616051852703094
OD2,0.15350861847400665
OE1,0.15085670351982117
OE2,0.14820480346679688
OG,0.14186453819274902
OG1,0.13506321609020233
N,0.12826190888881683
NE,0.12146059423685074
NE1,0.12418365478515625
NE2,0.12962718307971954
ND1,0.13507197797298431
ND2,0.14051556587219238
NZ,0.14235788583755493
NH1,0.1423996239900589
NH2,0.14244134724140167
SD,0.14248308539390564
SG,0.1425016075372696
UNKNOWN,0.1425016075372696
