atom_index,is_real_atom,atom_type_from_onehot,importance
0,1,CD2,7.903536796569824
1,1,CE1,7.903536796569824
2,1,CE2,7.956892490386963
3,1,CZ,8.0697021484375
4,1,CA,8.182509422302246
5,1,C,8.295319557189941
6,1,O,8.445161819458008
7,1,CB,8.646371841430664
8,1,OG1,8.847579956054688
9,1,CG2,9.048789978027344
10,1,O,9.09460735321045
11,1,CB,8.869929313659668
12,1,CG,8.645248413085938
13,1,CD2,8.42056941986084
14,1,N,8.208730697631836
15,1,CA,8.02536678314209
16,1,C,7.84200382232666
17,1,O,7.658640384674072
18,1,CB,7.50347900390625
19,1,CG,7.429957389831543
20,1,CA,7.3564348220825195
21,1,C,7.2829132080078125
22,1,O,7.178177356719971
23,1,CB,6.950669765472412
24,1,OG,6.723160743713379
25,1,CA,6.4956512451171875
26,1,CG2,6.300961494445801
27,1,CA,6.294229984283447
28,1,C,6.2874979972839355
29,1,O,6.280766487121582
30,1,N,6.2403740882873535
31,1,CA,5.877806186676025
32,1,CB,5.515237808227539
33,1,CG2,5.1526689529418945
34,1,CB,4.790291786193848
35,1,SG,4.432460308074951
