atom_type,importance_sum
C,6.083950996398926
CA,6.083950996398926
CB,6.935919761657715
CD,8.852842330932617
CD1,10.76976203918457
CD2,12.686680793762207
CE,13.553638458251953
CE1,12.320765495300293
CE2,11.087894439697266
CE3,9.855118751525879
CG,8.712270736694336
CG1,7.884432315826416
CG2,7.056639194488525
CH2,6.228847980499268
CZ,5.620391368865967
CZ2,6.7666096687316895
CZ3,7.9128289222717285
O,9.05909538269043
OH,10.205313682556152
OD1,9.731656074523926
OD2,9.257997512817383
OE1,8.784339904785156
OE2,8.310685157775879
OG,8.596580505371094
OG1,8.977422714233398
N,9.358260154724121
NE,9.739103317260742
NE1,9.003960609436035
NE2,7.949896335601807
ND1,6.895878314971924
ND2,5.8419060707092285
NZ,5.431488037109375
NH1,5.342845916748047
NH2,5.254251003265381
SD,5.16565465927124
SG,5.126258373260498
UNKNOWN,5.126258373260498
