atom_index,is_real_atom,atom_type_from_onehot,importance
0,1,CG,8.585025787353516
1,1,SD,8.585025787353516
2,1,CE,8.696734428405762
3,1,CA,8.932918548583984
4,1,C,9.16910457611084
5,1,O,9.405289649963379
6,1,CA,9.386271476745605
7,1,C,9.013262748718262
8,1,O,8.640254020690918
9,1,CB,8.26724624633789
10,1,CG,8.050987243652344
11,1,CD,8.107588768005371
12,1,N,8.164191246032715
13,1,CG,8.220792770385742
14,1,CD2,8.268583297729492
15,1,CB,8.296833038330078
16,1,SG,8.32508373260498
17,1,CD1,8.353334426879883
18,1,CA,8.311596870422363
19,1,C,8.06725788116455
20,1,O,7.82291841506958
21,1,CB,7.578578948974609
22,1,CG1,7.387608051300049
23,1,CG2,7.406547546386719
24,1,CA,7.425486087799072
25,1,C,7.444425106048584
26,1,O,7.446468353271484
27,1,CB,7.351749897003174
28,1,CG,7.257030963897705
29,1,CD1,7.162312984466553
30,1,CD2,7.088332653045654
31,1,N,7.212852478027344
32,1,CG,7.337371349334717
33,1,CD2,7.461892127990723
34,1,C,7.573235034942627
35,1,O,7.3727593421936035
36,1,CB,7.1722846031188965
37,1,CD1,6.971808433532715
38,1,CE1,6.771332740783691
39,1,CZ,6.284582614898682
