atom_type,importance_sum
C,6.72646427154541
CA,6.72646427154541
CB,6.962548732757568
CD,7.493679523468018
CD1,8.024810791015625
CD2,8.555899620056152
CE,9.310266494750977
CE1,10.511018753051758
CE2,11.71168327331543
CE3,12.912443161010742
CG,13.654468536376953
CG1,12.791272163391113
CG2,11.928071975708008
CH2,11.06488037109375
CZ,10.312231063842773
CZ2,10.443951606750488
CZ3,10.575668334960938
O,10.707388877868652
OH,10.83910846710205
OD1,10.437154769897461
OD2,10.035198211669922
OE1,9.6332426071167
OE2,9.231285095214844
OG,9.364445686340332
OG1,9.564495086669922
N,9.764541625976562
NE,9.964592933654785
NE1,9.605826377868652
NE2,9.087355613708496
ND1,8.568794250488281
ND2,8.050360679626465
NZ,8.337973594665527
NH1,9.028690338134766
NH2,9.719314575195312
SD,10.41003131866455
SG,10.716998100280762
UNKNOWN,10.716998100280762
