atom_index,is_real_atom,atom_type_from_onehot,importance
0,1,CZ2,7.178554058074951
1,1,CZ3,7.178554058074951
2,1,CH2,7.298131942749023
3,1,CA,7.550952434539795
4,1,C,7.803771495819092
5,1,O,8.056591987609863
6,1,CB,8.032731056213379
7,1,CG1,7.6250901222229
8,1,CG2,7.217448711395264
9,1,CB,6.809806823730469
10,1,CD1,6.575084686279297
11,1,CE1,6.6413726806640625
12,1,CB,6.707659721374512
13,1,CG1,6.7739481925964355
14,1,CG2,6.829521179199219
15,1,CD1,6.8613386154174805
16,1,CG2,6.893153667449951
17,1,CB,6.9249701499938965
18,1,CG1,7.003324031829834
19,1,N,7.216391563415527
20,1,CA,7.4294586181640625
21,1,CB,7.642527103424072
22,1,CG2,7.81951904296875
23,1,CB,7.854619026184082
24,1,CG1,7.8897175788879395
25,1,CA,7.924816131591797
26,1,CB,7.969757556915283
27,1,OG,8.071073532104492
28,1,CD1,8.172388076782227
29,1,CA,8.273701667785645
30,1,C,8.343830108642578
31,1,O,8.115450859069824
32,1,CB,7.887073993682861
33,1,O,7.658696174621582
34,1,CB,7.433013916015625
35,1,CG,7.271142482757568
36,1,CD,7.109271049499512
37,1,C,6.947399616241455
38,1,O,6.78552770614624
39,1,N,6.778095245361328
40,1,CA,6.772780418395996
41,1,C,6.767463207244873
42,1,O,6.762147426605225
43,1,CB,6.531709671020508
44,1,CD,6.284961223602295
45,1,OE1,6.038210868835449
