atom_type,importance_sum
C,11.487421989440918
CA,11.487421989440918
CB,11.723556518554688
CD,12.25479793548584
CD1,12.786123275756836
CD2,13.3174467086792
CE,13.736266136169434
CE1,13.930062294006348
CE2,14.123869895935059
CE3,14.31767463684082
CG,14.176746368408203
CG1,12.864419937133789
CG2,11.552096366882324
CH2,10.239767074584961
CZ,9.147076606750488
CZ2,9.811433792114258
CZ3,10.475794792175293
O,11.140153884887695
OH,11.804512977600098
OD1,11.759313583374023
OD2,11.714111328125
OE1,11.66890811920166
OE2,11.623705863952637
OG,11.604230880737305
OG1,11.587971687316895
N,11.57171630859375
NE,11.555459022521973
NE1,10.355914115905762
NE2,8.818342208862305
ND1,7.2807297706604
ND2,5.743159770965576
NZ,5.098358154296875
NH1,4.900003433227539
NH2,4.701615333557129
SD,4.50325345993042
SG,4.4150896072387695
UNKNOWN,4.4150896072387695
