atom_index,is_real_atom,atom_type_from_onehot,importance
0,1,CE2,6.563442707061768
1,1,CE3,6.563442707061768
2,1,CZ2,6.533638000488281
3,1,CZ3,6.470623016357422
4,1,CH2,6.407607078552246
5,1,C,6.344592094421387
6,1,O,6.227675914764404
7,1,CB,6.035995006561279
8,1,CG,5.844313621520996
9,1,CD1,5.652632713317871
10,1,CD2,5.523503303527832
11,1,N,5.503259658813477
12,1,CA,5.4830169677734375
13,1,CA,5.462774276733398
14,1,C,5.480335712432861
15,1,O,5.581724643707275
16,1,CB,5.683114051818848
17,1,OG1,5.784502029418945
18,1,CG2,5.91982364654541
19,1,N,6.153367042541504
20,1,CA,6.386909008026123
21,1,CG1,6.620452880859375
22,1,CB,6.886215686798096
23,1,CG,7.2786993980407715
24,1,CD,7.67118501663208
25,1,NE,8.063669204711914
26,1,NH2,8.407736778259277
27,1,CA,8.474504470825195
28,1,C,8.541271209716797
29,1,O,8.608038902282715
30,1,CB,8.641511917114258
31,1,CG,8.35630989074707
32,1,CD2,8.0711088180542
33,1,N,7.785908222198486
34,1,CA,7.49290657043457
35,1,C,7.015324592590332
36,1,O,6.537743091583252
37,1,N,6.060161113739014
38,1,CA,5.582578659057617
39,1,C,5.681229591369629
40,1,O,5.787774085998535
41,1,N,5.8943190574646
42,1,CA,6.000863552093506
43,1,CG,5.9237141609191895
44,1,CD,5.833252906799316
45,1,CB,5.742794036865234
46,1,OG1,5.6523332595825195
47,1,CG2,5.592071533203125
