atom_type,importance_sum
C,11.144407272338867
CA,11.144407272338867
CB,10.92798137664795
CD,10.441117286682129
CD1,9.954195022583008
CD2,9.467325210571289
CE,9.436400413513184
CE1,10.31741714477539
CE2,11.198421478271484
CE3,12.079428672790527
CG,12.765907287597656
CG1,12.771480560302734
CG2,12.777054786682129
CH2,12.78262710571289
CZ,12.93714714050293
CZ2,14.283269882202148
CZ3,15.629386901855469
O,16.975507736206055
OH,18.32162857055664
OD1,18.232173919677734
OD2,18.14271354675293
OE1,18.05326271057129
OE2,17.963808059692383
OG,17.07404899597168
OG1,16.084243774414062
N,15.09444808959961
NE,14.104650497436523
NE1,14.017199516296387
NE2,14.187630653381348
ND1,14.357990264892578
ND2,14.528419494628906
NZ,14.375515937805176
NH1,14.061053276062012
NH2,13.7465181350708
SD,13.432049751281738
SG,13.292258262634277
UNKNOWN,13.292258262634277
