atom_index,is_real_atom,atom_type_from_onehot,importance
0,1,CD1,8.800980567932129
1,1,CA,8.800980567932129
2,1,C,8.789582252502441
3,1,O,8.765480041503906
4,1,C,8.741381645202637
5,1,O,8.717280387878418
6,1,CB,8.6817045211792
7,1,CG,8.630213737487793
8,1,CD2,8.578721046447754
9,1,N,8.527230262756348
10,1,CA,8.447492599487305
11,1,C,8.318583488464355
12,1,O,8.189674377441406
13,1,CB,8.060765266418457
14,1,CD1,8.047027587890625
15,1,OH,8.288670539855957
16,1,CG,8.530312538146973
17,1,CD2,8.771956443786621
18,1,CA,9.017037391662598
19,1,CB,9.272065162658691
20,1,CG,9.527094841003418
21,1,CD1,9.782123565673828
22,1,CE1,9.881049156188965
23,1,CZ,9.365968704223633
24,1,C,8.850885391235352
25,1,O,8.335805892944336
26,1,CB,7.924639701843262
27,1,OG,8.10862922668457
28,1,N,8.292619705200195
29,1,CA,8.476609230041504
30,1,CB,8.659090042114258
31,1,CB,8.827115058898926
32,1,CG,8.995141983032227
33,1,CD1,9.163168907165527
34,1,CD2,9.310906410217285
35,1,CG,8.97852897644043
36,1,CD2,8.646149635314941
37,1,CE2,8.31377124786377
38,1,CZ,7.981393337249756
39,1,OH,7.605342388153076
40,1,NE1,7.228697776794434
41,1,CE2,6.85205078125
42,1,CZ2,6.475402355194092
43,1,CH2,5.989884853363037
