atom_type,importance
C,0.22836123406887054
CA,0.22836123406887054
CB,0.23171424865722656
CD,0.2392578125
CD1,0.24680323898792267
CD2,0.2543467879295349
CE,0.2554536759853363
CE1,0.24368751049041748
CE2,0.23192118108272552
CE3,0.22015441954135895
CG,0.21414390206336975
CG1,0.22827975451946259
CG2,0.2424156218767166
CH2,0.25655147433280945
CZ,0.2695266604423523
CZ2,0.27321693301200867
CZ3,0.2769070267677307
O,0.2805972397327423
OH,0.2842874228954315
OD1,0.2676239609718323
OD2,0.2509603798389435
OE1,0.23429693281650543
OE2,0.2176334708929062
OG,0.20797571539878845
OG1,0.19919370114803314
N,0.19041170179843903
NE,0.18162965774536133
NE1,0.1999446004629135
NE2,0.2260013073682785
ND1,0.2520584762096405
ND2,0.2781132459640503
NZ,0.2813737392425537
NH1,0.27323296666145325
NH2,0.265094131231308
SD,0.2569534480571747
SG,0.2533360421657562
UNKNOWN,0.2533360421657562
