atom_index,is_real_atom,atom_type_from_onehot,importance
0,1,C,8.506294250488281
1,1,O,8.506294250488281
2,1,N,8.51246166229248
3,1,CA,8.52549934387207
4,1,C,8.538534164428711
5,1,O,8.551572799682617
6,1,CB,8.522282600402832
7,1,CG,8.43427848815918
8,1,CD,8.34627628326416
9,1,CA,8.258271217346191
10,1,C,8.198966026306152
11,1,O,8.189615249633789
12,1,CB,8.180265426635742
13,1,CG1,8.170913696289062
14,1,CG2,8.286605834960938
15,1,CD1,8.679560661315918
16,1,N,9.072514533996582
17,1,CA,9.465469360351562
18,1,CB,9.77064037322998
19,1,OG1,9.821699142456055
20,1,CG2,9.872757911682129
21,1,CB,9.92381763458252
22,1,CG,10.014719009399414
23,1,SG,10.262347221374512
24,1,CA,10.509977340698242
25,1,C,10.757603645324707
26,1,CB,10.930636405944824
27,1,SG,10.676454544067383
28,1,N,10.422271728515625
29,1,CA,10.168089866638184
30,1,C,9.901185989379883
31,1,O,9.512526512145996
32,1,CB,9.123869895935059
33,1,CB,8.735212326049805
34,1,CG1,8.3563871383667
35,1,CG1,8.210247993469238
36,1,CD1,8.064109802246094
37,1,CD1,7.917972564697266
38,1,CD2,7.771833419799805
39,1,CE1,7.088831424713135
40,1,CE2,6.398477554321289
41,1,CZ,5.708120822906494
