atom_index,is_real_atom,atom_type_from_onehot,importance
0,1,CG,8.531335830688477
1,1,OE2,8.531335830688477
2,1,CE1,8.559380531311035
3,1,CE2,8.618677139282227
4,1,CZ,8.677972793579102
5,1,OH,8.737266540527344
6,1,O,8.719053268432617
7,1,CD2,8.593323707580566
8,1,CA,8.467594146728516
9,1,C,8.341865539550781
10,1,O,8.165189743041992
11,1,CB,7.899833679199219
12,1,CG2,7.634475231170654
13,1,N,7.369116306304932
14,1,CA,7.167435169219971
15,1,C,7.106949806213379
16,1,O,7.046463966369629
17,1,CB,6.985978126525879
18,1,SG,6.994733810424805
19,1,CA,7.20392370223999
20,1,C,7.413113594055176
21,1,CB,7.622303485870361
22,1,CG1,7.839853286743164
23,1,CG2,8.090289115905762
24,1,N,8.34072494506836
25,1,CA,8.591158866882324
26,1,CB,8.760656356811523
27,1,CG,8.46658992767334
28,1,OD1,8.172521591186523
29,1,CD2,7.878455638885498
30,1,C,7.619438648223877
31,1,O,7.695904731750488
32,1,N,7.772369861602783
33,1,CA,7.848834991455078
34,1,C,7.915996074676514
35,1,CB,7.762937545776367
36,1,CG,7.6098809242248535
37,1,N,7.456823348999023
38,1,O,7.303765773773193
39,1,C,7.40416145324707
40,1,O,7.508028507232666
41,1,CB,7.611896991729736
42,1,N,7.715763568878174
43,1,CB,7.583696365356445
44,1,CG1,7.434531211853027
45,1,CG2,7.285367488861084
46,1,CA,7.136202335357666
47,1,C,7.271729469299316
48,1,O,7.4466753005981445
49,1,CB,7.6216206550598145
50,1,CG2,7.796566486358643
51,1,CB,7.58436393737793
52,1,CG1,7.289654731750488
53,1,CG2,6.994945526123047
54,1,CD1,6.700237274169922
55,1,CD1,6.023204326629639
