atom_type,importance
C,0.07663247734308243
CA,0.07663247734308243
CB,0.0840015783905983
CD,0.10058152675628662
CD1,0.11716209352016449
CD2,0.1337420791387558
CE,0.14949482679367065
CE1,0.16359195113182068
CE2,0.1776902824640274
CE3,0.19178734719753265
CG,0.20246200263500214
CG1,0.20115916430950165
CG2,0.19985643029212952
CH2,0.19855360686779022
CZ,0.19649873673915863
CZ2,0.18842719495296478
CZ3,0.18035560846328735
O,0.17228402197360992
OH,0.1642124354839325
OD1,0.16678199172019958
OD2,0.16935153305530548
OE1,0.1719209998846054
OE2,0.17449051141738892
OG,0.16608861088752747
OG1,0.15631532669067383
N,0.1465420126914978
NE,0.13676872849464417
NE1,0.12926405668258667
NE2,0.12240676581859589
ND1,0.11554958671331406
ND2,0.10869289189577103
NZ,0.10871171206235886
NH1,0.11216847598552704
NH2,0.11562485992908478
SD,0.11908131837844849
SG,0.12061768770217896
UNKNOWN,0.12061768770217896
