atom_type,importance
C,0.08949223905801773
CA,0.08949223905801773
CB,0.09733405709266663
CD,0.11497870087623596
CD1,0.13262267410755157
CD2,0.1502680629491806
CE,0.16142508387565613
CE1,0.15960565209388733
CE2,0.15778748691082
CE3,0.15596804022789001
CG,0.15191467106342316
CG1,0.14004011452198029
CG2,0.1281655728816986
CH2,0.11629100888967514
CZ,0.10598196089267731
CZ2,0.10819678008556366
CZ3,0.1104116290807724
O,0.11262644082307816
OH,0.11484131217002869
OD1,0.11039844155311584
OD2,0.10595561563968658
OE1,0.10151276737451553
OE2,0.09706991910934448
OG,0.09727687388658524
OG1,0.09806504100561142
N,0.0988532155752182
NE,0.09964139759540558
NE1,0.10096284747123718
NE2,0.10243674367666245
ND1,0.10390995442867279
ND2,0.10538386553525925
NZ,0.11325294524431229
NH1,0.1243193969130516
NH2,0.13538594543933868
SD,0.14645223319530487
SG,0.1513703465461731
UNKNOWN,0.1513703465461731
