atom_type,importance
C,0.07514386624097824
CA,0.07514386624097824
CB,0.08034612983465195
CD,0.0920509323477745
CD1,0.10375575721263885
CD2,0.11546057462692261
CE,0.12572456896305084
CE1,0.13310471177101135
CE2,0.14048483967781067
CE3,0.14786498248577118
CG,0.15650326013565063
CG1,0.16953998804092407
CG2,0.1825767308473587
CH2,0.19561345875263214
CZ,0.20837795734405518
CZ2,0.2189638465642929
CZ3,0.22955013811588287
O,0.24013687670230865
OH,0.2507235109806061
OD1,0.24248728156089783
OD2,0.2342510223388672
OE1,0.22601480782032013
OE2,0.21777908504009247
OG,0.20589862763881683
OG1,0.19356192648410797
N,0.18122529983520508
NE,0.1688886135816574
NE1,0.1622530072927475
NE2,0.15724734961986542
ND1,0.152240589261055
ND2,0.1472349911928177
NZ,0.1460334211587906
NH1,0.14673450589179993
NH2,0.14743556082248688
SD,0.14813674986362457
SG,0.14844904839992523
UNKNOWN,0.14844904839992523
