atom_index,is_real_atom,atom_type_from_onehot,importance
0,1,CE2,6.525578022003174
1,1,CE3,6.525578022003174
2,1,CZ2,6.497159481048584
3,1,CZ3,6.437073707580566
4,1,CH2,6.376988410949707
5,1,C,6.316903114318848
6,1,O,6.187859058380127
7,1,CB,5.963162422180176
8,1,CG,5.738465785980225
9,1,CD1,5.513768672943115
10,1,CD2,5.375739097595215
11,1,N,5.388572692871094
12,1,CA,5.401406764984131
13,1,CA,5.414239883422852
14,1,C,5.420723915100098
15,1,O,5.4131245613098145
16,1,CB,5.405526161193848
17,1,OG1,5.397926330566406
18,1,CG2,5.443665027618408
19,1,N,5.643800735473633
20,1,CA,5.843937397003174
21,1,CG1,6.04407262802124
22,1,CB,6.242420673370361
23,1,CG,6.433732509613037
24,1,CD,6.625046730041504
25,1,NE,6.816359519958496
26,1,CA,6.954384803771973
27,1,C,6.7872185707092285
28,1,O,6.620052814483643
29,1,CB,6.45288610458374
30,1,N,6.2805495262146
31,1,CA,6.058728218078613
32,1,C,5.836907863616943
33,1,O,5.615086078643799
34,1,O,5.3997087478637695
35,1,N,5.336857318878174
36,1,CA,5.274005889892578
37,1,C,5.211153984069824
38,1,O,5.148301124572754
39,1,N,5.185109615325928
40,1,CA,5.2232818603515625
41,1,CG,5.2614545822143555
42,1,CD,5.299628257751465
43,1,CB,5.417572021484375
44,1,OG1,5.541295528411865
45,1,CG2,5.665019989013672
