atom_type,importance_sum
C,8.639213562011719
CA,8.639213562011719
CB,8.80360221862793
CD,9.17343807220459
CD1,9.543195724487305
CD2,9.913032531738281
CE,10.63375473022461
CE1,12.056072235107422
CE2,13.478477478027344
CE3,14.900875091552734
CG,15.504986763000488
CG1,13.245193481445312
CG2,10.985393524169922
CH2,8.725602149963379
CZ,6.71890926361084
CZ2,6.737387657165527
CZ3,6.755867004394531
O,6.774343967437744
OH,6.792820930480957
OD1,6.408520698547363
OD2,6.0242204666137695
OE1,5.639919281005859
OE2,5.255619525909424
OG,5.57383394241333
OG1,5.979866027832031
N,6.385894775390625
NE,6.79192590713501
NE1,7.031556606292725
NE2,7.2236247062683105
ND1,7.415651321411133
ND2,7.607717514038086
NZ,8.223097801208496
NH1,9.050064086914062
NH2,9.877083778381348
SD,10.70409870147705
SG,11.07162857055664
UNKNOWN,11.07162857055664
