atom_index,is_real_atom,atom_type_from_onehot,importance
0,1,CE2,9.146452903747559
1,1,CZ,9.146452903747559
2,1,CE1,9.360270500183105
3,1,CZ,9.812348365783691
4,1,CD1,10.264425277709961
5,1,CD2,10.71650218963623
6,1,CD2,11.091382026672363
7,1,CD1,11.359184265136719
8,1,CD2,11.626985549926758
9,1,CA,11.894784927368164
10,1,O,11.983233451843262
11,1,CB,11.759469985961914
12,1,CG1,11.5357084274292
13,1,CG2,11.311948776245117
14,1,C,10.916770935058594
15,1,O,10.141498565673828
16,1,CB,9.366226196289062
17,1,SG,8.590954780578613
18,1,N,7.924059867858887
19,1,CA,7.570896625518799
20,1,C,7.2177324295043945
21,1,CB,6.864568710327148
22,1,CG,6.606430530548096
23,1,CD1,6.722064018249512
24,1,CD2,6.837698936462402
25,1,CE1,6.953330993652344
26,1,CE2,7.085728168487549
27,1,CZ,7.314126968383789
28,1,CA,7.542524337768555
29,1,C,7.770921230316162
30,1,O,8.018058776855469
31,1,CB,8.44454574584961
32,1,CG,8.8710355758667
33,1,CD2,9.297524452209473
34,1,CE2,9.691879272460938
35,1,N,9.325727462768555
36,1,CA,8.959577560424805
37,1,CB,8.593424797058105
38,1,SG,8.227273941040039
