atom_type,importance_sum
C,8.775524139404297
CA,8.775524139404297
CB,9.04820442199707
CD,9.661705017089844
CD1,10.275192260742188
CD2,10.888742446899414
CE,11.272279739379883
CE1,11.19586181640625
CE2,11.119531631469727
CE3,11.043113708496094
CG,11.094440460205078
CG1,11.592564582824707
CG2,12.090689659118652
CH2,12.588814735412598
CZ,13.11315631866455
CZ2,13.847216606140137
CZ3,14.58127498626709
O,15.315333366394043
OH,16.049392700195312
OD1,16.16145133972168
OD2,16.273517608642578
OE1,16.385578155517578
OE2,16.497644424438477
OG,16.36530113220215
OG1,16.20240592956543
N,16.039506912231445
NE,15.87661075592041
NE1,16.158029556274414
NE2,16.56646156311035
ND1,16.97489356994629
ND2,17.383277893066406
NZ,17.356863021850586
NH1,17.113126754760742
NH2,16.86939239501953
SD,16.625579833984375
SG,16.51723289489746
UNKNOWN,16.51723289489746
