atom_index,is_real_atom,atom_type_from_onehot,importance
0,1,NE2,7.5739006996154785
1,1,CD1,7.5739006996154785
2,1,CB,7.7291975021362305
3,1,CG,8.057541847229004
4,1,CD1,8.385887145996094
5,1,CD2,8.71423053741455
6,1,CE1,8.789307594299316
7,1,CE2,8.513077735900879
8,1,CZ,8.236847877502441
9,1,OH,7.9606170654296875
10,1,CG,7.9229207038879395
11,1,SD,8.300446510314941
12,1,CE,8.677973747253418
13,1,CG2,9.055500030517578
14,1,CD1,9.369563102722168
15,1,CA,9.542899131774902
16,1,O,9.716238021850586
17,1,CB,9.88957405090332
18,1,OG,9.913780212402344
19,1,OG,9.506291389465332
20,1,CG1,9.098799705505371
21,1,CD1,8.69131088256836
22,1,CG2,8.395200729370117
23,1,CD1,8.537190437316895
24,1,CG,8.679183006286621
25,1,CD1,8.821171760559082
26,1,CD2,8.97438907623291
27,1,CE1,9.191900253295898
28,1,CE2,9.40941333770752
29,1,CZ,9.626925468444824
30,1,CG,9.820591926574707
31,1,SD,9.786029815673828
32,1,CE,9.751468658447266
33,1,CD,9.716904640197754
34,1,OE1,9.68520450592041
35,1,NE2,9.721198081970215
36,1,NE,9.757189750671387
37,1,CZ,9.793183326721191
38,1,NH1,9.829177856445312
39,1,NH2,9.783746719360352
40,1,CA,9.737200736999512
41,1,C,9.690655708312988
42,1,O,9.644111633300781
43,1,CB,9.673455238342285
44,1,OG,9.708303451538086
45,1,CB,9.743148803710938
46,1,CG,9.777994155883789
47,1,SD,9.722125053405762
48,1,CE,9.653694152832031
49,1,CB,9.585262298583984
50,1,CG,9.51683235168457
51,1,CD,8.916939735412598
52,1,OE1,8.203789710998535
53,1,OE2,7.490636348724365
