atom_type,importance_sum
C,5.667216777801514
CA,5.667216777801514
CB,6.200272560119629
CD,7.399667739868164
CD1,8.599047660827637
CD2,9.798458099365234
CE,10.739870071411133
CE1,11.165460586547852
CE2,11.590978622436523
CE3,12.016501426696777
CG,12.875083923339844
CG1,15.249151229858398
CG2,17.623214721679688
CH2,19.997282028198242
CZ,22.043245315551758
CZ2,21.464399337768555
CZ3,20.885562896728516
O,20.306716918945312
OH,19.727876663208008
OD1,18.98623275756836
OD2,18.24460792541504
OE1,17.502967834472656
OE2,16.761327743530273
OG,17.295047760009766
OG1,17.988178253173828
N,18.681312561035156
NE,19.374448776245117
NE1,18.214570999145508
NE2,16.525197982788086
ND1,14.83590030670166
ND2,13.146530151367188
NZ,14.541348457336426
NH1,17.478179931640625
NH2,20.415102005004883
SD,23.352008819580078
SG,24.657150268554688
UNKNOWN,24.657150268554688
