atom_index,is_real_atom,atom_type_from_onehot,importance
0,1,CG,5.042913913726807
1,1,CD1,5.042913913726807
2,1,CD2,4.898063659667969
3,1,CE1,4.591807842254639
4,1,CE2,4.285552978515625
5,1,CZ,3.9792981147766113
6,1,CG,3.8431756496429443
7,1,CA,3.9430429935455322
8,1,C,4.042911052703857
9,1,O,4.142777919769287
10,1,CB,4.200735092163086
11,1,CG1,4.185734272003174
12,1,CG2,4.170734882354736
13,1,CD1,4.155735492706299
14,1,CA,4.090841293334961
15,1,C,3.9153127670288086
16,1,O,3.7397847175598145
17,1,CB,3.564256429672241
18,1,CG,3.378535509109497
19,1,CD1,3.163313627243042
20,1,CD2,2.9480905532836914
21,1,N,2.7328686714172363
22,1,CA,2.5434954166412354
23,1,C,2.455798625946045
24,1,O,2.368101119995117
25,1,CB,2.2804038524627686
26,1,CG1,2.2233457565307617
27,1,CG2,2.3417670726776123
28,1,CA,2.460188627243042
29,1,CB,2.5786097049713135
30,1,CG1,2.6948606967926025
31,1,CG2,2.7903382778167725
32,1,CG,2.885815382003784
33,1,CD1,2.981292486190796
34,1,CD2,3.0697264671325684
35,1,CD2,2.991459846496582
36,1,CE2,2.913193941116333
37,1,CA,2.8349273204803467
38,1,C,2.7566606998443604
39,1,O,2.9457361698150635
40,1,CB,3.138472557067871
41,1,CG,3.331209659576416
42,1,CD1,3.5239462852478027
43,1,CD2,3.4940459728240967
44,1,CE1,3.448012113571167
45,1,CE2,3.4019782543182373
46,1,CZ,3.3559446334838867
47,1,N,3.4533920288085938
48,1,CA,3.5707054138183594
49,1,C,3.6880197525024414
50,1,O,3.805333375930786
51,1,CB,3.6632776260375977
52,1,CG1,3.465947151184082
53,1,CG2,3.26861572265625
