atom_type,importance_sum
C,6.883438587188721
CA,6.883438587188721
CB,7.77272367477417
CD,9.773622512817383
CD1,11.774566650390625
CD2,13.775506973266602
CE,14.707121849060059
CE1,13.500163078308105
CE2,12.293115615844727
CE3,11.086153030395508
CG,10.245370864868164
CG1,10.686311721801758
CG2,11.127252578735352
CH2,11.568188667297363
CZ,12.259490966796875
CZ2,14.953703880310059
CZ3,17.64790916442871
O,20.342124938964844
OH,23.036331176757812
OD1,21.29425811767578
OD2,19.55219268798828
OE1,17.81012535095215
OE2,16.068050384521484
OG,16.15910530090332
OG1,16.47929573059082
N,16.79949188232422
NE,17.11968231201172
NE1,16.34539031982422
NE2,15.258342742919922
ND1,14.171271324157715
ND2,13.08420467376709
NZ,13.348138809204102
NH1,14.287489891052246
NH2,15.226927757263184
SD,16.16628074645996
SG,16.583757400512695
UNKNOWN,16.583757400512695
