atom_index,is_real_atom,atom_type_from_onehot,importance
0,1,CB,7.245813846588135
1,1,CG,7.245813846588135
2,1,CD1,7.2607245445251465
3,1,CD2,7.292252063751221
4,1,NE1,7.323779106140137
5,1,CE2,7.355306625366211
6,1,CE3,7.3641486167907715
7,1,CZ2,7.341524124145508
8,1,CZ3,7.318899154663086
9,1,CH2,7.296273708343506
10,1,CG2,7.341902256011963
11,1,CA,7.506340026855469
12,1,CB,7.670776844024658
13,1,CG,7.835215091705322
14,1,CD1,7.878607273101807
15,1,CD2,7.653599262237549
16,1,CA,7.4285888671875
17,1,C,7.203580379486084
18,1,O,6.935426712036133
19,1,CB,6.542384147644043
