atom_type,importance_sum
C,4.893190860748291
CA,4.893190860748291
CB,4.993041515350342
CD,5.217785835266113
CD1,5.442477226257324
CD2,5.667169094085693
CE,5.8976006507873535
CE1,6.139408111572266
CE2,6.381214618682861
CE3,6.623021602630615
CG,6.828643321990967
CG1,6.907618045806885
CG2,6.98659086227417
CH2,7.065566062927246
CZ,7.180479526519775
CZ2,7.58291482925415
CZ3,7.985349178314209
O,8.387836456298828
OH,8.790267944335938
OD1,7.8205180168151855
OD2,6.850820064544678
OE1,5.88112211227417
OE2,4.9114251136779785
OG,4.18782901763916
OG1,3.495021343231201
N,2.8021881580352783
NE,2.1093554496765137
NE1,2.15474796295166
NE2,2.4110660552978516
ND1,2.667356491088867
ND2,2.9236738681793213
NZ,3.3302855491638184
NH1,3.812016487121582
NH2,4.293747901916504
SD,4.775479316711426
SG,4.98958158493042
UNKNOWN,4.98958158493042
