atom_type,importance
C,0.1250258833169937
CA,0.1250258833169937
CB,0.13340815901756287
CD,0.15226726233959198
CD1,0.17112630605697632
CD2,0.18998543918132782
CE,0.20279788970947266
CE1,0.20351801812648773
CE2,0.20423705875873566
CE3,0.20495609939098358
CG,0.2043028324842453
CG1,0.19884097576141357
CG2,0.19337910413742065
CH2,0.18791721761226654
CZ,0.18340083956718445
CZ2,0.18644805252552032
CZ3,0.18949536979198456
O,0.1925426423549652
OH,0.19558988511562347
OD1,0.17648372054100037
OD2,0.15737752616405487
OE1,0.13827136158943176
OE2,0.11916518211364746
OG,0.11811236292123795
OG1,0.11931616812944412
N,0.12051999568939209
NE,0.12172382324934006
NE1,0.1345634013414383
NE2,0.15072907507419586
ND1,0.16689370572566986
ND2,0.18305939435958862
NZ,0.18173746764659882
NH1,0.17167121171951294
NH2,0.1616060584783554
SD,0.15154092013835907
SG,0.14706704020500183
UNKNOWN,0.14706704020500183
