atom_index,is_real_atom,atom_type_from_onehot,importance
0,1,C,7.143832683563232
1,1,O,7.143832683563232
2,1,CA,6.94093132019043
3,1,C,6.511939525604248
4,1,O,6.082947731018066
5,1,CB,5.653955459594727
6,1,CG2,5.296947479248047
7,1,CG,5.0397844314575195
8,1,ND1,4.78262186050415
9,1,CD2,4.525460243225098
10,1,CE1,4.369662284851074
11,1,NE2,4.390313148498535
12,1,CD1,4.410964488983154
13,1,CE1,4.431615829467773
14,1,CE2,4.491264820098877
15,1,CZ,4.637388229370117
16,1,CA,4.783510208129883
17,1,O,4.929632663726807
18,1,CB,5.085647106170654
19,1,CG2,5.270297527313232
20,1,CD1,5.454947471618652
21,1,CG1,5.639597415924072
22,1,CD1,5.796779155731201
23,1,CG2,5.845911979675293
24,1,CD1,5.895046710968018
25,1,CA,5.944180011749268
26,1,C,5.996192455291748
27,1,O,6.064690589904785
28,1,CB,6.133187770843506
29,1,CG1,6.201684951782227
30,1,CG2,6.27146577835083
31,1,CA,6.353534698486328
32,1,C,6.435603141784668
33,1,O,6.517671585083008
34,1,CB,6.588479995727539
35,1,CG,6.392796516418457
36,1,CD1,6.197113990783691
37,1,N,6.001430034637451
38,1,CA,5.805747032165527
39,1,C,5.654675483703613
40,1,O,5.504215717315674
41,1,CB,5.353756904602051
42,1,C,5.203296661376953
43,1,O,5.1916069984436035
44,1,CB,5.189972400665283
45,1,CG1,5.188338279724121
46,1,CG2,5.186703681945801
47,1,N,5.550504207611084
48,1,CA,5.964901924133301
49,1,O,6.37930154800415
50,1,CB,6.793699741363525
51,1,CB,6.891002178192139
52,1,CG,6.920727729797363
53,1,SD,6.950453758239746
54,1,CE,6.9801788330078125
55,1,CB,6.682324409484863
