atom_type,importance
C,0.0678555965423584
CA,0.0678555965423584
CB,0.0739750787615776
CD,0.08774447441101074
CD1,0.10151387751102448
CD2,0.11528328061103821
CE,0.12378716468811035
CE1,0.12176305055618286
CE2,0.11973892152309418
CE3,0.1177147924900055
CG,0.1158573180437088
CG1,0.11458240449428558
CG2,0.1133074089884758
CH2,0.1120324581861496
CZ,0.11015161126852036
CZ2,0.10342314839363098
CZ3,0.09669545292854309
O,0.08996770530939102
OH,0.08323997259140015
OD1,0.07502011209726334
OD2,0.06680022925138474
OE1,0.058580346405506134
OE2,0.05036082863807678
OG,0.050985828042030334
OG1,0.052716437727212906
N,0.054446905851364136
NE,0.056177303194999695
NE1,0.05176844447851181
NE2,0.04560471326112747
ND1,0.03944136202335358
ND2,0.03327764943242073
NZ,0.03755878657102585
NH1,0.04706171527504921
NH2,0.056564927101135254
SD,0.06606796383857727
SG,0.07029145210981369
UNKNOWN,0.07029145210981369
