atom_type,importance
C,0.11236117035150528
CA,0.11236117035150528
CB,0.12051209807395935
CD,0.13885164260864258
CD1,0.15719114243984222
CD2,0.1755300909280777
CE,0.19974806904792786
CE1,0.23572298884391785
CE2,0.2716984748840332
CE3,0.3076740503311157
CG,0.33999404311180115
CG1,0.35952484607696533
CG2,0.3790556788444519
CH2,0.3985865116119385
CZ,0.41351431608200073
CZ2,0.39161771535873413
CZ3,0.36972111463546753
O,0.3478246033191681
OH,0.3259279727935791
OD1,0.3040120303630829
OD2,0.2820960283279419
OE1,0.2601800560951233
OE2,0.23826415836811066
OG,0.24007980525493622
OG1,0.24486200511455536
N,0.24964408576488495
NE,0.25442618131637573
NE1,0.2625499963760376
NE2,0.27162760496139526
ND1,0.28070521354675293
ND2,0.28978291153907776
NZ,0.3035782277584076
NH1,0.31973233819007874
NH2,0.33588653802871704
SD,0.35204190015792847
SG,0.35922133922576904
UNKNOWN,0.35922133922576904
