atom_index,is_real_atom,atom_type_from_onehot,importance
0,1,CA,8.32007122039795
1,1,C,8.32007122039795
2,1,O,8.47873592376709
3,1,CB,8.814194679260254
4,1,N,9.149652481079102
5,1,CA,9.485111236572266
6,1,CB,9.482050895690918
7,1,CB,9.009429931640625
8,1,CD1,8.5368070602417
9,1,O,8.064186096191406
10,1,CB,7.761348724365234
11,1,CG,7.754059314727783
12,1,CD1,7.746770858764648
13,1,CD2,7.7394819259643555
14,1,CE1,7.78732442855835
15,1,CE2,7.957414627075195
16,1,CZ,8.127504348754883
17,1,CA,8.29759407043457
18,1,O,8.482646942138672
19,1,CB,8.71100902557373
20,1,CG,8.939371109008789
21,1,CD,9.167733192443848
22,1,NE,9.413294792175293
23,1,CZ,9.726507186889648
24,1,NH2,10.039719581604004
25,1,CB,10.35293197631836
26,1,CG1,10.599692344665527
27,1,CG2,10.465865135192871
28,1,CG,10.332037925720215
29,1,CD,10.198210716247559
30,1,NE,10.032857894897461
31,1,CZ,9.565755844116211
32,1,NH1,9.098652839660645
