atom_type,importance_sum
C,7.951921463012695
CA,7.951921463012695
CB,8.191179275512695
CD,8.729532241821289
CD1,9.267847061157227
CD2,9.80616283416748
CE,10.123128890991211
CE1,9.997396469116211
CE2,9.871756553649902
CE3,9.746024131774902
CG,9.578896522521973
CG1,9.266843795776367
CG2,8.954790115356445
CH2,8.64273738861084
CZ,8.42842960357666
CZ2,8.996099472045898
CZ3,9.563769340515137
O,10.131440162658691
OH,10.699111938476562
OD1,10.427666664123535
OD2,10.156227111816406
OE1,9.884783744812012
OE2,9.613343238830566
OG,9.425045013427734
OG1,9.247136116027832
N,9.06922721862793
NE,8.891318321228027
NE1,8.905601501464844
NE2,8.974848747253418
ND1,9.04409408569336
ND2,9.11334228515625
NZ,9.63907527923584
NH1,10.393148422241211
NH2,11.14721965789795
SD,11.90129566192627
SG,12.236416816711426
UNKNOWN,12.236416816711426
