atom_type,importance
C,0.05402842164039612
CA,0.05402842164039612
CB,0.05967365950345993
CD,0.07237543165683746
CD1,0.08507721871137619
CD2,0.09777899086475372
CE,0.1067216768860817
CE1,0.10814616084098816
CE2,0.10957115143537521
CE3,0.1109958291053772
CG,0.11389371007680893
CG1,0.12194793671369553
CG2,0.13000215590000153
CH2,0.13805639743804932
CZ,0.1465328335762024
CZ2,0.1583869904279709
CZ3,0.17024116218090057
O,0.18209533393383026
OH,0.19394955039024353
OD1,0.19566383957862854
OD2,0.19737818837165833
OE1,0.1990925371646881
OE2,0.20080691576004028
OG,0.19985546171665192
OG1,0.19857078790664673
N,0.19728617370128632
NE,0.19600151479244232
NE1,0.19517958164215088
NE2,0.19448800384998322
ND1,0.19379760324954987
ND2,0.19310717284679413
NZ,0.19222977757453918
NH1,0.19125834107398987
NH2,0.19028685986995697
SD,0.18931540846824646
SG,0.18888327479362488
UNKNOWN,0.18888327479362488
