atom_index,is_real_atom,atom_type_from_onehot,importance
0,1,CD2,10.175209999084473
1,1,CE2,10.175209999084473
2,1,CZ,10.374091148376465
3,1,NE2,10.794581413269043
4,1,O,11.215073585510254
5,1,CG1,11.635563850402832
6,1,CG2,11.730605125427246
7,1,CD1,11.37421703338623
8,1,C,11.017826080322266
9,1,O,10.661438941955566
10,1,CB,10.27803897857666
11,1,CG2,9.847626686096191
12,1,N,9.417213439941406
13,1,CA,8.986802101135254
14,1,C,8.683127403259277
15,1,O,8.660483360290527
16,1,CB,8.637840270996094
17,1,CG1,8.615195274353027
18,1,CG2,8.624964714050293
19,1,CB,8.728553771972656
20,1,CG1,8.832144737243652
21,1,CG2,8.935736656188965
22,1,N,8.998373031616211
23,1,CA,8.899924278259277
24,1,CB,8.801475524902344
25,1,CG,8.703028678894043
26,1,OD1,8.597599983215332
27,1,CG,8.452204704284668
28,1,CD1,8.306808471679688
29,1,CD2,8.161412239074707
30,1,CD1,8.057563781738281
31,1,CB,8.35137939453125
32,1,CG1,8.645194053649902
33,1,CG2,8.939008712768555
34,1,CD2,9.215201377868652
35,1,CG2,9.07431697845459
36,1,CD1,8.933433532714844
37,1,CD1,8.792550086975098
38,1,C,8.651666641235352
39,1,O,8.658567428588867
40,1,CB,8.66749382019043
41,1,CG,8.67641830444336
42,1,CD2,8.685346603393555
43,1,CG,8.258769989013672
44,1,CD2,7.8006367683410645
45,1,CG,7.342503070831299
46,1,CD,6.884368896484375
