atom_type,importance_sum
C,7.260463237762451
CA,7.260463237762451
CB,7.840463161468506
CD,9.145495414733887
CD1,10.450566291809082
CD2,11.755558013916016
CE,12.733829498291016
CE1,13.058496475219727
CE2,13.383079528808594
CE3,13.707746505737305
CG,14.350171089172363
CG1,16.104589462280273
CG2,17.859012603759766
CH2,19.61343765258789
CZ,21.226516723632812
CZ2,21.708850860595703
CZ3,22.191194534301758
O,22.673532485961914
OH,23.155872344970703
OD1,21.44287872314453
OD2,19.729883193969727
OE1,18.016883850097656
OE2,16.303890228271484
OG,15.513077735900879
OG1,14.837533950805664
N,14.161989212036133
NE,13.48644733428955
NE1,12.892617225646973
NE2,12.322075843811035
ND1,11.751615524291992
ND2,11.18107795715332
NZ,10.950523376464844
NH1,10.88996410369873
NH2,10.829402923583984
SD,10.768832206726074
SG,10.741902351379395
UNKNOWN,10.741902351379395
