atom_type,importance
C,0.16289812326431274
CA,0.16289812326431274
CB,0.17597931623458862
CD,0.2054091840982437
CD1,0.2348400354385376
CD2,0.26426878571510315
CE,0.2781679034233093
CE1,0.2610078454017639
CE2,0.24384549260139465
CE3,0.2266831398010254
CG,0.21112023293972015
CG1,0.20115108788013458
CG2,0.191181942820549
CH2,0.18121284246444702
CZ,0.1729252189397812
CZ2,0.1780896931886673
CZ3,0.1832541674375534
O,0.1884186565876007
OH,0.19358310103416443
OD1,0.19684675335884094
OD2,0.20011042058467865
OE1,0.20337407290935516
OE2,0.2066376954317093
OG,0.19542296230793
OG1,0.18239831924438477
N,0.1693737655878067
NE,0.15634916722774506
NE1,0.155054971575737
NE2,0.1571113020181656
ND1,0.15916883945465088
ND2,0.16122518479824066
NZ,0.16011875867843628
NH1,0.15742984414100647
NH2,0.15474209189414978
SD,0.15205319225788116
SG,0.15085898339748383
UNKNOWN,0.15085898339748383
