atom_index,is_real_atom,atom_type_from_onehot,importance
0,1,C,8.016366004943848
1,1,O,8.016366004943848
2,1,CB,8.030261039733887
3,1,CG,8.059637069702148
4,1,CD2,8.089014053344727
5,1,CA,8.118390083312988
6,1,C,8.05426025390625
7,1,O,7.86042594909668
8,1,CB,7.666590690612793
9,1,CG,7.472756862640381
10,1,CD,7.290865421295166
11,1,NE,7.129759788513184
12,1,CZ,6.968654632568359
13,1,NH1,6.80755090713501
14,1,NH2,6.6869306564331055
15,1,CB,6.656081199645996
16,1,CG,6.6252312660217285
17,1,N,6.594381332397461
18,1,CA,6.556183815002441
19,1,CB,6.496719837188721
20,1,CG,6.437254905700684
21,1,CD1,6.377790927886963
22,1,CE1,6.293112754821777
23,1,CB,6.109263896942139
24,1,CD2,5.9254150390625
25,1,CA,5.741566181182861
26,1,C,5.5917649269104
27,1,O,5.636965751647949
28,1,CB,5.682165622711182
29,1,CG1,5.7273664474487305
30,1,CG2,5.7767510414123535
31,1,CD2,5.8661909103393555
32,1,N,5.955629825592041
33,1,CA,6.045068740844727
34,1,CB,6.13524055480957
35,1,CG,6.242740154266357
36,1,CD1,6.350238800048828
37,1,CD2,6.457738399505615
38,1,CG1,6.565237522125244
39,1,CD1,6.457453727722168
40,1,C,6.346719741821289
41,1,O,6.235986232757568
42,1,CB,6.125251770019531
43,1,CD1,5.798025131225586
44,1,N,5.455111503601074
45,1,CA,5.112197399139404
46,1,CB,4.769283294677734
47,1,CG,4.514097213745117
48,1,CD1,4.27105712890625
49,1,CE1,4.028017044067383
50,1,CB,3.7849769592285156
51,1,CG,3.8366682529449463
52,1,CD1,3.9511711597442627
53,1,CD2,4.065673828125
54,1,CE1,4.180177211761475
55,1,CE2,4.120119094848633
56,1,CZ,4.007999897003174
57,1,OH,3.8958804607391357
58,1,CE2,3.7837607860565186
59,1,CZ,3.84192156791687
