atom_type,importance_sum
C,9.572945594787598
CA,9.572945594787598
CB,10.378203392028809
CD,12.190031051635742
CD1,14.001860618591309
CD2,15.813687324523926
CE,17.151710510253906
CE1,17.542049407958984
CE2,17.932506561279297
CE3,18.322803497314453
CG,18.530248641967773
CG1,18.09772300720215
CG2,17.665205001831055
CH2,17.23270034790039
CZ,16.819988250732422
CZ2,16.565631866455078
CZ3,16.311269760131836
O,16.056909561157227
OH,15.802536964416504
OD1,14.528663635253906
OD2,13.254783630371094
OE1,11.980908393859863
OE2,10.707032203674316
OG,10.383196830749512
OG1,10.178123474121094
N,9.973039627075195
NE,9.767961502075195
NE1,9.584867477416992
NE2,9.40811824798584
ND1,9.231409072875977
ND2,9.054665565490723
NZ,8.941600799560547
NH1,8.860371589660645
NH2,8.77916431427002
SD,8.697938919067383
SG,8.66185474395752
UNKNOWN,8.66185474395752
