atom_index,is_real_atom,atom_type_from_onehot,importance
0,1,CG,5.354585647583008
1,1,CD1,5.354585647583008
2,1,CD2,5.389212131500244
3,1,CE1,5.4624223709106445
4,1,CE2,5.535630702972412
5,1,CZ,5.608839988708496
6,1,CB,5.572824478149414
7,1,CG2,5.3852996826171875
8,1,CD1,5.1977763175964355
9,1,C,5.010251522064209
10,1,O,5.015419960021973
11,1,CB,5.356013298034668
12,1,CG1,5.6966071128845215
13,1,CG2,6.037200927734375
14,1,CB,6.37396764755249
15,1,CG,6.7022480964660645
16,1,CD1,7.030528545379639
17,1,CD2,7.358807563781738
18,1,CD2,7.563132286071777
19,1,CG,7.408633708953857
20,1,SD,7.254134178161621
21,1,CD1,7.099634170532227
22,1,CE1,6.941223621368408
23,1,CE2,6.767429828643799
24,1,CZ,6.593633651733398
25,1,CG2,6.4198384284973145
26,1,CG,6.253697395324707
27,1,CD1,6.1313958168029785
28,1,CD2,6.009092807769775
29,1,NE1,5.8867902755737305
30,1,CE2,5.729138374328613
31,1,CE3,5.233154296875
32,1,CZ2,4.737170219421387
33,1,CZ3,4.241186141967773
34,1,CH2,3.7593162059783936
