atom_type,importance_sum
C,1.095200777053833
CA,1.095200777053833
CB,1.459479808807373
CD,2.2791008949279785
CD1,3.0987353324890137
CD2,3.918344736099243
CE,4.631930828094482
CE1,5.133355140686035
CE2,5.634780406951904
CE3,6.136207103729248
CG,6.849233150482178
CG1,8.302703857421875
CG2,9.756173133850098
CH2,11.209646224975586
CZ,12.603321075439453
CZ2,13.518655776977539
CZ3,14.433990478515625
O,15.349326133728027
OH,16.26466178894043
OD1,13.659528732299805
OD2,11.054394721984863
OE1,8.449265480041504
OE2,5.844135284423828
OG,4.648695468902588
OG1,3.6294682025909424
N,2.6102418899536133
NE,1.5910152196884155
NE1,1.8770300149917603
NE2,2.535965919494629
ND1,3.1949126720428467
ND2,3.8538613319396973
NZ,4.701891899108887
NH1,5.644432544708252
NH2,6.587020397186279
SD,7.52955961227417
SG,7.948486804962158
UNKNOWN,7.948486804962158
