atom_type,importance_sum
C,11.271512985229492
CA,11.271512985229492
CB,11.779553413391113
CD,12.922825813293457
CD1,14.066003799438477
CD2,15.209182739257812
CE,15.880090713500977
CE1,15.606526374816895
CE2,15.333060264587402
CE3,15.059499740600586
CG,14.991064071655273
CG1,15.640769958496094
CG2,16.290477752685547
CH2,16.940183639526367
CZ,17.561941146850586
CZ2,17.960107803344727
CZ3,18.3582706451416
O,18.756439208984375
OH,19.154600143432617
OD1,18.990516662597656
OD2,18.82642936706543
OE1,18.662342071533203
OE2,18.498254776000977
OG,18.22893714904785
OG1,17.94646644592285
N,17.66399574279785
NE,17.381526947021484
NE1,17.12605094909668
NE2,16.878276824951172
ND1,16.630504608154297
ND2,16.38271713256836
NZ,16.009187698364258
NH1,15.572717666625977
NH2,15.136337280273438
SD,14.69986343383789
SG,14.50586986541748
UNKNOWN,14.50586986541748
