atom_type,importance_sum
C,8.893707275390625
CA,8.893707275390625
CB,9.891261100769043
CD,12.135591506958008
CD1,14.380001068115234
CD2,16.62436294555664
CE,17.759811401367188
CE1,16.677736282348633
CE2,15.595540046691895
CE3,14.513444900512695
CG,13.703368186950684
CG1,13.845662117004395
CG2,13.987959861755371
CH2,14.130252838134766
CZ,14.45518684387207
CZ2,16.241239547729492
CZ3,18.027341842651367
O,19.813377380371094
OH,21.599414825439453
OD1,20.63521957397461
OD2,19.6710262298584
OE1,18.706825256347656
OE2,17.742631912231445
OG,17.90639877319336
OG1,18.211162567138672
N,18.51592445373535
NE,18.82068634033203
NE1,18.525999069213867
NE2,18.06028175354004
ND1,17.594417572021484
ND2,17.128690719604492
NZ,16.60256004333496
NH1,16.0462646484375
NH2,15.490069389343262
SD,14.933794975280762
SG,14.686610221862793
UNKNOWN,14.686610221862793
