atom_type,importance
C,0.1370133012533188
CA,0.1370133012533188
CB,0.14995960891246796
CD,0.17908835411071777
CD1,0.20821794867515564
CD2,0.23734751343727112
CE,0.2643177807331085
CE1,0.28697076439857483
CE2,0.30962395668029785
CE3,0.33227697014808655
CG,0.3430572748184204
CG1,0.3122791349887848
CG2,0.28150081634521484
CH2,0.25072261691093445
CZ,0.22298449277877808
CZ2,0.21956674754619598
CZ3,0.21614903211593628
O,0.2127312272787094
OH,0.2093135416507721
OD1,0.20481912791728973
OD2,0.20032472908496857
OE1,0.195830300450325
OE2,0.19133590161800385
OG,0.1833975613117218
OG1,0.17502878606319427
N,0.1666599065065384
NE,0.15829113125801086
NE1,0.1760953962802887
NE2,0.20137622952461243
ND1,0.22665880620479584
ND2,0.25194066762924194
NZ,0.2624465823173523
NH1,0.26556816697120667
NH2,0.26868799328804016
SD,0.27180957794189453
SG,0.27319633960723877
UNKNOWN,0.27319633960723877
