atom_type,importance
C,0.12061655521392822
CA,0.12061655521392822
CB,0.12668271362781525
CD,0.140330970287323
CD1,0.15397925674915314
CD2,0.1676274985074997
CE,0.1765376329421997
CE1,0.17597272992134094
CE2,0.17540667951107025
CE3,0.1748417615890503
CG,0.1742020696401596
CG1,0.17330166697502136
CG2,0.1724012792110443
CH2,0.17150089144706726
CZ,0.1708802878856659
CZ2,0.17249812185764313
CZ3,0.17411595582962036
O,0.1757337898015976
OH,0.17735160887241364
OD1,0.16958682239055634
OD2,0.16182205080986023
OE1,0.15405726432800293
OE2,0.14629247784614563
OG,0.1403602659702301
OG1,0.13465718924999237
N,0.12895412743091583
NE,0.12325102835893631
NE1,0.11506377160549164
NE2,0.10616591572761536
ND1,0.09726879000663757
ND2,0.08837158232927322
NZ,0.0830264464020729
NH1,0.07945764809846878
NH2,0.07588879764080048
SD,0.0723198875784874
SG,0.07073348760604858
UNKNOWN,0.07073348760604858
