atom_index,is_real_atom,atom_type_from_onehot,importance
0,1,CG1,6.212237358093262
1,1,CD1,6.212237358093262
2,1,CB,6.337292194366455
3,1,CG,6.6016950607299805
4,1,CD1,6.866097927093506
5,1,CG,7.130500793457031
6,1,CD2,7.2079877853393555
7,1,CD1,7.026206016540527
8,1,O,6.844422340393066
9,1,CA,6.662639617919922
10,1,C,6.504558086395264
11,1,O,6.387737274169922
12,1,CB,6.270915508270264
13,1,OG1,6.154094219207764
14,1,CG2,5.987959384918213
15,1,CA,5.7124786376953125
16,1,C,5.436996936798096
17,1,O,5.161517143249512
18,1,CB,4.916348457336426
19,1,CG,4.758932590484619
20,1,CD1,4.601515769958496
21,1,CD2,4.444099426269531
22,1,CE1,4.394935607910156
23,1,CE2,4.771565914154053
24,1,CZ,5.148194313049316
25,1,N,5.524824142456055
26,1,CA,5.891567230224609
27,1,CB,6.201681613922119
28,1,CG1,6.511797904968262
29,1,CG2,6.821914196014404
30,1,CB,7.102304935455322
31,1,OG1,7.098179340362549
32,1,CG2,7.094054698944092
33,1,CB,7.08992862701416
34,1,CG1,7.079590797424316
35,1,CG1,6.922224044799805
36,1,CG2,6.764856338500977
37,1,CD1,6.607489585876465
