atom_type,importance_sum
C,7.0452351570129395
CA,7.0452351570129395
CB,7.20307731628418
CD,7.558316707611084
CD1,7.913510322570801
CD2,8.268715858459473
CE,8.677290916442871
CE1,9.192404747009277
CE2,9.707517623901367
CE3,10.22262954711914
CG,10.556954383850098
CG1,10.258208274841309
CG2,9.959463119506836
CH2,9.66071891784668
CZ,9.423656463623047
CZ2,9.680060386657715
CZ3,9.936466217041016
O,10.192870140075684
OH,10.44927978515625
OD1,9.669109344482422
OD2,8.888941764831543
OE1,8.108771324157715
OE2,7.328599452972412
OG,7.468650817871094
OG1,7.723727703094482
N,7.978803634643555
NE,8.233881950378418
NE1,7.575987815856934
NE2,6.657210826873779
ND1,5.7384772300720215
ND2,4.819700241088867
NZ,4.468145370483398
NH1,4.4001545906066895
NH2,4.3321685791015625
SD,4.264185905456543
SG,4.233977317810059
UNKNOWN,4.233977317810059
