atom_type,importance
C,0.05788758024573326
CA,0.05788758024573326
CB,0.06382246315479279
CD,0.0771758109331131
CD1,0.0905298963189125
CD2,0.10388322919607162
CE,0.11350838840007782
CE1,0.11567459255456924
CE2,0.117841437458992
CE3,0.12000848352909088
CG,0.12263334542512894
CG1,0.12686416506767273
CG2,0.13109499216079712
CH2,0.1353258192539215
CZ,0.1391981989145279
CZ2,0.14020343124866486
CZ3,0.14120860397815704
O,0.14221379160881042
OH,0.14321903884410858
OD1,0.13203832507133484
OD2,0.1208575963973999
OE1,0.10967688262462616
OE2,0.09849616885185242
OG,0.09436866641044617
OG1,0.09112279862165451
N,0.08787695318460464
NE,0.08463107794523239
NE1,0.08348198980093002
NE2,0.08293171226978302
ND1,0.08238144218921661
ND2,0.0818311795592308
NZ,0.08879199624061584
NH1,0.09950724989175797
NH2,0.11022249609231949
SD,0.120937779545784
SG,0.12570026516914368
UNKNOWN,0.12570026516914368
