atom_index,is_real_atom,atom_type_from_onehot,importance
0,1,CA,7.7546868324279785
1,1,C,7.7546868324279785
2,1,O,7.731619834899902
3,1,CA,7.682847023010254
4,1,C,7.6340742111206055
5,1,O,7.585301399230957
6,1,CB,7.549348831176758
7,1,N,7.531179428100586
8,1,CA,7.513009548187256
9,1,C,7.494839668273926
10,1,O,7.591689109802246
11,1,CB,7.888760566711426
12,1,CG,8.185831069946289
13,1,CD1,8.482902526855469
14,1,CE1,8.669888496398926
15,1,CZ,8.612777709960938
16,1,CA,8.555667877197266
17,1,C,8.498556137084961
18,1,O,8.493517875671387
19,1,CB,8.639219284057617
20,1,CG1,8.784920692443848
21,1,CG2,8.930622100830078
22,1,N,8.985136032104492
23,1,CA,8.68098258972168
24,1,CD,8.37682819366455
25,1,NE,8.072675704956055
26,1,CA,7.703316688537598
27,1,CB,6.960506439208984
