atom_type,importance_sum
C,7.146177291870117
CA,7.146177291870117
CB,7.795614719390869
CD,9.256832122802734
CD1,10.718091011047363
CD2,12.179258346557617
CE,12.7399263381958
CE1,11.49930477142334
CE2,10.258683204650879
CE3,9.018061637878418
CG,7.757718086242676
CG1,6.427971839904785
CG2,5.09822416305542
CH2,3.768451452255249
CZ,2.709806203842163
CZ2,3.8199615478515625
CZ3,4.930141448974609
O,6.040297508239746
OH,7.150451183319092
OD1,7.025938987731934
OD2,6.901425838470459
OE1,6.776914119720459
OE2,6.652400493621826
OG,7.277341365814209
OG1,7.995968341827393
N,8.7145414352417
NE,9.4331636428833
NE1,9.359217643737793
NE2,9.058753967285156
ND1,8.758288383483887
ND2,8.457823753356934
NZ,7.833943843841553
NH1,7.048309326171875
NH2,6.262674808502197
SD,5.477035999298096
SG,5.127843856811523
UNKNOWN,5.127843856811523
