atom_type,importance
C,0.11270833015441895
CA,0.11270833015441895
CB,0.11850115656852722
CD,0.13153479993343353
CD1,0.14456844329833984
CD2,0.15760287642478943
CE,0.17008239030838013
CE1,0.18145503103733063
CE2,0.1928277164697647
CE3,0.2042003571987152
CG,0.22078265249729156
CG1,0.25559788942337036
CG2,0.29041311144828796
CH2,0.3252282738685608
CZ,0.3559083938598633
CZ2,0.35350778698921204
CZ3,0.35110729932785034
O,0.3487066924571991
OH,0.34630608558654785
OD1,0.3460618257522583
OD2,0.3458176553249359
OE1,0.34557345509529114
OE2,0.3453291356563568
OG,0.32984331250190735
OG1,0.31245216727256775
N,0.29506105184555054
NE,0.27766990661621094
NE1,0.29155659675598145
NE2,0.31437981128692627
ND1,0.33720162510871887
ND2,0.3600248694419861
NZ,0.35436755418777466
NH1,0.3344684839248657
NH2,0.31457093358039856
SD,0.2946733832359314
SG,0.28582891821861267
UNKNOWN,0.28582891821861267
