atom_index,is_real_atom,atom_type_from_onehot,importance
0,1,CA,9.030557632446289
1,1,O,9.030557632446289
2,1,CB,9.09994125366211
3,1,CA,9.246639251708984
4,1,CB,9.393335342407227
5,1,CG,9.540035247802734
6,1,CD1,9.680673599243164
7,1,N,9.812904357910156
8,1,CG,9.945136070251465
9,1,CD2,10.07736587524414
10,1,CD1,10.115707397460938
11,1,CE1,9.990612030029297
12,1,CZ,9.865513801574707
13,1,CG,9.740416526794434
14,1,O,9.533050537109375
15,1,CB,9.143264770507812
16,1,O,8.75347900390625
17,1,CA,8.363693237304688
18,1,C,7.971431255340576
19,1,CB,7.572009086608887
20,1,N,7.172586441040039
21,1,CA,6.773163795471191
22,1,C,6.3986992835998535
23,1,O,6.122411251068115
24,1,CB,5.846122741699219
25,1,OG,5.569834232330322
26,1,N,5.325336933135986
27,1,CD2,5.262918949127197
28,1,CA,5.200501918792725
29,1,CB,5.138084411621094
30,1,CG,5.048670768737793
31,1,CD1,4.700874328613281
32,1,CD2,4.3530778884887695
33,1,NE1,4.005281448364258
34,1,CE2,3.68373441696167
35,1,CE3,3.9834206104278564
36,1,CZ2,4.283105373382568
37,1,CZ3,4.582791328430176
38,1,CH2,4.882477760314941
39,1,CD1,5.238049507141113
40,1,NE1,5.594385623931885
41,1,CE2,5.9507246017456055
42,1,CZ2,6.307061672210693
43,1,CH2,6.486753940582275
44,1,O,6.653645992279053
45,1,O,6.82053804397583
46,1,OG1,6.987431049346924
47,1,N,7.335110664367676
48,1,CA,7.707820892333984
49,1,CB,8.08053207397461
50,1,OG1,8.453245162963867
51,1,CG2,8.209931373596191
