atom_type,importance_sum
C,9.814642906188965
CA,9.814642906188965
CB,10.142156600952148
CD,10.8790864944458
CD1,11.615942001342773
CD2,12.352871894836426
CE,12.992995262145996
CE1,13.439584732055664
CE2,13.88616943359375
CE3,14.332759857177734
CG,14.626516342163086
CG1,14.385046005249023
CG2,14.143579483032227
CH2,13.90211009979248
CZ,13.72208309173584
CZ2,14.033535957336426
CZ3,14.344989776611328
O,14.656442642211914
OH,14.96789836883545
OD1,15.649847984313965
OD2,16.331809997558594
OE1,17.013765335083008
OE2,17.695722579956055
OG,17.350278854370117
OG1,16.876399993896484
N,16.402528762817383
NE,15.928654670715332
NE1,15.609464645385742
NE2,15.334413528442383
ND1,15.059439659118652
ND2,14.78438949584961
NZ,14.72353744506836
NH1,14.769784927368164
NH2,14.815954208374023
SD,14.862207412719727
SG,14.882779121398926
UNKNOWN,14.882779121398926
