atom_index,is_real_atom,atom_type_from_onehot,importance
0,1,CA,11.404356002807617
1,1,O,11.404356002807617
2,1,CB,11.532268524169922
3,1,CG,11.802711486816406
4,1,CD,12.073153495788574
5,1,CE,12.343594551086426
6,1,NZ,12.221322059631348
7,1,CA,11.554313659667969
8,1,C,10.88730525970459
9,1,O,10.220298767089844
10,1,CB,9.621888160705566
11,1,CG,9.142884254455566
12,1,CD2,8.663883209228516
13,1,CE2,8.184879302978516
14,1,N,7.856486797332764
15,1,CA,7.862052917480469
16,1,CD2,7.867619514465332
17,1,C,7.8731865882873535
18,1,O,7.763628959655762
19,1,CG,7.32081937789917
20,1,OD1,6.878009796142578
21,1,N,6.4352006912231445
22,1,CA,6.138543605804443
23,1,CA,6.416752815246582
24,1,CB,6.694964408874512
25,1,CG,6.973173141479492
26,1,CD1,7.230966091156006
27,1,CD2,7.371820449829102
28,1,CE1,7.512674331665039
29,1,CE2,7.653528213500977
30,1,CZ,7.795670986175537
31,1,O,7.950139045715332
32,1,N,8.104608535766602
33,1,CA,8.259077072143555
34,1,C,8.415929794311523
35,1,O,8.629220962524414
36,1,CD2,8.842509269714355
37,1,CE2,9.055798530578613
38,1,CA,9.269087791442871
39,1,CB,9.282088279724121
40,1,CG1,9.292342185974121
41,1,O,9.302599906921387
42,1,C,9.312856674194336
43,1,O,8.887691497802734
44,1,CB,8.430974006652832
45,1,OG,7.974257469177246
46,1,N,7.517539978027344
47,1,CA,7.366964817047119
48,1,CB,7.258780002593994
49,1,CB,7.150593280792236
50,1,CG,7.042407035827637
51,1,CD1,7.091007232666016
52,1,CE1,7.17302131652832
53,1,CE2,7.255035400390625
54,1,CZ,7.337048053741455
55,1,OH,7.021437168121338
56,1,CG,6.587238311767578
