atom_type,importance
C,0.074249267578125
CA,0.074249267578125
CB,0.07800322771072388
CD,0.08644886314868927
CD1,0.09489449858665466
CD2,0.10334016382694244
CE,0.11032808572053909
CE1,0.11439947783946991
CE2,0.11847206205129623
CE3,0.12254338711500168
CG,0.1286991387605667
CG1,0.1421450674533844
CG2,0.15559105575084686
CH2,0.16903704404830933
CZ,0.1810806393623352
CZ2,0.18190564215183258
CZ3,0.18273067474365234
O,0.18355566263198853
OH,0.1843806654214859
OD1,0.17017394304275513
OD2,0.15596720576286316
OE1,0.14176045358181
OE2,0.12755370140075684
OG,0.1135246679186821
OG1,0.09951718151569366
N,0.08551035076379776
NE,0.07150352001190186
NE1,0.07828983664512634
NE2,0.09101691097021103
ND1,0.10374400019645691
ND2,0.1164710521697998
NZ,0.1264064759016037
NH1,0.13494662940502167
NH2,0.14348682761192322
SD,0.15202699601650238
SG,0.15582183003425598
UNKNOWN,0.15582183003425598
