atom_index,is_real_atom,atom_type_from_onehot,importance
0,1,CG2,7.498786926269531
1,1,O,7.498786926269531
2,1,OE1,7.513514995574951
3,1,C,7.5446553230285645
4,1,O,7.575795650482178
5,1,CG2,7.606935501098633
6,1,N,7.706747531890869
7,1,CA,7.901813983917236
8,1,CB,8.096880912780762
9,1,OG,8.291947364807129
10,1,C,8.550759315490723
11,1,O,8.920533180236816
12,1,CB,9.290308952331543
13,1,CA,9.660082817077637
14,1,C,9.822518348693848
15,1,O,9.52519416809082
16,1,SD,9.227873802185059
17,1,CE,8.930549621582031
18,1,NE,8.593778610229492
19,1,CZ,8.142820358276367
20,1,NH1,7.691860675811768
21,1,NH2,7.240902423858643
22,1,CG2,6.853264808654785
23,1,CD1,6.7146992683410645
24,1,CG,6.5761332511901855
25,1,CD1,6.437567234039307
26,1,CD2,6.292374134063721
27,1,CE1,6.109228610992432
28,1,CE2,5.926083087921143
29,1,CZ,5.7429375648498535
30,1,OH,5.58071231842041
31,1,CD2,5.618719577789307
32,1,CE1,5.656727313995361
33,1,CE2,5.694735527038574
34,1,CZ,5.710855960845947
35,1,OH,5.2089715003967285
