atom_index,is_real_atom,atom_type_from_onehot,importance
0,1,O,8.80880069732666
1,1,N,8.80880069732666
2,1,CA,9.129119873046875
3,1,CB,9.806364059448242
4,1,OG,10.483606338500977
5,1,CG2,11.16085147857666
6,1,CB,11.557064056396484
7,1,CG,11.563462257385254
8,1,SD,11.56986141204834
9,1,CE,11.576262474060059
10,1,CG,11.410942077636719
11,1,CD1,10.946708679199219
12,1,CD2,10.48247241973877
13,1,NE1,10.01823902130127
14,1,CE2,9.523818969726562
15,1,CZ2,8.9624662399292
16,1,CG1,8.401113510131836
17,1,CD1,7.8397626876831055
18,1,CG1,7.29718017578125
19,1,CD1,6.808927059173584
