atom_type,mean_importance
C,0.11008789390325546
CA,0.11008789390325546
CB,0.11637303978204727
CD,0.13051460683345795
CD1,0.14465618133544922
CD2,0.1587977409362793
CE,0.16809050738811493
CE1,0.16768576204776764
CE2,0.16728097200393677
CE3,0.16687621176242828
CG,0.16723553836345673
CG1,0.17026905715465546
CG2,0.17330259084701538
CH2,0.1763361245393753
CZ,0.17974507808685303
CZ2,0.1861574947834015
CZ3,0.19256992638111115
O,0.1989823579788208
OH,0.20539477467536926
OD1,0.2015937715768814
OD2,0.19779278337955475
OE1,0.1939917802810669
OE2,0.19019077718257904
OG,0.18578343093395233
OG1,0.18130026757717133
N,0.1768171191215515
NE,0.1723339706659317
NE1,0.17211516201496124
NE2,0.17311470210552216
ND1,0.17411427199840546
ND2,0.17511381208896637
NZ,0.1759391576051712
NH1,0.1766774207353592
NH2,0.17741571366786957
SD,0.17815397679805756
SG,0.17848211526870728
UNKNOWN,0.17848211526870728
