atom_type,importance
C,0.21480971574783325
CA,0.21480971574783325
CB,0.21848300099372864
CD,0.2267475128173828
CD1,0.23501406610012054
CD2,0.24327871203422546
CE,0.24286819994449615
CE1,0.22510956227779388
CE2,0.20735003054141998
CE3,0.1895914226770401
CG,0.17503760755062103
CG1,0.17170368134975433
CG2,0.16836978495121002
CH2,0.1650358885526657
CZ,0.16321176290512085
CZ2,0.1734667271375656
CZ3,0.18372173607349396
O,0.19397670030593872
OH,0.20423169434070587
OD1,0.20969247817993164
OD2,0.21515317261219025
OE1,0.22061340510845184
OE2,0.22607393562793732
OG,0.23552528023719788
OG1,0.24547544121742249
N,0.25542548298835754
NE,0.26537561416625977
NE1,0.27060726284980774
NE2,0.27448996901512146
ND1,0.2783746123313904
ND2,0.2822572886943817
NZ,0.2770387530326843
NH1,0.26726651191711426
NH2,0.25749632716178894
SD,0.2477262169122696
SG,0.24338434636592865
UNKNOWN,0.24338434636592865
