atom_type,importance
C,0.14210958778858185
CA,0.14210958778858185
CB,0.14470361173152924
CD,0.15053917467594147
CD1,0.1563747078180313
CD2,0.16221027076244354
CE,0.16096700727939606
CE1,0.14556904137134552
CE2,0.13017015159130096
CE3,0.11477123200893402
CG,0.10903716087341309
CG1,0.13712996244430542
CG2,0.16522318124771118
CH2,0.19331634044647217
CZ,0.220554918050766
CZ2,0.24095013737678528
CZ3,0.2613452672958374
O,0.2817403972148895
OH,0.30213552713394165
OD1,0.29609501361846924
OD2,0.2900543510913849
OE1,0.2840138375759125
OE2,0.2779734432697296
OG,0.25775185227394104
OG1,0.23575761914253235
N,0.213762566447258
NE,0.19176840782165527
NE1,0.17441950738430023
NE2,0.1583966463804245
ND1,0.14237383008003235
ND2,0.12635096907615662
NZ,0.12076883763074875
NH1,0.1204071044921875
NH2,0.12004516273736954
SD,0.11968354880809784
SG,0.11952285468578339
UNKNOWN,0.11952285468578339
