atom_type,importance_sum
C,11.22630500793457
CA,11.22630500793457
CB,11.962557792663574
CD,13.619260787963867
CD1,15.275867462158203
CD2,16.93254852294922
CE,17.90889549255371
CE1,17.524742126464844
CE2,17.140533447265625
CE3,16.756362915039062
CG,16.39241600036621
CG1,16.09953498840332
CG2,15.80666732788086
CH2,15.513799667358398
CZ,15.308745384216309
CZ2,15.806192398071289
CZ3,16.303640365600586
O,16.801109313964844
OH,17.298580169677734
OD1,16.64899444580078
OD2,15.999422073364258
OE1,15.349867820739746
OE2,14.700310707092285
OG,14.553004264831543
OG1,14.468480110168457
N,14.383954048156738
NE,14.299429893493652
NE1,14.041074752807617
NE2,13.733010292053223
ND1,13.42495059967041
ND2,13.116796493530273
NZ,12.642799377441406
NH1,12.085780143737793
NH2,11.528768539428711
SD,10.971763610839844
SG,10.724237442016602
UNKNOWN,10.724237442016602
