atom_index,is_real_atom,atom_type_from_onehot,importance
0,1,CG,7.906321048736572
1,1,CD2,7.906321048736572
2,1,O,7.931284427642822
3,1,CB,7.984064102172852
4,1,OG,8.036845207214355
5,1,N,8.089624404907227
6,1,CA,7.910967826843262
7,1,CB,7.41128396987915
8,1,CB,6.911600589752197
9,1,CG,6.411917686462402
10,1,CE1,6.11530876159668
11,1,CE2,6.1721978187561035
12,1,CZ,6.229089260101318
13,1,OH,6.285978317260742
14,1,CG,6.329586982727051
15,1,CD1,6.343745231628418
16,1,CD2,6.357903003692627
17,1,O,6.372061729431152
18,1,CA,6.341622352600098
19,1,CB,6.1820855140686035
20,1,OG1,6.022548198699951
21,1,CA,5.863011360168457
22,1,C,5.776468276977539
23,1,O,5.977034568786621
24,1,CD1,6.1776018142700195
25,1,CE1,6.37816858291626
26,1,CZ,6.605271339416504
27,1,CA,6.984354019165039
28,1,CB,7.363436222076416
29,1,CB,7.742518424987793
30,1,CG2,8.087480545043945
31,1,CD,8.105854988098145
32,1,CE,8.12423038482666
33,1,NZ,8.14260482788086
34,1,C,8.15406322479248
35,1,O,8.001846313476562
36,1,CB,7.8496294021606445
37,1,CG,7.697411060333252
38,1,CD2,7.545194625854492
39,1,CE2,7.087060928344727
40,1,N,6.624738693237305
41,1,CA,6.162415027618408
42,1,CG,5.700091361999512
43,1,CD1,5.550533294677734
44,1,CA,5.423640251159668
45,1,C,5.296744346618652
46,1,O,5.1698503494262695
47,1,CB,4.925765514373779
48,1,N,4.665454864501953
49,1,CA,4.405144214630127
50,1,C,4.144833087921143
51,1,CB,4.047517776489258
52,1,CG,3.9849393367767334
53,1,CD2,3.92236065864563
54,1,CE2,3.8597819805145264
