atom_type,importance_sum
C,6.833878517150879
CA,6.833878517150879
CB,6.700254440307617
CD,6.399510383605957
CD1,6.0987653732299805
CD2,5.798055171966553
CE,6.020518779754639
CE1,7.289464473724365
CE2,8.558375358581543
CE3,9.827352523803711
CG,10.642004013061523
CG1,9.86676025390625
CG2,9.091517448425293
CH2,8.316275596618652
CZ,7.700930118560791
CZ2,8.364768981933594
CZ3,9.028604507446289
O,9.692444801330566
OH,10.356283187866211
OD1,10.104001998901367
OD2,9.851723670959473
OE1,9.599451065063477
OE2,9.34717082977295
OG,9.655721664428711
OG1,10.034377098083496
N,10.413023948669434
NE,10.791678428649902
NE1,11.039769172668457
NE2,11.250492095947266
ND1,11.46121883392334
ND2,11.672009468078613
NZ,12.159757614135742
NH1,12.786040306091309
NH2,13.412251472473145
SD,14.03853988647461
SG,14.316858291625977
UNKNOWN,14.316858291625977
