atom_type,importance_sum
C,3.5775668621063232
CA,3.5775668621063232
CB,4.397764682769775
CD,6.243189811706543
CD1,8.088580131530762
CD2,9.934004783630371
CE,10.993865013122559
CE1,10.482743263244629
CE2,9.971551895141602
CE3,9.460360527038574
CG,8.932453155517578
CG1,8.346031188964844
CG2,7.759603500366211
CH2,7.173183441162109
CZ,6.915615558624268
CZ2,9.288872718811035
CZ3,11.662128448486328
O,14.035385131835938
OH,16.408639907836914
OD1,13.576727867126465
OD2,10.744811058044434
OE1,7.912893295288086
OE2,5.080978870391846
OG,5.338138103485107
OG1,5.981436729431152
N,6.624732494354248
NE,7.268028736114502
NE1,8.246612548828125
NE2,9.320963859558105
ND1,10.395384788513184
ND2,11.469732284545898
NZ,11.153390884399414
NH1,10.141703605651855
NH2,9.13001823425293
SD,8.118330001831055
SG,7.668702602386475
UNKNOWN,7.668702602386475
