atom_index,is_real_atom,atom_type_from_onehot,importance
0,1,CG,8.579251289367676
1,1,OD1,8.579251289367676
2,1,ND2,8.837966918945312
3,1,CB,9.384963989257812
4,1,CG,9.931963920593262
5,1,CD2,10.478962898254395
6,1,CE2,10.87275505065918
7,1,N,11.054043769836426
8,1,CB,11.235329627990723
9,1,CD1,11.416613578796387
10,1,C,11.47943115234375
11,1,O,11.336019515991211
12,1,CB,11.192607879638672
13,1,CG1,11.04919719696045
14,1,CD1,10.920166969299316
15,1,C,10.82302474975586
16,1,O,10.725878715515137
17,1,CB,10.62873649597168
18,1,N,10.479426383972168
19,1,CA,10.179099082946777
20,1,SD,9.87877082824707
21,1,CE,9.578446388244629
22,1,O,9.152188301086426
23,1,ND1,8.23061466217041
24,1,CD2,7.309036731719971
25,1,CE1,6.3874616622924805
26,1,NE2,5.547564506530762
