atom_type,importance_sum
C,13.628385543823242
CA,13.628385543823242
CB,14.723501205444336
CD,17.18743896484375
CD1,19.65155029296875
CD2,22.115488052368164
CE,23.44995880126953
CE1,22.525142669677734
CE2,21.600322723388672
CE3,20.675514221191406
CG,19.57219696044922
CG1,17.84398078918457
CG2,16.1158390045166
CH2,14.387628555297852
CZ,12.918303489685059
CZ2,13.520134925842285
CZ3,14.121963500976562
O,14.723795890808105
OH,15.325623512268066
OD1,14.491460800170898
OD2,13.657292366027832
OE1,12.823126792907715
OE2,11.988958358764648
OG,13.011698722839355
OG1,14.266557693481445
N,15.52141284942627
NE,16.776201248168945
NE1,16.151193618774414
NE2,14.989059448242188
ND1,13.826924324035645
ND2,12.664787292480469
NZ,12.532689094543457
NH1,12.915475845336914
NH2,13.298349380493164
SD,13.681137084960938
SG,13.851341247558594
UNKNOWN,13.851341247558594
