atom_index,is_real_atom,atom_type_from_onehot,importance
0,1,CA,7.82404088973999
1,1,O,7.82404088973999
2,1,CB,7.953307151794434
3,1,CB,8.226612091064453
4,1,CG,8.499917030334473
5,1,CD1,8.773223876953125
6,1,CG,8.861092567443848
7,1,CD,8.69174575805664
8,1,CB,8.52239990234375
9,1,CG,8.353052139282227
10,1,CD1,8.167004585266113
11,1,CD2,7.951881408691406
12,1,NE1,7.736756324768066
13,1,CE2,7.521632671356201
14,1,CE3,7.355540752410889
15,1,CZ2,7.298172950744629
16,1,CZ3,7.240806579589844
17,1,CH2,7.183438777923584
18,1,CG2,7.038538455963135
19,1,CD1,6.640251636505127
20,1,CD2,6.241964340209961
21,1,CB,5.8436784744262695
