atom_type,importance_sum
C,3.318416118621826
CA,3.318416118621826
CB,3.8825700283050537
CD,5.151916980743408
CD1,6.4212646484375
CD2,7.690612316131592
CE,8.477351188659668
CE1,8.298759460449219
CE2,8.120233535766602
CE3,7.941684246063232
CG,7.816411972045898
CG1,7.877638339996338
CG2,7.9388628005981445
CH2,8.00008773803711
CZ,8.127828598022461
CZ2,8.78792953491211
CZ3,9.448054313659668
O,10.108182907104492
OH,10.768306732177734
OD1,9.055334091186523
OD2,7.342417240142822
OE1,5.6294474601745605
OE2,3.916449785232544
OG,3.1813812255859375
OG1,2.568549871444702
N,1.9557327032089233
NE,1.3429023027420044
NE1,1.8654040098190308
NE2,2.7122788429260254
ND1,3.559166193008423
ND2,4.40602970123291
NZ,4.762933731079102
NH1,4.874845504760742
NH2,4.986753940582275
SD,5.098665237426758
SG,5.148373603820801
UNKNOWN,5.148373603820801
