atom_index,is_real_atom,atom_type_from_onehot,importance
0,1,CD2,9.619096755981445
1,1,CE2,9.619096755981445
2,1,CZ,9.477821350097656
3,1,CD1,9.179126739501953
4,1,CG2,8.880433082580566
5,1,N,8.58173942565918
6,1,CA,8.36780071258545
7,1,O,8.27142333984375
8,1,CB,8.175047874450684
9,1,CG1,8.078670501708984
10,1,CG2,8.130231857299805
11,1,CD1,8.439315795898438
12,1,CB,8.748400688171387
13,1,CG1,9.057483673095703
14,1,CG2,9.301155090332031
15,1,N,9.399775505065918
16,1,CA,9.498394966125488
17,1,CB,9.597013473510742
18,1,CG,9.648561477661133
19,1,SD,9.563850402832031
20,1,CE,9.479137420654297
21,1,CE3,9.394425392150879
22,1,CZ2,9.312821388244629
23,1,CZ3,9.243432998657227
24,1,CH2,9.174044609069824
25,1,CA,9.104658126831055
26,1,C,9.017807960510254
27,1,O,8.830952644348145
28,1,CB,8.644099235534668
29,1,CG,8.457243919372559
30,1,CD2,8.275141716003418
31,1,N,8.138537406921387
32,1,CA,8.001932144165039
33,1,CB,7.865326881408691
34,1,CG,7.727353096008301
35,1,CD1,7.556972503662109
36,1,CD2,7.386592864990234
37,1,NE1,7.216212272644043
38,1,CE2,7.045831203460693
39,1,CE3,6.953530311584473
40,1,CZ2,6.862301349639893
41,1,CZ3,6.771069526672363
42,1,CH2,6.67983865737915
43,1,CB,6.8633198738098145
44,1,CG,7.066705226898193
45,1,CD1,7.270092487335205
46,1,CD2,7.473479270935059
47,1,CD2,7.656942367553711
48,1,CG1,7.837646484375
49,1,CG2,8.018352508544922
50,1,CD1,8.199057579040527
51,1,CB,8.25669002532959
52,1,CG,8.288094520568848
53,1,SD,8.319499969482422
54,1,CE,8.350902557373047
55,1,CD2,8.056896209716797
56,1,CE1,7.665839672088623
57,1,CE2,7.274782657623291
58,1,CZ,6.883724689483643
