atom_type,importance_sum
C,5.792684078216553
CA,5.792684078216553
CB,6.544510841369629
CD,8.23603630065918
CD1,9.927563667297363
CD2,11.619091033935547
CE,12.922698020935059
CE1,13.450389862060547
CE2,13.978087425231934
CE3,14.505783081054688
CG,15.38587474822998
CG1,17.4996395111084
CG2,19.61341094970703
CH2,21.727169036865234
CZ,23.529844284057617
CZ2,22.843793869018555
CZ3,22.157743453979492
O,21.471704483032227
OH,20.785654067993164
OD1,18.571544647216797
OD2,16.357437133789062
OE1,14.14333438873291
OE2,11.929228782653809
OG,12.520727157592773
OG1,13.46292781829834
N,14.405120849609375
NE,15.347321510314941
NE1,15.72107219696045
NE2,15.932374000549316
ND1,16.143739700317383
ND2,16.355030059814453
NZ,17.509605407714844
NH1,19.135828018188477
NH2,20.76204490661621
SD,22.38826560974121
SG,23.111000061035156
UNKNOWN,23.111000061035156
