atom_index,is_real_atom,atom_type_from_onehot,importance
0,1,CD,10.223369598388672
1,1,OE1,10.223369598388672
2,1,NE2,10.253755569458008
3,1,O,10.31800651550293
4,1,CG1,10.382255554199219
5,1,CA,10.446503639221191
6,1,C,10.418322563171387
7,1,O,10.261927604675293
8,1,CB,10.105533599853516
9,1,N,9.949139595031738
10,1,CA,9.833187103271484
11,1,CB,9.78763198852539
12,1,CG,9.742076873779297
13,1,CD1,9.69652271270752
14,1,CA,9.62189769744873
15,1,C,9.482810974121094
16,1,O,9.343724250793457
17,1,CB,9.204635620117188
18,1,OG,9.096141815185547
19,1,N,9.07620906829834
20,1,CA,9.056276321411133
21,1,CB,9.03634262084961
22,1,CG,9.00684642791748
23,1,CD1,8.93972396850586
24,1,O,8.872603416442871
25,1,CB,8.80548095703125
26,1,CG1,8.699618339538574
27,1,CG2,8.371881484985352
28,1,CD1,8.044144630432129
29,1,CG,7.71640682220459
30,1,CD2,7.417006492614746
31,1,CG2,7.388824939727783
32,1,CB,7.36064338684082
33,1,CG,7.332462310791016
34,1,CD1,7.309691429138184
35,1,CD2,7.414989471435547
36,1,CE1,7.520286560058594
37,1,CE2,7.625585556030273
38,1,CZ,7.730884075164795
39,1,SD,8.008813858032227
40,1,CE,8.289105415344238
41,1,CD2,8.5693998336792
42,1,CE2,8.849693298339844
43,1,CA,9.142110824584961
44,1,C,9.435405731201172
45,1,O,9.728702545166016
46,1,CB,10.021998405456543
47,1,N,9.944578170776367
48,1,CA,9.815828323364258
49,1,CB,9.687078475952148
50,1,CG2,9.558330535888672
51,1,CB,9.684854507446289
52,1,CG1,9.86578369140625
53,1,CG2,10.046709060668945
54,1,CD1,10.22763729095459
55,1,SD,10.11977481842041
56,1,CE,9.925782203674316
57,1,CE1,9.731792449951172
58,1,CE2,9.537800788879395
59,1,CZ,8.78262996673584
60,1,OH,7.805111885070801
