atom_type,importance_sum
C,11.065731048583984
CA,11.065731048583984
CB,12.12506103515625
CD,14.508688926696777
CD1,16.892250061035156
CD2,19.27587890625
CE,20.61115074157715
CE1,19.850112915039062
CE2,19.088947296142578
CE3,18.32791519165039
CG,17.655494689941406
CG1,17.293901443481445
CG2,16.932308197021484
CH2,16.57071876525879
CZ,16.445505142211914
CZ2,18.211313247680664
CZ3,19.97711181640625
O,21.742918014526367
OH,23.50872230529785
OD1,21.68692398071289
OD2,19.865121841430664
OE1,18.04331398010254
OE2,16.221519470214844
OG,16.472896575927734
OG1,16.983423233032227
N,17.49394989013672
NE,18.00448226928711
NE1,17.28995704650879
NE2,16.22540283203125
ND1,15.160822868347168
ND2,14.096334457397461
NZ,14.846695899963379
NH1,16.5045166015625
NH2,18.162281036376953
SD,19.820171356201172
SG,20.556936264038086
UNKNOWN,20.556936264038086
