atom_type,importance_sum
C,3.3010947704315186
CA,3.3010947704315186
CB,3.8451924324035645
CD,5.069382667541504
CD1,6.293597221374512
CD2,7.517764568328857
CE,8.532706260681152
CE1,9.129168510437012
CE2,9.725594520568848
CE3,10.322035789489746
CG,11.313233375549316
CG1,13.68584156036377
CG2,16.058448791503906
CH2,18.43096160888672
CZ,20.508342742919922
CZ2,20.223922729492188
CZ3,19.939498901367188
O,19.655088424682617
OH,19.370668411254883
OD1,17.10814094543457
OD2,14.845683097839355
OE1,12.583142280578613
OE2,10.320602416992188
OG,8.864205360412598
OG1,7.50857400894165
N,6.152944564819336
NE,4.797313690185547
NE1,4.737764358520508
NE2,5.048502445220947
ND1,5.359239101409912
ND2,5.669975757598877
NZ,6.910114288330078
NH1,8.614882469177246
NH2,10.319683074951172
SD,12.02441692352295
SG,12.782154083251953
UNKNOWN,12.782154083251953
