atom_index,is_real_atom,atom_type_from_onehot,importance
0,1,O,8.306778907775879
1,1,CG,8.306778907775879
2,1,CD1,8.364909172058105
3,1,CD2,8.487815856933594
4,1,O,8.610721588134766
5,1,CB,8.733628273010254
6,1,OG1,8.654488563537598
7,1,CG2,8.295095443725586
8,1,CG,7.935702800750732
9,1,CD1,7.5763092041015625
10,1,CD2,7.245889186859131
11,1,CG,6.965904235839844
12,1,CD2,6.685919761657715
13,1,CA,6.405936241149902
14,1,CB,6.2290940284729
15,1,CD2,6.280961990356445
16,1,CE1,6.332830905914307
17,1,CE2,6.384699821472168
18,1,CZ,6.4949259757995605
19,1,OH,6.774081707000732
20,1,CG,7.053238391876221
21,1,CD1,7.332395076751709
22,1,CD2,7.569045066833496
23,1,CG,7.638503551483154
24,1,SD,7.707962989807129
25,1,CD2,7.777421951293945
26,1,CB,7.792130947113037
27,1,CD1,7.493271827697754
28,1,CG,7.194412708282471
