atom_index,is_real_atom,atom_type_from_onehot,importance
0,1,CZ,10.338273048400879
1,1,NH1,10.338273048400879
2,1,NH2,10.639708518981934
3,1,CB,11.277027130126953
4,1,CG1,11.914348602294922
5,1,CG,12.551667213439941
6,1,CD2,12.89615535736084
7,1,CB,12.834455490112305
8,1,CG1,12.772758483886719
9,1,CG2,12.711058616638184
10,1,CA,12.575161933898926
11,1,C,12.310107231140137
12,1,O,12.045050621032715
13,1,CB,11.77999496459961
14,1,CD2,11.430932998657227
15,1,N,10.895604133605957
16,1,CA,10.360270500183105
17,1,CB,9.824939727783203
18,1,CG,9.306039810180664
19,1,CD1,8.834716796875
20,1,CD2,8.363393783569336
21,1,NE1,7.892070293426514
22,1,CE2,7.452520847320557
23,1,CE3,7.137955665588379
24,1,CZ2,6.823389530181885
25,1,CZ3,6.508823871612549
26,1,CH2,6.199676036834717
