atom_type,importance_sum
C,10.43248176574707
CA,10.43248176574707
CB,11.228031158447266
CD,13.018292427062988
CD1,14.808454513549805
CD2,16.598594665527344
CE,17.774490356445312
CE1,17.72174072265625
CE2,17.669078826904297
CE3,17.6163272857666
CG,17.51197052001953
CG1,17.22662353515625
CG2,16.94127655029297
CH2,16.655933380126953
CZ,16.33531379699707
CZ2,15.73252010345459
CZ3,15.129740715026855
O,14.526957511901855
OH,13.924179077148438
OD1,13.092082977294922
OD2,12.259986877441406
OE1,11.427892684936523
OE2,10.595794677734375
OG,10.21176815032959
OG1,9.883748054504395
N,9.5557279586792
NE,9.22770881652832
NE1,8.750517845153809
NE2,8.230681419372559
ND1,7.710853099822998
ND2,7.1910295486450195
NZ,6.986354827880859
NH1,6.93923282623291
NH2,6.89215612411499
SD,6.845082759857178
SG,6.824151039123535
UNKNOWN,6.824151039123535
