atom_type,importance
C,0.1204824298620224
CA,0.1204824298620224
CB,0.12825065851211548
CD,0.14573021233081818
CD1,0.1632097214460373
CD2,0.18068929016590118
CE,0.18766078352928162
CE1,0.1736149787902832
CE2,0.15957048535346985
CE3,0.14552465081214905
CG,0.13588719069957733
CG1,0.14167630672454834
CG2,0.14746540784835815
CH2,0.15325447916984558
CZ,0.15790756046772003
CZ2,0.15347228944301605
CZ3,0.14903700351715088
O,0.14460168778896332
OH,0.14016640186309814
OD1,0.12538005411624908
OD2,0.11059370636940002
OE1,0.09580735862255096
OE2,0.0810210108757019
OG,0.0819959044456482
OG1,0.08494094759225845
N,0.08788598328828812
NE,0.09083101153373718
NE1,0.09280224144458771
NE2,0.09449532628059387
ND1,0.09618772566318512
ND2,0.09788081794977188
NZ,0.10115697234869003
NH1,0.10522571206092834
NH2,0.10929377377033234
SD,0.11336256563663483
SG,0.11517062038183212
UNKNOWN,0.11517062038183212
