atom_type,importance_sum
C,3.5355610847473145
CA,3.5355610847473145
CB,3.8088810443878174
CD,4.423837184906006
CD1,5.038847923278809
CD2,5.653803825378418
CE,6.020930290222168
CE1,5.892392635345459
CE2,5.763857364654541
CE3,5.635320663452148
CG,5.4989542961120605
CG1,5.335150718688965
CG2,5.1713457107543945
CH2,5.007541179656982
CZ,4.868250370025635
CZ2,4.925068378448486
CZ3,4.981884956359863
O,5.038701057434082
OH,5.095517158508301
OD1,4.959477424621582
OD2,4.82343864440918
OE1,4.687398910522461
OE2,4.5513596534729
OG,4.494967937469482
OG1,4.448532581329346
N,4.402095794677734
NE,4.355660915374756
NE1,3.895595073699951
NE2,3.317324161529541
ND1,2.7390527725219727
ND2,2.1608097553253174
NZ,2.0264573097229004
NH1,2.114078998565674
NH2,2.2017011642456055
SD,2.2893331050872803
SG,2.3282737731933594
UNKNOWN,2.3282737731933594
