atom_type,importance
C,0.20679785311222076
CA,0.20679785311222076
CB,0.22388626635074615
CD,0.26233482360839844
CD1,0.3007834255695343
CD2,0.33923211693763733
CE,0.3580055236816406
CE1,0.33742865920066833
CE2,0.3168516755104065
CE3,0.2962747812271118
CG,0.27550289034843445
CG1,0.2540521025657654
CG2,0.23260127007961273
CH2,0.21115046739578247
CZ,0.19213680922985077
CZ2,0.19261997938156128
CZ3,0.19310317933559418
O,0.19358639419078827
OH,0.19406963884830475
OD1,0.2030157744884491
OD2,0.21196198463439941
OE1,0.22090820968151093
OE2,0.22985437512397766
OG,0.23027214407920837
OG1,0.22962379455566406
N,0.22897551953792572
NE,0.22832722961902618
NE1,0.2208230346441269
NE2,0.21135947108268738
ND1,0.20189587771892548
ND2,0.19243331253528595
NZ,0.19066448509693146
NH1,0.19274386763572693
NH2,0.19482240080833435
SD,0.1969008445739746
SG,0.19782504439353943
UNKNOWN,0.19782504439353943
