atom_type,importance
C,0.16616478562355042
CA,0.16616478562355042
CB,0.17524567246437073
CD,0.19567736983299255
CD1,0.2161083221435547
CD2,0.23654066026210785
CE,0.24898619949817657
CE1,0.24546124041080475
CE2,0.24193784594535828
CE3,0.23841290175914764
CG,0.2389470934867859
CG1,0.2536844313144684
CG2,0.2684216797351837
CH2,0.2831591069698334
CZ,0.2954806089401245
CZ2,0.2884759306907654
CZ3,0.28147125244140625
O,0.27446669340133667
OH,0.26746201515197754
OD1,0.27380117774009705
OD2,0.28014031052589417
OE1,0.28647947311401367
OE2,0.29281866550445557
OG,0.29074999690055847
OG1,0.2876302897930145
N,0.2845105528831482
NE,0.2813909947872162
NE1,0.2762554883956909
NE2,0.2705436646938324
ND1,0.2648333013057709
ND2,0.2591213881969452
NZ,0.24602536857128143
NH1,0.22923612594604492
NH2,0.2124466747045517
SD,0.19565698504447937
SG,0.18819493055343628
UNKNOWN,0.18819493055343628
