atom_index,is_real_atom,atom_type_from_onehot,importance
0,1,CB,6.594973087310791
1,1,CG1,6.594973087310791
2,1,CG2,6.743373394012451
3,1,CD1,7.05713415145874
4,1,CD2,7.370893955230713
5,1,CE1,7.684655666351318
6,1,CE2,8.131369590759277
7,1,CZ,8.762503623962402
8,1,CA,9.393637657165527
9,1,CB,10.024771690368652
10,1,CG,10.48712158203125
11,1,CD,10.655664443969727
12,1,OE1,10.824209213256836
13,1,CZ,10.992754936218262
14,1,NH1,11.0420560836792
15,1,NH2,10.826943397521973
16,1,CG,10.611831665039062
17,1,CD,10.396719932556152
18,1,OE1,10.232831954956055
19,1,NE2,10.217219352722168
20,1,CA,10.201607704162598
21,1,O,10.185997009277344
22,1,CB,10.153528213500977
23,1,OG,10.054755210876465
24,1,C,9.95598316192627
25,1,O,9.857209205627441
26,1,CB,9.737409591674805
27,1,OG1,9.49718189239502
28,1,CG2,9.256952285766602
29,1,N,9.01672649383545
30,1,CA,8.799287796020508
31,1,CB,8.7999849319458
32,1,SG,8.800682067871094
33,1,O,8.801376342773438
34,1,N,8.795638084411621
35,1,CA,8.637596130371094
36,1,CB,8.4795560836792
37,1,OG1,8.321514129638672
38,1,CG2,8.163473129272461
39,1,CA,7.874901294708252
40,1,C,7.584543704986572
41,1,O,7.294184684753418
42,1,CB,7.003825664520264
43,1,CG,6.833707809448242
44,1,CD1,6.672302722930908
45,1,CD2,6.510897636413574
46,1,NE1,6.349493026733398
47,1,CE2,6.617670059204102
48,1,CE3,6.9453277587890625
49,1,CZ2,7.272986888885498
50,1,CZ3,7.600645065307617
51,1,CH2,7.556680679321289
52,1,CG,7.433520317077637
53,1,SD,7.310359001159668
54,1,CE,7.187197208404541
55,1,OE1,6.6211066246032715
56,1,OE2,5.922916412353516
