atom_type,importance
C,0.11756015568971634
CA,0.11756015568971634
CB,0.11680367588996887
CD,0.11510150879621506
CD1,0.11339891701936722
CD2,0.11169658601284027
CE,0.11713504791259766
CE1,0.13685429096221924
CE2,0.1565735638141632
CE3,0.1762937754392624
CG,0.19746167957782745
CG1,0.2236979454755783
CG2,0.24993464350700378
CH2,0.27617162466049194
CZ,0.3005567491054535
CZ2,0.3101257383823395
CZ3,0.3196949064731598
O,0.3292640149593353
OH,0.33883312344551086
OD1,0.32813477516174316
OD2,0.3174363076686859
OE1,0.30673784017562866
OE2,0.2960395812988281
OG,0.27465754747390747
OG1,0.2519400417804718
N,0.22922256588935852
NE,0.2065061330795288
NE1,0.20428554713726044
NE2,0.20792126655578613
ND1,0.21155698597431183
ND2,0.21519272029399872
NZ,0.21460069715976715
NH1,0.2118937224149704
NH2,0.20918677747249603
SD,0.20648084580898285
SG,0.20527812838554382
UNKNOWN,0.20527812838554382
