atom_type,importance
C,0.08557677268981934
CA,0.08557677268981934
CB,0.08863692730665207
CD,0.09552307426929474
CD1,0.10240861773490906
CD2,0.10929476469755173
CE,0.1141233816742897
CE1,0.11483722925186157
CE2,0.11555080115795135
CE3,0.11626536399126053
CG,0.1208554357290268
CG1,0.13901185989379883
CG2,0.15716831386089325
CH2,0.1753246933221817
CZ,0.19102513790130615
CZ2,0.18707765638828278
CZ3,0.183130145072937
O,0.17918261885643005
OH,0.17523515224456787
OD1,0.16713854670524597
OD2,0.15904195606708527
OE1,0.15094533562660217
OE2,0.14284878969192505
OG,0.145057812333107
OG1,0.14855509996414185
N,0.1520523875951767
NE,0.15554963052272797
NE1,0.14720462262630463
NE2,0.1354781538248062
ND1,0.12375040352344513
ND2,0.11202265322208405
NZ,0.1089438870549202
NH1,0.11018839478492737
NH2,0.11143297702074051
SD,0.11267809569835663
SG,0.11323083192110062
UNKNOWN,0.11323083192110062
