atom_type,importance
C,0.08117695897817612
CA,0.08117695897817612
CB,0.08703682571649551
CD,0.10022100806236267
CD1,0.11340558528900146
CD2,0.12659071385860443
CE,0.13685880601406097
CE1,0.14129738509655
CE2,0.1457359939813614
CE3,0.15017324686050415
CG,0.15520444512367249
CG1,0.16230714321136475
CG2,0.169409841299057
CH2,0.17651253938674927
CZ,0.18169011175632477
CZ2,0.17146682739257812
CZ3,0.16124357283115387
O,0.15102030336856842
OH,0.14079703390598297
OD1,0.13699114322662354
OD2,0.1331852823495865
OE1,0.12937939167022705
OE2,0.1255735456943512
OG,0.115026094019413
OG1,0.1036352813243866
N,0.09224516153335571
NE,0.08085501939058304
NE1,0.08613571524620056
NE2,0.0961795523762703
ND1,0.10622338205575943
ND2,0.11626721918582916
NZ,0.12919829785823822
NH1,0.1435745805501938
NH2,0.15794958174228668
SD,0.1723245531320572
SG,0.178714320063591
UNKNOWN,0.178714320063591
