atom_type,importance
C,0.11182861030101776
CA,0.11182861030101776
CB,0.11711014062166214
CD,0.12899383902549744
CD1,0.14087623357772827
CD2,0.15275993943214417
CE,0.16007991135120392
CE1,0.15827089548110962
CE2,0.1564618945121765
CE3,0.1546528935432434
CG,0.15211361646652222
CG1,0.14701826870441437
CG2,0.14192286133766174
CH2,0.1368275135755539
CZ,0.13262668251991272
CZ2,0.1355823129415512
CZ3,0.13853797316551208
O,0.141493558883667
OH,0.14444918930530548
OD1,0.1385761946439743
OD2,0.13270321488380432
OE1,0.12683020532131195
OE2,0.12095717340707779
OG,0.11445732414722443
OG1,0.10787857323884964
N,0.10130017250776291
NE,0.09472194314002991
NE1,0.0944271832704544
NE2,0.09592815488576889
ND1,0.09742844849824905
ND2,0.09892941266298294
NZ,0.10278470069169998
NH1,0.107817143201828
NH2,0.11284956336021423
SD,0.1178821548819542
SG,0.12011872977018356
UNKNOWN,0.12011872977018356
