atom_index,is_real_atom,atom_type_from_onehot,importance
0,1,CG1,4.515869617462158
1,1,CG2,4.515869617462158
2,1,CB,4.771050453186035
3,1,CG,5.310575485229492
4,1,CD1,5.850100517272949
5,1,CG,6.389624118804932
6,1,CD1,6.624402046203613
7,1,CD2,6.436463356018066
8,1,CG1,6.248525619506836
9,1,CD1,6.06058931350708
10,1,CD2,5.855219841003418
11,1,CA,5.619507789611816
12,1,C,5.383793830871582
13,1,O,5.1480817794799805
14,1,CB,5.065703868865967
15,1,CG,5.323328971862793
16,1,CD1,5.580953598022461
17,1,CD2,5.8385772705078125
18,1,CE1,5.9989705085754395
19,1,CE2,5.877899646759033
20,1,CZ,5.7568278312683105
21,1,OH,5.635756492614746
22,1,CA,5.558292865753174
23,1,C,5.6523518562316895
24,1,O,5.746410846710205
25,1,CB,5.840468883514404
26,1,N,5.917938232421875
27,1,CA,5.900391578674316
28,1,CB,5.882845401763916
29,1,CG,5.865299701690674
30,1,CD1,5.851665496826172
31,1,CD2,5.875481128692627
32,1,CD2,5.899296283721924
33,1,CG1,5.923109531402588
34,1,CG2,5.9276509284973145
35,1,CD1,5.476047039031982
36,1,CG1,5.02444314956665
37,1,CG2,4.572838306427002
38,1,CD1,4.1212334632873535
