atom_type,importance_sum
C,1.528603196144104
CA,1.528603196144104
CB,2.0280396938323975
CD,3.151787757873535
CD1,4.275524616241455
CD2,5.399260997772217
CE,6.247495651245117
CE1,6.544795036315918
CE2,6.842050552368164
CE3,7.139350414276123
CG,7.814678192138672
CG1,9.813090324401855
CG2,11.81154727935791
CH2,13.810003280639648
CZ,15.53764533996582
CZ2,15.0988130569458
CZ3,14.659976959228516
O,14.22114372253418
OH,13.782308578491211
OD1,12.456920623779297
OD2,11.131525993347168
OE1,9.806132316589355
OE2,8.480740547180176
OG,7.508321762084961
OG1,6.579975128173828
N,5.6516289710998535
NE,4.723282814025879
NE1,4.2168402671813965
NE2,3.8309247493743896
ND1,3.445026159286499
ND2,3.05912709236145
NZ,2.952707290649414
NH1,2.9860026836395264
NH2,3.0192973613739014
SD,3.0525929927825928
SG,3.0673909187316895
UNKNOWN,3.0673909187316895
