atom_type,importance
C,0.09317903220653534
CA,0.09317903220653534
CB,0.10109822452068329
CD,0.1189166009426117
CD1,0.13673429191112518
CD2,0.15455332398414612
CE,0.16947606205940247
CE1,0.17860613763332367
CE2,0.18773627281188965
CE3,0.19686636328697205
CG,0.20204290747642517
CG1,0.1933843046426773
CG2,0.18472571671009064
CH2,0.17606717348098755
CZ,0.16832388937473297
CZ2,0.1679033786058426
CZ3,0.16748283803462982
O,0.16706234216690063
OH,0.16664180159568787
OD1,0.158270001411438
OD2,0.14989818632602692
OE1,0.14152640104293823
OE2,0.13315460085868835
OG,0.13598528504371643
OG1,0.14021633565425873
N,0.14444734156131744
NE,0.14867836236953735
NE1,0.15277861058712006
NE2,0.1568397879600525
ND1,0.1609010249376297
ND2,0.1649622768163681
NZ,0.17021718621253967
NH1,0.17606650292873383
NH2,0.18191702663898468
SD,0.18776625394821167
SG,0.19036583602428436
UNKNOWN,0.19036583602428436
