atom_index,is_real_atom,atom_type_from_onehot,importance
0,1,CE2,9.10335636138916
1,1,CZ,9.10335636138916
2,1,CE1,9.462444305419922
3,1,CZ,10.22165584564209
4,1,CD1,10.980867385864258
5,1,CD2,11.740074157714844
6,1,CD2,12.281779289245605
7,1,CD1,12.521778106689453
8,1,CA,12.761777877807617
9,1,O,13.001777648925781
10,1,CB,12.958253860473633
11,1,CG1,12.421187400817871
12,1,CG2,11.884123802185059
13,1,C,11.347058296203613
14,1,O,10.765666961669922
15,1,CB,10.085989952087402
16,1,SG,9.40631103515625
17,1,N,8.726633071899414
18,1,CA,8.209409713745117
19,1,C,8.162447929382324
20,1,CB,8.115485191345215
21,1,CG,8.068523406982422
22,1,CD1,8.092914581298828
23,1,CD2,8.397960662841797
24,1,CE1,8.703008651733398
25,1,CE2,9.008056640625
26,1,CZ,9.345269203186035
27,1,CA,9.866695404052734
28,1,C,10.388127326965332
29,1,O,10.909553527832031
30,1,CB,11.35548210144043
31,1,CG,11.078774452209473
32,1,CD2,10.80206298828125
33,1,CE2,10.525354385375977
34,1,N,10.22876262664795
35,1,CA,9.461638450622559
36,1,CB,8.69451904296875
37,1,SG,7.927395820617676
