atom_type,importance_sum
C,5.759479522705078
CA,5.759479522705078
CB,6.4086761474609375
CD,7.86929988861084
CD1,9.329967498779297
CD2,10.790587425231934
CE,11.695826530456543
CE1,11.490018844604492
CE2,11.284214973449707
CE3,11.078495979309082
CG,11.329297065734863
CG1,13.178363800048828
CG2,15.027430534362793
CH2,16.876495361328125
CZ,18.564992904663086
CZ2,18.96893882751465
CZ3,19.372875213623047
O,19.776817321777344
OH,20.180755615234375
OD1,17.76628875732422
OD2,15.351819038391113
OE1,12.93735122680664
OE2,10.522879600524902
OG,10.633783340454102
OG1,11.060352325439453
N,11.48692512512207
NE,11.913498878479004
NE1,11.67507553100586
NE2,11.246663093566895
ND1,10.818246841430664
ND2,10.389837265014648
NZ,10.208297729492188
NH1,10.150181770324707
NH2,10.091998100280762
SD,10.033893585205078
SG,10.008061408996582
UNKNOWN,10.008061408996582
