atom_index,is_real_atom,atom_type_from_onehot,importance
0,1,CB,9.439544677734375
1,1,CG1,9.439544677734375
2,1,CG2,9.360352516174316
3,1,CD1,9.192916870117188
4,1,C,9.02548599243164
5,1,O,8.858052253723145
6,1,CB,8.630205154418945
7,1,CG2,8.318558692932129
8,1,N,8.006912231445312
9,1,CA,7.695265769958496
10,1,O,7.555259704589844
11,1,CB,7.714035511016846
12,1,CG1,7.872811794281006
13,1,CG2,8.031587600708008
14,1,CB,8.076671600341797
15,1,OG1,7.86965274810791
16,1,CG2,7.662635326385498
17,1,CA,7.455616474151611
18,1,C,7.372270107269287
19,1,O,7.646921157836914
20,1,CB,7.921572208404541
21,1,CG,8.196222305297852
22,1,CD2,8.393861770629883
23,1,CB,8.288589477539062
24,1,CG,8.183316230773926
25,1,CD2,8.078043937683105
26,1,CE2,7.951761722564697
27,1,N,7.705163478851318
28,1,CA,7.458564758300781
29,1,O,7.211965560913086
30,1,CB,6.99470329284668
31,1,OG,7.0582427978515625
32,1,CA,7.121781826019287
33,1,C,7.18532133102417
34,1,O,7.247390270233154
35,1,CB,7.274684906005859
36,1,CG,7.301980018615723
37,1,CD1,7.3292741775512695
38,1,N,7.3565673828125
39,1,CA,7.403087615966797
40,1,C,7.449870586395264
41,1,O,7.496652603149414
42,1,CB,7.543435573577881
43,1,CB,7.674345016479492
44,1,CG1,7.811350345611572
45,1,CG2,7.948357105255127
46,1,CG,8.085362434387207
47,1,CD1,7.945743560791016
48,1,CD2,7.767823696136475
49,1,O,7.589902877807617
50,1,CA,7.411983489990234
51,1,O,7.143706798553467
52,1,CG,6.856176376342773
53,1,CD1,6.568643569946289
54,1,CE1,6.281112194061279
55,1,CZ,5.978157043457031
56,1,N,5.670602321624756
57,1,CA,5.363047122955322
58,1,C,5.055492401123047
59,1,O,4.878473281860352
60,1,N,4.753177642822266
61,1,CA,4.627880096435547
62,1,CB,4.502583980560303
63,1,SG,4.581663131713867
64,1,CB,4.7650146484375
65,1,CG,4.948366165161133
66,1,CD1,5.131718158721924
67,1,CD2,5.079598903656006
68,1,CE1,4.875730514526367
69,1,CE2,4.671863079071045
70,1,CZ,4.467995643615723
