atom_type,importance
C,0.06803420931100845
CA,0.06803420931100845
CB,0.06866495311260223
CD,0.07008419930934906
CD1,0.07150363177061081
CD2,0.07292285561561584
CE,0.07588541507720947
CE1,0.08193430304527283
CE2,0.08798318356275558
CE3,0.09403207898139954
CG,0.10112817585468292
CG1,0.11188879609107971
CG2,0.1226494312286377
CH2,0.13341008126735687
CZ,0.14474786818027496
CZ2,0.16070280969142914
CZ3,0.17665772140026093
O,0.19261270761489868
OH,0.20856764912605286
OD1,0.2109013795852661
OD2,0.2132350653409958
OE1,0.21556875109672546
OE2,0.21790237724781036
OG,0.21583916246891022
OG1,0.21322619915008545
N,0.21061329543590546
NE,0.2080003172159195
NE1,0.23052939772605896
NE2,0.2602432370185852
ND1,0.28995558619499207
ND2,0.31966790556907654
NZ,0.31737086176872253
NH1,0.29906630516052246
NH2,0.2807636559009552
SD,0.2624611258506775
SG,0.2543262243270874
UNKNOWN,0.2543262243270874
