atom_type,importance_sum
C,9.258153915405273
CA,9.258153915405273
CB,9.377869606018066
CD,9.64715576171875
CD1,9.916468620300293
CD2,10.185778617858887
CE,10.327962875366211
CE1,10.216022491455078
CE2,10.104043006896973
CE3,9.992049217224121
CG,10.038374900817871
CG1,10.638762474060059
CG2,11.239157676696777
CH2,11.839553833007812
CZ,12.51759147644043
CZ2,13.816739082336426
CZ3,15.115893363952637
O,16.4150390625
OH,17.714189529418945
OD1,18.008451461791992
OD2,18.302705764770508
OE1,18.596967697143555
OE2,18.891223907470703
OG,18.59139633178711
OG1,18.217300415039062
N,17.84320831298828
NE,17.4691162109375
NE1,17.966611862182617
NE2,18.712976455688477
ND1,19.459482192993164
ND2,20.205814361572266
NZ,20.32978057861328
NH1,20.142473220825195
NH2,19.95499610900879
SD,19.7677059173584
SG,19.6844425201416
UNKNOWN,19.6844425201416
