atom_type,importance
C,0.06235794723033905
CA,0.06235794723033905
CB,0.06773270666599274
CD,0.07982580363750458
CD1,0.09191892296075821
CD2,0.10401143878698349
CE,0.11682814359664917
CE1,0.13109150528907776
CE2,0.14535370469093323
CE3,0.159617081284523
CG,0.17451441287994385
CG1,0.1916303187608719
CG2,0.20874623954296112
CH2,0.2258620709180832
CZ,0.24074791371822357
CZ2,0.23779268562793732
CZ3,0.2348375767469406
O,0.23188242316246033
OH,0.22892725467681885
OD1,0.21467211842536926
OD2,0.2004169523715973
OE1,0.18616177141666412
OE2,0.17190666496753693
OG,0.16152290999889374
OG1,0.15162307024002075
N,0.14172321557998657
NE,0.1318233609199524
NE1,0.1285056620836258
NE2,0.1270683854818344
ND1,0.12563110888004303
ND2,0.12419389188289642
NZ,0.12408479303121567
NH1,0.12463901191949844
NH2,0.12519288063049316
SD,0.12574703991413116
SG,0.12599346041679382
UNKNOWN,0.12599346041679382
