atom_type,importance
C,0.09745115786790848
CA,0.09745115786790848
CB,0.10475032031536102
CD,0.12117470055818558
CD1,0.13759782910346985
CD2,0.1540209800004959
CE,0.16238760948181152
CE1,0.15463757514953613
CE2,0.14688755571842194
CE3,0.13913875818252563
CG,0.13247337937355042
CG1,0.12960439920425415
CG2,0.12673546373844147
CH2,0.12386651337146759
CZ,0.12280847877264023
CZ2,0.1362377256155014
CZ3,0.14966697990894318
O,0.16309623420238495
OH,0.17652550339698792
OD1,0.1754447966814041
OD2,0.17436400055885315
OE1,0.17328332364559174
OE2,0.17220255732536316
OG,0.16564831137657166
OG1,0.15840981900691986
N,0.15117137134075165
NE,0.14393289387226105
NE1,0.13788145780563354
NE2,0.13216933608055115
ND1,0.12645719945430756
ND2,0.12074507027864456
NZ,0.12172180414199829
NH1,0.1260424703359604
NH2,0.13036306202411652
SD,0.13468389213085175
SG,0.13660432398319244
UNKNOWN,0.13660432398319244
