atom_type,count_in_topK,percent_of_topK,topk_atoms_total,K_per_sample
C,35,12.280701754385964,285,5
CA,30,10.526315789473683,285,5
CB,33,11.578947368421053,285,5
CD,4,1.4035087719298245,285,5
CD1,12,4.2105263157894735,285,5
CD2,8,2.807017543859649,285,5
CE,5,1.7543859649122806,285,5
CE1,4,1.4035087719298245,285,5
CE2,7,2.456140350877193,285,5
CE3,0,0.0,285,5
CG,20,7.017543859649122,285,5
CG1,6,2.1052631578947367,285,5
CG2,21,7.368421052631578,285,5
CH2,6,2.1052631578947367,285,5
CZ,10,3.508771929824561,285,5
CZ2,3,1.0526315789473684,285,5
CZ3,6,2.1052631578947367,285,5
O,42,14.736842105263156,285,5
OH,1,0.3508771929824561,285,5
OD1,0,0.0,285,5
OD2,0,0.0,285,5
OE1,3,1.0526315789473684,285,5
OE2,1,0.3508771929824561,285,5
OG,0,0.0,285,5
OG1,2,0.7017543859649122,285,5
N,14,4.912280701754386,285,5
NE,1,0.3508771929824561,285,5
NE1,1,0.3508771929824561,285,5
NE2,1,0.3508771929824561,285,5
ND1,1,0.3508771929824561,285,5
ND2,0,0.0,285,5
NZ,3,1.0526315789473684,285,5
NH1,0,0.0,285,5
NH2,2,0.7017543859649122,285,5
SD,3,1.0526315789473684,285,5
SG,0,0.0,285,5
UNKNOWN,0,0.0,285,5
