atom_type,importance
C,0.07344950735569
CA,0.07344950735569
CB,0.076815165579319
CD,0.08438773453235626
CD1,0.09196088463068008
CD2,0.09953346103429794
CE,0.1053471788764
CE1,0.10764200985431671
CE2,0.10993736237287521
CE3,0.11223240196704865
CG,0.11560087651014328
CG1,0.12272646278142929
CG2,0.129852294921875
CH2,0.1369781643152237
CZ,0.14519403874874115
CZ2,0.1621304303407669
CZ3,0.17906682193279266
O,0.196003258228302
OH,0.21293964982032776
OD1,0.21499554812908173
OD2,0.2170514613389969
OE1,0.21910735964775085
OE2,0.22116322815418243
OG,0.21604494750499725
OG1,0.2100299596786499
N,0.20401491224765778
NE,0.19799984991550446
NE1,0.20880486071109772
NE2,0.22441500425338745
ND1,0.2400251030921936
ND2,0.25563523173332214
NZ,0.2534586191177368
NH1,0.2423921674489975
NH2,0.23132407665252686
SD,0.22025683522224426
SG,0.21533775329589844
UNKNOWN,0.21533775329589844
