atom_index,is_real_atom,atom_type_from_onehot,importance
0,1,C,9.634642601013184
1,1,O,9.634642601013184
2,1,CG2,9.922894477844238
3,1,N,10.532340049743652
4,1,CA,11.1417875289917
5,1,CB,11.751233100891113
6,1,CG2,11.99002742767334
7,1,C,11.714694023132324
8,1,CB,11.439360618591309
9,1,OG1,11.164029121398926
10,1,CG2,10.910503387451172
11,1,N,10.694944381713867
12,1,CA,10.479385375976562
13,1,C,10.263826370239258
14,1,O,10.078038215637207
15,1,CB,9.958251953125
16,1,CG,9.838470458984375
17,1,CD,9.7186861038208
18,1,CA,9.566108703613281
19,1,C,9.318593978881836
20,1,CB,9.071078300476074
21,1,CG1,8.823565483093262
22,1,CG2,8.58229923248291
23,1,N,8.365609169006348
24,1,CA,8.148920059204102
25,1,CB,7.932231426239014
26,1,CG,7.755014419555664
27,1,CD1,7.803864479064941
28,1,CD2,7.852715492248535
29,1,CE1,7.901564598083496
30,1,CE2,7.938332557678223
31,1,CZ,7.85944128036499
32,1,OH,7.780550956726074
33,1,CB,7.701661109924316
34,1,CG1,7.6529436111450195
35,1,CG2,8.31831169128418
36,1,CD1,8.983678817749023
37,1,CA,9.649046897888184
38,1,CB,10.31441593170166
39,1,CG1,10.56835651397705
40,1,CG2,10.816658020019531
41,1,CD1,11.064961433410645
42,1,N,11.313265800476074
43,1,CD,11.615659713745117
44,1,CD2,11.92197036743164
45,1,CE2,12.228283882141113
46,1,CB,12.534595489501953
47,1,CG,12.0399751663208
48,1,OE1,11.434459686279297
49,1,CB,10.828941345214844
50,1,OG,10.223423957824707
51,1,SG,9.356390953063965
