atom_type,importance_sum
C,14.248444557189941
CA,14.248444557189941
CB,14.935689926147461
CD,16.482023239135742
CD1,18.028484344482422
CD2,19.5748348236084
CE,20.250064849853516
CE1,19.18333625793457
CE2,18.116605758666992
CE3,17.049896240234375
CG,16.632596969604492
CG1,18.488086700439453
CG2,20.343542098999023
CH2,22.198986053466797
CZ,23.781902313232422
CZ2,23.184499740600586
CZ3,22.58710289001465
O,21.989700317382812
OH,21.392303466796875
OD1,18.71021270751953
OD2,16.028039932250977
OE1,13.345954895019531
OE2,10.663863182067871
OG,11.717039108276367
OG1,13.237126350402832
N,14.757213592529297
NE,16.277307510375977
NE1,16.227216720581055
NE2,15.728425025939941
ND1,15.229702949523926
ND2,14.730975151062012
NZ,14.403345108032227
NH1,14.161332130432129
NH2,13.919325828552246
SD,13.677314758300781
SG,13.569729804992676
UNKNOWN,13.569729804992676
