atom_index,is_real_atom,atom_type_from_onehot,importance
0,1,O,7.9791388511657715
1,1,SD,7.9791388511657715
2,1,C,7.868936061859131
3,1,O,7.635932922363281
4,1,CB,7.402932167053223
5,1,SG,7.169929504394531
6,1,N,7.028253078460693
7,1,CA,7.013253211975098
8,1,O,6.99825382232666
9,1,CB,6.9832539558410645
10,1,CB,6.979855060577393
11,1,CG,6.996650218963623
12,1,CD1,7.013445854187012
13,1,N,7.030241012573242
14,1,CA,7.159491539001465
15,1,CB,7.538098335266113
16,1,CG,7.916706085205078
17,1,OD1,8.295313835144043
18,1,CB,8.54793643951416
19,1,CG1,8.435864448547363
20,1,CG2,8.323793411254883
21,1,NH2,8.211721420288086
22,1,CA,8.10504150390625
23,1,C,8.019567489624023
24,1,O,7.934092998504639
25,1,CB,7.848620414733887
26,1,CG,7.75372314453125
27,1,CD,7.604856014251709
28,1,OE1,7.455990314483643
29,1,N,7.307124137878418
30,1,CA,7.138992786407471
31,1,C,6.786478519439697
32,1,O,6.433963775634766
33,1,CB,6.081449508666992
34,1,ND1,5.734049320220947
35,1,N,5.507697105407715
36,1,CA,5.281344890594482
37,1,CB,5.054991245269775
38,1,CG,4.828639030456543
39,1,CD1,4.890878677368164
40,1,CD2,4.9570722579956055
41,1,CE1,5.0232648849487305
42,1,CE2,5.089457988739014
43,1,CZ,5.234533309936523
44,1,SD,5.385323524475098
45,1,CE,5.53611421585083
46,1,CA,5.686905860900879
47,1,CB,5.918081283569336
48,1,CB,6.16038703918457
49,1,CG2,6.402693271636963
50,1,CD1,6.6449995040893555
51,1,CA,6.0906596183776855
52,1,CG1,5.366546154022217
53,1,CG1,4.642428874969482
54,1,CD1,3.918313503265381
