atom_index,is_real_atom,atom_type_from_onehot,importance
0,1,CD1,7.7436628341674805
1,1,NE1,7.7436628341674805
2,1,CE2,7.824617385864258
3,1,CZ2,7.995773792266846
4,1,CB,8.166932106018066
5,1,CG1,8.338090896606445
6,1,CG2,8.460387229919434
7,1,CD1,8.514913558959961
8,1,CG,8.569437980651855
9,1,CD2,8.623964309692383
10,1,CE2,8.626702308654785
11,1,CZ,8.53929615020752
12,1,CG,8.451889991760254
13,1,OD1,8.364482879638672
14,1,ND2,8.457904815673828
15,1,CB,8.952292442321777
16,1,CG1,9.44668197631836
17,1,CG2,9.941070556640625
18,1,CA,10.238838195800781
19,1,C,9.96744441986084
20,1,O,9.696046829223633
21,1,CB,9.424652099609375
22,1,CG,9.18006706237793
23,1,ND2,9.040940284729004
24,1,C,8.901810646057129
25,1,N,8.762682914733887
26,1,CA,8.635302543640137
27,1,O,8.575203895568848
28,1,CB,8.515104293823242
29,1,CB,8.455005645751953
30,1,N,8.352334976196289
31,1,CA,7.8421950340271
32,1,CB,7.332054615020752
33,1,SG,6.821913719177246
34,1,CB,6.323958873748779
35,1,CG,6.114384174346924
36,1,CD1,5.904810428619385
37,1,CD2,5.695234775543213
38,1,NE1,5.485660552978516
39,1,CE2,5.324501991271973
40,1,CE3,5.164007186889648
41,1,CZ2,5.003513336181641
42,1,CZ3,4.843017578125
43,1,CH2,4.439003944396973
