atom_type,importance_sum
C,4.442532062530518
CA,4.442532062530518
CB,5.043340682983398
CD,6.395194053649902
CD1,7.747043609619141
CD2,9.098894119262695
CE,9.981142044067383
CE1,9.924098014831543
CE2,9.867138862609863
CE3,9.810091972351074
CG,9.937576293945312
CG1,10.710733413696289
CG2,11.483891487121582
CH2,12.257052421569824
CZ,12.968451499938965
CZ2,13.185790061950684
CZ3,13.403121948242188
O,13.620454788208008
OH,13.83779239654541
OD1,12.576085090637207
OD2,11.314376831054688
OE1,10.052668571472168
OE2,8.790962219238281
OG,7.921930313110352
OG1,7.101982116699219
N,6.2820353507995605
NE,5.4620890617370605
NE1,6.4773054122924805
NE2,8.016884803771973
ND1,9.556462287902832
ND2,11.095963478088379
NZ,12.566100120544434
NH1,14.001480102539062
NH2,15.436853408813477
SD,16.872230529785156
SG,17.51019859313965
UNKNOWN,17.51019859313965
