atom_type,importance
C,0.130746528506279
CA,0.130746528506279
CB,0.13673579692840576
CD,0.15021294355392456
CD1,0.16368907690048218
CD2,0.1771651655435562
CE,0.18484261631965637
CE1,0.18092064559459686
CE2,0.17699865996837616
CE3,0.17307762801647186
CG,0.1702987551689148
CG1,0.17152316868305206
CG2,0.1727476418018341
CH2,0.17397210001945496
CZ,0.17662610113620758
CZ2,0.1907162070274353
CZ3,0.20480632781982422
O,0.21889708936214447
OH,0.23298756778240204
OD1,0.24284881353378296
OD2,0.252710223197937
OE1,0.2625714838504791
OE2,0.2724328637123108
OG,0.2664993107318878
OG1,0.2585916221141815
N,0.25068381428718567
NE,0.24277597665786743
NE1,0.2387886494398117
NE2,0.23592211306095123
ND1,0.2330535650253296
ND2,0.23018693923950195
NZ,0.22307871282100677
NH1,0.21385066211223602
NH2,0.20462147891521454
SD,0.19539234042167664
SG,0.19129078090190887
UNKNOWN,0.19129078090190887
