atom_type,importance
C,0.1761288046836853
CA,0.1761288046836853
CB,0.17778243124485016
CD,0.18150267004966736
CD1,0.1852223128080368
CD2,0.18894261121749878
CE,0.19173775613307953
CE1,0.19268466532230377
CE2,0.19363164901733398
CE3,0.19457849860191345
CG,0.1953551173210144
CG1,0.19553691148757935
CG2,0.19571878015995026
CH2,0.19590052962303162
CZ,0.19629429280757904
CZ2,0.19838371872901917
CZ3,0.2004731297492981
O,0.20256254076957703
OH,0.20465193688869476
OD1,0.21569204330444336
OD2,0.2267325073480606
OE1,0.23777244985103607
OE2,0.24881240725517273
OG,0.2585209012031555
OG1,0.2680630385875702
N,0.2776051163673401
NE,0.28714731335639954
NE1,0.2825186848640442
NE2,0.27384090423583984
ND1,0.26516300439834595
ND2,0.25648680329322815
NZ,0.23672045767307281
NH1,0.21140943467617035
NH2,0.18609900772571564
SD,0.16078855097293854
SG,0.14953936636447906
UNKNOWN,0.14953936636447906
