atom_index,is_real_atom,atom_type_from_onehot,importance
0,1,CE3,6.866157054901123
1,1,CZ2,6.866157054901123
2,1,CZ3,7.01921272277832
3,1,CH2,7.342817306518555
4,1,CG2,7.666421413421631
5,1,CB,7.990025520324707
6,1,CD2,8.090174674987793
7,1,CE2,7.880367755889893
8,1,CZ,7.670560836791992
9,1,OH,7.460754871368408
10,1,N,7.340400218963623
11,1,CA,7.3757548332214355
12,1,C,7.41110897064209
13,1,O,7.4464640617370605
14,1,CB,7.414475440979004
15,1,CG,7.233163833618164
16,1,C,7.051851272583008
17,1,O,6.87053918838501
18,1,CB,6.687527179718018
19,1,CG,6.499597549438477
20,1,CD1,6.311667442321777
21,1,CD2,6.123737335205078
22,1,NE1,5.963212013244629
23,1,CE2,5.910478591918945
24,1,CE3,5.85774564743042
25,1,CZ2,5.805012226104736
26,1,CZ3,5.808495044708252
27,1,CH2,6.133941650390625
28,1,CD1,6.459390163421631
29,1,CE1,6.784837245941162
30,1,CE2,7.12220573425293
31,1,CZ,7.573670387268066
32,1,CD1,8.02513599395752
33,1,CD2,8.476600646972656
34,1,CE1,8.903395652770996
35,1,CE2,8.746330261230469
36,1,CZ,8.589262008666992
37,1,O,8.432194709777832
38,1,CA,8.275126457214355
39,1,C,8.143088340759277
40,1,O,8.011393547058105
41,1,CB,7.879698276519775
42,1,CG1,7.748003005981445
43,1,N,7.293031692504883
44,1,CA,6.814637660980225
45,1,C,6.336241722106934
46,1,O,5.857845783233643
47,1,N,5.956730365753174
48,1,CA,6.135543346405029
49,1,CB,6.314358711242676
50,1,CG,6.493172645568848
51,1,CD1,6.629025936126709
52,1,CD2,6.755722999572754
53,1,CE1,6.882421493530273
54,1,CE2,7.009119033813477
55,1,CZ,6.598837375640869
