atom_type,importance_sum
C,7.876452922821045
CA,7.876452922821045
CB,8.405346870422363
CD,9.595258712768555
CD1,10.7852201461792
CD2,11.975202560424805
CE,12.81399917602539
CE1,12.950596809387207
CE2,13.087194442749023
CE3,13.22378921508789
CG,13.566603660583496
CG1,14.63152027130127
CG2,15.696435928344727
CH2,16.761383056640625
CZ,17.74565887451172
CZ2,18.084476470947266
CZ3,18.423290252685547
O,18.76209259033203
OH,19.10089683532715
OD1,18.85590171813965
OD2,18.61091423034668
OE1,18.365915298461914
OE2,18.12091827392578
OG,17.35764503479004
OG1,16.529584884643555
N,15.701545715332031
NE,14.873522758483887
NE1,15.050436019897461
NE2,15.514493942260742
ND1,15.978550910949707
ND2,16.442523956298828
NZ,16.896610260009766
NH1,17.345746994018555
NH2,17.79482078552246
SD,18.243892669677734
SG,18.443517684936523
UNKNOWN,18.443517684936523
