atom_index,is_real_atom,atom_type_from_onehot,importance
0,1,CG2,7.386164665222168
1,1,O,7.386164665222168
2,1,CG,7.467619895935059
3,1,CD1,7.639840126037598
4,1,CD2,7.812060832977295
5,1,CG1,7.984280109405518
6,1,CG2,8.162467956542969
7,1,CD1,8.348933219909668
8,1,CA,8.53539752960205
9,1,O,8.721861839294434
10,1,CB,8.854702949523926
11,1,CA,8.894193649291992
12,1,C,8.933686256408691
13,1,O,8.973176002502441
14,1,CB,9.048501014709473
15,1,CG,9.203283309936523
16,1,OD1,9.358065605163574
17,1,ND2,9.512847900390625
18,1,CG2,9.562254905700684
19,1,CA,9.306619644165039
20,1,C,9.050983428955078
21,1,O,8.795351028442383
22,1,CB,8.549707412719727
23,1,CG1,8.343368530273438
24,1,CG2,8.137028694152832
25,1,CA,7.930688381195068
26,1,C,7.737700939178467
27,1,O,7.621188163757324
28,1,CB,7.504674434661865
29,1,OG1,7.388162136077881
30,1,CG2,7.267116546630859
31,1,N,7.102697372436523
32,1,CA,6.938278675079346
33,1,CB,6.77385950088501
