atom_type,importance_sum
C,9.36553955078125
CA,9.36553955078125
CB,9.78126335144043
CD,10.716560363769531
CD1,11.65185260772705
CD2,12.58714771270752
CE,13.418434143066406
CE1,14.041796684265137
CE2,14.665074348449707
CE3,15.288435935974121
CG,15.556632995605469
CG1,14.581870079040527
CG2,13.607105255126953
CH2,12.632342338562012
CZ,11.774272918701172
CZ2,11.84972095489502
CZ3,11.925169944763184
O,12.000619888305664
OH,12.076068878173828
OD1,10.83060073852539
OD2,9.585136413574219
OE1,8.33967399597168
OE2,7.09420919418335
OG,7.021180629730225
OG1,7.094708442687988
N,7.168236255645752
NE,7.241763114929199
NE1,6.6953253746032715
NE2,5.971704483032227
ND1,5.248082637786865
ND2,4.524462699890137
NZ,4.42448616027832
NH1,4.636349201202393
NH2,4.848177909851074
SD,5.060037136077881
SG,5.154187202453613
UNKNOWN,5.154187202453613
