atom_index,is_real_atom,atom_type_from_onehot,importance
0,1,SG,5.114630699157715
1,1,C,5.114630699157715
2,1,O,4.785384178161621
3,1,N,4.089261531829834
4,1,CA,3.3931400775909424
5,1,C,2.6970181465148926
6,1,O,2.1995670795440674
7,1,CB,1.977691650390625
8,1,CG1,1.7558159828186035
9,1,CG2,1.5339404344558716
10,1,CD1,1.3880305290222168
11,1,N,1.3743571043014526
12,1,CA,1.3606839179992676
13,1,CB,1.3470103740692139
14,1,CG,1.3204245567321777
15,1,ND1,1.2652065753936768
16,1,CD2,1.2099885940551758
17,1,CE1,1.1547706127166748
18,1,NE2,1.1490885019302368
19,1,CG,1.2868000268936157
20,1,CD1,1.4245121479034424
21,1,CD2,1.5622236728668213
22,1,CE1,1.6742976903915405
23,1,CE2,1.6855286359786987
24,1,CZ,1.6967594623565674
25,1,N,1.7079904079437256
26,1,CA,1.7100131511688232
27,1,C,1.659300446510315
28,1,O,1.6085875034332275
29,1,CB,1.5578747987747192
30,1,CG1,1.517048716545105
31,1,CG2,1.5708523988723755
32,1,CD1,1.6246559619903564
33,1,N,1.6784594058990479
34,1,CA,1.7329899072647095
35,1,CB,1.804721713066101
36,1,CG1,1.8764533996582031
37,1,CD1,1.9481853246688843
38,1,CB,2.0199172496795654
39,1,CG1,2.114673376083374
40,1,CG2,2.209744691848755
41,1,CD1,2.304816484451294
42,1,O,2.399888277053833
43,1,N,2.3916473388671875
44,1,CA,2.375920295715332
45,1,C,2.3601932525634766
46,1,O,2.344466209411621
47,1,CB,2.3821377754211426
48,1,CG1,2.42720365524292
49,1,CG2,2.472268581390381
50,1,N,2.517334461212158
51,1,CA,2.5228424072265625
52,1,C,2.5199203491210938
53,1,O,2.516998291015625
54,1,CB,2.5140762329101562
55,1,CG,2.525235891342163
56,1,CD1,2.5405960083007812
57,1,CD2,2.5559558868408203
58,1,N,2.5713157653808594
59,1,CA,2.525026321411133
60,1,C,2.4543094635009766
61,1,O,2.3835928440093994
62,1,CB,2.312875747680664
63,1,N,2.2784554958343506
64,1,N,2.262554407119751
65,1,CA,2.2466530799865723
66,1,C,2.2307519912719727
67,1,O,2.233259916305542
68,1,CB,2.247631549835205
69,1,CG1,2.2620034217834473
70,1,CG2,2.2763750553131104
71,1,N,2.3294756412506104
72,1,CA,2.413747549057007
73,1,C,2.4980196952819824
74,1,O,2.5822913646698
75,1,CB,2.78891658782959
76,1,O,3.1178970336914062
77,1,CB,3.4468753337860107
78,1,CG,3.775852918624878
79,1,SD,4.0312933921813965
80,1,CE,4.195364952087402
81,1,N,4.359437942504883
82,1,CA,4.523509979248047
83,1,CB,4.522264003753662
