atom_type,importance_sum
C,6.8277082443237305
CA,6.8277082443237305
CB,6.603868007659912
CD,6.100192546844482
CD1,5.596541881561279
CD2,5.092866897583008
CE,5.278251647949219
CE1,6.841686248779297
CE2,8.405118942260742
CE3,9.968574523925781
CG,10.719444274902344
CG1,8.626380920410156
CG2,6.533311367034912
CH2,4.440245151519775
CZ,2.6152822971343994
CZ2,2.9351353645324707
CZ3,3.2549889087677
O,3.5748414993286133
OH,3.8946943283081055
OD1,3.5063512325286865
OD2,3.118009090423584
OE1,2.7296667098999023
OE2,2.3413243293762207
OG,2.3773767948150635
OG1,2.466480255126953
N,2.5555825233459473
NE,2.6446855068206787
NE1,3.3962340354919434
NE2,4.337045192718506
ND1,5.277865409851074
ND2,6.218688488006592
NZ,8.294651985168457
NH1,10.938191413879395
NH2,13.581733703613281
SD,16.225284576416016
SG,17.40020179748535
UNKNOWN,17.40020179748535
