atom_type,importance
C,0.0730619952082634
CA,0.0730619952082634
CB,0.08010829985141754
CD,0.09596245735883713
CD1,0.11181659996509552
CD2,0.1276707649230957
CE,0.13973452150821686
CE1,0.14421643316745758
CE2,0.14869831502437592
CE3,0.15317900478839874
CG,0.15929509699344635
CG1,0.17112849652767181
CG2,0.18296188116073608
CH2,0.19479528069496155
CZ,0.20483016967773438
CZ2,0.2004767656326294
CZ3,0.19612336158752441
O,0.19176989793777466
OH,0.18741653859615326
OD1,0.17434732615947723
OD2,0.1612781584262848
OE1,0.14820890128612518
OE2,0.13513971865177155
OG,0.12519468367099762
OG1,0.11564014106988907
N,0.10608562082052231
NE,0.09653110802173615
NE1,0.09149050712585449
NE2,0.08774076402187347
ND1,0.0839904397726059
ND2,0.08024012297391891
NZ,0.0825020894408226
NH1,0.08776989579200745
NH2,0.09303770214319229
SD,0.09830611199140549
SG,0.10064724087715149
UNKNOWN,0.10064724087715149
