atom_type,importance
C,0.11507932096719742
CA,0.11507932096719742
CB,0.12386637181043625
CD,0.14363671839237213
CD1,0.16340704262256622
CD2,0.1831774264574051
CE,0.19410943984985352
CE1,0.18736368417739868
CE2,0.18061794340610504
CE3,0.17387214303016663
CG,0.16650469601154327
CG1,0.15696166455745697
CG2,0.14741861820220947
CH2,0.1378755271434784
CZ,0.13068059086799622
CZ2,0.14227062463760376
CZ3,0.15386061370372772
O,0.16545063257217407
OH,0.17704063653945923
OD1,0.16041167080402374
OD2,0.14378270506858826
OE1,0.12715373933315277
OE2,0.11052453517913818
OG,0.11063014715909958
OG1,0.11282777041196823
N,0.11502522975206375
NE,0.11722264438867569
NE1,0.12420284003019333
NE2,0.13254955410957336
ND1,0.14089623093605042
ND2,0.14924293756484985
NZ,0.1557440161705017
NH1,0.16132287681102753
NH2,0.16690170764923096
SD,0.1724805235862732
SG,0.17496053874492645
UNKNOWN,0.17496053874492645
