atom_type,importance_sum
C,3.2598538398742676
CA,3.2598538398742676
CB,3.693254232406616
CD,4.668426036834717
CD1,5.643618583679199
CD2,6.618763446807861
CE,7.229224681854248
CE1,7.110210418701172
CE2,6.991245746612549
CE3,6.872233867645264
CG,6.828031539916992
CG1,7.0456461906433105
CG2,7.263260364532471
CH2,7.480872631072998
CZ,7.8716278076171875
CZ2,9.647561073303223
CZ3,11.423447608947754
O,13.199334144592285
OH,14.975226402282715
OD1,14.208612442016602
OD2,13.442002296447754
OE1,12.67538833618164
OE2,11.90877914428711
OG,9.724615097045898
OG1,7.363211154937744
N,5.00185489654541
NE,2.640522003173828
NE1,1.8292814493179321
NE2,1.46092689037323
ND1,1.092577576637268
ND2,0.7242244482040405
NZ,0.8760247230529785
NH1,1.2878972291946411
NH2,1.6997675895690918
SD,2.1116409301757812
SG,2.2946996688842773
UNKNOWN,2.2946996688842773
