atom_index,is_real_atom,atom_type_from_onehot,importance
0,1,CB,6.566506862640381
1,1,CG1,6.566506862640381
2,1,CD1,6.8600897789001465
3,1,CE1,7.480809211730957
4,1,CE2,8.10152816772461
5,1,CZ,8.722249031066895
6,1,CD1,8.959733963012695
7,1,CD2,8.665637016296387
8,1,CE1,8.371541023254395
9,1,CZ,8.077445983886719
10,1,OH,7.852138996124268
11,1,CD1,7.746573448181152
12,1,CD2,7.641008377075195
13,1,CG,7.535443305969238
14,1,CD1,7.423870086669922
15,1,CD2,7.298977851867676
16,1,CB,7.17408561706543
17,1,CG,7.049192428588867
18,1,CD1,6.916502952575684
19,1,CD2,6.761244773864746
20,1,CE2,6.605984687805176
21,1,NE1,6.450725555419922
22,1,CE2,6.359827518463135
23,1,CZ2,6.522083759307861
24,1,CZ3,6.684340000152588
25,1,CH2,6.8465962409973145
