atom_type,importance_sum
C,3.6411712169647217
CA,3.6411712169647217
CB,3.9455409049987793
CD,4.630442142486572
CD1,5.315289497375488
CD2,6.00014066696167
CE,6.633440971374512
CE1,7.163536071777344
CE2,7.693632125854492
CE3,8.22378158569336
CG,8.840069770812988
CG1,9.758277893066406
CG2,10.676487922668457
CH2,11.594698905944824
CZ,12.382977485656738
CZ2,12.131792068481445
CZ3,11.880600929260254
O,11.629417419433594
OH,11.378229141235352
OD1,10.270771026611328
OD2,9.163315773010254
OE1,8.055859565734863
OE2,6.94840145111084
OG,5.984082221984863
OG1,5.03765344619751
N,4.091226577758789
NE,3.1448001861572266
NE1,2.9757349491119385
NE2,3.0287721157073975
ND1,3.0818099975585938
ND2,3.134847402572632
NZ,3.4487385749816895
NH1,3.8930060863494873
NH2,4.33729887008667
SD,4.781582832336426
SG,4.979058265686035
UNKNOWN,4.979058265686035
