atom_type,importance_sum
C,3.929607629776001
CA,3.929607629776001
CB,4.322320938110352
CD,5.205989837646484
CD1,6.089602947235107
CD2,6.973273277282715
CE,7.650147914886475
CE1,7.913499355316162
CE2,8.17686653137207
CE3,8.440197944641113
CG,8.566282272338867
CG1,8.211793899536133
CG2,7.857276439666748
CH2,7.502801418304443
CZ,7.21381950378418
CZ2,7.448780536651611
CZ3,7.683740615844727
O,7.918700695037842
OH,8.153693199157715
OD1,7.2300705909729
OD2,6.306478500366211
OE1,5.3828864097595215
OE2,4.45929479598999
OG,4.805360317230225
OG1,5.310133934020996
N,5.814907550811768
NE,6.319680213928223
NE1,6.610895156860352
NE2,6.841037273406982
ND1,7.0711798667907715
ND2,7.301323413848877
NZ,7.055422306060791
NH1,6.571505069732666
NH2,6.087583541870117
SD,5.603665351867676
SG,5.3885955810546875
UNKNOWN,5.3885955810546875
