atom_type,importance
C,0.15551979839801788
CA,0.15551979839801788
CB,0.164908766746521
CD,0.18603354692459106
CD1,0.2071581929922104
CD2,0.22828295826911926
CE,0.24283406138420105
CE1,0.24423803389072418
CE2,0.24564331769943237
CE3,0.24704720079898834
CG,0.24995765089988708
CG1,0.25813788175582886
CG2,0.266318142414093
CH2,0.2744984030723572
CZ,0.28063708543777466
CZ2,0.2704432010650635
CZ3,0.2602493166923523
O,0.25005558133125305
OH,0.23986178636550903
OD1,0.24452446401119232
OD2,0.2491871416568756
OE1,0.25384989380836487
OE2,0.25851258635520935
OG,0.26131007075309753
OG1,0.2638744115829468
N,0.26643896102905273
NE,0.269003301858902
NE1,0.264382004737854
NE2,0.25770777463912964
ND1,0.25103360414505005
ND2,0.2443593591451645
NZ,0.23642180860042572
NH1,0.2278510481119156
NH2,0.21928100287914276
SD,0.21071113646030426
SG,0.20690174400806427
UNKNOWN,0.20690172910690308
