atom_type,importance
C,0.22063179314136505
CA,0.22063179314136505
CB,0.22913144528865814
CD,0.24825505912303925
CD1,0.26737871766090393
CD2,0.2865023612976074
CE,0.29011523723602295
CE1,0.2627066671848297
CE2,0.2352963536977768
CE3,0.20788688957691193
CG,0.18810947239398956
CG1,0.19504450261592865
CG2,0.20197951793670654
CH2,0.20891453325748444
CZ,0.21602465212345123
CZ2,0.2245359569787979
CZ3,0.23304738104343414
O,0.24155868589878082
OH,0.2500700354576111
OD1,0.2538180351257324
OD2,0.25756603479385376
OE1,0.2613140642642975
OE2,0.26506203413009644
OG,0.26392799615859985
OG1,0.2621837258338928
N,0.26043936610221863
NE,0.258695125579834
NE1,0.24949879944324493
NE2,0.23817318677902222
ND1,0.2268492430448532
ND2,0.21552427113056183
NZ,0.2050461620092392
NH1,0.19499143958091736
NH2,0.18493665754795074
SD,0.17488275468349457
SG,0.1704138070344925
UNKNOWN,0.1704138070344925
