atom_type,importance
C,0.1303749531507492
CA,0.1303749531507492
CB,0.13828538358211517
CD,0.15608280897140503
CD1,0.1738816350698471
CD2,0.19167909026145935
CE,0.20038244128227234
CE1,0.1908949762582779
CE2,0.1814061552286148
CE3,0.17191869020462036
CG,0.15991483628749847
CG1,0.13910046219825745
CG2,0.11828602850437164
CH2,0.09747101366519928
CZ,0.08044306188821793
CZ2,0.09370633214712143
CZ3,0.10696963220834732
O,0.12023355811834335
OH,0.13349685072898865
OD1,0.14177590608596802
OD2,0.15005497634410858
OE1,0.15833404660224915
OE2,0.16661310195922852
OG,0.16715694963932037
OG1,0.16673387587070465
N,0.16631078720092773
NE,0.165887713432312
NE1,0.1601441651582718
NE2,0.15287990868091583
ND1,0.14561694860458374
ND2,0.13835270702838898
NZ,0.13580992817878723
NH1,0.13562792539596558
NH2,0.13544563949108124
SD,0.1352628767490387
SG,0.13518169522285461
UNKNOWN,0.13518169522285461
