atom_index,is_real_atom,atom_type_from_onehot,importance
0,1,CD1,11.37589168548584
1,1,CD2,11.37589168548584
2,1,CE1,11.747171401977539
3,1,CZ,12.532166481018066
4,1,CA,13.317161560058594
5,1,C,14.102154731750488
6,1,O,14.464694023132324
7,1,CB,14.241251945495605
8,1,CG,14.01780891418457
9,1,CD2,13.794364929199219
10,1,C,13.519229888916016
11,1,O,13.154108047485352
12,1,CB,12.788985252380371
13,1,CG2,12.423864364624023
14,1,N,11.883382797241211
15,1,CA,10.954066276550293
16,1,C,10.024747848510742
17,1,O,9.095430374145508
18,1,CB,8.253083229064941
19,1,CG,7.66248893737793
20,1,CD1,7.071895599365234
21,1,CE1,6.481302261352539
22,1,CB,6.026008605957031
23,1,CG,6.102896213531494
24,1,CD1,6.179782867431641
25,1,CD2,6.2566704750061035
26,1,CE1,6.305199146270752
27,1,CE2,6.19131326675415
28,1,CZ,6.077426910400391
29,1,OH,5.963540554046631
