atom_index,is_real_atom,atom_type_from_onehot,importance
0,1,CG1,8.737161636352539
1,1,CA,8.737161636352539
2,1,C,8.880266189575195
3,1,O,9.18283462524414
4,1,CB,9.485400199890137
5,1,CG,9.787965774536133
6,1,CD,9.70316219329834
7,1,NE,9.081034660339355
8,1,CZ,8.45890998840332
9,1,NH2,7.836782932281494
10,1,O,7.24177885055542
11,1,N,6.693991184234619
12,1,CA,6.146201133728027
13,1,C,5.598412036895752
14,1,O,5.30501127243042
15,1,CB,5.575686454772949
16,1,CG,5.846363544464111
17,1,CD1,6.117038726806641
18,1,CD2,6.331358909606934
19,1,CE1,6.3825459480285645
20,1,CE2,6.433732032775879
21,1,CZ,6.48491907119751
22,1,CA,6.547736167907715
23,1,C,6.656296253204346
24,1,O,6.764855861663818
25,1,CB,6.873415470123291
26,1,CG1,6.980266094207764
27,1,CG2,7.077323913574219
28,1,CD1,7.174381732940674
29,1,N,7.271439552307129
30,1,CA,7.366408348083496
31,1,C,7.441372871398926
32,1,O,7.516338348388672
33,1,CB,7.591303825378418
34,1,OG,7.667193412780762
35,1,CB,7.764956474304199
36,1,CG1,7.862719535827637
37,1,CG2,7.960481643676758
38,1,CD1,8.058244705200195
39,1,SD,7.92194938659668
40,1,CE,7.782447338104248
41,1,CG,7.642945289611816
42,1,CD1,7.503443241119385
43,1,CD2,7.205906391143799
44,1,CE1,6.896919250488281
45,1,CE2,6.5879316329956055
46,1,CZ,6.278942584991455
47,1,C,6.146511554718018
48,1,O,6.03852653503418
49,1,CB,5.930542469024658
50,1,CG1,5.82255744934082
51,1,CG2,5.927504062652588
52,1,CD1,6.077828407287598
53,1,CA,6.228153228759766
54,1,C,6.378478050231934
55,1,O,6.2958221435546875
56,1,CB,6.143682956695557
57,1,CG,5.991542816162109
58,1,CD1,5.839402675628662
59,1,CD2,5.664914608001709
60,1,NE1,5.481573581695557
61,1,CE2,5.298231601715088
62,1,CE3,5.114890098571777
63,1,CZ2,5.061795234680176
64,1,CZ3,5.0751519203186035
65,1,CH2,5.0885090827941895
66,1,CB,5.101865768432617
67,1,CG2,4.971761703491211
