atom_type,importance
C,0.05814114958047867
CA,0.05814114958047867
CB,0.062344424426555634
CD,0.07180210947990417
CD1,0.08125942200422287
CD2,0.0907171219587326
CE,0.09786747395992279
CE1,0.10040397942066193
CE2,0.10294049978256226
CE3,0.10547700524330139
CG,0.10601802170276642
CG1,0.09957502037286758
CG2,0.09313205629587173
CH2,0.08668908476829529
CZ,0.08225807547569275
CZ2,0.09392273426055908
CZ3,0.10558740794658661
O,0.11725243926048279
OH,0.12891711294651031
OD1,0.14719603955745697
OD2,0.16547493636608124
OE1,0.18375377357006073
OE2,0.2020326554775238
OG,0.216511070728302
OG1,0.2305145263671875
N,0.24451787769794464
NE,0.2585212290287018
NE1,0.25456318259239197
NE2,0.24547317624092102
ND1,0.23638318479061127
ND2,0.2272947132587433
NZ,0.21665512025356293
NH1,0.20524220168590546
NH2,0.19382843375205994
SD,0.18241462111473083
SG,0.17734168469905853
UNKNOWN,0.17734168469905853
