atom_index,is_real_atom,atom_type_from_onehot,importance
0,1,CG,11.129158020019531
1,1,CD2,11.129158020019531
2,1,CD1,11.45504379272461
3,1,CD2,12.14406681060791
4,1,CG1,12.833090782165527
5,1,CG2,13.522109031677246
6,1,N,13.909887313842773
7,1,CA,13.879814147949219
8,1,O,13.84974193572998
9,1,CB,13.81966495513916
10,1,CG,13.69459342956543
11,1,CD,13.404147148132324
12,1,CA,13.113698959350586
13,1,C,12.823253631591797
14,1,O,12.579235076904297
15,1,CB,12.438156127929688
16,1,N,12.297075271606445
17,1,CG1,12.155999183654785
18,1,CD1,12.023927688598633
19,1,CB,11.917924880981445
20,1,CG1,11.81192398071289
21,1,CG2,11.705921173095703
22,1,CG1,11.45882797241211
23,1,CB,10.656776428222656
24,1,OG,9.854727745056152
