atom_type,importance_sum
C,9.952509880065918
CA,9.952509880065918
CB,10.4984712600708
CD,11.726935386657715
CD1,12.955401420593262
CD2,14.18386459350586
CE,14.92495059967041
CE1,14.691272735595703
CE2,14.45770263671875
CE3,14.22402286529541
CG,13.995010375976562
CG1,13.781962394714355
CG2,13.568916320800781
CH2,13.355866432189941
CZ,13.200037956237793
CZ2,13.501928329467773
CZ3,13.80382251739502
O,14.105716705322266
OH,14.407609939575195
OD1,13.684858322143555
OD2,12.962108612060547
OE1,12.239357948303223
OE2,11.516611099243164
OG,11.593354225158691
OG1,11.770034790039062
N,11.946720123291016
NE,12.12340259552002
NE1,11.80984878540039
NE2,11.356226921081543
ND1,10.90271282196045
ND2,10.449090957641602
NZ,10.150504112243652
NH1,9.929462432861328
NH2,9.708399772644043
SD,9.48735237121582
SG,9.38906478881836
UNKNOWN,9.38906478881836
