atom_type,importance
C,0.08771798759698868
CA,0.08771798759698868
CB,0.09100940078496933
CD,0.09841474890708923
CD1,0.10582070052623749
CD2,0.11322647333145142
CE,0.11685489863157272
CE1,0.11292844265699387
CE2,0.10900198668241501
CE3,0.10507553070783615
CG,0.10231010615825653
CG1,0.1036108210682869
CG2,0.10491157323122025
CH2,0.10621228069067001
CZ,0.10944821685552597
CZ2,0.12816442549228668
CZ3,0.14688025414943695
O,0.1655961126089096
OH,0.18431192636489868
OD1,0.18594087660312653
OD2,0.18756985664367676
OE1,0.189198836684227
OE2,0.19082781672477722
OG,0.18722426891326904
OG1,0.18296663463115692
N,0.17870905995368958
NE,0.17445141077041626
NE1,0.18880851566791534
NE2,0.2084834724664688
ND1,0.2281583845615387
ND2,0.24783329665660858
NZ,0.24870286881923676
NH1,0.24016782641410828
NH2,0.23163452744483948
SD,0.2231002002954483
SG,0.21930727362632751
UNKNOWN,0.21930727362632751
