atom_index,is_real_atom,atom_type_from_onehot,importance
0,1,CA,7.834109783172607
1,1,O,7.834109783172607
2,1,CB,8.14190673828125
3,1,CG1,8.792678833007812
4,1,CG2,9.44344711303711
5,1,CG,10.094218254089355
6,1,CD1,10.553674697875977
7,1,CD2,10.747757911682129
8,1,CG2,10.941842079162598
9,1,CB,11.135926246643066
10,1,CG,11.250797271728516
11,1,CD,11.227774620056152
12,1,C,11.204753875732422
13,1,CB,11.181733131408691
14,1,CG,10.968807220458984
15,1,N,10.33479118347168
16,1,CA,9.700775146484375
17,1,CB,9.066760063171387
