atom_type,importance_sum
C,10.72675609588623
CA,10.72675609588623
CB,11.176368713378906
CD,12.188182830810547
CD1,13.199992179870605
CD2,14.211725234985352
CE,14.620525360107422
CE1,13.8233003616333
CE2,13.025992393493652
CE3,12.228765487670898
CG,11.58024787902832
CG1,11.452203750610352
CG2,11.324158668518066
CH2,11.196114540100098
CZ,11.23774242401123
CZ2,12.636716842651367
CZ3,14.035688400268555
O,15.43466567993164
OH,16.833589553833008
OD1,16.608518600463867
OD2,16.38344383239746
OE1,16.15837287902832
OE2,15.933289527893066
OG,15.87031078338623
OG1,15.82760238647461
N,15.784893035888672
NE,15.74217700958252
NE1,15.63494873046875
NE2,15.509332656860352
ND1,15.383721351623535
ND2,15.258111953735352
NZ,14.873116493225098
NH1,14.358476638793945
NH2,13.843832015991211
SD,13.329191207885742
SG,13.10053539276123
UNKNOWN,13.10053539276123
