atom_type,importance_sum
C,8.8375883102417
CA,8.8375883102417
CB,8.729209899902344
CD,8.485309600830078
CD1,8.24143123626709
CD2,7.997559547424316
CE,7.899438381195068
CE1,8.09290599822998
CE2,8.286409378051758
CE3,8.479876518249512
CG,8.739474296569824
CG1,9.230570793151855
CG2,9.721667289733887
CH2,10.212767601013184
CZ,10.762945175170898
CZ2,11.78576374053955
CZ3,12.808588981628418
O,13.83141040802002
OH,14.854231834411621
OD1,14.487547874450684
OD2,14.120861053466797
OE1,13.75417709350586
OE2,13.387493133544922
OG,12.9156494140625
OG1,12.430659294128418
N,11.94566822052002
NE,11.460680961608887
NE1,12.228633880615234
NE2,13.354571342468262
ND1,14.48042106628418
ND2,15.606352806091309
NZ,15.490594863891602
NH1,14.753914833068848
NH2,14.017233848571777
SD,13.280550003051758
SG,12.953117370605469
UNKNOWN,12.953117370605469
