atom_index,is_real_atom,atom_type_from_onehot,importance
0,1,CD1,9.532783508300781
1,1,NE1,9.532783508300781
2,1,CE2,9.735404014587402
3,1,CZ2,10.16380500793457
4,1,CB,10.592205047607422
5,1,CG1,11.02060317993164
6,1,CG2,11.341120719909668
7,1,CD1,11.511992454528809
8,1,CG,11.682863235473633
9,1,CD2,11.853734970092773
10,1,CE2,11.951180458068848
11,1,CZ,11.920804023742676
12,1,CG,11.89043140411377
13,1,OD1,11.86005687713623
14,1,ND2,11.990124702453613
15,1,CB,12.475959777832031
16,1,CG1,12.9617919921875
17,1,CG2,13.447624206542969
18,1,CA,13.863565444946289
19,1,C,14.07719612121582
20,1,O,14.290823936462402
21,1,CB,14.504453659057617
22,1,CG,14.60058307647705
23,1,ND2,14.234538078308105
24,1,C,13.868494033813477
25,1,N,13.502448081970215
26,1,CA,13.157787322998047
27,1,O,12.935580253601074
28,1,CB,12.713375091552734
29,1,CB,12.491167068481445
30,1,N,12.258288383483887
31,1,CA,11.923247337341309
32,1,CB,11.588205337524414
33,1,SG,11.253162384033203
34,1,CB,10.91455078125
35,1,CG,10.491402626037598
36,1,CD1,10.068258285522461
37,1,CD2,9.645111083984375
38,1,NE1,9.221961975097656
39,1,CE2,8.675705909729004
40,1,CE3,8.127765655517578
41,1,CZ2,7.579823017120361
42,1,CZ3,7.03187894821167
43,1,CH2,6.408668518066406
