atom_type,importance_sum
C,10.977507591247559
CA,10.977507591247559
CB,11.776350975036621
CD,13.573795318603516
CD1,15.371244430541992
CD2,17.16860008239746
CE,18.212331771850586
CE1,17.748292922973633
CE2,17.284406661987305
CE3,16.820493698120117
CG,16.609634399414062
CG1,17.28467559814453
CG2,17.959716796875
CH2,18.634754180908203
CZ,19.234704971313477
CZ2,19.233936309814453
CZ3,19.23316192626953
O,19.232389450073242
OH,19.23162269592285
OD1,18.10356330871582
OD2,16.97551918029785
OE1,15.847467422485352
OE2,14.719411849975586
OG,13.539481163024902
OG1,12.35306453704834
N,11.166648864746094
NE,9.980234146118164
NE1,11.070694923400879
NE2,12.811603546142578
ND1,14.552506446838379
ND2,16.293500900268555
NZ,17.78005599975586
NH1,19.139530181884766
NH2,20.499000549316406
SD,21.858301162719727
SG,22.462509155273438
UNKNOWN,22.462509155273438
