atom_type,importance
C,0.13199160993099213
CA,0.13199160993099213
CB,0.1390174776315689
CD,0.15482480823993683
CD1,0.17063336074352264
CD2,0.1864418089389801
CE,0.19687475264072418
CE1,0.19655409455299377
CE2,0.19623465836048126
CE3,0.19591403007507324
CG,0.19515371322631836
CG1,0.1928485780954361
CG2,0.19054341316223145
CH2,0.1882382482290268
CZ,0.18604439496994019
CZ2,0.1847400963306427
CZ3,0.1834358423948288
O,0.18213161826133728
OH,0.18082734942436218
OD1,0.1758449822664261
OD2,0.17086264491081238
OE1,0.1658802628517151
OE2,0.16089792549610138
OG,0.1567637324333191
OG1,0.15273548662662506
N,0.14870725572109222
NE,0.14467903971672058
NE1,0.14503000676631927
NE2,0.14663119614124298
ND1,0.1482335925102234
ND2,0.1498359888792038
NZ,0.14630582928657532
NH1,0.1402088701725006
NH2,0.13411302864551544
SD,0.12801599502563477
SG,0.12530693411827087
UNKNOWN,0.12530693411827087
