atom_type,importance
C,0.12110751122236252
CA,0.12110751122236252
CB,0.1315852701663971
CD,0.15515974164009094
CD1,0.1787342131137848
CD2,0.20230866968631744
CE,0.22013671696186066
CE1,0.226471409201622
CE2,0.23280532658100128
CE3,0.23914149403572083
CG,0.24217519164085388
CG1,0.2336568385362625
CG2,0.2251385748386383
CH2,0.21662022173404694
CZ,0.20954671502113342
CZ2,0.21403056383132935
CZ3,0.21851439774036407
O,0.22299824655056
OH,0.2274821251630783
OD1,0.20823776721954346
OD2,0.18899346888065338
OE1,0.16974908113479614
OE2,0.1505047231912613
OG,0.14732451736927032
OG1,0.1461523175239563
N,0.14498008787631989
NE,0.14380790293216705
NE1,0.1573239266872406
NE2,0.17503687739372253
ND1,0.1927487552165985
ND2,0.21046176552772522
NZ,0.2152135670185089
NH1,0.21348437666893005
NH2,0.21175502240657806
SD,0.21002572774887085
SG,0.20925743877887726
UNKNOWN,0.20925743877887726
