atom_index,is_real_atom,atom_type_from_onehot,importance
0,1,CA,6.241499423980713
1,1,C,6.241499423980713
2,1,O,6.53257942199707
3,1,CB,7.148006439208984
4,1,CG,7.763432502746582
5,1,CD1,8.378859519958496
6,1,CD2,8.776656150817871
7,1,CE1,8.872579574584961
8,1,CE2,8.96850299835205
9,1,CZ,9.064428329467773
10,1,OH,9.260725975036621
11,1,C,9.631738662719727
12,1,O,10.002756118774414
13,1,CB,10.373770713806152
14,1,OG1,10.644856452941895
15,1,N,10.694355964660645
16,1,CA,10.743852615356445
17,1,O,10.793353080749512
18,1,CB,10.718632698059082
19,1,OG,10.284342765808105
20,1,CB,9.850051879882812
21,1,SG,9.41576099395752
22,1,CB,9.160049438476562
23,1,CG1,9.606740951538086
24,1,CG2,10.053437232971191
25,1,CG1,10.500131607055664
26,1,CG2,10.893662452697754
27,1,CD1,10.982708930969238
28,1,CD2,11.071751594543457
29,1,CA,11.160796165466309
30,1,C,11.237528800964355
31,1,O,11.196425437927246
32,1,CB,11.15532112121582
33,1,CG,11.114214897155762
34,1,CD,11.053221702575684
35,1,NE,10.521506309509277
36,1,CZ,9.989791870117188
37,1,NH2,9.458078384399414
38,1,CB,8.926361083984375
39,1,CG1,8.659305572509766
40,1,CG2,8.395875930786133
41,1,CD1,8.132447242736816
42,1,CG,7.869016170501709
43,1,CD1,7.761677265167236
44,1,CD2,7.665649890899658
45,1,CB,7.569621562957764
46,1,CG,7.473592758178711
47,1,CD1,7.3075151443481445
48,1,CD2,7.131739616394043
49,1,NE1,6.955963134765625
50,1,CE2,6.780187129974365
51,1,CE3,6.528153419494629
52,1,CZ2,6.259868621826172
53,1,CZ3,5.991583347320557
54,1,CH2,5.723297595977783
