atom_type,importance_sum
C,9.691779136657715
CA,9.691779136657715
CB,10.549092292785645
CD,12.478250503540039
CD1,14.407333374023438
CD2,16.33641242980957
CE,17.173860549926758
CE1,15.827762603759766
CE2,14.48171615600586
CE3,13.135668754577637
CG,12.282649993896484
CG1,13.155344009399414
CG2,14.028033256530762
CH2,14.900727272033691
CZ,15.858473777770996
CZ2,17.49666976928711
CZ3,19.13486099243164
O,20.773054122924805
OH,22.41124725341797
OD1,21.349346160888672
OD2,20.28744125366211
OE1,19.22553825378418
OE2,18.163637161254883
OG,17.73805809020996
OG1,17.392024993896484
N,17.04598617553711
NE,16.699947357177734
NE1,16.319299697875977
NE2,15.928727149963379
ND1,15.538229942321777
ND2,15.147659301757812
NZ,15.447354316711426
NH1,16.092105865478516
NH2,16.73687171936035
SD,17.38161277770996
SG,17.668195724487305
UNKNOWN,17.668195724487305
