atom_index,is_real_atom,atom_type_from_onehot,importance
0,1,O,10.771764755249023
1,1,N,10.771764755249023
2,1,CA,10.614249229431152
3,1,C,10.281214714050293
4,1,O,9.948179244995117
5,1,CB,9.615142822265625
6,1,CG,9.258880615234375
7,1,CD2,8.87039852142334
8,1,N,8.481913566589355
9,1,CA,8.09343147277832
10,1,C,7.7464518547058105
11,1,O,7.471723556518555
12,1,N,7.196994304656982
13,1,CA,6.922264575958252
14,1,CB,6.813612461090088
15,1,OG,7.073215961456299
16,1,CB,7.33281946182251
17,1,CG1,7.592422008514404
18,1,CG2,7.956169605255127
19,1,CD1,8.621386528015137
20,1,CA,9.286604881286621
21,1,C,9.951822280883789
22,1,O,10.484356880187988
23,1,CB,10.495012283325195
24,1,N,10.505667686462402
25,1,CA,10.516322135925293
26,1,CB,10.426677703857422
27,1,OG,9.762593269348145
28,1,C,9.0985107421875
29,1,O,8.434429168701172
30,1,CB,7.831670761108398
31,1,CG,7.8158745765686035
32,1,CD1,7.800079345703125
33,1,CD2,7.784285068511963
34,1,CE1,7.770755290985107
35,1,CE2,7.810824394226074
36,1,N,7.850894451141357
37,1,CA,7.890964508056641
38,1,O,7.931035041809082
39,1,CB,7.847504615783691
40,1,SG,7.762281894683838
41,1,CB,7.677060127258301
42,1,CG,7.591836452484131
43,1,CD1,7.134378433227539
44,1,CD2,6.649949550628662
45,1,NE1,6.165518760681152
46,1,CE2,5.681087017059326
47,1,CE3,5.623871803283691
48,1,CZ2,5.625809192657471
49,1,CZ3,5.627746105194092
50,1,CH2,5.629682540893555
51,1,CG1,5.561089992523193
52,1,CD1,5.477467060089111
