atom_type,importance_sum
C,9.273127555847168
CA,9.273127555847168
CB,9.620501518249512
CD,10.402063369750977
CD1,11.183623313903809
CD2,11.96509838104248
CE,12.796854019165039
CE1,13.729022979736328
CE2,14.661191940307617
CE3,15.593358993530273
CG,16.288480758666992
CG1,16.15389060974121
CG2,16.019302368164062
CH2,15.884713172912598
CZ,15.829853057861328
CZ2,16.412803649902344
CZ3,16.995769500732422
O,17.578733444213867
OH,18.161697387695312
OD1,17.645374298095703
OD2,17.12905502319336
OE1,16.61273193359375
OE2,16.09641456604004
OG,16.27690315246582
OG1,16.544498443603516
N,16.812089920043945
NE,17.07968521118164
NE1,17.59742546081543
NE2,18.18657112121582
ND1,18.77583885192871
ND2,19.365110397338867
NZ,19.50796127319336
NH1,19.42759895324707
NH2,19.347240447998047
SD,19.266904830932617
SG,19.23126220703125
UNKNOWN,19.23126220703125
