atom_type,importance_sum
C,7.640829563140869
CA,7.640829563140869
CB,7.920226097106934
CD,8.548859596252441
CD1,9.177491188049316
CD2,9.806124687194824
CE,10.29992961883545
CE1,10.524191856384277
CE2,10.748344421386719
CE3,10.972607612609863
CG,11.177953720092773
CG1,11.317527770996094
CG2,11.45710277557373
CH2,11.596677780151367
CZ,11.681241035461426
CZ2,11.325698852539062
CZ3,10.970159530639648
O,10.614618301391602
OH,10.259078025817871
OD1,9.348698616027832
OD2,8.438345909118652
OE1,7.527972221374512
OE2,6.617584228515625
OG,6.367336273193359
OG1,6.199604034423828
N,6.031871795654297
NE,5.864139556884766
NE1,5.898509979248047
NE2,5.990638732910156
ND1,6.082767486572266
ND2,6.174895286560059
NZ,6.402133464813232
NH1,6.696985244750977
NH2,6.99182653427124
SD,7.286675453186035
SG,7.417728424072266
UNKNOWN,7.417728424072266
