atom_index,is_real_atom,atom_type_from_onehot,importance
0,1,CB,6.828358173370361
1,1,CG1,6.828358173370361
2,1,CB,6.909483909606934
3,1,CG,7.081008434295654
4,1,CD1,7.2525315284729
5,1,CD2,7.424055576324463
6,1,NE1,7.448525905609131
7,1,CE2,7.269018173217773
8,1,CE3,7.089509010314941
9,1,CZ2,6.910000801086426
10,1,CZ3,6.911301612854004
11,1,CH2,7.227344989776611
12,1,C,7.543388843536377
13,1,O,7.859431743621826
14,1,CB,8.000532150268555
15,1,CG,7.753717422485352
16,1,CD1,7.506902694702148
17,1,CD2,7.260087966918945
18,1,NE1,7.003952503204346
19,1,CE2,6.72083854675293
20,1,CE3,6.4377241134643555
21,1,CZ2,6.1546101570129395
22,1,CZ3,5.9026618003845215
23,1,CH2,5.773300647735596
24,1,CA,5.643938064575195
25,1,CB,5.514576435089111
26,1,CG,5.416104316711426
27,1,CD1,5.4945502281188965
28,1,CD2,5.572994709014893
29,1,CE1,5.651439666748047
