atom_type,importance_sum
C,14.705645561218262
CA,14.705645561218262
CB,15.079545021057129
CD,15.92084789276123
CD1,16.76212501525879
CD2,17.6033878326416
CE,17.89476776123047
CE1,17.08598518371582
CE2,16.277193069458008
CE3,15.468463897705078
CG,14.647255897521973
CG1,13.782377243041992
CG2,12.917496681213379
CH2,12.052618980407715
CZ,11.358609199523926
CZ2,12.031559944152832
CZ3,12.704513549804688
O,13.37746524810791
OH,14.050416946411133
OD1,14.239776611328125
OD2,14.4291410446167
OE1,14.618505477905273
OE2,14.807870864868164
OG,14.430696487426758
OG1,13.98270320892334
N,13.534709930419922
NE,13.08671760559082
NE1,12.346217155456543
NE2,11.5222749710083
ND1,10.698330879211426
ND2,9.874391555786133
NZ,9.888861656188965
NH1,10.322525024414062
NH2,10.756125450134277
SD,11.189805030822754
SG,11.382535934448242
UNKNOWN,11.382535934448242
