atom_index,is_real_atom,atom_type_from_onehot,importance
0,1,CB,8.5529203414917
1,1,CG1,8.5529203414917
2,1,CB,8.51589298248291
3,1,CG,8.437604904174805
4,1,CD1,8.359319686889648
5,1,CD2,8.28103256225586
6,1,NE1,8.295578956604004
7,1,CE2,8.438896179199219
8,1,CE3,8.582210540771484
9,1,CZ2,8.725526809692383
10,1,CZ3,8.854915618896484
11,1,CH2,8.960060119628906
12,1,C,9.065207481384277
13,1,O,9.1703519821167
14,1,CB,9.17319393157959
15,1,CG,8.949186325073242
16,1,CD1,8.725180625915527
17,1,CD2,8.501173973083496
18,1,NE1,8.281825065612793
19,1,CE2,8.075963020324707
20,1,CE3,7.870100021362305
21,1,CZ2,7.664238929748535
22,1,CZ3,7.454746723175049
23,1,CH2,7.23098087310791
24,1,CA,7.007214069366455
25,1,CB,6.783447265625
26,1,CG,6.5618743896484375
27,1,CD1,6.352861404418945
28,1,CD2,6.143848896026611
29,1,CE1,5.9348368644714355
