atom_type,importance_sum
C,8.182485580444336
CA,8.182485580444336
CB,8.148667335510254
CD,8.072583198547363
CD1,7.996500492095947
CD2,7.920416831970215
CE,7.997292995452881
CE1,8.380130767822266
CE2,8.762950897216797
CE3,9.145777702331543
CG,9.503532409667969
CG1,9.77344036102295
CG2,10.043346405029297
CH2,10.313252449035645
CZ,10.672645568847656
CZ2,11.747901916503906
CZ3,12.823163986206055
O,13.898422241210938
OH,14.973681449890137
OD1,14.134912490844727
OD2,13.296144485473633
OE1,12.457379341125488
OE2,11.618611335754395
OG,10.47974967956543
OG1,9.303376197814941
N,8.126999855041504
NE,6.950627326965332
NE1,7.189155578613281
NE2,7.831941604614258
ND1,8.47476577758789
ND2,9.117583274841309
NZ,9.719888687133789
NH1,10.302006721496582
NH2,10.884074211120605
SD,11.466126441955566
SG,11.724828720092773
UNKNOWN,11.724828720092773
