atom_type,importance
C,0.09728757292032242
CA,0.09728757292032242
CB,0.10388310998678207
CD,0.11872372031211853
CD1,0.13356390595436096
CD2,0.1484040468931198
CE,0.15647649765014648
CE1,0.15101471543312073
CE2,0.14555302262306213
CE3,0.1400924026966095
CG,0.1364777833223343
CG1,0.13932789862155914
CG2,0.1421780288219452
CH2,0.14502817392349243
CZ,0.14862889051437378
CZ2,0.15823452174663544
CZ3,0.1678401380777359
O,0.17744576930999756
OH,0.18705138564109802
OD1,0.1867833435535431
OD2,0.18651534616947174
OE1,0.18624737858772278
OE2,0.18597936630249023
OG,0.18069835007190704
OG1,0.17479081451892853
N,0.16888315975666046
NE,0.16297556459903717
NE1,0.1509341299533844
NE2,0.13714046776294708
ND1,0.12334562838077545
ND2,0.10955198854207993
NZ,0.10357837378978729
NH1,0.10151596367359161
NH2,0.09945294260978699
SD,0.09739051759243011
SG,0.09647370129823685
UNKNOWN,0.09647370129823685
