atom_index,is_real_atom,atom_type_from_onehot,importance
0,1,CG2,10.108616828918457
1,1,CD1,10.108616828918457
2,1,CB,10.297136306762695
3,1,CG2,10.69571304321289
4,1,CA,11.094295501708984
5,1,O,11.492874145507812
6,1,CB,11.654417037963867
7,1,CG1,11.487164497375488
8,1,CG2,11.31991195678711
9,1,CD1,11.152658462524414
10,1,C,10.916533470153809
11,1,O,10.560524940490723
12,1,CB,10.204517364501953
13,1,CG2,9.8485107421875
14,1,CD1,9.562417984008789
15,1,N,9.431358337402344
16,1,CA,9.300300598144531
17,1,C,9.169240951538086
18,1,O,9.044271469116211
19,1,CB,8.936929702758789
20,1,OG1,8.829587936401367
21,1,CG2,8.722246170043945
22,1,CG,8.665270805358887
23,1,CD2,8.806407928466797
24,1,CD1,8.947541236877441
25,1,CA,9.088677406311035
26,1,C,9.196310997009277
27,1,O,9.112062454223633
28,1,CB,9.027817726135254
29,1,N,8.943570137023926
30,1,CA,8.873775482177734
31,1,C,8.94230842590332
32,1,CG2,9.010841369628906
33,1,N,9.079374313354492
34,1,CA,9.13387393951416
35,1,SG,8.856228828430176
36,1,CE1,8.578584671020508
37,1,CE2,8.30094051361084
38,1,CZ,8.023295402526855
39,1,OH,7.231428146362305
