atom_type,importance_sum
C,5.764227390289307
CA,5.764227390289307
CB,6.509864330291748
CD,8.187514305114746
CD1,9.865169525146484
CD2,11.542779922485352
CE,12.65014934539795
CE1,12.616957664489746
CE2,12.583763122558594
CE3,12.550568580627441
CG,12.737753868103027
CG1,13.695996284484863
CG2,14.654241561889648
CH2,15.612480163574219
CZ,16.58165740966797
CZ2,17.638364791870117
CZ3,18.695068359375
O,19.751779556274414
OH,20.808483123779297
OD1,18.446584701538086
OD2,16.084688186645508
OE1,13.722798347473145
OE2,11.36090087890625
OG,11.598340034484863
OG1,12.160697937011719
N,12.723053932189941
NE,13.285412788391113
NE1,12.925127029418945
NE2,12.30128288269043
ND1,11.677437782287598
ND2,11.053592681884766
NZ,10.843730926513672
NH1,10.840861320495605
NH2,10.83790111541748
SD,10.834949493408203
SG,10.833666801452637
UNKNOWN,10.833666801452637
