atom_type,importance
C,0.352031409740448
CA,0.352031409740448
CB,0.3701017498970032
CD,0.41076043248176575
CD1,0.451419472694397
CD2,0.49207794666290283
CE,0.5117772221565247
CE1,0.4895573556423187
CE2,0.46733689308166504
CE3,0.4451163113117218
CG,0.42162907123565674
CG1,0.393707275390625
CG2,0.3657853603363037
CH2,0.3378635346889496
CZ,0.31507912278175354
CZ2,0.333394855260849
CZ3,0.3517102599143982
O,0.3700256645679474
OH,0.38834095001220703
OD1,0.3459121584892273
OD2,0.3034830093383789
OE1,0.2610540986061096
OE2,0.21862508356571198
OG,0.205665722489357
OG1,0.19638988375663757
N,0.18711398541927338
NE,0.17783819139003754
NE1,0.18952825665473938
NE2,0.20720843970775604
ND1,0.22488857805728912
ND2,0.24256892502307892
NZ,0.2686742842197418
NH1,0.2989922761917114
NH2,0.3293105363845825
SD,0.3596285879611969
SG,0.37310323119163513
UNKNOWN,0.37310323119163513
