atom_type,importance
C,0.12171770632266998
CA,0.12171770632266998
CB,0.12390715628862381
CD,0.12883281707763672
CD1,0.13375915586948395
CD2,0.13868561387062073
CE,0.1434042602777481
CE1,0.14770826697349548
CE2,0.15201300382614136
CE3,0.15631699562072754
CG,0.16057462990283966
CG1,0.16466696560382843
CG2,0.1687593013048172
CH2,0.17285163700580597
CZ,0.17832069098949432
CZ2,0.1948041021823883
CZ3,0.21128755807876587
O,0.2277710735797882
OH,0.2442544847726822
OD1,0.2555728256702423
OD2,0.26689109206199646
OE1,0.2782094478607178
OE2,0.2895277142524719
OG,0.28781700134277344
OG1,0.28447771072387695
N,0.28113844990730286
NE,0.27779918909072876
NE1,0.26667535305023193
NE2,0.253328412771225
ND1,0.23998145759105682
ND2,0.226633220911026
NZ,0.22120478749275208
NH1,0.21973437070846558
NH2,0.21826398372650146
SD,0.21679432690143585
SG,0.2161409705877304
UNKNOWN,0.2161409705877304
