atom_type,importance_sum
C,5.425365924835205
CA,5.425365924835205
CB,5.812994480133057
CD,6.68519401550293
CD1,7.557441234588623
CD2,8.429594039916992
CE,8.944459915161133
CE1,8.744473457336426
CE2,8.544487953186035
CE3,8.344502449035645
CG,8.371776580810547
CG1,9.19450569152832
CG2,10.017236709594727
CH2,10.839967727661133
CZ,11.593629837036133
CZ2,11.794740676879883
CZ3,11.995854377746582
O,12.196969985961914
OH,12.398080825805664
OD1,11.542362213134766
OD2,10.686643600463867
OE1,9.830924034118652
OE2,8.975208282470703
OG,8.228513717651367
OG1,7.495445728302002
N,6.762380599975586
NE,6.029314041137695
NE1,5.682827949523926
NE2,5.44680643081665
ND1,5.21078634262085
ND2,4.974765300750732
NZ,5.493300437927246
NH1,6.389186382293701
NH2,7.285022735595703
SD,8.180861473083496
SG,8.579023361206055
UNKNOWN,8.579023361206055
