atom_index,is_real_atom,atom_type_from_onehot,importance
0,1,CA,10.070598602294922
1,1,C,10.070598602294922
2,1,O,10.243515968322754
3,1,CB,10.609114646911621
4,1,CG2,10.974709510803223
5,1,CB,11.34030818939209
6,1,CG2,11.57352066040039
7,1,N,11.623098373413086
8,1,CB,11.672676086425781
9,1,CG,11.722253799438477
10,1,CD,11.704316139221191
11,1,C,11.568856239318848
12,1,O,11.43339729309082
13,1,CB,11.297938346862793
14,1,CG,11.049177169799805
15,1,CD,10.549179077148438
16,1,CA,10.049181938171387
17,1,C,9.54918384552002
18,1,O,9.078031539916992
19,1,CB,8.69038200378418
20,1,CG,8.30273151397705
21,1,CD1,7.9150824546813965
22,1,CD2,7.588749885559082
23,1,NE1,7.503594875335693
24,1,CE2,7.418440818786621
25,1,CE3,7.333286285400391
26,1,CZ2,7.251554489135742
27,1,CZ3,7.189434051513672
28,1,CH2,7.127312660217285
29,1,N,7.065191268920898
30,1,CA,7.0310750007629395
31,1,CG,7.265005111694336
32,1,CD1,7.498935222625732
33,1,CD2,7.732865333557129
34,1,CE1,7.963504314422607
35,1,CE2,8.116267204284668
36,1,CZ,8.26902961730957
37,1,C,8.421792030334473
38,1,O,8.574556350708008
39,1,CG1,8.900373458862305
40,1,CD1,9.228557586669922
41,1,N,9.556743621826172
42,1,CA,9.884929656982422
43,1,CE2,9.2819242477417
