atom_type,importance_sum
C,9.258228302001953
CA,9.258228302001953
CB,9.661874771118164
CD,10.570107460021973
CD1,11.478355407714844
CD2,12.386519432067871
CE,13.038179397583008
CE1,13.176745414733887
CE2,13.315306663513184
CE3,13.453873634338379
CG,13.568316459655762
CG1,13.598673820495605
CG2,13.629032135009766
CH2,13.659392356872559
CZ,13.782073974609375
CZ2,14.643328666687012
CZ3,15.504587173461914
O,16.3658504486084
OH,17.22713851928711
OD1,17.93056297302246
OD2,18.633981704711914
OE1,19.337385177612305
OE2,20.040781021118164
OG,19.826160430908203
OG1,19.496780395507812
N,19.167402267456055
NE,18.838024139404297
NE1,18.68642234802246
NE2,18.585664749145508
ND1,18.484907150268555
ND2,18.38416290283203
NZ,17.66921043395996
NH1,16.647022247314453
NH2,15.624918937683105
SD,14.602727890014648
SG,14.148462295532227
UNKNOWN,14.148462295532227
