atom_type,importance_sum
C,5.929367542266846
CA,5.929367542266846
CB,6.523993968963623
CD,7.8619184494018555
CD1,9.1998929977417
CD2,10.537768363952637
CE,10.977452278137207
CE1,9.62045669555664
CE2,8.263482093811035
CE3,6.906570911407471
CG,6.016015529632568
CG1,6.757839202880859
CG2,7.499663829803467
CH2,8.24148941040039
CZ,8.85926628112793
CZ2,8.484678268432617
CZ3,8.110084533691406
O,7.7354936599731445
OH,7.360903263092041
OD1,6.786559581756592
OD2,6.21221399307251
OE1,5.637871265411377
OE2,5.063525676727295
OG,5.541689872741699
OG1,6.151417255401611
N,6.76114559173584
NE,7.3708720207214355
NE1,6.912293910980225
NE2,6.148468494415283
ND1,5.384695053100586
ND2,4.620872497558594
NZ,4.259355545043945
NH1,4.098965644836426
NH2,3.938577890396118
SD,3.778188943862915
SG,3.7068943977355957
UNKNOWN,3.7068943977355957
