atom_index,is_real_atom,atom_type_from_onehot,importance
0,1,CD1,9.314599990844727
1,1,CZ2,9.314599990844727
2,1,C,9.409186363220215
3,1,O,9.609164237976074
4,1,CG,9.80914306640625
5,1,CD1,10.009122848510742
6,1,CD2,9.90784740447998
7,1,CA,9.388704299926758
8,1,C,8.869564056396484
9,1,O,8.350421905517578
10,1,N,7.918996334075928
11,1,CA,7.640260219573975
12,1,C,7.36152458190918
13,1,O,7.082790374755859
14,1,N,6.950356960296631
15,1,CA,7.142332553863525
16,1,CG1,7.334309101104736
17,1,C,7.526285648345947
18,1,CB,7.712378025054932
19,1,CG2,7.881442070007324
20,1,N,8.050505638122559
21,1,CA,8.21957015991211
22,1,CG,8.333503723144531
23,1,CD1,8.230588912963867
24,1,CD2,8.12767505645752
25,1,CB,8.024761199951172
26,1,CG1,7.939901828765869
27,1,CG2,7.958442211151123
28,1,CD1,7.976982593536377
29,1,CG1,7.995523452758789
30,1,CG2,8.0144624710083
31,1,CD1,8.037208557128906
32,1,CD2,8.059954643249512
33,1,CB,8.082701683044434
34,1,CG,8.086105346679688
35,1,CD1,7.631744861602783
36,1,CD2,7.17738676071167
37,1,CE1,6.723025798797607
38,1,CE2,6.268665313720703
39,1,CZ,5.707282543182373
