atom_type,importance_sum
C,2.677945852279663
CA,2.677945852279663
CB,3.1057019233703613
CD,4.068152904510498
CD1,5.030603885650635
CD2,5.9930572509765625
CE,7.043644905090332
CE1,8.270417213439941
CE2,9.497196197509766
CE3,10.724019050598145
CG,11.884246826171875
CG1,12.811737060546875
CG2,13.73923397064209
CH2,14.666728019714355
CZ,15.564667701721191
CZ2,16.226171493530273
CZ3,16.887710571289062
O,17.549238204956055
OH,18.21073341369629
OD1,16.284011840820312
OD2,14.357348442077637
OE1,12.430703163146973
OE2,10.504055976867676
OG,11.186447143554688
OG1,12.194974899291992
N,13.203500747680664
NE,14.212021827697754
NE1,14.109241485595703
NE2,13.688855171203613
ND1,13.268473625183105
ND2,12.848177909851074
NZ,12.523065567016602
NH1,12.245678901672363
NH2,11.9682035446167
SD,11.690818786621094
SG,11.567505836486816
UNKNOWN,11.567505836486816
