atom_type,importance
C,0.07694537192583084
CA,0.07694537192583084
CB,0.08209621161222458
CD,0.0936863124370575
CD1,0.10527640581130981
CD2,0.11686695367097855
CE,0.1248692199587822
CE1,0.1256977915763855
CE2,0.12652632594108582
CE3,0.1273549199104309
CG,0.12947776913642883
CG1,0.13612708449363708
CG2,0.14277638494968414
CH2,0.1494256854057312
CZ,0.15500018000602722
CZ2,0.15197592973709106
CZ3,0.1489517241716385
O,0.14592750370502472
OH,0.14290328323841095
OD1,0.13642899692058563
OD2,0.12995469570159912
OE1,0.1234804317355156
OE2,0.11700613796710968
OG,0.10746791958808899
OG1,0.09754669666290283
N,0.08762550354003906
NE,0.07770431786775589
NE1,0.08254292607307434
NE2,0.09159920364618301
ND1,0.1006554588675499
ND2,0.10971131920814514
NZ,0.11579853296279907
NH1,0.12040069699287415
NH2,0.12500391900539398
SD,0.1296061873435974
SG,0.13165177404880524
UNKNOWN,0.13165177404880524
