atom_index,is_real_atom,atom_type_from_onehot,importance
0,1,CG,10.667908668518066
1,1,CD1,10.667908668518066
2,1,CD2,10.7224760055542
3,1,CG,10.837849617004395
4,1,CD,10.953222274780273
5,1,NE,11.068593978881836
6,1,CZ,10.845885276794434
7,1,NH2,10.154218673706055
8,1,CA,9.46255111694336
9,1,C,8.770885467529297
10,1,O,8.292258262634277
11,1,CB,8.184477806091309
12,1,CG,8.07669734954834
13,1,CD1,7.968918323516846
14,1,CD2,7.881280899047852
15,1,CE1,7.838306427001953
16,1,CE2,7.795332908630371
17,1,CZ,7.752359390258789
18,1,OH,7.788385391235352
19,1,CB,8.053088188171387
20,1,CG1,8.317792892456055
21,1,CG2,8.582496643066406
22,1,N,8.729336738586426
23,1,CA,8.412572860717773
24,1,CB,8.095810890197754
25,1,CG,7.779047966003418
26,1,OD1,7.446939468383789
27,1,CB,7.026944637298584
28,1,CG,6.606949806213379
29,1,CD1,6.186954498291016
30,1,CD2,5.820610046386719
31,1,CE1,5.967782974243164
32,1,CE2,6.114956378936768
33,1,CZ,6.262127876281738
34,1,CD1,6.423051834106445
35,1,CE1,6.9094085693359375
36,1,CZ,7.395763874053955
37,1,CG,7.8821210861206055
38,1,CD,8.368476867675781
39,1,CE,8.501951217651367
40,1,NZ,8.630590438842773
41,1,CG2,8.759231567382812
42,1,CD1,8.887870788574219
43,1,CB,8.553654670715332
44,1,CG,8.18589973449707
45,1,CD1,7.818143367767334
46,1,CD2,7.450387001037598
47,1,NE1,7.061548233032227
48,1,CE2,6.66979455947876
49,1,CE3,6.278038024902344
50,1,CZ2,5.886282444000244
51,1,CZ3,5.800952911376953
52,1,CH2,5.780928134918213
53,1,CG,5.7609028816223145
54,1,CD1,5.740877628326416
55,1,CD2,5.601043224334717
