atom_type,importance
C,0.14192679524421692
CA,0.14192679524421692
CB,0.15050292015075684
CD,0.16979989409446716
CD1,0.1890968531370163
CD2,0.2083948850631714
CE,0.22058123350143433
CE1,0.21854771673679352
CE2,0.21651364862918854
CE3,0.21447992324829102
CG,0.21317431330680847
CG1,0.21442089974880219
CG2,0.2156675159931183
CH2,0.2169141322374344
CZ,0.21895743906497955
CZ2,0.22737298905849457
CZ3,0.23578812181949615
O,0.24420320987701416
OH,0.2526182234287262
OD1,0.2408570796251297
OD2,0.22909599542617798
OE1,0.2173341065645218
OE2,0.20557256042957306
OG,0.20529045164585114
OG1,0.20644314587116241
N,0.20759586989879608
NE,0.20874859392642975
NE1,0.21735309064388275
NE2,0.22808794677257538
ND1,0.23882074654102325
ND2,0.24955347180366516
NZ,0.25036078691482544
NH1,0.24620544910430908
NH2,0.2420496940612793
SD,0.23789311945438385
SG,0.23604677617549896
UNKNOWN,0.23604677617549896
