atom_index,is_real_atom,atom_type_from_onehot,importance
0,1,OG,5.803751468658447
1,1,CB,5.803751468658447
2,1,CG,5.88434362411499
3,1,CD1,6.054740905761719
4,1,CD2,6.2251386642456055
5,1,CE1,6.395536422729492
6,1,CE2,6.397289276123047
7,1,CZ,6.165116786956787
8,1,OH,5.932943820953369
9,1,C,5.700771331787109
10,1,O,5.5849690437316895
11,1,CG,5.671734809875488
12,1,CD2,5.758502006530762
13,1,N,5.8452677726745605
14,1,CA,5.826709747314453
15,1,CB,5.574604511260986
16,1,OG1,5.322498321533203
17,1,CG2,5.0703935623168945
18,1,CB,4.905442237854004
19,1,CG,4.992774963378906
20,1,CD1,5.080106258392334
21,1,CD2,5.167438983917236
22,1,CE1,5.2491278648376465
23,1,CE2,5.308615684509277
24,1,CZ,5.368104934692383
25,1,C,5.427592754364014
26,1,CB,5.515301704406738
27,1,CD2,5.764641761779785
28,1,N,6.013981819152832
29,1,CA,6.263320446014404
30,1,CB,6.465111255645752
31,1,CG,6.211778163909912
32,1,OE1,5.958446025848389
33,1,CB,5.705112934112549
34,1,CD1,5.466650009155273
35,1,CD1,5.580074310302734
36,1,CB,5.693497657775879
37,1,CG,5.8069233894348145
38,1,CD1,5.920347690582275
39,1,CD2,5.511600494384766
40,1,CE1,5.095703601837158
41,1,CE2,4.679803371429443
42,1,CZ,4.263904094696045
43,1,OH,3.989583730697632
