atom_type,importance_sum
C,1.895963191986084
CA,1.895963191986084
CB,2.103419780731201
CD,2.570188522338867
CD1,3.0369789600372314
CD2,3.5037472248077393
CE,3.8946588039398193
CE1,4.133846759796143
CE2,4.373047828674316
CE3,4.612220764160156
CG,5.238027095794678
CG1,7.217008113861084
CG2,9.195947647094727
CH2,11.174927711486816
CZ,13.043559074401855
CZ2,14.029385566711426
CZ3,15.015213966369629
O,16.001041412353516
OH,16.986867904663086
OD1,15.380341529846191
OD2,13.773816108703613
OE1,12.167293548583984
OE2,10.56076717376709
OG,10.23022174835205
OG1,10.059171676635742
N,9.888123512268066
NE,9.71707534790039
NE1,8.929250717163086
NE2,7.965217113494873
ND1,7.001185894012451
ND2,6.037112236022949
NZ,5.40679931640625
NH1,4.943370819091797
NH2,4.4799418449401855
SD,4.016512870788574
SG,3.810560703277588
UNKNOWN,3.810560703277588
