atom_type,importance_sum
C,7.508014678955078
CA,7.508014678955078
CB,7.629720211029053
CD,7.903595924377441
CD1,8.177471160888672
CD2,8.45134449005127
CE,8.774947166442871
CE1,9.197831153869629
CE2,9.62079906463623
CE3,10.043769836425781
CG,10.468901634216309
CG1,10.901421546936035
CG2,11.333942413330078
CH2,11.766461372375488
CZ,12.171692848205566
CZ2,12.358550071716309
CZ3,12.54541301727295
O,12.73227310180664
OH,12.919136047363281
OD1,11.51019287109375
OD2,10.1012544631958
OE1,8.692312240600586
OE2,7.283370494842529
OG,6.858521461486816
OG1,6.556680679321289
N,6.254843711853027
NE,5.953004837036133
NE1,5.725681304931641
NE2,5.5196733474731445
ND1,5.313711643218994
ND2,5.10770320892334
NZ,5.169367790222168
NH1,5.364908695220947
NH2,5.560454368591309
SD,5.755997180938721
SG,5.842923641204834
UNKNOWN,5.842923641204834
