atom_type,importance_sum
C,9.758781433105469
CA,9.758781433105469
CB,10.082738876342773
CD,10.81175422668457
CD1,11.540688514709473
CD2,12.269726753234863
CE,12.945801734924316
CE1,13.516167640686035
CE2,14.086531639099121
CE3,14.656892776489258
CG,14.985628128051758
CG1,14.468669891357422
CG2,13.951713562011719
CH2,13.43475341796875
CZ,12.97344970703125
CZ2,12.957359313964844
CZ3,12.941268920898438
O,12.925176620483398
OH,12.909086227416992
OD1,12.519274711608887
OD2,12.129465103149414
OE1,11.739654541015625
OE2,11.349843978881836
OG,11.085447311401367
OG1,10.836725234985352
N,10.588006973266602
NE,10.339285850524902
NE1,9.972107887268066
NE2,9.571211814880371
ND1,9.170287132263184
ND2,8.769378662109375
NZ,8.511432647705078
NH1,8.32497501373291
NH2,8.138480186462402
SD,7.952027797698975
SG,7.869118690490723
UNKNOWN,7.869118690490723
