atom_type,importance_sum
C,9.205699920654297
CA,9.205699920654297
CB,9.369208335876465
CD,9.737137794494629
CD1,10.105027198791504
CD2,10.472917556762695
CE,10.766324043273926
CE1,10.91077995300293
CE2,11.055134773254395
CE3,11.199590682983398
CG,11.344287872314453
CG1,11.490074157714844
CG2,11.635858535766602
CH2,11.781645774841309
CZ,11.969042778015137
CZ2,12.489328384399414
CZ3,13.009618759155273
O,13.529900550842285
OH,14.050189971923828
OD1,12.857406616210938
OD2,11.664628982543945
OE1,10.471848487854004
OE2,9.279080390930176
OG,9.284326553344727
OG1,9.43932056427002
N,9.594315528869629
NE,9.749311447143555
NE1,10.0331449508667
NE2,10.35384750366211
ND1,10.674454689025879
ND2,10.9950590133667
NZ,10.848298072814941
NH1,10.467704772949219
NH2,10.08713436126709
SD,9.706620216369629
SG,9.537467956542969
UNKNOWN,9.537467956542969
