atom_type,importance
C,0.08887976408004761
CA,0.08887976408004761
CB,0.09395015984773636
CD,0.10535839200019836
CD1,0.11676637083292007
CD2,0.1281743347644806
CE,0.14228872954845428
CE1,0.1618143916130066
CE2,0.1813391000032425
CE3,0.2008647322654724
CG,0.21371768414974213
CG1,0.20321743190288544
CG2,0.19271716475486755
CH2,0.1822168380022049
CZ,0.17526143789291382
CZ2,0.19666412472724915
CZ3,0.21806737780570984
O,0.23947060108184814
OH,0.26087334752082825
OD1,0.2680824398994446
OD2,0.27529147267341614
OE1,0.28250056505203247
OE2,0.2897096574306488
OG,0.2860879898071289
OG1,0.281112402677536
N,0.2761368453502655
NE,0.27116134762763977
NE1,0.26864662766456604
NE2,0.2668341100215912
ND1,0.2650216221809387
ND2,0.2632112503051758
NZ,0.26560187339782715
NH1,0.270096093416214
NH2,0.27458828687667847
SD,0.27908042073249817
SG,0.28107741475105286
UNKNOWN,0.28107741475105286
