atom_index,is_real_atom,atom_type_from_onehot,importance
0,1,C,4.633077144622803
1,1,O,4.633077144622803
2,1,CB,4.688346862792969
3,1,CG,4.805201530456543
4,1,CD1,4.922056198120117
5,1,CE1,5.038910388946533
6,1,CG,5.205632209777832
7,1,CD1,5.441522598266602
8,1,CD2,5.677412986755371
9,1,CE1,5.913302898406982
10,1,CE2,6.192484378814697
11,1,CZ,6.547020435333252
12,1,CE1,6.901556491851807
13,1,CE2,7.256093502044678
14,1,CZ,7.58677339553833
15,1,OH,7.864552021026611
16,1,CZ2,8.142332077026367
17,1,CB,8.420109748840332
18,1,CG1,8.588372230529785
19,1,N,8.43960952758789
20,1,CA,8.29084587097168
21,1,O,8.142082214355469
22,1,CB,8.020913124084473
23,1,CB,8.008284568786621
24,1,SG,7.995655059814453
25,1,CG,7.983026504516602
26,1,CE,7.925932884216309
27,1,CG2,7.614175319671631
28,1,CD1,7.3024187088012695
29,1,CE1,6.990662097930908
30,1,CE2,6.651254177093506
31,1,CZ,6.047199249267578
32,1,CD1,5.443143367767334
