atom_type,importance
C,0.09282509982585907
CA,0.09282509982585907
CB,0.09821019321680069
CD,0.11032718420028687
CD1,0.12244356423616409
CD2,0.13455989956855774
CE,0.14350858330726624
CE1,0.1461218297481537
CE2,0.14873500168323517
CE3,0.15134824812412262
CG,0.1521790623664856
CG1,0.14677229523658752
CG2,0.14136551320552826
CH2,0.13595876097679138
CZ,0.1317862570285797
CZ2,0.13748790323734283
CZ3,0.14318956434726715
O,0.14889122545719147
OH,0.1545928716659546
OD1,0.16348117589950562
OD2,0.17236948013305664
OE1,0.18125778436660767
OE2,0.19014613330364227
OG,0.18043747544288635
OG1,0.16840419173240662
N,0.15637096762657166
NE,0.14433768391609192
NE1,0.14332212507724762
NE2,0.14545337855815887
ND1,0.14758461713790894
ND2,0.14971712231636047
NZ,0.1563989818096161
NH1,0.16535614430904388
NH2,0.17431332170963287
SD,0.1832704395055771
SG,0.18725226819515228
UNKNOWN,0.18725226819515228
