atom_type,importance_sum
C,6.652908802032471
CA,6.652908802032471
CB,6.8476243019104
CD,7.285677433013916
CD1,7.723769187927246
CD2,8.161823272705078
CE,8.465463638305664
CE1,8.500160217285156
CE2,8.534867286682129
CE3,8.569598197937012
CG,8.840322494506836
CG1,9.937170028686523
CG2,11.034005165100098
CH2,12.13083267211914
CZ,13.205574989318848
CZ2,14.10363483428955
CZ3,15.00169849395752
O,15.899757385253906
OH,16.797821044921875
OD1,17.087783813476562
OD2,17.377748489379883
OE1,17.667709350585938
OE2,17.957674026489258
OG,17.596588134765625
OG1,17.154117584228516
N,16.711645126342773
NE,16.26917839050293
NE1,17.080366134643555
NE2,18.249773025512695
ND1,19.41915512084961
ND2,20.588716506958008
NZ,20.656055450439453
NH1,20.172618865966797
NH2,19.68917465209961
SD,19.205585479736328
SG,18.990678787231445
UNKNOWN,18.990678787231445
