atom_index,is_real_atom,atom_type_from_onehot,importance
0,1,CG,7.9376959800720215
1,1,CD1,7.9376959800720215
2,1,CD2,7.837536334991455
3,1,CD2,7.625767707824707
4,1,SD,7.414000034332275
5,1,CE,7.202232360839844
6,1,CG,6.928675651550293
7,1,CD1,6.569413185119629
8,1,CD2,6.210150241851807
9,1,O,5.850888252258301
10,1,CB,5.689467430114746
11,1,CG,5.87244176864624
12,1,CD1,6.055415153503418
13,1,CE1,6.238389015197754
14,1,CG,6.471577167510986
15,1,CD1,6.816107273101807
16,1,CD2,7.160636901855469
17,1,CA,7.5051679611206055
18,1,C,7.835204601287842
19,1,O,8.12328052520752
20,1,CB,8.411356925964355
21,1,CG,8.699432373046875
22,1,CD,8.915830612182617
23,1,NE,8.85029411315918
24,1,CZ,8.784757614135742
25,1,NH1,8.719222068786621
26,1,NH2,8.607513427734375
27,1,N,8.231369018554688
28,1,CA,7.855223655700684
29,1,CG2,7.4790802001953125
30,1,CG,7.149874210357666
31,1,OD1,7.269920349121094
32,1,OD2,7.389967441558838
33,1,CD1,7.51001501083374
34,1,CE1,7.615573406219482
35,1,CZ,7.378230094909668
36,1,OH,7.140888214111328
37,1,CB,6.903545379638672
38,1,CG2,6.666201591491699
39,1,C,6.487496852874756
40,1,O,6.309595108032227
41,1,CA,6.131691932678223
42,1,C,5.953788757324219
43,1,O,5.736196994781494
44,1,CB,5.515731334686279
45,1,CG1,5.295264720916748
46,1,N,5.074797630310059
47,1,CA,5.0629472732543945
48,1,C,5.079981803894043
49,1,O,5.09701681137085
50,1,N,5.114049911499023
51,1,CA,5.194301128387451
52,1,CB,5.288022041320801
53,1,CG,5.381745338439941
54,1,CD,5.475467681884766
55,1,CB,5.402582168579102
56,1,CG1,5.280007362365723
57,1,CG2,5.157433032989502
58,1,CD2,5.034857749938965
59,1,CE2,5.178886890411377
60,1,CG,5.428548812866211
61,1,CD1,5.678212642669678
62,1,CD2,5.92787504196167
63,1,CE1,5.9319987297058105
64,1,CE2,5.810850620269775
65,1,CZ,5.689700603485107
66,1,ND1,5.568551063537598
67,1,CE1,5.705287933349609
68,1,NE2,6.0082221031188965
69,1,CG,6.311153411865234
70,1,CD,6.614084243774414
71,1,CE,6.922277927398682
72,1,NZ,7.234703540802002
73,1,CB,7.547131061553955
74,1,CG,7.859557151794434
75,1,OD1,7.7549943923950195
76,1,ND2,7.233439922332764
77,1,CG2,6.711887836456299
78,1,CB,6.190337657928467
79,1,CG1,5.6250081062316895
80,1,CG2,5.005297660827637
