atom_type,importance_sum
C,7.230948448181152
CA,7.230948448181152
CB,7.582827568054199
CD,8.374547958374023
CD1,9.16626262664795
CD2,9.958016395568848
CE,10.831999778747559
CE1,11.870576858520508
CE2,12.909156799316406
CE3,13.947737693786621
CG,14.995817184448242
CG1,16.077219009399414
CG2,17.158618927001953
CH2,18.240022659301758
CZ,19.23148536682129
CZ2,19.503406524658203
CZ3,19.775327682495117
O,20.047243118286133
OH,20.319169998168945
OD1,19.98436737060547
OD2,19.649572372436523
OE1,19.314777374267578
OE2,18.979976654052734
OG,19.019229888916016
OG1,19.105241775512695
N,19.191247940063477
NE,19.27726173400879
NE1,19.918092727661133
NE2,20.717391967773438
ND1,21.51668930053711
ND2,22.315990447998047
NZ,22.15590476989746
NH1,21.51643180847168
NH2,20.876808166503906
SD,20.237192153930664
SG,19.952852249145508
UNKNOWN,19.952852249145508
