atom_type,importance_sum
C,8.794576644897461
CA,8.794576644897461
CB,9.050042152404785
CD,9.6248779296875
CD1,10.199684143066406
CD2,10.774493217468262
CE,11.237064361572266
CE1,11.475171089172363
CE2,11.71318244934082
CE3,11.951287269592285
CG,12.32822322845459
CG1,13.19111442565918
CG2,14.054004669189453
CH2,14.916895866394043
CZ,15.649370193481445
CZ2,15.338507652282715
CZ3,15.0276517868042
O,14.716793060302734
OH,14.405930519104004
OD1,14.146069526672363
OD2,13.886207580566406
OE1,13.62634563446045
OE2,13.366482734680176
OG,12.729543685913086
OG1,12.045472145080566
N,11.361405372619629
NE,10.67733383178711
NE1,11.082196235656738
NE2,11.798287391662598
ND1,12.514284133911133
ND2,13.230376243591309
NZ,13.404796600341797
NH1,13.308375358581543
NH2,13.211956977844238
SD,13.115633964538574
SG,13.07272720336914
UNKNOWN,13.07272720336914
