atom_type,importance
C,0.14316630363464355
CA,0.14316630363464355
CB,0.150216743350029
CD,0.16608214378356934
CD1,0.18194685876369476
CD2,0.1978115290403366
CE,0.2085307240486145
CE1,0.20895794034004211
CE2,0.20938514173030853
CE3,0.20981237292289734
CG,0.2122635841369629
CG1,0.2218007892370224
CG2,0.2313380241394043
CH2,0.24087496101856232
CZ,0.2487565577030182
CZ2,0.24339579045772552
CZ3,0.23803505301475525
O,0.23267421126365662
OH,0.22731342911720276
OD1,0.2436724156141281
OD2,0.2600313425064087
OE1,0.27639031410217285
OE2,0.29274916648864746
OG,0.2984950840473175
OG1,0.30291444063186646
N,0.30733373761177063
NE,0.31175297498703003
NE1,0.30370253324508667
NE2,0.29208940267562866
ND1,0.2804761230945587
ND2,0.26886290311813354
NZ,0.2528682053089142
NH1,0.23468370735645294
NH2,0.21649828553199768
SD,0.19831332564353943
SG,0.19023089110851288
UNKNOWN,0.19023089110851288
