atom_type,importance
C,0.08682991564273834
CA,0.08682991564273834
CB,0.09263136982917786
CD,0.10568555444478989
CD1,0.11873916536569595
CD2,0.13179272413253784
CE,0.14343306422233582
CE1,0.15224702656269073
CE2,0.1610596925020218
CE3,0.16987234354019165
CG,0.1755979210138321
CG1,0.17051498591899872
CG2,0.16543200612068176
CH2,0.1603490561246872
CZ,0.15662778913974762
CZ2,0.16380000114440918
CZ3,0.1709722876548767
O,0.17814449965953827
OH,0.1853167563676834
OD1,0.17761646211147308
OD2,0.16991615295410156
OE1,0.16221584379673004
OE2,0.15451551973819733
OG,0.1447565108537674
OG1,0.13474015891551971
N,0.12472382932901382
NE,0.11470751464366913
NE1,0.11245609074831009
NE2,0.1124236062169075
ND1,0.11239176243543625
ND2,0.11235930025577545
NZ,0.11605208367109299
NH1,0.12160765379667282
NH2,0.12716305255889893
SD,0.13271771371364594
SG,0.13518735766410828
UNKNOWN,0.13518735766410828
