atom_type,importance_sum
C,6.218992710113525
CA,6.218992710113525
CB,6.448734283447266
CD,6.965639591217041
CD1,7.482585430145264
CD2,7.999490737915039
CE,8.969948768615723
CE1,10.847579002380371
CE2,12.725212097167969
CE3,14.602839469909668
CG,15.698491096496582
CG1,14.057168960571289
CG2,12.41584300994873
CH2,10.77452278137207
CZ,9.360037803649902
CZ2,9.760254859924316
CZ3,10.160472869873047
O,10.560683250427246
OH,10.960899353027344
OD1,9.731058120727539
OD2,8.501216888427734
OE1,7.271412372589111
OE2,6.041569232940674
OG,5.989854335784912
OG1,6.085404872894287
N,6.1809563636779785
NE,6.2765045166015625
NE1,6.719099998474121
NE2,7.26084566116333
ND1,7.802589416503906
ND2,8.344331741333008
NZ,9.089879035949707
NH1,9.937286376953125
NH2,10.784695625305176
SD,11.632105827331543
SG,12.008740425109863
UNKNOWN,12.008740425109863
