atom_type,importance
C,0.11663629114627838
CA,0.11663629114627838
CB,0.12432540953159332
CD,0.14162543416023254
CD1,0.1589265614748001
CD2,0.17622652649879456
CE,0.19213417172431946
CE1,0.2052534967660904
CE2,0.21837292611598969
CE3,0.231492280960083
CG,0.2425089329481125
CG1,0.2461649626493454
CG2,0.24982091784477234
CH2,0.25347691774368286
CZ,0.25595584511756897
CZ2,0.24901829659938812
CZ3,0.2420807182788849
O,0.23514309525489807
OH,0.2282056212425232
OD1,0.20167484879493713
OD2,0.17514415085315704
OE1,0.1486133486032486
OE2,0.12208262085914612
OG,0.11898386478424072
OG1,0.1188141405582428
N,0.11864439398050308
NE,0.11847469210624695
NE1,0.1291743814945221
NE2,0.1429806798696518
ND1,0.1567857712507248
ND2,0.17059201002120972
NZ,0.17877663671970367
NH1,0.18415047228336334
NH2,0.1895243227481842
SD,0.19489818811416626
SG,0.19728690385818481
UNKNOWN,0.19728690385818481
