atom_type,importance_sum
C,2.8458244800567627
CA,2.8458244800567627
CB,3.108633279800415
CD,3.69993257522583
CD1,4.29123067855835
CD2,4.882530689239502
CE,5.369710445404053
CE1,5.648543357849121
CE2,5.927375793457031
CE3,6.206264495849609
CG,6.508988857269287
CG1,6.895450115203857
CG2,7.281912803649902
CH2,7.668375015258789
CZ,7.8890252113342285
CZ2,6.7831950187683105
CZ3,5.677365303039551
O,4.571534633636475
OH,3.465733289718628
OD1,2.637768507003784
OD2,1.809789776802063
OE1,0.9818321466445923
OE2,0.1538659930229187
OG,0.23968739807605743
OG1,0.43973469734191895
N,0.6397795677185059
NE,0.8398247957229614
NE1,1.0723797082901
NE2,1.3142294883728027
ND1,1.5560803413391113
ND2,1.7979159355163574
NZ,2.723038673400879
NH1,3.9897608757019043
NH2,5.256511688232422
SD,6.523233890533447
SG,7.086236476898193
UNKNOWN,7.086236476898193
