atom_type,importance_sum
C,7.014094352722168
CA,7.014094352722168
CB,7.546947479248047
CD,8.745842933654785
CD1,9.944718360900879
CD2,11.143537521362305
CE,12.022480010986328
CE1,12.261329650878906
CE2,12.500274658203125
CE3,12.73922061920166
CG,13.047096252441406
CG1,13.596268653869629
CG2,14.145442962646484
CH2,14.694616317749023
CZ,15.235347747802734
CZ2,15.708515167236328
CZ3,16.181690216064453
O,16.654861450195312
OH,17.128028869628906
OD1,17.28515625
OD2,17.442279815673828
OE1,17.599407196044922
OE2,17.75653076171875
OG,17.50323486328125
OG1,17.198631286621094
N,16.894031524658203
NE,16.589431762695312
NE1,15.941200256347656
NE2,15.194777488708496
ND1,14.448352813720703
ND2,13.70193099975586
NZ,13.037495613098145
NH1,12.414100646972656
NH2,11.790610313415527
SD,11.167121887207031
SG,10.890003204345703
UNKNOWN,10.890003204345703
