atom_index,is_real_atom,atom_type_from_onehot,importance
0,1,O,10.725218772888184
1,1,CB,10.725218772888184
2,1,CG1,11.043758392333984
3,1,CG2,11.717248916625977
4,1,CB,12.390735626220703
5,1,CG,13.064225196838379
6,1,CD2,13.369251251220703
7,1,N,13.163188934326172
8,1,CA,12.957125663757324
9,1,CB,12.751060485839844
10,1,OG,12.67407512664795
11,1,CA,12.821781158447266
12,1,C,12.969490051269531
13,1,O,13.11719799041748
14,1,CB,13.254948616027832
15,1,O,13.370620727539062
16,1,CB,13.48629379272461
17,1,SG,13.601968765258789
18,1,O,13.5570707321167
19,1,CG1,13.04736328125
20,1,CG2,12.53765869140625
21,1,C,12.02795124053955
22,1,O,11.537178993225098
23,1,CB,11.12087631225586
24,1,CG,10.704572677612305
25,1,CD1,10.2882719039917
26,1,CD2,9.93653392791748
27,1,NE1,9.954559326171875
28,1,CE2,9.972586631774902
29,1,CE3,9.990615844726562
30,1,CZ2,10.007060050964355
31,1,CZ3,10.00834846496582
32,1,CH2,10.009634971618652
33,1,N,10.01092529296875
34,1,CA,9.998430252075195
35,1,CB,9.659774780273438
36,1,CB,9.32111644744873
37,1,CG,8.982458114624023
38,1,CD2,8.643799781799316
