atom_type,importance
C,0.10152024030685425
CA,0.10152024030685425
CB,0.10761275887489319
CD,0.1213219091296196
CD1,0.13503052294254303
CD2,0.1487390697002411
CE,0.15670251846313477
CE1,0.1531781107187271
CE2,0.14965245127677917
CE3,0.14612799882888794
CG,0.14296060800552368
CG1,0.141045942902565
CG2,0.13913126289844513
CH2,0.13721658289432526
CZ,0.13722123205661774
CZ2,0.1525806039571762
CZ3,0.1679399609565735
O,0.18329930305480957
OH,0.19865866005420685
OD1,0.1924392729997635
OD2,0.18621984124183655
OE1,0.1800004541873932
OE2,0.17378109693527222
OG,0.16737434267997742
OG1,0.16094419360160828
N,0.15451401472091675
NE,0.1480838507413864
NE1,0.14285312592983246
NE2,0.13796557486057281
ND1,0.13307802379131317
ND2,0.128191739320755
NZ,0.12614981830120087
NH1,0.12553146481513977
NH2,0.12491301447153091
SD,0.12429458647966385
SG,0.12402030825614929
UNKNOWN,0.12402030825614929
