atom_type,importance
C,0.09717213362455368
CA,0.09717213362455368
CB,0.10244009643793106
CD,0.11429459601640701
CD1,0.126148521900177
CD2,0.1380024403333664
CE,0.14377136528491974
CE1,0.13736899197101593
CE2,0.1309678554534912
CE3,0.124565489590168
CG,0.11955896764993668
CG1,0.11943291872739792
CG2,0.11930692940950394
CH2,0.11918089538812637
CZ,0.12103608250617981
CZ2,0.1387406885623932
CZ3,0.15644532442092896
O,0.17414991557598114
OH,0.1918545514345169
OD1,0.18900880217552185
OD2,0.18616293370723724
OE1,0.1833171248435974
OE2,0.1804712861776352
OG,0.17986609041690826
OG1,0.17954087257385254
N,0.17921572923660278
NE,0.17889061570167542
NE1,0.18865424394607544
NE2,0.20130078494548798
ND1,0.21394622325897217
ND2,0.2265917956829071
NZ,0.22604036331176758
NH1,0.21888893842697144
NH2,0.2117374986410141
SD,0.20458614826202393
SG,0.2014082968235016
UNKNOWN,0.2014082968235016
