atom_index,is_real_atom,atom_type_from_onehot,importance
0,1,CE3,4.509520530700684
1,1,CZ2,4.509520530700684
2,1,CZ3,4.516627311706543
3,1,CH2,4.531653881072998
4,1,CB,4.546681880950928
5,1,CG2,4.561708450317383
6,1,CB,4.516932010650635
7,1,CD2,4.38920259475708
8,1,CE1,4.261473178863525
9,1,CE2,4.133742332458496
10,1,CZ,4.026777744293213
11,1,OH,3.955958604812622
12,1,CA,3.885138750076294
13,1,C,3.814319610595703
14,1,O,3.7358314990997314
15,1,CB,3.640338659286499
16,1,CG,3.5448453426361084
17,1,CA,3.449352502822876
18,1,C,3.376795530319214
19,1,O,3.370631217956543
20,1,CB,3.364466667175293
21,1,CG,3.358302116394043
22,1,CD1,3.327758312225342
23,1,CD2,3.2013208866119385
24,1,NE1,3.0748836994171143
25,1,CE2,2.94844651222229
26,1,CE3,2.854361057281494
27,1,CZ2,2.9455628395080566
28,1,CZ3,3.036764621734619
29,1,CH2,3.1279666423797607
30,1,CD1,3.2545461654663086
31,1,CE1,3.7197391986846924
32,1,CE2,4.184934616088867
33,1,CZ,4.6501264572143555
34,1,CD1,5.090794563293457
35,1,CD2,4.9510064125061035
36,1,CE1,4.811217784881592
37,1,CE2,4.6714301109313965
38,1,CZ,4.531641483306885
39,1,O,4.534682273864746
40,1,CA,4.539678573608398
41,1,C,4.544674396514893
42,1,O,4.549671173095703
43,1,CB,4.392423152923584
44,1,CG1,4.223419189453125
45,1,N,4.05441427230835
46,1,CA,3.8854098320007324
47,1,C,3.655695915222168
48,1,O,3.4175777435302734
49,1,N,3.1794583797454834
50,1,CA,2.9413390159606934
51,1,CB,3.0149710178375244
52,1,CG,3.155040740966797
53,1,CD1,3.295111656188965
54,1,CD2,3.4351818561553955
55,1,CE1,3.330181360244751
56,1,CE2,3.152090549468994
57,1,CZ,2.9739997386932373
