atom_type,importance
C,0.10906880348920822
CA,0.10906880348920822
CB,0.1173975020647049
CD,0.1361357569694519
CD1,0.1548750251531601
CD2,0.1736142784357071
CE,0.18941137194633484
CE1,0.19932422041893005
CE2,0.20923808217048645
CE3,0.2191508710384369
CG,0.22354280948638916
CG1,0.20860351622104645
CG2,0.19366522133350372
CH2,0.178726926445961
CZ,0.16572070121765137
CZ2,0.16817094385623932
CZ3,0.17062117159366608
O,0.17307136952877045
OH,0.1755216121673584
OD1,0.18125347793102264
OD2,0.1869853287935257
OE1,0.19271716475486755
OE2,0.198449045419693
OG,0.20166254043579102
OG1,0.2045612633228302
N,0.20745989680290222
NE,0.21035853028297424
NE1,0.21244122087955475
NE2,0.2142905741930008
ND1,0.216140016913414
ND2,0.2179892659187317
NZ,0.21684035658836365
NH1,0.21419087052345276
NH2,0.21154244244098663
SD,0.20889399945735931
SG,0.20771658420562744
UNKNOWN,0.20771658420562744
