atom_type,importance
C,0.11129827797412872
CA,0.11129827797412872
CB,0.11879654228687286
CD,0.13566914200782776
CD1,0.15254050493240356
CD2,0.16941311955451965
CE,0.1779174655675888
CE1,0.16969025135040283
CE2,0.16146425902843475
CE3,0.15323707461357117
CG,0.1473863273859024
CG1,0.14985674619674683
CG2,0.15232719480991364
CH2,0.15479765832424164
CZ,0.15744365751743317
CZ2,0.16149431467056274
CZ3,0.16554492712020874
O,0.16959558427333832
OH,0.1736462116241455
OD1,0.16772866249084473
OD2,0.16181111335754395
OE1,0.15589362382888794
OE2,0.14997607469558716
OG,0.1464090794324875
OG1,0.1431359201669693
N,0.13986274600028992
NE,0.13658954203128815
NE1,0.142836332321167
NE2,0.1518019139766693
ND1,0.16076748073101044
ND2,0.16973420977592468
NZ,0.17591974139213562
NH1,0.18071532249450684
NH2,0.18551084399223328
SD,0.1903063803911209
SG,0.19243788719177246
UNKNOWN,0.19243788719177246
