atom_type,importance
C,0.08651400357484818
CA,0.08651400357484818
CB,0.09559784084558487
CD,0.11603481322526932
CD1,0.1364724487066269
CD2,0.1569100320339203
CE,0.17369255423545837
CE1,0.1831636279821396
CE2,0.19263345003128052
CE3,0.20210452377796173
CG,0.20585498213768005
CG1,0.18958456814289093
CG2,0.1733141541481018
CH2,0.15704381465911865
CZ,0.1426723152399063
CZ2,0.14349199831485748
CZ3,0.14431162178516388
O,0.14513133466243744
OH,0.14595097303390503
OD1,0.13714084029197693
OD2,0.12833070755004883
OE1,0.11952051520347595
OE2,0.11071037501096725
OG,0.11620943993330002
OG1,0.12349718809127808
N,0.13078491389751434
NE,0.1380726546049118
NE1,0.14471520483493805
NE2,0.1511721909046173
ND1,0.15762922167778015
ND2,0.1640862077474594
NZ,0.16736912727355957
NH1,0.16906443238258362
NH2,0.1707596778869629
SD,0.17245496809482574
SG,0.17320887744426727
UNKNOWN,0.17320887744426727
