atom_type,importance_sum
C,16.981435775756836
CA,16.981435775756836
CB,17.84800148010254
CD,19.797739028930664
CD1,21.74747085571289
CD2,23.697065353393555
CE,24.189990997314453
CE1,21.769020080566406
CE2,19.348051071166992
CE3,16.92720603942871
CG,14.75551986694336
CG1,13.456364631652832
CG2,12.157208442687988
CH2,10.858054161071777
CZ,9.872804641723633
CZ2,11.398791313171387
CZ3,12.924782752990723
O,14.450772285461426
OH,15.976762771606445
OD1,16.09759521484375
OD2,16.218425750732422
OE1,16.339250564575195
OE2,16.4600830078125
OG,17.80095672607422
OG1,19.294403076171875
N,20.78783416748047
NE,22.281269073486328
NE1,21.950843811035156
NE2,21.099201202392578
ND1,20.247692108154297
ND2,19.396055221557617
NZ,18.462873458862305
NH1,17.48883819580078
NH2,16.5147762298584
SD,15.540756225585938
SG,15.107843399047852
UNKNOWN,15.107843399047852
