atom_type,importance
C,0.08751101046800613
CA,0.08751101046800613
CB,0.0907709077000618
CD,0.09810703247785568
CD1,0.1054426059126854
CD2,0.11277834326028824
CE,0.11636757850646973
CE1,0.11246290802955627
CE2,0.10855869203805923
CE3,0.10465404391288757
CG,0.10191447287797928
CG1,0.10325022786855698
CG2,0.10458597540855408
CH2,0.10592173039913177
CZ,0.10916560888290405
CZ2,0.12767423689365387
CZ3,0.14618287980556488
O,0.1646915078163147
OH,0.18320013582706451
OD1,0.18506163358688354
OD2,0.1869230568408966
OE1,0.18878450989723206
OE2,0.1906460076570511
OG,0.18714210391044617
OG1,0.18296761810779572
N,0.1787930577993393
NE,0.17461854219436646
NE1,0.18897071480751038
NE2,0.20861655473709106
ND1,0.22826355695724487
ND2,0.24790939688682556
NZ,0.24873942136764526
NH1,0.24016153812408447
NH2,0.23158317804336548
SD,0.22300519049167633
SG,0.21919308602809906
UNKNOWN,0.21919308602809906
