atom_type,importance
C,0.08162370324134827
CA,0.08162370324134827
CB,0.08573313057422638
CD,0.09497974067926407
CD1,0.10422639548778534
CD2,0.11347302794456482
CE,0.1166129782795906
CE1,0.10754020512104034
CE2,0.09846732765436172
CE3,0.0893944650888443
CG,0.08251416683197021
CG1,0.08330697566270828
CG2,0.08409979194402695
CH2,0.08489261567592621
CZ,0.08758880943059921
CZ2,0.10551216453313828
CZ3,0.12343548983335495
O,0.14135882258415222
OH,0.1592821627855301
OD1,0.1610209047794342
OD2,0.1627596765756607
OE1,0.1644984483718872
OE2,0.16623717546463013
OG,0.15784770250320435
OG1,0.14819219708442688
N,0.13853667676448822
NE,0.12888121604919434
NE1,0.1165672019124031
NE2,0.10349442064762115
ND1,0.09042104333639145
ND2,0.07734829932451248
NZ,0.07456138730049133
NH1,0.07691869139671326
NH2,0.07927539944648743
SD,0.08163264393806458
SG,0.08268031477928162
UNKNOWN,0.08268031477928162
