atom_type,importance
C,0.1206110268831253
CA,0.1206110268831253
CB,0.1244489923119545
CD,0.13308584690093994
CD1,0.1417226940393448
CD2,0.15035861730575562
CE,0.15578202903270721
CE1,0.15477842092514038
CE2,0.1537749171257019
CE3,0.15277133882045746
CG,0.15496154129505157
CG1,0.16833260655403137
CG2,0.18170370161533356
CH2,0.19507478177547455
CZ,0.2089281976222992
CZ2,0.2266402244567871
CZ3,0.24435220658779144
O,0.2620641887187958
OH,0.2797761559486389
OD1,0.282763808965683
OD2,0.2857515513896942
OE1,0.2887391149997711
OE2,0.29172682762145996
OG,0.2815304696559906
OG1,0.26968616247177124
N,0.2578417956829071
NE,0.24599741399288177
NE1,0.232001394033432
NE2,0.2173912078142166
ND1,0.20278041064739227
ND2,0.18816986680030823
NZ,0.17834609746932983
NH1,0.17091551423072815
NH2,0.16348500549793243
SD,0.1560545563697815
SG,0.15275201201438904
UNKNOWN,0.15275199711322784
