atom_type,importance
C,0.13839687407016754
CA,0.13839687407016754
CB,0.14932559430599213
CD,0.1739158034324646
CD1,0.1985059678554535
CD2,0.22309620678424835
CE,0.2356790155172348
CE1,0.22425229847431183
CE2,0.21282558143138885
CE3,0.20139755308628082
CG,0.19017691910266876
CG1,0.17967939376831055
CG2,0.1691819280385971
CH2,0.15868441760540009
CZ,0.14920388162136078
CZ2,0.14785870909690857
CZ3,0.14651358127593994
O,0.14516842365264893
OH,0.14382323622703552
OD1,0.13722440600395203
OD2,0.13062556087970734
OE1,0.12402670830488205
OE2,0.11742784827947617
OG,0.12276805937290192
OG1,0.1296006590127945
N,0.13643333315849304
NE,0.14326590299606323
NE1,0.15245068073272705
NE2,0.16230718791484833
ND1,0.17216497659683228
ND2,0.18202145397663116
NZ,0.18629711866378784
NH1,0.18778114020824432
NH2,0.18926510214805603
SD,0.19074907898902893
SG,0.1914082020521164
UNKNOWN,0.1914082020521164
