atom_index,is_real_atom,atom_type_from_onehot,importance
0,1,CB,7.623789310455322
1,1,CG1,7.623789310455322
2,1,CG2,7.898466110229492
3,1,CD1,8.47921371459961
4,1,CD2,9.05996036529541
5,1,CE2,9.640706062316895
6,1,CZ,9.937856674194336
7,1,CG,9.841634750366211
8,1,CD,9.745409965515137
9,1,NE2,9.649187088012695
10,1,CA,9.629436492919922
11,1,O,9.742803573608398
12,1,CB,9.856169700622559
13,1,CG1,9.969537734985352
14,1,CG2,9.876440048217773
15,1,CD1,9.325531959533691
16,1,CA,8.77462100982666
17,1,C,8.223713874816895
18,1,O,7.7785868644714355
19,1,CB,7.639675140380859
20,1,CG,7.500763416290283
21,1,CD1,7.361851692199707
22,1,N,7.2045745849609375
23,1,CA,6.975060939788818
24,1,O,6.745548725128174
25,1,CB,6.516035079956055
26,1,CG1,6.302384853363037
27,1,CD1,6.179591178894043
28,1,CB,6.056797027587891
29,1,CG1,5.934002876281738
30,1,CG2,5.768798351287842
31,1,SG,5.197660446166992
