atom_type,importance_sum
C,3.899726390838623
CA,3.899726390838623
CB,4.429339408874512
CD,5.620973587036133
CD1,6.812653541564941
CD2,8.004287719726562
CE,8.592364311218262
CE1,7.973418712615967
CE2,7.354428291320801
CE3,6.735483169555664
CG,6.4073262214660645
CG1,7.097012042999268
CG2,7.786695957183838
CH2,8.476332664489746
CZ,9.15588092803955
CZ2,9.754341125488281
CZ3,10.352801322937012
O,10.95125675201416
OH,11.549715995788574
OD1,10.683544158935547
OD2,9.81737232208252
OE1,8.951202392578125
OE2,8.085062980651855
OG,7.71361780166626
OG1,7.403992176055908
N,7.094366073608398
NE,6.7847418785095215
NE1,7.295134544372559
NE2,8.0398530960083
ND1,8.78455924987793
ND2,9.52932071685791
NZ,9.608561515808105
NH1,9.355195045471191
NH2,9.101823806762695
SD,8.84847354888916
SG,8.735869407653809
UNKNOWN,8.735869407653809
