atom_type,importance
C,0.06629171967506409
CA,0.06629171967506409
CB,0.07061076164245605
CD,0.08032803982496262
CD1,0.090045265853405
CD2,0.09976252168416977
CE,0.11208292841911316
CE1,0.12960857152938843
CE2,0.1471342146396637
CE3,0.16465984284877777
CG,0.1770796775817871
CG1,0.17162631452083588
CG2,0.16617298126220703
CH2,0.1607196182012558
CZ,0.15781639516353607
CZ2,0.17531414330005646
CZ3,0.19281190633773804
O,0.21030962467193604
OH,0.2278062254190445
OD1,0.21511797606945038
OD2,0.2024299055337906
OE1,0.1897411197423935
OE2,0.17705242335796356
OG,0.16905386745929718
OG1,0.16164150834083557
N,0.15422923862934113
NE,0.1468168944120407
NE1,0.1434241235256195
NE2,0.14117921888828278
ND1,0.13893435895442963
ND2,0.13668951392173767
NZ,0.13205403089523315
NH1,0.12622274458408356
NH2,0.12039169669151306
SD,0.11456091701984406
SG,0.11196944117546082
UNKNOWN,0.11196944117546082
