atom_index,is_real_atom,atom_type_from_onehot,importance
0,1,C,9.322750091552734
1,1,O,9.322750091552734
2,1,CB,9.38819408416748
3,1,CG,9.526564598083496
4,1,CD2,9.664937973022461
5,1,CD1,9.80330753326416
6,1,CE1,9.790125846862793
7,1,C,9.566723823547363
8,1,O,9.343320846557617
9,1,CB,9.119919776916504
10,1,CG,8.933306694030762
11,1,CD1,8.810728073120117
12,1,CD2,8.688152313232422
13,1,CE2,8.56557559967041
14,1,CE3,8.470678329467773
15,1,CZ3,8.437156677246094
16,1,N,8.403635025024414
17,1,CA,8.37011432647705
18,1,C,8.340188026428223
19,1,CB,8.320673942565918
20,1,OG,8.301158905029297
21,1,CD,8.281643867492676
22,1,CD2,8.294975280761719
23,1,CE3,8.437504768371582
24,1,CZ2,8.580033302307129
25,1,CZ3,8.722563743591309
26,1,CH2,8.8882474899292
27,1,CD1,9.186548233032227
28,1,CE1,9.484848976135254
29,1,CE2,9.783148765563965
30,1,CZ,10.04592227935791
31,1,CD2,9.968644142150879
32,1,CE2,9.891363143920898
33,1,CZ,9.814085006713867
34,1,OH,9.70601749420166
35,1,CB,8.869302749633789
36,1,OG1,8.032588005065918
