atom_type,importance_sum
C,4.384260654449463
CA,4.384260654449463
CB,5.102305889129639
CD,6.717938423156738
CD1,8.333571434020996
CD2,9.949161529541016
CE,11.034757614135742
CE1,11.060280799865723
CE2,11.085809707641602
CE3,11.111335754394531
CG,11.334315299987793
CG1,12.248529434204102
CG2,13.162744522094727
CH2,14.076958656311035
CZ,14.967509269714355
CZ2,15.668760299682617
CZ3,16.370031356811523
O,17.071331024169922
OH,17.772605895996094
OD1,17.01283073425293
OD2,16.253040313720703
OE1,15.49328899383545
OE2,14.73354721069336
OG,14.803691864013672
OG1,14.977578163146973
N,15.151460647583008
NE,15.32534122467041
NE1,14.416826248168945
NE2,13.199070930480957
ND1,11.981313705444336
ND2,10.763559341430664
NZ,10.106254577636719
NH1,9.729265213012695
NH2,9.352275848388672
SD,8.975287437438965
SG,8.807686805725098
UNKNOWN,8.807686805725098
