atom_type,importance
C,0.11706863343715668
CA,0.11706863343715668
CB,0.12394458800554276
CD,0.13941669464111328
CD1,0.154889777302742
CD2,0.17036189138889313
CE,0.18070819973945618
CE1,0.18080399930477142
CE2,0.18089985847473145
CE3,0.18099461495876312
CG,0.1807660311460495
CG1,0.17940016090869904
CG2,0.17803430557250977
CH2,0.1766684651374817
CZ,0.1770455688238144
CZ2,0.19136622548103333
CZ3,0.2056867927312851
O,0.2200073003768921
OH,0.23432795703411102
OD1,0.24329927563667297
OD2,0.2522706389427185
OE1,0.26124200224876404
OE2,0.2702132761478424
OG,0.26520639657974243
OG1,0.25845208764076233
N,0.25169795751571655
NE,0.24494372308254242
NE1,0.24320630729198456
NE2,0.24290359020233154
ND1,0.24260111153125763
ND2,0.242298424243927
NZ,0.2343623787164688
NH1,0.22261202335357666
NH2,0.21086104214191437
SD,0.19911038875579834
SG,0.193888321518898
UNKNOWN,0.193888321518898
