atom_index,is_real_atom,atom_type_from_onehot,importance
0,1,CG1,4.913429260253906
1,1,CG2,4.913429260253906
2,1,CB,5.025667190551758
3,1,CG,5.262970447540283
4,1,CD1,5.500274181365967
5,1,CG,5.737577438354492
6,1,CD1,5.8127827644348145
7,1,CD2,5.663143157958984
8,1,CG1,5.513504505157471
9,1,CD1,5.363866329193115
10,1,CD2,5.274118423461914
11,1,CA,5.288622856140137
12,1,C,5.303127765655518
13,1,O,5.317631721496582
14,1,CB,5.352712631225586
15,1,CG,5.4334211349487305
16,1,CD1,5.514129638671875
17,1,CD2,5.594837188720703
18,1,CE1,5.657156467437744
19,1,CE2,5.6662421226501465
20,1,CZ,5.675328254699707
21,1,OH,5.684415340423584
22,1,CA,5.738947868347168
23,1,C,5.972231864929199
24,1,O,6.205516815185547
25,1,CB,6.4388017654418945
26,1,N,6.6146745681762695
27,1,CA,6.461733341217041
28,1,CB,6.3087921142578125
29,1,CG,6.155850410461426
30,1,CD1,6.007430076599121
31,1,CD2,5.9022746086120605
32,1,CD2,5.797120094299316
33,1,CG1,5.6919660568237305
34,1,CG2,5.580227851867676
35,1,CD1,5.312671661376953
36,1,CG1,5.04511833190918
37,1,CG2,4.777562141418457
38,1,CD1,4.510006427764893
