atom_type,importance_sum
C,3.59267258644104
CA,3.59267258644104
CB,3.813316583633423
CD,4.309769630432129
CD1,4.8062238693237305
CD2,5.302666664123535
CE,5.890920162200928
CE1,6.662796974182129
CE2,7.434672832489014
CE3,8.206591606140137
CG,9.044966697692871
CG1,10.11610221862793
CG2,11.187234878540039
CH2,12.258371353149414
CZ,13.191091537475586
CZ2,13.016485214233398
CZ3,12.841876029968262
O,12.66726303100586
OH,12.492656707763672
OD1,11.394257545471191
OD2,10.295859336853027
OE1,9.197461128234863
OE2,8.099040031433105
OG,7.357449531555176
OG1,6.660485744476318
N,5.963522434234619
NE,5.266559600830078
NE1,4.709546089172363
NE2,4.192504405975342
ND1,3.6754751205444336
ND2,3.158451557159424
NZ,3.209961175918579
NH1,3.5457286834716797
NH2,3.8815178871154785
SD,4.217306137084961
SG,4.366531848907471
UNKNOWN,4.366531848907471
