atom_index,is_real_atom,atom_type_from_onehot,importance
0,1,CB,10.295392036437988
1,1,CG,10.295392036437988
2,1,CD1,10.398601531982422
3,1,CD2,10.616822242736816
4,1,NE1,10.835039138793945
5,1,CE2,11.053256034851074
6,1,CE3,11.192290306091309
7,1,CZ2,11.221491813659668
8,1,CZ3,11.250693321228027
9,1,CH2,11.279892921447754
10,1,C,11.278454780578613
11,1,CG2,11.223690032958984
12,1,N,11.16892147064209
13,1,CA,11.114155769348145
14,1,CB,10.969605445861816
15,1,CG,10.625975608825684
16,1,CD1,10.282343864440918
17,1,CD2,9.938712120056152
18,1,CA,9.477171897888184
19,1,C,8.674317359924316
20,1,CB,7.871461391448975
