atom_type,importance_sum
C,7.4152326583862305
CA,7.4152326583862305
CB,7.899638652801514
CD,8.989580154418945
CD1,10.079519271850586
CD2,11.169458389282227
CE,11.841867446899414
CE1,11.679322242736816
CE2,11.516667366027832
CE3,11.354121208190918
CG,11.25709056854248
CG1,11.389787673950195
CG2,11.52248764038086
CH2,11.65518569946289
CZ,11.761061668395996
CZ2,11.652328491210938
CZ3,11.543599128723145
O,11.434866905212402
OH,11.32613754272461
OD1,10.827040672302246
OD2,10.327943801879883
OE1,9.828848838806152
OE2,9.329750061035156
OG,9.065171241760254
OG1,8.82990550994873
N,8.594640731811523
NE,8.359375953674316
NE1,8.554388999938965
NE2,8.872316360473633
ND1,9.19023323059082
ND2,9.50816535949707
NZ,9.832256317138672
NH1,10.159467697143555
NH2,10.486680030822754
SD,10.813888549804688
SG,10.959315299987793
UNKNOWN,10.959315299987793
