atom_type,importance
C,0.07885856926441193
CA,0.07885856926441193
CB,0.08444146811962128
CD,0.09700239449739456
CD1,0.10956386476755142
CD2,0.12212538719177246
CE,0.12836293876171112
CE1,0.12195143103599548
CE2,0.11553996056318283
CE3,0.10912886261940002
CG,0.10525345057249069
CG1,0.11025302857160568
CG2,0.11525251716375351
CH2,0.12025213986635208
CZ,0.12656018137931824
CZ2,0.1433344930410385
CZ3,0.1601087898015976
O,0.17688307166099548
OH,0.19365739822387695
OD1,0.19344288110733032
OD2,0.19322837889194489
OE1,0.19301384687423706
OE2,0.192799374461174
OG,0.18990366160869598
OG1,0.1866728961467743
N,0.1834421008825302
NE,0.18021127581596375
NE1,0.19166582822799683
NE2,0.20731724798679352
ND1,0.22296743094921112
ND2,0.23861880600452423
NZ,0.23877675831317902
NH1,0.23118749260902405
NH2,0.2235993891954422
SD,0.21601064503192902
SG,0.21263793110847473
UNKNOWN,0.21263793110847473
