atom_index,is_real_atom,atom_type_from_onehot,importance
0,1,CA,7.51716947555542
1,1,C,7.51716947555542
2,1,O,7.406765937805176
3,1,CB,7.173342704772949
4,1,CG,6.939918518066406
5,1,CD2,6.70649528503418
6,1,N,6.443777084350586
7,1,OG1,6.140427112579346
8,1,CA,5.8370771408081055
9,1,C,5.533727645874023
10,1,O,5.400568008422852
11,1,CB,5.563665866851807
12,1,CG,5.72676420211792
13,1,CD,5.889862060546875
14,1,NE,5.969820499420166
15,1,CZ,5.865424633026123
16,1,NH1,5.76102876663208
17,1,NH2,5.656632900238037
18,1,CA,5.532251358032227
19,1,CB,5.350015640258789
20,1,CG,5.167778015136719
21,1,CD,4.985542297363281
22,1,N,4.773714542388916
23,1,CA,4.445495128631592
24,1,O,4.117274761199951
25,1,CB,3.789055347442627
26,1,CG,3.512371778488159
27,1,CD1,3.5308499336242676
28,1,CE1,3.5493276119232178
29,1,CB,3.567805767059326
30,1,CA,3.5931296348571777
31,1,C,3.6839804649353027
32,1,O,3.7748312950134277
33,1,CB,3.8656821250915527
34,1,CG1,3.9565045833587646
35,1,CG2,4.046659469604492
36,1,C,4.136814117431641
37,1,CB,4.226969242095947
38,1,CG,4.317123889923096
39,1,CD2,4.239905834197998
40,1,N,4.160394191741943
41,1,CA,4.080883026123047
42,1,CB,4.00137186050415
43,1,CG,4.0682878494262695
44,1,CD1,4.145814418792725
45,1,CG,4.22334098815918
46,1,CD1,4.300868988037109
47,1,CD2,4.29291296005249
48,1,CB,4.2731218338012695
49,1,CG1,4.253329753875732
50,1,CG2,4.233538627624512
51,1,CD1,4.279453277587891
52,1,C,4.3393707275390625
53,1,O,4.399288654327393
54,1,CB,4.4592061042785645
55,1,CG,4.245008945465088
56,1,CD1,3.9490606784820557
57,1,CD2,3.653110980987549
58,1,N,3.357160806655884
59,1,CA,3.087232828140259
60,1,O,2.827615737915039
61,1,CB,2.567998170852661
62,1,CG,2.308380126953125
63,1,CD1,2.292638063430786
64,1,CE1,2.4013214111328125
65,1,CB,2.510004758834839
66,1,CG,2.6186881065368652
67,1,CD1,2.703904390335083
68,1,CD2,2.773998498916626
69,1,CE1,2.8440911769866943
70,1,CE2,2.914184808731079
71,1,CE2,2.998883008956909
72,1,CZ,3.0953352451324463
