atom_type,importance_sum
C,7.346982002258301
CA,7.346982002258301
CB,7.387411594390869
CD,7.4783854484558105
CD1,7.569356441497803
CD2,7.660300254821777
CE,8.144386291503906
CE1,9.414804458618164
CE2,10.68517017364502
CE3,11.955527305603027
CG,12.905547142028809
CG1,12.734357833862305
CG2,12.563169479370117
CH2,12.39197826385498
CZ,12.238497734069824
CZ2,12.226680755615234
CZ3,12.214864730834961
O,12.203047752380371
OH,12.191227912902832
OD1,11.382929801940918
OD2,10.574630737304688
OE1,9.766324996948242
OE2,8.958022117614746
OG,8.93526554107666
OG1,9.010704040527344
N,9.086140632629395
NE,9.161576271057129
NE1,8.970433235168457
NE2,8.703184127807617
ND1,8.435931205749512
ND2,8.168638229370117
NZ,8.087020874023438
NH1,8.098243713378906
NH2,8.109435081481934
SD,8.120658874511719
SG,8.125626564025879
UNKNOWN,8.125626564025879
