atom_index,is_real_atom,atom_type_from_onehot,importance
0,1,O,9.31437873840332
1,1,CD2,9.31437873840332
2,1,CB,9.313273429870605
3,1,SD,9.310935974121094
4,1,CE,9.30859661102295
5,1,CG,9.306257247924805
6,1,CD1,9.19022274017334
7,1,CD2,8.916482925415039
8,1,CE1,8.642740249633789
9,1,CE2,8.369000434875488
10,1,CZ,8.40701961517334
11,1,CG2,8.987730026245117
12,1,CD1,9.56844425201416
13,1,CD1,10.149155616760254
14,1,CD2,10.802841186523438
15,1,C,11.618334770202637
16,1,O,12.433834075927734
17,1,CB,13.249326705932617
18,1,CG,13.87056827545166
19,1,CD,13.929494857788086
20,1,OE2,13.988419532775879
21,1,CA,14.047344207763672
22,1,O,13.997522354125977
23,1,CG1,13.519956588745117
24,1,CD1,13.042393684387207
25,1,C,12.564827919006348
26,1,CB,12.073234558105469
27,1,CG2,11.50130844116211
28,1,N,10.929380416870117
29,1,CA,10.357453346252441
30,1,CB,9.809460639953613
31,1,CG,9.490531921386719
32,1,CD1,9.171603202819824
33,1,CE1,8.852673530578613
34,1,CG2,8.518766403198242
35,1,CD1,7.830411434173584
36,1,CD1,7.142057418823242
