atom_type,importance_sum
C,9.557438850402832
CA,9.557438850402832
CB,10.231389045715332
CD,11.747780799865723
CD1,13.26417350769043
CD2,14.780472755432129
CE,16.056215286254883
CE1,16.850683212280273
CE2,17.645063400268555
CE3,18.43946647644043
CG,19.009023666381836
CG1,18.791748046875
CG2,18.57447052001953
CH2,18.357200622558594
CZ,18.19353485107422
CZ2,18.458703994750977
CZ3,18.723873138427734
O,18.989051818847656
OH,19.254234313964844
OD1,18.45015525817871
OD2,17.64610481262207
OE1,16.842056274414062
OE2,16.038000106811523
OG,15.205605506896973
OG1,14.369665145874023
N,13.53372859954834
NE,12.697793960571289
NE1,12.190662384033203
NE2,11.777508735656738
ND1,11.3642578125
ND2,10.951103210449219
NZ,10.931199073791504
NH1,11.108048439025879
NH2,11.284810066223145
SD,11.461585998535156
SG,11.540199279785156
UNKNOWN,11.540199279785156
