atom_type,importance
C,0.06967492401599884
CA,0.06967492401599884
CB,0.07009425759315491
CD,0.07103779166936874
CD1,0.07198131829500198
CD2,0.07292484492063522
CE,0.07520027458667755
CE1,0.08013953268527985
CE2,0.08507879823446274
CE3,0.09001854062080383
CG,0.09468985348939896
CG1,0.0984225794672966
CG2,0.10215531289577484
CH2,0.10588803887367249
CZ,0.11163527518510818
CZ2,0.13349848985671997
CZ3,0.15536212921142578
O,0.17722582817077637
OH,0.1990894377231598
OD1,0.1997746080160141
OD2,0.2004598081111908
OE1,0.20114491879940033
OE2,0.201830193400383
OG,0.20279495418071747
OG1,0.2037947177886963
N,0.20479454100131989
NE,0.2057943344116211
NE1,0.22853884100914001
NE2,0.2574969232082367
ND1,0.2864534556865692
ND2,0.31540992856025696
NZ,0.3129560053348541
NH1,0.2947949171066284
NH2,0.2766358256340027
SD,0.2584746778011322
SG,0.2504032254219055
UNKNOWN,0.2504032254219055
