atom_type,importance_sum
C,11.639986991882324
CA,11.639986991882324
CB,11.88040828704834
CD,12.4214448928833
CD1,12.962478637695312
CD2,13.503443717956543
CE,13.808253288269043
CE1,13.640681266784668
CE2,13.47310733795166
CE3,13.30553150177002
CG,13.14734172821045
CG1,13.022013664245605
CG2,12.896682739257812
CH2,12.771350860595703
CZ,12.737299919128418
CZ2,13.433496475219727
CZ3,14.1296968460083
O,14.825898170471191
OH,15.522096633911133
OD1,16.37375831604004
OD2,17.225419998168945
OE1,18.07708168029785
OE2,18.928741455078125
OG,18.584705352783203
OG1,18.091205596923828
N,17.597707748413086
NE,17.104209899902344
NE1,16.85433578491211
NE2,16.674135208129883
ND1,16.493928909301758
ND2,16.313745498657227
NZ,15.555723190307617
NH1,14.508896827697754
NH2,13.462069511413574
SD,12.415236473083496
SG,11.950026512145996
UNKNOWN,11.950026512145996
