atom_type,importance_sum
C,2.354217052459717
CA,2.354217052459717
CB,2.4331796169281006
CD,2.610849380493164
CD1,2.7885003089904785
CD2,2.966170310974121
CE,3.303332567214966
CE1,3.959498167037964
CE2,4.615664958953857
CE3,5.271829128265381
CG,5.808587074279785
CG1,5.927314758300781
CG2,6.046045303344727
CH2,6.1647725105285645
CZ,6.5145134925842285
CZ2,8.712364196777344
CZ3,10.910178184509277
O,13.107991218566895
OH,15.305808067321777
OD1,12.8123197555542
OD2,10.318836212158203
OE1,7.825312614440918
OE2,5.3318281173706055
OG,5.292489528656006
OG1,5.5599236488342285
N,5.827354431152344
NE,6.09478759765625
NE1,7.356235980987549
NE2,8.901712417602539
ND1,10.447153091430664
ND2,11.992592811584473
NZ,11.727344512939453
NH1,10.556717872619629
NH2,9.386013984680176
SD,8.2153902053833
SG,7.695115089416504
UNKNOWN,7.695115089416504
