atom_type,importance
C,0.13275164365768433
CA,0.13275164365768433
CB,0.13843633234500885
CD,0.15122638642787933
CD1,0.1640165150165558
CD2,0.17680656909942627
CE,0.1877211630344391
CE1,0.19488370418548584
CE2,0.20204725861549377
CE3,0.20920976996421814
CG,0.21524810791015625
CG1,0.21735058724880219
CG2,0.2194530963897705
CH2,0.22155560553073883
CZ,0.2263980358839035
CZ2,0.2531602382659912
CZ3,0.27992236614227295
O,0.3066844940185547
OH,0.3334467113018036
OD1,0.3035735487937927
OD2,0.2737002670764923
OE1,0.24382692575454712
OE2,0.2139545977115631
OG,0.19763338565826416
OG1,0.18300607800483704
N,0.16837884485721588
NE,0.15375155210494995
NE1,0.16126041114330292
NE2,0.17509490251541138
ND1,0.1889284998178482
ND2,0.20276308059692383
NZ,0.21486735343933105
NH1,0.22610747814178467
NH2,0.23734799027442932
SD,0.24858792126178741
SG,0.2535853683948517
UNKNOWN,0.2535853683948517
