atom_type,importance
C,0.1034359559416771
CA,0.1034359559416771
CB,0.11347274482250214
CD,0.13605469465255737
CD1,0.15863636136054993
CD2,0.1812179535627365
CE,0.19766952097415924
CE1,0.20185959339141846
CE2,0.20604969561100006
CE3,0.2102409154176712
CG,0.2156745344400406
CG1,0.22546209394931793
CG2,0.2352505475282669
CH2,0.24503901600837708
CZ,0.25185391306877136
CZ2,0.23488062620162964
CZ3,0.2179078608751297
O,0.20093515515327454
OH,0.18396182358264923
OD1,0.16947460174560547
OD2,0.15498735010623932
OE1,0.14050011336803436
OE2,0.12601283192634583
OG,0.12182705849409103
OG1,0.118928924202919
N,0.11603078246116638
NE,0.11313267052173615
NE1,0.1181219071149826
NE2,0.1253662109375
ND1,0.13260935246944427
ND2,0.13985362648963928
NZ,0.14102870225906372
NH1,0.13917094469070435
NH2,0.1373121291399002
SD,0.13545428216457367
SG,0.13462810218334198
UNKNOWN,0.13462810218334198
