atom_type,importance_sum
C,7.9489898681640625
CA,7.9489898681640625
CB,7.90234375
CD,7.797317981719971
CD1,7.692333221435547
CD2,7.587304592132568
CE,7.547414779663086
CE1,7.637663841247559
CE2,7.727956771850586
CE3,7.81825065612793
CG,7.866042137145996
CG1,7.765141010284424
CG2,7.66424036026001
CH2,7.563339710235596
CZ,7.636532783508301
CZ2,9.102458953857422
CZ3,10.56839370727539
O,12.034323692321777
OH,13.500253677368164
OD1,13.253416061401367
OD2,13.006574630737305
OE1,12.759736061096191
OE2,12.512898445129395
OG,12.281784057617188
OG1,12.052638053894043
N,11.823493003845215
NE,11.594341278076172
NE1,12.258071899414062
NE2,13.176839828491211
ND1,14.095694541931152
ND2,15.014466285705566
NZ,15.060552597045898
NH1,14.670300483703613
NH2,14.280048370361328
SD,13.889798164367676
SG,13.716341018676758
UNKNOWN,13.716341018676758
