atom_index,is_real_atom,atom_type_from_onehot,importance
0,1,CE3,6.655494213104248
1,1,CZ2,6.655494213104248
2,1,CZ3,6.499826431274414
3,1,CH2,6.170701026916504
4,1,CG2,5.841574668884277
5,1,CB,5.512447834014893
6,1,CD2,5.198000907897949
7,1,CE1,4.903913497924805
8,1,CE2,4.609827518463135
9,1,CZ,4.315740585327148
10,1,OH,4.129761219024658
11,1,CA,4.1319684982299805
12,1,C,4.134174346923828
13,1,O,4.136382102966309
14,1,CB,4.144753456115723
15,1,CG,4.166794776916504
16,1,CB,4.188835620880127
17,1,CG,4.210877418518066
18,1,CD1,4.206177234649658
19,1,CD2,4.124066352844238
20,1,NE1,4.041956424713135
21,1,CE2,3.959845781326294
22,1,CE3,3.9922263622283936
23,1,CZ2,4.474933624267578
24,1,CZ3,4.9576416015625
25,1,CH2,5.440349578857422
26,1,CD1,5.896852970123291
27,1,CE1,6.203275680541992
28,1,CE2,6.509700298309326
29,1,CZ,6.8161234855651855
30,1,CE1,7.087379455566406
31,1,CE2,7.02204704284668
32,1,CZ,6.956714153289795
33,1,O,6.891381740570068
34,1,N,6.806946754455566
35,1,CA,6.270447731018066
36,1,C,5.733952045440674
37,1,O,5.197452545166016
38,1,CB,4.66095495223999
39,1,CG1,4.531602382659912
40,1,CG2,4.407828330993652
41,1,N,4.284052848815918
42,1,N,4.160277843475342
43,1,CA,3.98432993888855
44,1,C,3.8046016693115234
45,1,O,3.624873161315918
46,1,N,3.4451444149017334
47,1,CA,3.4947164058685303
48,1,CB,3.5760364532470703
49,1,CG,3.6573562622070312
50,1,CD1,3.7386770248413086
51,1,CD2,3.8301262855529785
52,1,CE1,3.923733711242676
53,1,CE2,4.017341613769531
54,1,CZ,4.1109490394592285
