atom_type,importance_sum
C,4.427642345428467
CA,4.427642345428467
CB,4.5926899909973145
CD,4.964007377624512
CD1,5.335323810577393
CD2,5.706643104553223
CE,6.468756675720215
CE1,8.012535095214844
CE2,9.556279182434082
CE3,11.100092887878418
CG,12.271835327148438
CG1,12.141687393188477
CG2,12.011536598205566
CH2,11.881383895874023
CZ,11.74381160736084
CZ2,11.546882629394531
CZ3,11.34994888305664
O,11.153020858764648
OH,10.956089973449707
OD1,10.050801277160645
OD2,9.145513534545898
OE1,8.240227699279785
OE2,7.334976673126221
OG,7.693560600280762
OG1,8.210098266601562
N,8.726667404174805
NE,9.243234634399414
NE1,9.613545417785645
NE2,9.942033767700195
ND1,10.270526885986328
ND2,10.599015235900879
NZ,11.545969009399414
NH1,12.802151679992676
NH2,14.058406829833984
SD,15.314592361450195
SG,15.872920989990234
UNKNOWN,15.872920989990234
