atom_type,importance
C,0.11567291617393494
CA,0.11567291617393494
CB,0.11903318017721176
CD,0.12659293413162231
CD1,0.13415279984474182
CD2,0.14171259105205536
CE,0.15104815363883972
CE1,0.16393603384494781
CE2,0.17682307958602905
CE3,0.18971025943756104
CG,0.19855862855911255
CG1,0.19327110052108765
CG2,0.18798355758190155
CH2,0.18269604444503784
CZ,0.1802135407924652
CZ2,0.2001713365316391
CZ3,0.22012974321842194
O,0.24008779227733612
OH,0.26004558801651
OD1,0.24865302443504333
OD2,0.23726053535938263
OE1,0.22586797177791595
OE2,0.21447479724884033
OG,0.20829057693481445
OG1,0.20275740325450897
N,0.19722428917884827
NE,0.19169120490550995
NE1,0.2176671326160431
NE2,0.252645343542099
ND1,0.28762343525886536
ND2,0.3226015865802765
NZ,0.3352828025817871
NH1,0.33681416511535645
NH2,0.338345468044281
SD,0.3398767411708832
SG,0.3405585289001465
UNKNOWN,0.3405585289001465
