atom_type,importance
C,0.12087436765432358
CA,0.12087436765432358
CB,0.1243208795785904
CD,0.13207757472991943
CD1,0.13983337581157684
CD2,0.14758914709091187
CE,0.15124629437923431
CE1,0.1467052847146988
CE2,0.1421642303466797
CE3,0.13762405514717102
CG,0.13833561539649963
CG1,0.15743042528629303
CG2,0.17652525007724762
CH2,0.19562013447284698
CZ,0.2137610912322998
CZ2,0.2242700755596161
CZ3,0.2347799688577652
O,0.24528978765010834
OH,0.25579968094825745
OD1,0.2632432281970978
OD2,0.27068695425987244
OE1,0.2781304717063904
OE2,0.2855740487575531
OG,0.27952247858047485
OG1,0.2717840373516083
N,0.2640456259250641
NE,0.2563072144985199
NE1,0.2390265166759491
NE2,0.21901936829090118
ND1,0.1990121752023697
ND2,0.17900492250919342
NZ,0.16791021823883057
NH1,0.16127249598503113
NH2,0.15463480353355408
SD,0.14799712598323822
SG,0.14504720270633698
UNKNOWN,0.14504720270633698
