experiment,C,N,O,S,H,SP,SP2,SP3,#OfBonds,#HeteroAtoms,Aromatic,ChargePresent,ChargeSign,InRing,Acidic,Basic,Histidine,Cysteine,PolarUncharged,Glycine,Proline,AromaticResidue,Hydrophobic
0,0.010146638,0.0010533044,0.0011167831,9.189485e-06,0.0,0.0,0.0065300185,0.0043700375,0.06606975,0.004246284,0.0028498347,1.2200186e-05,1.0840893e-05,0.0035750296,6.955135e-05,0.00018702149,4.3198565e-05,1.4984721e-05,0.00023513084,0.00045423442,0.00050132914,0.004567626,0.0036828178
1,0.008377848,0.0012138723,0.0009870594,7.642426e-06,0.0,0.0,0.005495376,0.0047323196,0.06484157,0.0046969475,0.0028284474,1.2910894e-05,1.2556424e-05,0.0032522609,7.700714e-05,0.00034985025,4.2565534e-05,1.6911445e-05,0.00021369255,0.0003368215,0.00043713633,0.0046321168,0.005023607
2,0.00984586,0.0010040891,0.0011020978,5.3216654e-06,0.0,0.0,0.007544465,0.0040589306,0.07006641,0.003916958,0.0044738892,6.3253756e-06,5.507629e-06,0.0047776997,3.900902e-05,0.0002600063,1.4838817e-05,8.622508e-06,0.00019712838,0.0005912158,0.0004620867,0.0064271926,0.0035228943
3,0.0099674,0.0013873413,0.0009857763,6.6283574e-06,0.0,0.0,0.0070982873,0.006030875,0.07455723,0.0051120394,0.0035577116,1.5928748e-05,1.6421196e-05,0.0033439675,6.561338e-05,0.00067376246,1.5864542e-05,5.5336695e-06,0.00027059508,0.00041462376,0.00051715923,0.006193626,0.005891758
4,0.009098537,0.0016226124,0.0009960746,1.4751731e-05,0.0,0.0,0.005568014,0.0051843585,0.06710069,0.0052792043,0.0029880903,1.3449747e-05,1.5157921e-05,0.0037485184,7.6706274e-05,0.00029040687,5.6071418e-05,1.9481127e-05,0.00023263856,0.00041677433,0.00063496304,0.004543175,0.0046764426
