experiment,C,N,O,S,H,SP,SP2,SP3,#OfBonds,#HeteroAtoms,Aromatic,ChargePresent,ChargeSign,InRing,Acidic,Basic,Histidine,Cysteine,PolarUncharged,Glycine,Proline,AromaticResidue,Hydrophobic
0,0.12988636,0.014364973,0.019531282,0.0012739694,0.0,0.0,0.06984857,0.08009851,0.8681887,0.068193585,0.023781799,0.001749245,0.0016518701,0.027871545,0.008166187,0.0024802652,0.00131989,0.0039907573,0.013324756,0.0013812366,0.0015954853,0.038758487,0.078648806
1,0.094022445,0.012779085,0.010931958,0.0005025235,0.0,0.0,0.052963093,0.060032867,0.7127737,0.0524364,0.031322934,0.00031360728,0.0003329693,0.035326537,0.00188979,0.0038557316,0.0019965046,0.0017659925,0.005294286,0.0020092477,0.0023605325,0.041814506,0.07047355
2,0.15742004,0.018770618,0.02246194,0.000899735,0.0,0.0,0.09505881,0.09617891,1.1656524,0.07902348,0.047695387,0.0010318314,0.00093775627,0.05158339,0.005928167,0.0060786973,0.0014210795,0.00082137075,0.016170438,0.004781602,0.0012556633,0.063627705,0.10931793
3,0.109660156,0.015883194,0.011714629,0.0008579504,0.0,0.0,0.06633715,0.077361874,0.8335133,0.06527957,0.029787386,0.0005951517,0.0005963985,0.027705094,0.002292092,0.009298156,0.0005162874,0.0058580246,0.009893659,0.0018783574,0.0018307908,0.046821598,0.086058445
4,0.11875008,0.024080506,0.01448646,0.00075186824,0.0,0.0,0.06628237,0.08220892,0.8953892,0.081839986,0.027321769,0.0005692771,0.00062987505,0.031195417,0.002681464,0.0066688517,0.003198042,0.0026901583,0.008341204,0.00211133,0.0029134387,0.04486534,0.0889819
