feature,mean,std
C,0.18562594,0.03814694
CA,0.22543943,0.042297725
CB,0.21023118,0.03279148
CD,0.01508964,0.0050752694
CD1,0.17780472,0.037955374
CD2,0.14918658,0.028058002
CE,0.0071053533,0.0030382536
CE1,0.07188696,0.015012171
CE2,0.08626056,0.031094745
CE3,0.017210826,0.0073042223
CG,0.16359225,0.020632425
CG1,0.040918395,0.017972529
CG2,0.048470583,0.012698451
CH2,0.014299643,0.006810057
CZ,0.07123775,0.013463477
CZ2,0.013405557,0.005984157
CZ3,0.01565797,0.0056747617
O,0.17816627,0.031277426
OH,0.007992033,0.005933149
OD1,0.0058244113,0.0036528904
OD2,0.0029874989,0.0017509399
OE1,0.0059231394,0.0030851222
OE2,0.00212211,0.0027629163
OG,0.012458092,0.007357004
OG1,0.012431721,0.008207651
N,0.21203062,0.053055327
NE,0.0038804077,0.0023945852
NE1,0.011289341,0.0046872785
NE2,0.0041744863,0.0022434613
ND1,0.0017886066,0.0012799866
ND2,0.0022035963,0.0010281742
NZ,0.0014332555,0.0011826204
NH1,0.0035721962,0.0025674005
NH2,0.0030285218,0.002348424
SD,0.0037856412,0.0016362173
SG,0.0037291732,0.0017089418
OXT,0.0,0.0
