atom_index,is_real_atom,atom_type_from_onehot,importance
0,1,C,8.712239265441895
1,1,O,8.712239265441895
2,1,CB,8.735696792602539
3,1,CA,8.785290718078613
4,1,C,8.834885597229004
5,1,O,8.884481430053711
6,1,CB,8.725067138671875
7,1,OG1,8.275741577148438
8,1,CG2,7.826413631439209
9,1,CA,7.377087116241455
10,1,C,7.090595722198486
11,1,O,7.087557792663574
12,1,N,7.08452033996582
13,1,CA,7.081483364105225
14,1,C,7.00606107711792
15,1,O,6.770134449005127
16,1,CB,6.534207344055176
17,1,CG1,6.298281669616699
18,1,CG2,6.130938529968262
19,1,N,6.162127494812012
20,1,CA,6.193315029144287
21,1,C,6.224501609802246
22,1,O,6.233953952789307
23,1,N,6.157909393310547
24,1,CA,6.081862926483154
25,1,C,6.005817890167236
26,1,CB,5.875652313232422
27,1,CG,5.435525894165039
28,1,CD1,4.995398044586182
29,1,CD1,4.555271625518799
