atom_index,is_real_atom,atom_type_from_onehot,importance
0,1,CB,8.576886177062988
1,1,CG,8.576886177062988
2,1,CD1,8.85641860961914
3,1,CD2,9.447436332702637
4,1,NE1,10.0384521484375
5,1,CE2,10.629467964172363
6,1,CE3,10.946115493774414
7,1,CZ2,10.882189750671387
8,1,CZ3,10.818260192871094
9,1,CH2,10.75433349609375
10,1,C,10.728516578674316
11,1,CG2,10.769044876098633
12,1,N,10.809571266174316
13,1,CA,10.850098609924316
14,1,CB,10.755976676940918
15,1,CG,10.363288879394531
16,1,CD1,9.970600128173828
17,1,CD2,9.577911376953125
18,1,CA,9.068031311035156
19,1,C,8.218927383422852
20,1,CB,7.369819641113281
