atom_type,importance_sum
C,4.2429890632629395
CA,4.2429890632629395
CB,4.820652484893799
CD,6.120394706726074
CD1,7.420192241668701
CD2,8.719955444335938
CE,9.5127592086792
CE1,9.291672706604004
CE2,9.070507049560547
CE3,8.849437713623047
CG,8.858317375183105
CG1,9.672142028808594
CG2,10.485963821411133
CH2,11.299788475036621
CZ,11.988465309143066
CZ2,11.675973892211914
CZ3,11.363482475280762
O,11.050989151000977
OH,10.738495826721191
OD1,9.466496467590332
OD2,8.194496154785156
OE1,6.922496795654297
OE2,5.650496482849121
OG,5.568745136260986
OG1,5.635775566101074
N,5.702805995941162
NE,5.769836902618408
NE1,6.293593883514404
NE2,6.9477972984313965
ND1,7.602053165435791
ND2,8.256314277648926
NZ,8.862330436706543
NH1,9.444174766540527
NH2,10.026065826416016
SD,10.60795783996582
SG,10.866548538208008
UNKNOWN,10.866548538208008
