atom_index,is_real_atom,atom_type_from_onehot,importance
0,1,CG2,7.977761268615723
1,1,CE1,7.977761268615723
2,1,CE2,8.131836891174316
3,1,CZ,8.457596778869629
4,1,CG2,8.783360481262207
5,1,CG,9.109122276306152
6,1,CD1,9.262988090515137
7,1,CD2,9.178424835205078
8,1,O,9.09386157989502
9,1,CB,9.009297370910645
10,1,CA,8.80068588256836
11,1,C,8.37613582611084
12,1,O,7.9515862464904785
13,1,CB,7.527036666870117
14,1,CG,7.225351333618164
15,1,N,7.19610595703125
16,1,CA,7.166860580444336
17,1,CB,7.1376142501831055
18,1,CG,7.041399955749512
19,1,CD1,6.751328945159912
20,1,CE1,6.461257457733154
21,1,CG,6.171187400817871
22,1,CD2,5.886833667755127
23,1,CD1,5.624967098236084
