atom_type,importance_sum
C,4.788650035858154
CA,4.788650035858154
CB,4.98222541809082
CD,5.41778564453125
CD1,5.853293418884277
CD2,6.288852691650391
CE,6.854177951812744
CE1,7.67897367477417
CE2,8.5037202835083
CE3,9.32851791381836
CG,9.91038990020752
CG1,9.64203929901123
CG2,9.373685836791992
CH2,9.105335235595703
CZ,8.865607261657715
CZ2,8.85488224029541
CZ3,8.844159126281738
O,8.833436012268066
OH,8.822708129882812
OD1,7.883602142333984
OD2,6.944438934326172
OE1,6.005276679992676
OE2,5.066117286682129
OG,4.848770618438721
OG1,4.721653461456299
N,4.594534397125244
NE,4.467415809631348
NE1,4.1481242179870605
NE2,3.773944854736328
ND1,3.3997912406921387
ND2,3.0256104469299316
NZ,3.187424421310425
NH1,3.6172213554382324
NH2,4.047018527984619
SD,4.476842403411865
SG,4.667847633361816
UNKNOWN,4.667847633361816
