atom_type,importance
C,0.11989223212003708
CA,0.11989223212003708
CB,0.12605512142181396
CD,0.13992279767990112
CD1,0.1537894606590271
CD2,0.1676560491323471
CE,0.17328596115112305
CE1,0.16244369745254517
CE2,0.15160143375396729
CE3,0.14075808227062225
CG,0.13193324208259583
CG1,0.1301678866147995
CG2,0.12840254604816437
CH2,0.1266370713710785
CZ,0.1271805465221405
CZ2,0.14619430899620056
CZ3,0.16520817577838898
O,0.1842219978570938
OH,0.20323583483695984
OD1,0.20023679733276367
OD2,0.1972378045320511
OE1,0.1942387819290161
OE2,0.19123978912830353
OG,0.1903984099626541
OG1,0.18982666730880737
N,0.1892549991607666
NE,0.18868322670459747
NE1,0.1872309297323227
NE2,0.18552787601947784
ND1,0.1838235855102539
ND2,0.18212054669857025
NZ,0.17686137557029724
NH1,0.16982369124889374
NH2,0.16278721392154694
SD,0.15575066208839417
SG,0.15262356400489807
UNKNOWN,0.15262356400489807
