atom_index,is_real_atom,atom_type_from_onehot,importance
0,1,OG,7.906015872955322
1,1,CB,7.906015872955322
2,1,CG,8.108572959899902
3,1,CD1,8.536836624145508
4,1,CD2,8.965100288391113
5,1,CE1,9.393364906311035
6,1,CE2,9.496280670166016
7,1,CZ,9.147908210754395
8,1,OH,8.799534797668457
9,1,O,8.45116138458252
10,1,CG,8.181838035583496
11,1,N,8.05012035369873
12,1,CA,7.918402194976807
13,1,CB,7.786683559417725
14,1,OG1,7.6012067794799805
15,1,CG2,7.296526908874512
16,1,CB,6.991846084594727
17,1,CG,6.687166213989258
18,1,CD1,6.531574249267578
19,1,CD2,6.807552814483643
20,1,CE1,7.083531379699707
21,1,CE2,7.3595099449157715
22,1,CZ,7.702514171600342
23,1,CB,8.309149742126465
24,1,CD2,8.915785789489746
25,1,N,9.522418022155762
26,1,CA,10.020654678344727
27,1,CB,9.898063659667969
28,1,OE1,9.775473594665527
29,1,CG,9.65288257598877
30,1,CD2,9.495577812194824
31,1,CD1,9.006034851074219
32,1,CB,8.516489028930664
33,1,CG,8.02694320678711
34,1,CD1,7.548110008239746
35,1,CD2,7.322803497314453
36,1,CE1,7.097496509552002
37,1,CE2,6.872188091278076
38,1,CZ,6.646880626678467
39,1,OH,6.388561248779297
