atom_type,importance_sum
C,7.467122554779053
CA,7.467122554779053
CB,7.642946720123291
CD,8.038646697998047
CD1,8.43429946899414
CD2,8.829971313476562
CE,9.065377235412598
CE1,8.98035717010498
CE2,8.895282745361328
CE3,8.810230255126953
CG,9.15817642211914
CG1,11.021632194519043
CG2,12.885092735290527
CH2,14.748549461364746
CZ,16.495080947875977
CZ2,17.306156158447266
CZ3,18.11723518371582
O,18.928298950195312
OH,19.739343643188477
OD1,19.59947395324707
OD2,19.45960235595703
OE1,19.319725036621094
OE2,19.179859161376953
OG,18.411996841430664
OG1,17.565608978271484
N,16.71922492980957
NE,15.872859001159668
NE1,14.8928861618042
NE2,13.874722480773926
ND1,12.856560707092285
ND2,11.838484764099121
NZ,11.302619934082031
NH1,11.008025169372559
NH2,10.713360786437988
SD,10.41871166229248
SG,10.287772178649902
UNKNOWN,10.287772178649902
