atom_index,is_real_atom,atom_type_from_onehot,importance
0,1,CB,6.94002103805542
1,1,CG,6.94002103805542
2,1,CD1,7.207324028015137
3,1,CD2,7.772481441497803
4,1,CE1,8.337639808654785
5,1,CE2,8.90279483795166
6,1,CZ,9.161206245422363
7,1,CA,8.994125366210938
8,1,CB,8.827045440673828
9,1,OG1,8.659965515136719
10,1,CG2,8.628971099853516
11,1,CB,8.834869384765625
12,1,CG,9.040766716003418
13,1,CD1,9.246664047241211
14,1,CD2,9.397424697875977
15,1,CE1,9.425925254821777
16,1,CE2,9.454425811767578
17,1,CZ,9.482925415039062
18,1,C,9.593413352966309
19,1,CB,9.941239356994629
20,1,CG,10.289063453674316
21,1,CD2,10.636886596679688
22,1,CE2,10.940991401672363
23,1,N,11.073141098022461
24,1,CA,11.205291748046875
25,1,CB,11.337441444396973
26,1,CG,11.343181610107422
27,1,OE1,10.624944686889648
28,1,CG,9.90670394897461
29,1,CD2,9.188467025756836
30,1,CD1,8.454924583435059
