atom_type,importance_sum
C,5.222981929779053
CA,5.222981929779053
CB,5.832722187042236
CD,7.2046403884887695
CD1,8.576557159423828
CD2,9.9484281539917
CE,11.064908027648926
CE1,11.670614242553711
CE2,12.27631664276123
CE3,12.882116317749023
CG,13.6972017288208
CG1,15.24531364440918
CG2,16.79349136352539
CH2,18.341632843017578
CZ,19.50885009765625
CZ2,17.62890625
CZ3,15.748868942260742
O,13.868931770324707
OH,11.98898696899414
OD1,10.85236930847168
OD2,9.715749740600586
OE1,8.579133033752441
OE2,7.442514419555664
OG,8.141554832458496
OG1,9.070055961608887
N,9.998556137084961
NE,10.927054405212402
NE1,10.54971694946289
NE2,9.799211502075195
ND1,9.048795700073242
ND2,8.298290252685547
NZ,8.059000015258789
NH1,8.075322151184082
NH2,8.091592788696289
SD,8.107912063598633
SG,8.115138053894043
UNKNOWN,8.115138053894043
