atom_index,is_real_atom,atom_type_from_onehot,importance
0,1,CD2,6.636181354522705
1,1,C,6.636181354522705
2,1,O,6.388162612915039
3,1,N,5.8637776374816895
4,1,CA,5.339392185211182
5,1,C,4.815007209777832
6,1,O,4.419680595397949
7,1,CB,4.203368663787842
8,1,CB,3.9870572090148926
9,1,CG1,3.7707457542419434
10,1,CG2,3.7336843013763428
11,1,CD1,4.008649826049805
12,1,CD1,4.283615589141846
13,1,CD1,4.558581352233887
14,1,CG1,4.6779561042785645
15,1,CD1,4.4523234367370605
16,1,O,4.226690292358398
17,1,CA,4.001059055328369
18,1,C,3.8654894828796387
19,1,O,3.9906280040740967
20,1,CB,4.115766525268555
21,1,CG,4.240905284881592
22,1,CD1,4.316631317138672
23,1,CD2,4.1980085372924805
24,1,CE1,4.0793843269348145
25,1,CE2,3.960761070251465
26,1,CZ,3.8925137519836426
27,1,C,4.112785816192627
28,1,O,4.333057403564453
29,1,N,4.5533294677734375
30,1,CA,4.769960403442383
31,1,C,4.9517436027526855
32,1,O,5.133528232574463
33,1,CB,5.315310955047607
34,1,CG,5.487534046173096
35,1,CD,5.433477401733398
36,1,OE1,5.379423141479492
37,1,NE2,5.325367450714111
38,1,CA,5.2713117599487305
39,1,CB,5.454471111297607
40,1,CG,5.640879154205322
41,1,CD1,5.827287673950195
42,1,CD2,6.013696193695068
43,1,CE1,6.014002323150635
44,1,CE2,6.000823497772217
45,1,CZ,5.987643241882324
46,1,N,5.974465370178223
47,1,CG,6.1068339347839355
48,1,CD,6.259357452392578
49,1,NE,6.411879539489746
