atom_type,importance_sum
C,4.250659465789795
CA,4.250659465789795
CB,4.361412525177002
CD,4.610633373260498
CD1,4.8598151206970215
CD2,5.10903787612915
CE,5.405882358551025
CE1,5.7980451583862305
CE2,6.1901726722717285
CE3,6.582298755645752
CG,6.810166358947754
CG1,6.462986469268799
CG2,6.115804195404053
CH2,5.768623352050781
CZ,5.546715259552002
CZ2,6.326996326446533
CZ3,7.107276916503906
O,7.887557506561279
OH,8.667837142944336
OD1,9.125409126281738
OD2,9.582983016967773
OE1,10.040558815002441
OE2,10.498132705688477
OG,11.114542961120605
OG1,11.750805854797363
N,12.387070655822754
NE,13.023334503173828
NE1,12.652287483215332
NE2,11.99348258972168
ND1,11.334600448608398
ND2,10.67579460144043
NZ,10.359871864318848
NH1,10.21550464630127
NH2,10.07113265991211
SD,9.926764488220215
SG,9.862618446350098
UNKNOWN,9.862618446350098
