atom_index,is_real_atom,atom_type_from_onehot,importance
0,1,CG,6.634020805358887
1,1,CD1,6.634020805358887
2,1,CD2,6.752007007598877
3,1,CD1,7.00146484375
4,1,CE1,7.250923156738281
5,1,CE2,7.500381946563721
6,1,CZ,7.723086357116699
7,1,CD2,7.908682346343994
8,1,CE1,8.094278335571289
9,1,CE2,8.279874801635742
10,1,CZ,8.415144920349121
11,1,O,8.462808609008789
12,1,CA,8.51047420501709
13,1,C,8.558137893676758
14,1,CB,8.590388298034668
15,1,N,8.588458061218262
16,1,CA,8.586525917053223
17,1,C,8.584595680236816
18,1,O,8.600919723510742
19,1,CB,8.670092582702637
20,1,C,8.739263534545898
21,1,N,8.80843734741211
22,1,CA,8.85838508605957
23,1,C,8.832715034484863
24,1,O,8.80704402923584
25,1,N,8.781373977661133
26,1,CG,8.77690315246582
27,1,CD2,8.893845558166504
28,1,CE2,9.010787963867188
29,1,CZ,9.127730369567871
30,1,CB,9.229937553405762
31,1,CB,9.19111156463623
32,1,CG1,9.152283668518066
33,1,CG1,9.113455772399902
34,1,CG2,9.041657447814941
35,1,CD1,8.189570426940918
36,1,NE2,7.337486743927002
