atom_index,is_real_atom,atom_type_from_onehot,importance
0,1,CB,7.337860584259033
1,1,CG,7.337860584259033
2,1,CD1,7.437146186828613
3,1,CD2,7.647064208984375
4,1,NE1,7.85698127746582
5,1,CE2,8.066899299621582
6,1,CE3,8.241957664489746
7,1,CZ2,8.36866283416748
8,1,CZ3,8.495368003845215
9,1,CH2,8.62207317352295
10,1,C,8.652738571166992
11,1,CG2,8.51622200012207
12,1,N,8.379705429077148
13,1,CA,8.243186950683594
14,1,CB,8.056105613708496
15,1,CG,7.756899356842041
16,1,CD1,7.457693099975586
17,1,CD2,7.158486843109131
18,1,CA,6.742938995361328
19,1,C,5.9906158447265625
20,1,CB,5.2382893562316895
