atom_type,importance_sum
C,2.6872360706329346
CA,2.6872360706329346
CB,3.0652048587799072
CD,3.9155800342559814
CD1,4.765954971313477
CD2,5.616302490234375
CE,6.20892858505249
CE1,6.286055564880371
CE2,6.363182544708252
CE3,6.440308094024658
CG,6.568531513214111
CG1,6.875732898712158
CG2,7.182933330535889
CH2,7.490131378173828
CZ,7.813082218170166
CZ2,8.261985778808594
CZ3,8.710942268371582
O,9.159896850585938
OH,9.608850479125977
OD1,7.862102508544922
OD2,6.115298748016357
OE1,4.368495941162109
OE2,2.6216931343078613
OG,2.4882283210754395
OG1,2.556431293487549
N,2.6246349811553955
NE,2.692838191986084
NE1,3.3887455463409424
NE2,4.263996124267578
ND1,5.139247417449951
ND2,6.014496803283691
NZ,6.1221604347229
NH1,5.846002578735352
NH2,5.569902420043945
SD,5.29379940032959
SG,5.171082496643066
UNKNOWN,5.171082496643066
