atom_type,importance_sum
C,3.000450849533081
CA,3.000450849533081
CB,3.6416213512420654
CD,5.084280014038086
CD1,6.526888847351074
CD2,7.969544410705566
CE,8.706403732299805
CE1,8.03186321258545
CE2,7.35732364654541
CE3,6.682732582092285
CG,6.160706043243408
CG1,6.172487258911133
CG2,6.184266567230225
CH2,6.196046829223633
CZ,6.371826648712158
CZ2,7.859598159790039
CZ3,9.347320556640625
O,10.835089683532715
OH,12.322861671447754
OD1,11.754898071289062
OD2,11.186935424804688
OE1,10.618972778320312
OE2,10.051006317138672
OG,9.671818733215332
OG1,9.316224098205566
N,8.960630416870117
NE,8.605037689208984
NE1,7.780392169952393
NE2,6.82169246673584
ND1,5.8629913330078125
ND2,4.9043402671813965
NZ,4.424808979034424
NH1,4.184855937957764
NH2,3.9449117183685303
SD,3.7049875259399414
SG,3.598329544067383
UNKNOWN,3.598329544067383
