atom_index,is_real_atom,atom_type_from_onehot,importance
0,1,CB,8.83947467803955
1,1,OG1,8.83947467803955
2,1,CG2,8.738675117492676
3,1,CD1,8.525552749633789
4,1,NE1,8.312432289123535
5,1,CZ2,8.099310874938965
6,1,C,7.909096717834473
7,1,O,7.750654697418213
8,1,CB,7.592213153839111
9,1,OG1,7.433772087097168
10,1,CG2,7.1699628829956055
11,1,C,6.722738265991211
12,1,O,6.275513648986816
13,1,CB,5.828288555145264
14,1,CG1,5.539507865905762
15,1,N,5.602057933807373
16,1,CA,5.664608478546143
17,1,C,5.7271575927734375
18,1,O,5.711966037750244
19,1,CB,5.4717326164245605
20,1,CG,5.2314982414245605
21,1,CD,4.991264343261719
22,1,OE1,4.786160469055176
23,1,NE2,4.719236373901367
24,1,CA,4.652311325073242
25,1,CB,4.585386753082275
26,1,CG,4.593935012817383
27,1,CD1,5.03474235534668
28,1,CD2,5.475549697875977
29,1,CE1,5.916355609893799
30,1,CE2,6.29587459564209
31,1,CZ,6.088779449462891
32,1,NE1,5.8816819190979
33,1,CE2,5.674584865570068
34,1,CZ2,5.478090286254883
35,1,NE2,5.532487869262695
36,1,C,5.586886405944824
37,1,O,5.64128303527832
38,1,N,5.695681571960449
39,1,CA,5.754715919494629
40,1,C,5.813812732696533
41,1,O,5.872910976409912
42,1,CB,5.932008266448975
43,1,CA,5.658445358276367
44,1,C,5.360776901245117
45,1,O,5.063108921051025
46,1,CB,4.765439510345459
47,1,CG,4.745758056640625
48,1,CD,4.764566898345947
49,1,N,4.783374309539795
50,1,CA,4.802183151245117
51,1,CB,4.445174217224121
52,1,CG,4.008073806762695
53,1,CD1,3.5709729194641113
54,1,CB,3.13387131690979
