atom_index,is_real_atom,atom_type_from_onehot,importance
0,1,CG2,8.993145942687988
1,1,CD1,8.993145942687988
2,1,CA,9.242801666259766
3,1,C,9.770645141601562
4,1,O,10.29848861694336
5,1,CB,10.82633113861084
6,1,CG,11.072525024414062
7,1,CD,10.9280424118042
8,1,C,10.783557891845703
9,1,O,10.639077186584473
10,1,CB,10.505998611450195
11,1,CG2,10.392775535583496
12,1,N,10.27955436706543
13,1,CA,10.166333198547363
14,1,CB,10.189598083496094
15,1,OG,10.515511512756348
16,1,C,10.841423988342285
17,1,O,11.167337417602539
18,1,CB,11.434680938720703
19,1,N,11.532490730285645
20,1,CA,11.630301475524902
21,1,SD,11.728109359741211
22,1,CE,11.767696380615234
23,1,CD,11.578277587890625
24,1,NE,11.388860702514648
25,1,CZ,11.199441909790039
26,1,NH1,10.943232536315918
27,1,NH2,10.304496765136719
28,1,CZ3,9.665760040283203
29,1,CH2,9.027021408081055
30,1,CB,8.412383079528809
31,1,CG1,8.028403282165527
32,1,CG2,7.6444220542907715
33,1,CD1,7.260441780090332
34,1,CG,6.885095596313477
35,1,CD1,6.714097023010254
36,1,CD2,6.543098449707031
37,1,CE1,6.372100353240967
38,1,CE2,6.201101303100586
39,1,CZ,6.022984981536865
40,1,OH,5.8447723388671875
41,1,CE1,5.666558265686035
42,1,CZ,5.488344669342041
43,1,OH,5.181097030639648
