atom_index,is_real_atom,atom_type_from_onehot,importance
0,1,O,10.314769744873047
1,1,CA,10.314769744873047
2,1,O,10.482985496520996
3,1,CA,10.838645935058594
4,1,C,11.194302558898926
5,1,O,11.54996109008789
6,1,CB,11.713435173034668
7,1,CB,11.610331535339355
8,1,CG1,11.507229804992676
9,1,N,11.404126167297363
10,1,CB,11.317292213439941
11,1,CG1,11.258776664733887
12,1,CD1,11.200262069702148
13,1,CD1,11.14174747467041
14,1,CD1,11.239785194396973
15,1,CD2,11.684964179992676
16,1,CB,12.130144119262695
17,1,CG,12.575322151184082
18,1,CG,13.012249946594238
19,1,CD1,13.425291061401367
20,1,CD2,13.838332176208496
21,1,CA,14.251373291015625
22,1,C,14.606328010559082
23,1,O,14.732818603515625
24,1,CB,14.859307289123535
25,1,CG,14.985796928405762
26,1,CD2,14.909917831420898
27,1,N,13.675021171569824
28,1,SD,12.440120697021484
