atom_index,is_real_atom,atom_type_from_onehot,importance
0,1,CG1,6.700286865234375
1,1,CB,6.700286865234375
2,1,CG1,6.56845760345459
3,1,CG2,6.289734840393066
4,1,O,6.011009693145752
5,1,CA,5.732285976409912
6,1,C,5.646821975708008
7,1,O,5.829431533813477
8,1,CB,6.0120391845703125
9,1,CG,6.194648742675781
10,1,CD1,6.329658031463623
11,1,CD2,6.381811618804932
12,1,CE1,6.433964252471924
13,1,CD1,6.486116886138916
14,1,C,6.5586652755737305
15,1,O,6.6764373779296875
16,1,CB,6.7942094802856445
17,1,CG,6.911982536315918
18,1,CD2,6.971153736114502
19,1,N,6.860694885253906
20,1,CA,6.750235557556152
21,1,CB,6.639776706695557
22,1,CD1,6.5927205085754395
23,1,CG,6.79504919052124
24,1,CD1,6.997377395629883
25,1,CD2,7.199706554412842
26,1,CE1,7.336146354675293
27,1,CE2,7.0952253341674805
28,1,CZ,6.85430383682251
29,1,OH,6.61338472366333
30,1,C,6.367480278015137
31,1,O,6.073890209197998
32,1,N,5.780300617218018
33,1,CA,5.486710548400879
34,1,CB,5.194930076599121
