atom_index,is_real_atom,atom_type_from_onehot,importance
0,1,CD2,8.402544975280762
1,1,O,8.402544975280762
2,1,CG,8.495881080627441
3,1,CD1,8.693222999572754
4,1,CD2,8.890568733215332
5,1,CA,9.087907791137695
6,1,C,9.11782169342041
7,1,O,8.915497779846191
8,1,CB,8.713173866271973
9,1,CG,8.510848999023438
10,1,CD2,8.278619766235352
11,1,C,7.994332313537598
12,1,O,7.710043430328369
13,1,CB,7.425755023956299
14,1,CG,7.125102519989014
15,1,CD1,6.788167476654053
16,1,CD2,6.451231479644775
17,1,NE1,6.114295482635498
18,1,CE2,5.923083305358887
19,1,CE3,6.153704643249512
20,1,CZ2,6.3843255043029785
21,1,CZ3,6.614945888519287
22,1,CH2,6.866222381591797
23,1,N,7.198741436004639
24,1,CA,7.531261920928955
25,1,CB,7.863780975341797
26,1,CG,8.13786506652832
27,1,CD2,8.077264785766602
28,1,CD1,8.016664505004883
29,1,CE1,7.956064701080322
30,1,CE2,7.8522772789001465
31,1,CZ,7.335125923156738
32,1,OH,6.817974090576172
33,1,O,6.3008222579956055
34,1,CD2,5.815315246582031
35,1,CB,6.07871675491333
36,1,CG,6.342116832733154
37,1,CD1,6.605518341064453
38,1,CD2,6.86892032623291
39,1,CE1,6.959568500518799
40,1,CE2,7.047849178314209
41,1,CZ,7.13613224029541
42,1,CE2,7.22441291809082
43,1,CD,7.713213920593262
44,1,OE1,8.231034278869629
45,1,OE2,8.748857498168945
46,1,CD,9.266680717468262
47,1,OE1,8.996231079101562
48,1,NE2,8.616639137268066
49,1,CG,8.237049102783203
50,1,CD1,7.857456207275391
