atom_type,importance_sum
C,7.107425212860107
CA,7.107425212860107
CB,7.237552165985107
CD,7.530391216278076
CD1,7.823193073272705
CD2,8.115995407104492
CE,8.497693061828613
CE1,9.057086944580078
CE2,9.616514205932617
CE3,10.175943374633789
CG,10.912410736083984
CG1,12.268746376037598
CG2,13.625086784362793
CH2,14.98142147064209
CZ,16.244159698486328
CZ2,16.758071899414062
CZ3,17.271991729736328
O,17.785907745361328
OH,18.299819946289062
OD1,19.05669403076172
OD2,19.81357192993164
OE1,20.570444107055664
OE2,21.32732582092285
OG,21.307405471801758
OG1,21.190385818481445
N,21.073362350463867
NE,20.95633888244629
NE1,20.115148544311523
NE2,19.067127227783203
ND1,18.018943786621094
ND2,16.970924377441406
NZ,16.089012145996094
NH1,15.290281295776367
NH2,14.491547584533691
SD,13.692733764648438
SG,13.337743759155273
UNKNOWN,13.337743759155273
