atom_index,is_real_atom,atom_type_from_onehot,importance
0,1,CA,7.307521820068359
1,1,O,7.307521820068359
2,1,CB,7.264659404754639
3,1,CG,7.174037456512451
4,1,CB,7.083415985107422
5,1,CD1,6.99279260635376
6,1,CB,6.794523239135742
7,1,CG,6.446937084197998
8,1,CD1,6.099350929260254
9,1,CD2,5.751765251159668
10,1,NE1,5.578746795654297
11,1,CE2,5.70960807800293
12,1,CE3,5.840468883514404
13,1,CZ2,5.9713287353515625
14,1,CZ3,6.132646560668945
15,1,CH2,6.361499786376953
16,1,CG1,6.590353488922119
17,1,CD1,6.819207191467285
18,1,CG,6.990421295166016
19,1,CD2,6.994787216186523
20,1,OG1,6.999152183532715
21,1,CA,7.003518104553223
22,1,C,7.021968841552734
23,1,CB,7.095824718475342
24,1,CG1,7.169680118560791
25,1,CG2,7.24353551864624
26,1,CD1,7.2823486328125
27,1,N,7.120467662811279
28,1,CA,6.958587169647217
29,1,CG1,6.796706676483154
30,1,CG1,6.6366143226623535
31,1,CE,6.493643760681152
32,1,CA,6.350673675537109
33,1,C,6.207703590393066
34,1,O,6.0799150466918945
35,1,CB,6.311389923095703
36,1,CB,6.5428643226623535
37,1,CG,6.774340629577637
38,1,CD1,7.005816459655762
39,1,CD2,7.574532985687256
40,1,CE2,8.147866249084473
41,1,CD2,8.72120189666748
42,1,CB,9.294537544250488
43,1,CG,9.021108627319336
44,1,CD,8.686321258544922
45,1,OE1,8.351531982421875
46,1,NE2,8.016742706298828
47,1,CB,7.529626369476318
48,1,OG,7.021419525146484
49,1,CA,6.513211727142334
50,1,CB,6.005003452301025
51,1,CG,5.911789894104004
52,1,CD1,5.907017707824707
53,1,CD2,5.902244567871094
54,1,CE1,5.897470951080322
55,1,CE2,5.80834436416626
56,1,CZ,5.694060325622559
57,1,CE1,5.579776763916016
58,1,CZ,5.4654927253723145
59,1,OH,5.508223533630371
60,1,CG1,5.613167762756348
61,1,CG2,5.718112945556641
62,1,CE2,5.823057651519775
63,1,CZ,5.480574607849121
64,1,OH,4.90981388092041
