atom_index,is_real_atom,atom_type_from_onehot,importance
0,1,O,8.263313293457031
1,1,CB,8.263313293457031
2,1,CG,8.32071304321289
3,1,SD,8.442072868347168
4,1,CB,8.563433647155762
5,1,CG1,8.684794425964355
6,1,CG2,8.578121185302734
7,1,CD1,8.155143737792969
8,1,CG,7.732166767120361
9,1,CD2,7.309189319610596
10,1,CE2,6.959540843963623
11,1,CZ,6.737534523010254
12,1,OD1,6.515529155731201
13,1,CG,6.293524265289307
14,1,CD2,6.184660911560059
15,1,CG,6.326678276062012
16,1,CD1,6.468696117401123
17,1,CD2,6.610713005065918
18,1,CD1,6.737290859222412
19,1,CG,6.819174766540527
20,1,CD2,6.901058673858643
21,1,CE2,6.982942581176758
22,1,CZ,7.074550628662109
23,1,OH,7.204411029815674
24,1,N,7.334271430969238
25,1,CA,7.46412992477417
26,1,C,7.608419895172119
27,1,O,7.835350036621094
28,1,CB,8.062281608581543
29,1,CG,8.289212226867676
30,1,CD,8.478673934936523
31,1,CE,8.309508323669434
32,1,NZ,8.140342712402344
33,1,C,7.971177101135254
34,1,O,7.805925369262695
35,1,CB,7.73330020904541
36,1,ND2,7.660675525665283
37,1,N,7.588050842285156
38,1,CA,7.515426158905029
39,1,C,7.0643229484558105
40,1,CB,6.608036041259766
41,1,CG2,6.1517486572265625
42,1,CB,5.695460319519043
43,1,CG,5.580702781677246
44,1,CD1,5.490692138671875
45,1,CD2,5.400681972503662
46,1,NE1,5.310672760009766
47,1,CE2,5.032111167907715
48,1,CE3,4.72744607925415
49,1,CZ2,4.422778606414795
50,1,CZ3,4.118110656738281
51,1,CH2,3.8762900829315186
