atom_type,importance_sum
C,5.659457206726074
CA,5.659457206726074
CB,5.814672470092773
CD,6.163922309875488
CD1,6.513131141662598
CD2,6.862378120422363
CE,7.343641757965088
CE1,8.088897705078125
CE2,8.834111213684082
CE3,9.579330444335938
CG,10.432072639465332
CG1,11.661041259765625
CG2,12.890012741088867
CH2,14.118989944458008
CZ,15.202322006225586
CZ2,15.120543479919434
CZ3,15.038761138916016
O,14.95698070526123
OH,14.875204086303711
OD1,14.25667953491211
OD2,13.638154029846191
OE1,13.01962947845459
OE2,12.401105880737305
OG,11.87597370147705
OG1,11.362518310546875
N,10.8490629196167
NE,10.335607528686523
NE1,10.145057678222656
NE2,10.046693801879883
ND1,9.94832706451416
ND2,9.849963188171387
NZ,10.186125755310059
NH1,10.73958969116211
NH2,11.293129920959473
SD,11.84659481048584
SG,12.0925931930542
UNKNOWN,12.0925931930542
