atom_type,importance
C,0.10362852364778519
CA,0.10362852364778519
CB,0.11571169644594193
CD,0.14289772510528564
CD1,0.17008376121520996
CD2,0.1972697675228119
CE,0.21605096757411957
CE1,0.21802309155464172
CE2,0.21999430656433105
CE3,0.22196558117866516
CG,0.21986813843250275
CG1,0.20352090895175934
CG2,0.18717452883720398
CH2,0.1708281934261322
CZ,0.15719184279441833
CZ2,0.16523544490337372
CZ3,0.1732790321111679
O,0.18132266402244568
OH,0.18936623632907867
OD1,0.18291066586971283
OD2,0.17645518481731415
OE1,0.1699996441602707
OE2,0.16354414820671082
OG,0.16487723588943481
OG1,0.16718389093875885
N,0.1694905310869217
NE,0.1717972457408905
NE1,0.17919927835464478
NE2,0.18805713951587677
ND1,0.1969148963689804
ND2,0.20577271282672882
NZ,0.20814046263694763
NH1,0.20726528763771057
NH2,0.20638905465602875
SD,0.2055128812789917
SG,0.20512312650680542
UNKNOWN,0.20512312650680542
