atom_index,is_real_atom,atom_type_from_onehot,importance
0,1,CB,4.872875690460205
1,1,CG,4.872875690460205
2,1,CD2,4.830994606018066
3,1,CE2,4.742447376251221
4,1,CE3,4.653899669647217
5,1,CZ2,4.565351486206055
6,1,CZ3,4.434076309204102
7,1,CH2,4.243535041809082
8,1,CG2,4.052992343902588
9,1,CB,3.8624508380889893
10,1,CD2,3.7533411979675293
11,1,CE1,3.785984516143799
12,1,CE2,3.8186275959014893
13,1,CZ,3.8512704372406006
14,1,OH,3.889648914337158
15,1,CA,3.9407458305358887
16,1,C,3.9918429851531982
17,1,O,4.04293966293335
18,1,CB,4.085082054138184
19,1,CG,4.1013031005859375
20,1,CB,4.117523670196533
21,1,CG,4.133744716644287
22,1,CD1,4.121521949768066
23,1,CD2,3.997421979904175
24,1,NE1,3.873321533203125
25,1,CE2,3.749220848083496
26,1,CE3,3.6744863986968994
27,1,CZ2,3.882479667663574
28,1,CZ3,4.090473175048828
29,1,CH2,4.298466682434082
30,1,CD1,4.508152008056641
31,1,CE1,4.734019756317139
32,1,CZ,4.959890842437744
33,1,CD2,5.185760974884033
34,1,CE1,5.408725261688232
35,1,CE2,5.562925338745117
36,1,CZ,5.717124938964844
37,1,O,5.87132453918457
38,1,CA,6.025525093078613
39,1,C,5.757326126098633
40,1,O,5.483344554901123
41,1,CB,5.209359645843506
42,1,CG1,4.935375690460205
43,1,CG2,4.767667293548584
44,1,N,4.607660293579102
45,1,CA,4.447652816772461
46,1,C,4.287644386291504
47,1,O,3.9981913566589355
48,1,N,3.6908164024353027
49,1,CA,3.383439540863037
50,1,C,3.0760631561279297
51,1,O,3.0465850830078125
52,1,CB,3.0763306617736816
53,1,CG,3.106076240539551
54,1,CD1,3.135822296142578
55,1,CD2,3.1767795085906982
56,1,CE1,3.221081018447876
57,1,CE2,3.265383243560791
58,1,CZ,3.309684991836548
