atom_type,importance
C,0.06866572797298431
CA,0.06866572797298431
CB,0.07160067558288574
CD,0.07820460945367813
CD1,0.08480795472860336
CD2,0.0914113000035286
CE,0.09465840458869934
CE1,0.09119300544261932
CE2,0.0877276137471199
CE3,0.08426161110401154
CG,0.08225281536579132
CG1,0.08534059673547745
CG2,0.08842840045690536
CH2,0.09151618927717209
CZ,0.09632773697376251
CZ2,0.11492887884378433
CZ3,0.13353055715560913
O,0.15213221311569214
OH,0.17073385417461395
OD1,0.17090125381946564
OD2,0.17106860876083374
OE1,0.17123596370220184
OE2,0.17140331864356995
OG,0.1707753688097
OG1,0.17004793882369995
N,0.16932058334350586
NE,0.1685931384563446
NE1,0.1832066923379898
NE2,0.20220313966274261
ND1,0.2211988866329193
ND2,0.2401960790157318
NZ,0.2395336627960205
NH1,0.22904403507709503
NH2,0.2185542732477188
SD,0.2080642431974411
SG,0.20340213179588318
UNKNOWN,0.20340213179588318
