atom_index,is_real_atom,atom_type_from_onehot,importance
0,1,CE1,7.240665435791016
1,1,CE2,7.240665435791016
2,1,CZ,7.024236679077148
3,1,CD1,6.566644191741943
4,1,CE1,6.109052658081055
5,1,CE2,5.65146017074585
6,1,CZ,5.367922782897949
7,1,O,5.325817108154297
8,1,CB,5.2837114334106445
9,1,CG,5.241605281829834
10,1,CD1,5.273769378662109
11,1,CD2,5.435217380523682
12,1,CE1,5.59666633605957
13,1,CE2,5.758114337921143
14,1,CZ,5.910597324371338
15,1,C,6.043201446533203
16,1,CB,6.175805568695068
17,1,N,6.308409214019775
18,1,CA,6.495141983032227
19,1,CG2,6.838559150695801
20,1,O,7.181976318359375
21,1,CB,7.525393009185791
22,1,CG1,7.849856376647949
23,1,CG2,8.099764823913574
24,1,CD1,8.349672317504883
25,1,N,8.59958267211914
26,1,CA,8.847001075744629
27,1,CB,9.080157279968262
28,1,C,9.313316345214844
29,1,O,9.546472549438477
30,1,CG2,9.739264488220215
31,1,CG2,9.54569149017334
32,1,N,9.352117538452148
33,1,CA,9.158544540405273
34,1,C,8.963062286376953
35,1,O,8.722328186035156
36,1,CB,8.481595039367676
37,1,CG,8.240862846374512
38,1,CD,8.000129699707031
39,1,C,7.808128356933594
40,1,O,7.616794586181641
41,1,CB,7.425458908081055
42,1,CB,7.234123706817627
43,1,OG,6.694337844848633
