atom_type,importance
C,0.0953126773238182
CA,0.0953126773238182
CB,0.09844894707202911
CD,0.1055050641298294
CD1,0.11256144195795059
CD2,0.11961794644594193
CE,0.12513217329978943
CE1,0.12756387889385223
CE2,0.12999558448791504
CE3,0.13242727518081665
CG,0.13893231749534607
CG1,0.15969841182231903
CG2,0.18046452105045319
CH2,0.20123060047626495
CZ,0.21918551623821259
CZ2,0.21465088427066803
CZ3,0.2101161777973175
O,0.20558148622512817
OH,0.201046884059906
OD1,0.1861688792705536
OD2,0.17129087448120117
OE1,0.15641285479068756
OE2,0.14153489470481873
OG,0.13196854293346405
OG1,0.12306612730026245
N,0.11416374146938324
NE,0.10526134073734283
NE1,0.09806271642446518
NE2,0.09135019034147263
ND1,0.08463764935731888
ND2,0.07792568951845169
NZ,0.07454297691583633
NH1,0.07282575219869614
NH2,0.07110845297574997
SD,0.06939087063074112
SG,0.06862780451774597
UNKNOWN,0.06862780451774597
