atom_index,is_real_atom,atom_type_from_onehot,importance
0,1,C,9.775507926940918
1,1,O,9.775507926940918
2,1,CG,10.129864692687988
3,1,CD1,10.879077911376953
4,1,CD2,11.628290176391602
5,1,CA,12.37750244140625
6,1,C,12.62949275970459
7,1,O,12.191786766052246
8,1,N,11.754077911376953
9,1,CB,11.316370010375977
10,1,CG2,10.993523597717285
11,1,CD1,10.87061882019043
12,1,CG,10.747715950012207
13,1,CD1,10.624810218811035
14,1,CD2,10.445035934448242
15,1,CB,10.139163970947266
16,1,CG1,9.833288192749023
17,1,CD1,9.527412414550781
18,1,CG1,9.228205680847168
19,1,CG2,8.948305130004883
20,1,CD1,8.668403625488281
21,1,CD2,8.388503074645996
22,1,CB,8.138167381286621
23,1,CG,8.004119873046875
24,1,CD1,7.870073318481445
25,1,CD2,7.736024856567383
26,1,CE1,7.560941219329834
27,1,CE2,7.150830268859863
28,1,CZ,6.740719795227051
29,1,CD1,6.3306074142456055
30,1,CD1,5.956406593322754
