atom_type,importance_sum
C,5.196597576141357
CA,5.196597576141357
CB,6.082674980163574
CD,8.076375961303711
CD1,10.06998348236084
CD2,12.063725471496582
CE,13.678116798400879
CE1,14.533979415893555
CE2,15.38984203338623
CE3,16.245710372924805
CG,17.018550872802734
CG1,17.501008987426758
CG2,17.983482360839844
CH2,18.465970993041992
CZ,18.844030380249023
CZ2,18.386632919311523
CZ3,17.92923927307129
O,17.471858978271484
OH,17.014490127563477
OD1,15.180354118347168
OD2,13.346163749694824
OE1,11.511978149414062
OE2,9.67778491973877
OG,9.06789779663086
OG1,8.611053466796875
N,8.154211044311523
NE,7.697380542755127
NE1,7.2542948722839355
NE2,6.815147399902344
ND1,6.3759965896606445
ND2,5.9368486404418945
NZ,6.526961326599121
NH1,7.6317524909973145
NH2,8.736495971679688
SD,9.841286659240723
SG,10.332297325134277
UNKNOWN,10.332297325134277
