atom_type,importance
C,0.11726192384958267
CA,0.11726192384958267
CB,0.11919548362493515
CD,0.12354832887649536
CD1,0.12789998948574066
CD2,0.13225285708904266
CE,0.13673101365566254
CE1,0.14146336913108826
CE2,0.14619573950767517
CE3,0.1509280502796173
CG,0.157963365316391
CG1,0.1730566918849945
CG2,0.18815001845359802
CH2,0.20324330031871796
CZ,0.21593132615089417
CZ2,0.20938023924827576
CZ3,0.20282883942127228
O,0.19627745449543
OH,0.18972600996494293
OD1,0.19189074635505676
OD2,0.19405540823936462
OE1,0.19622009992599487
OE2,0.1983848214149475
OG,0.18759290874004364
OG1,0.17518141865730286
N,0.16276989877223969
NE,0.1503584384918213
NE1,0.15048405528068542
NE2,0.15419192612171173
ND1,0.1578998565673828
ND2,0.1616077870130539
NZ,0.17104820907115936
NH1,0.1833537220954895
NH2,0.19565925002098083
SD,0.2079658955335617
SG,0.2134348750114441
UNKNOWN,0.2134348750114441
