atom_index,is_real_atom,atom_type_from_onehot,importance
0,1,CG,8.529060363769531
1,1,CD1,8.529060363769531
2,1,CD2,8.527423858642578
3,1,CG,8.523964881896973
4,1,CD,8.52050495147705
5,1,NE,8.517047882080078
6,1,CZ,8.290514945983887
7,1,NH2,7.754558086395264
8,1,CA,7.218601703643799
9,1,C,6.682644367218018
10,1,O,6.353061676025391
11,1,CB,6.382720947265625
12,1,CG,6.412381649017334
13,1,CD1,6.442043304443359
14,1,CD2,6.403992652893066
15,1,CE1,6.215800762176514
16,1,CE2,6.027608394622803
17,1,CZ,5.839416027069092
18,1,OH,5.755585193634033
19,1,CB,5.973848819732666
20,1,CG1,6.19211483001709
21,1,CG2,6.410379409790039
22,1,N,6.540099143981934
23,1,CA,6.321544170379639
24,1,CB,6.102987766265869
25,1,CG,5.884432315826416
26,1,OD1,5.65604829788208
27,1,CB,5.371376037597656
28,1,CG,5.086702823638916
29,1,CD1,4.802029132843018
30,1,CD2,4.559561729431152
31,1,CE1,4.721052646636963
32,1,CE2,4.882544040679932
33,1,CZ,5.044035911560059
34,1,CD1,5.212965488433838
35,1,CE1,5.557939052581787
36,1,CZ,5.90291166305542
37,1,CG,6.247885227203369
38,1,CD,6.592858791351318
39,1,CE,6.790379524230957
40,1,NZ,6.985880374908447
41,1,CG2,7.1813812255859375
42,1,CD1,7.376882076263428
43,1,CB,6.98549747467041
44,1,CG,6.55158805847168
45,1,CD1,6.11767578125
46,1,CD2,5.683764457702637
47,1,NE1,5.376279354095459
48,1,CE2,5.086301326751709
49,1,CE3,4.796321392059326
50,1,CZ2,4.506341934204102
51,1,CZ3,4.399108409881592
52,1,CH2,4.330821514129639
53,1,CG,4.2625346183776855
54,1,CD1,4.194247722625732
55,1,CD2,3.979861259460449
