atom_type,importance
C,0.10451821982860565
CA,0.10451821982860565
CB,0.10882982611656189
CD,0.11853057891130447
CD1,0.1282319575548172
CD2,0.1379333734512329
CE,0.146013081073761
CE1,0.15085217356681824
CE2,0.15568996965885162
CE3,0.16052904725074768
CG,0.16552503407001495
CG1,0.17107471823692322
CG2,0.1766243577003479
CH2,0.18217399716377258
CZ,0.1867881417274475
CZ2,0.18391861021518707
CZ3,0.18104906380176544
O,0.1781795769929886
OH,0.17531000077724457
OD1,0.1587395966053009
OD2,0.14216919243335724
OE1,0.12559877336025238
OE2,0.10902836173772812
OG,0.09840671718120575
OG1,0.08852865546941757
N,0.07865060865879059
NE,0.06877255439758301
NE1,0.06627590209245682
NE2,0.06588803976774216
ND1,0.06549954414367676
ND2,0.0651116669178009
NZ,0.06593531370162964
NH1,0.0673643946647644
NH2,0.06879344582557678
SD,0.07022270560264587
SG,0.07085790485143661
UNKNOWN,0.07085790485143661
