atom_index,is_real_atom,atom_type_from_onehot,importance
0,1,CG1,4.5760908126831055
1,1,CD1,4.5760908126831055
2,1,CD2,4.786287307739258
3,1,CB,5.230703353881836
4,1,CG,5.675118446350098
5,1,CD1,6.119534969329834
6,1,CD2,6.4018659591674805
7,1,CE1,6.459369659423828
8,1,CE2,6.516873836517334
9,1,CZ,6.574377536773682
10,1,OH,6.711430549621582
11,1,CG1,6.986957550048828
12,1,CG2,7.262485504150391
13,1,N,7.538012981414795
14,1,CA,7.667261600494385
15,1,O,7.4721527099609375
16,1,CB,7.277041912078857
17,1,OG1,7.08193302154541
18,1,CG2,6.9307780265808105
19,1,CA,6.906857967376709
20,1,C,6.882938861846924
21,1,CB,6.859018325805664
22,1,CG1,6.839380264282227
23,1,CG2,6.836584568023682
24,1,N,6.833787441253662
25,1,CA,6.830991744995117
26,1,CB,6.799396991729736
27,1,CG1,6.602871894836426
28,1,CD1,6.406345367431641
29,1,CD1,6.209819316864014
30,1,CG1,6.011170864105225
31,1,CD1,5.792205810546875
