atom_type,importance_sum
C,5.562502861022949
CA,5.562502861022949
CB,5.709272384643555
CD,6.039577960968018
CD1,6.369832515716553
CD2,6.700090408325195
CE,6.9921464920043945
CE1,7.207803726196289
CE2,7.423458099365234
CE3,7.63906717300415
CG,8.034494400024414
CG1,9.058993339538574
CG2,10.083540916442871
CH2,11.108088493347168
CZ,11.977560043334961
CZ2,11.606439590454102
CZ3,11.235319137573242
O,10.8641996383667
OH,10.493078231811523
OD1,9.207108497619629
OD2,7.921185493469238
OE1,6.635214805603027
OE2,5.349244594573975
OG,5.2025675773620605
OG1,5.198304653167725
N,5.194039821624756
NE,5.1897759437561035
NE1,5.010941982269287
NE2,4.782225608825684
ND1,4.553509712219238
ND2,4.324795246124268
NZ,4.48822021484375
NH1,4.847692012786865
NH2,5.207160949707031
SD,5.566595554351807
SG,5.726383209228516
UNKNOWN,5.726383209228516
