atom_index,is_real_atom,atom_type_from_onehot,importance
0,1,CD1,11.729109764099121
1,1,CD2,11.729109764099121
2,1,CE1,12.00366497039795
3,1,CZ,12.584156036376953
4,1,C,13.164647102355957
5,1,O,13.745138168334961
6,1,CB,13.90837287902832
7,1,CG,13.492833137512207
8,1,CD2,13.077295303344727
9,1,CG2,12.66175651550293
10,1,N,12.10577392578125
11,1,CA,11.305322647094727
12,1,O,10.504868507385254
13,1,CB,9.704416275024414
14,1,CG,9.004788398742676
15,1,CD1,8.528729438781738
16,1,CE1,8.0526704788208
17,1,CB,7.576613426208496
18,1,CG,7.207364559173584
19,1,CD1,7.147306442260742
20,1,CD2,7.087248802185059
21,1,CE1,7.027190208435059
22,1,CE2,6.902346611022949
23,1,CZ,6.522675037384033
24,1,OH,6.143002986907959
