atom_type,importance_sum
C,6.581730842590332
CA,6.581730842590332
CB,6.940877914428711
CD,7.7490129470825195
CD1,8.557085990905762
CD2,9.3651762008667
CE,9.948891639709473
CE1,10.083669662475586
CE2,10.21854305267334
CE3,10.353334426879883
CG,10.627615928649902
CG1,11.39004898071289
CG2,12.152481079101562
CH2,12.914916038513184
CZ,13.635641098022461
CZ2,14.022723197937012
CZ3,14.40980339050293
O,14.796886444091797
OH,15.183965682983398
OD1,14.8999662399292
OD2,14.615966796875
OE1,14.331966400146484
OE2,14.047969818115234
OG,13.337656021118164
OG1,12.57404899597168
N,11.810447692871094
NE,11.046842575073242
NE1,10.322895050048828
NE2,9.610332489013672
ND1,8.897769927978516
ND2,8.185158729553223
NZ,8.085867881774902
NH1,8.293157577514648
NH2,8.500450134277344
SD,8.707785606384277
SG,8.799895286560059
UNKNOWN,8.799895286560059
