atom_index,is_real_atom,atom_type_from_onehot,importance
0,1,CE2,6.072470188140869
1,1,CZ,6.072470188140869
2,1,CE1,6.231234073638916
3,1,CZ,6.566904544830322
4,1,CD1,6.902576446533203
5,1,CD1,7.238246917724609
6,1,CD2,7.409973621368408
7,1,CD2,7.3542962074279785
8,1,CG,7.298618316650391
9,1,CD1,7.2429399490356445
10,1,CD2,7.289994239807129
11,1,CA,7.515875816345215
12,1,O,7.741757392883301
13,1,CB,7.96763801574707
14,1,CG1,8.083625793457031
15,1,CG2,7.955932140350342
16,1,C,7.8282389640808105
17,1,O,7.7005462646484375
18,1,CB,7.5075364112854
19,1,SG,7.125452995300293
20,1,N,6.7433695793151855
21,1,CA,6.361286163330078
22,1,CB,6.047451496124268
23,1,CG,6.0020670890808105
24,1,CD1,5.956681251525879
25,1,CD2,5.911296844482422
26,1,CE1,5.892855644226074
27,1,CE2,6.0287251472473145
28,1,CZ,6.164595603942871
29,1,CA,6.300465106964111
30,1,C,6.440135478973389
31,1,O,6.616171836853027
32,1,CB,6.792208194732666
33,1,CG,6.968244552612305
34,1,CD2,7.130805969238281
35,1,CE2,6.974460124969482
36,1,N,6.818116664886475
37,1,CA,6.661771297454834
38,1,CB,6.505425453186035
39,1,SG,6.220993518829346
40,1,SG,5.934806823730469
