atom_type,importance_sum
C,4.636924743652344
CA,4.636924743652344
CB,4.84067964553833
CD,5.299061298370361
CD1,5.757443428039551
CD2,6.215826034545898
CE,6.674557209014893
CE1,7.134036540985107
CE2,7.593515396118164
CE3,8.052995681762695
CG,8.460091590881348
CG1,8.684074401855469
CG2,8.908056259155273
CH2,9.132039070129395
CZ,9.373007774353027
CZ2,9.74986457824707
CZ3,10.12672233581543
O,10.503576278686523
OH,10.880436897277832
OD1,10.298398971557617
OD2,9.716362953186035
OE1,9.134324073791504
OE2,8.552289962768555
OG,8.430476188659668
OG1,8.366189956665039
N,8.301905632019043
NE,8.237622261047363
NE1,8.613069534301758
NE2,9.114093780517578
ND1,9.615204811096191
ND2,10.116233825683594
NZ,10.731131553649902
NH1,11.403060913085938
NH2,12.074986457824707
SD,12.746824264526367
SG,13.04547119140625
UNKNOWN,13.04547119140625
