atom_index,is_real_atom,atom_type_from_onehot,importance
0,1,CD1,7.804539203643799
1,1,O,7.804539203643799
2,1,SG,7.81483268737793
3,1,CA,7.8365983963012695
4,1,C,7.858362674713135
5,1,O,7.880126953125
6,1,CB,7.776088237762451
7,1,CG1,7.497551441192627
8,1,CG2,7.219013214111328
9,1,CB,6.9404754638671875
10,1,CG,6.891352653503418
11,1,CD,7.241580963134766
12,1,CA,7.591810703277588
13,1,O,7.942039489746094
14,1,CB,8.104010581970215
15,1,OG,7.848544597625732
16,1,N,7.593077659606934
17,1,CA,7.337610244750977
18,1,C,7.117822647094727
19,1,O,7.001316547393799
20,1,CB,6.884809494018555
21,1,CG,6.768303871154785
22,1,CD,6.627584457397461
23,1,OE1,6.391630172729492
24,1,N,6.155675888061523
25,1,CA,5.9197211265563965
26,1,C,5.677149772644043
27,1,O,5.396681308746338
28,1,CB,5.116212368011475
29,1,CG,4.8357439041137695
30,1,CD1,4.597155570983887
31,1,CD2,4.759422302246094
32,1,NE1,4.921690464019775
33,1,CE2,5.083957195281982
34,1,CE3,5.240281105041504
35,1,CZ2,5.255944728851318
36,1,CZ3,5.271608352661133
37,1,CH2,5.287272930145264
38,1,N,5.30293607711792
39,1,CA,5.385174751281738
40,1,C,5.468325614929199
41,1,O,5.551476001739502
42,1,N,5.634626865386963
43,1,CA,5.607611656188965
44,1,CB,5.572614669799805
45,1,CG,5.537616729736328
46,1,SD,5.502619743347168
47,1,CE,5.347076416015625
48,1,CB,5.174844264984131
49,1,CG1,5.00261116027832
50,1,CG2,4.83037805557251
51,1,CG,4.763864040374756
52,1,CD1,4.719881534576416
53,1,CD2,4.675898551940918
