atom_type,importance_sum
C,8.249907493591309
CA,8.249907493591309
CB,8.324454307556152
CD,8.492192268371582
CD1,8.659912109375
CD2,8.827629089355469
CE,9.416962623596191
CE1,10.849601745605469
CE2,12.282166481018066
CE3,13.714801788330078
CG,14.478642463684082
CG1,12.901927947998047
CG2,11.325215339660645
CH2,9.74849796295166
CZ,8.342373847961426
CZ2,8.300942420959473
CZ3,8.25951099395752
O,8.218082427978516
OH,8.176652908325195
OD1,8.117374420166016
OD2,8.058098793029785
OE1,7.998818397521973
OE2,7.939526081085205
OG,8.522582054138184
OG1,9.1859769821167
N,9.849366188049316
NE,10.5127592086792
NE1,10.801776885986328
NE2,10.983768463134766
ND1,11.165752410888672
ND2,11.347744941711426
NZ,11.699904441833496
NH1,12.137065887451172
NH2,12.574308395385742
SD,13.01154899597168
SG,13.205832481384277
UNKNOWN,13.205832481384277
