atom_type,importance
C,0.2859315872192383
CA,0.2859315872192383
CB,0.2888142764568329
CD,0.29530054330825806
CD1,0.301786333322525
CD2,0.3082721531391144
CE,0.3112391233444214
CE1,0.3071674406528473
CE2,0.30309590697288513
CE3,0.2990244925022125
CG,0.3030577003955841
CG1,0.3354572355747223
CG2,0.36785659193992615
CH2,0.4002559185028076
CZ,0.42888152599334717
CZ2,0.427317351102829
CZ3,0.42575350403785706
O,0.4241895079612732
OH,0.42262524366378784
OD1,0.4173077344894409
OD2,0.41199010610580444
OE1,0.4066721796989441
OE2,0.40135452151298523
OG,0.40887153148651123
OG1,0.41799306869506836
N,0.42711466550827026
NE,0.4362359642982483
NE1,0.42583227157592773
NE2,0.4098498523235321
ND1,0.3938673734664917
ND2,0.3778848648071289
NZ,0.3507159948348999
NH1,0.31795406341552734
NH2,0.2851920425891876
SD,0.25243014097213745
SG,0.2378692924976349
UNKNOWN,0.2378692924976349
