atom_type,importance_sum
C,6.212131500244141
CA,6.212131500244141
CB,7.0461530685424805
CD,8.92264175415039
CD1,10.799083709716797
CD2,12.675620079040527
CE,13.785635948181152
CE1,13.36270809173584
CE2,12.939781188964844
CE3,12.516752243041992
CG,11.977317810058594
CG1,11.029769897460938
CG2,10.0822172164917
CH2,9.13466739654541
CZ,8.273757934570312
CZ2,8.105950355529785
CZ3,7.938145637512207
O,7.770365238189697
OH,7.602581977844238
OD1,6.8531012535095215
OD2,6.1036176681518555
OE1,5.354135990142822
OE2,4.604653358459473
OG,5.185634613037109
OG1,5.932925701141357
N,6.680215358734131
NE,7.427504539489746
NE1,8.458788871765137
NE2,9.571205139160156
ND1,10.683721542358398
ND2,11.79613971710205
NZ,12.640096664428711
NH1,13.34972858428955
NH2,14.05946159362793
SD,14.769189834594727
SG,15.084613800048828
UNKNOWN,15.084613800048828
