atom_index,is_real_atom,atom_type_from_onehot,importance
0,1,OG,7.609921932220459
1,1,CB,7.609921932220459
2,1,CG,7.760885238647461
3,1,CD1,8.080063819885254
4,1,CD2,8.39924144744873
5,1,CE2,8.71842098236084
6,1,CZ,8.952375411987305
7,1,OG1,9.068117141723633
8,1,CG,9.183859825134277
9,1,CD1,9.299598693847656
10,1,CD2,9.46848201751709
11,1,CE1,9.729870796203613
12,1,CE2,9.991256713867188
13,1,CZ,10.252644538879395
14,1,CA,10.503557205200195
15,1,C,10.73125171661377
16,1,O,10.958942413330078
17,1,CB,11.18663501739502
18,1,CG,11.425090789794922
19,1,CD2,11.694711685180664
20,1,N,11.96433162689209
21,1,CA,12.233951568603516
22,1,CB,12.404021263122559
23,1,CG,12.182519912719727
24,1,CD,11.961020469665527
25,1,OE2,11.739520072937012
26,1,CB,11.392356872558594
27,1,CG,10.325482368469238
28,1,CD2,9.2586088180542
29,1,CD2,8.19173526763916
