atom_type,importance
C,0.07004814594984055
CA,0.07004814594984055
CB,0.07690788060426712
CD,0.09234298020601273
CD1,0.10777736455202103
CD2,0.12321241945028305
CE,0.1332852691411972
CE1,0.13263355195522308
CE2,0.13198330998420715
CE3,0.13133160769939423
CG,0.13195890188217163
CG1,0.13705749809741974
CG2,0.14215604960918427
CH2,0.14725466072559357
CZ,0.1513558179140091
CZ2,0.14747753739356995
CZ3,0.1435992419719696
O,0.13972096145153046
OH,0.13584265112876892
OD1,0.12267951667308807
OD2,0.10951633751392365
OE1,0.09635316580533981
OE2,0.08319002389907837
OG,0.07920729368925095
OG1,0.07637213915586472
N,0.07353698462247849
NE,0.07070183753967285
NE1,0.06973344832658768
NE2,0.06929933279752731
ND1,0.06886450946331024
ND2,0.06843039393424988
NZ,0.07565975934267044
NH1,0.08672192692756653
NH2,0.0977833941578865
SD,0.1088455319404602
SG,0.11376204341650009
UNKNOWN,0.11376204341650009
