atom_index,is_real_atom,atom_type_from_onehot,importance
0,1,OH,10.977666854858398
1,1,CB,10.977666854858398
2,1,CG,11.064237594604492
3,1,CD1,11.247278213500977
4,1,CD2,11.430320739746094
5,1,NE1,11.613361358642578
6,1,CE2,11.78043270111084
7,1,CE3,11.925355911254883
8,1,CZ2,12.070280075073242
9,1,CZ3,12.215206146240234
10,1,CH2,12.295064926147461
11,1,C,12.261669158935547
12,1,CG2,12.228272438049316
13,1,CD1,12.194873809814453
14,1,N,12.096075057983398
15,1,CA,11.852255821228027
16,1,CB,11.608433723449707
17,1,CG,11.364612579345703
18,1,CD1,10.972832679748535
19,1,CD2,10.152742385864258
20,1,CA,9.332651138305664
21,1,CB,8.512561798095703
