atom_type,importance_sum
C,8.199296951293945
CA,8.199296951293945
CB,8.751164436340332
CD,9.992844581604004
CD1,11.23452377319336
CD2,12.476203918457031
CE,13.221485137939453
CE1,12.973855018615723
CE2,12.726336479187012
CE3,12.47871208190918
CG,12.294849395751953
CG1,12.333893775939941
CG2,12.372941017150879
CH2,12.41198444366455
CZ,12.45609188079834
CZ2,12.540724754333496
CZ3,12.625351905822754
O,12.709980964660645
OH,12.794609069824219
OD1,12.389437675476074
OD2,11.984262466430664
OE1,11.579086303710938
OE2,11.173911094665527
OG,10.886539459228516
OG1,10.613886833190918
N,10.341230392456055
NE,10.06857681274414
NE1,10.309085845947266
NE2,10.696269035339355
ND1,11.083441734313965
ND2,11.470620155334473
NZ,11.70959758758545
NH1,11.874261856079102
NH2,12.039017677307129
SD,12.203709602355957
SG,12.276948928833008
UNKNOWN,12.276948928833008
