atom_index,is_real_atom,atom_type_from_onehot,importance
0,1,CD1,8.991266250610352
1,1,CD2,8.991266250610352
2,1,CD2,9.206195831298828
3,1,CE2,9.66062068939209
4,1,CA,10.115043640136719
5,1,O,10.569470405578613
6,1,C,10.802857398986816
7,1,CB,10.729640007019043
8,1,CG,10.656421661376953
9,1,CD2,10.583206176757812
10,1,N,10.51956558227539
11,1,CA,10.4725980758667
12,1,O,10.42563247680664
13,1,CB,10.378665924072266
14,1,CD1,10.461573600769043
15,1,OH,10.832460403442383
16,1,CD2,11.203348159790039
17,1,CA,11.574233055114746
18,1,CB,11.857043266296387
19,1,CD1,11.884879112243652
20,1,CE1,11.9127197265625
21,1,C,11.940560340881348
22,1,O,11.837233543395996
23,1,CB,11.218003273010254
24,1,OG,10.598772048950195
25,1,N,9.979538917541504
26,1,CA,9.444501876831055
27,1,CB,9.391670227050781
28,1,CB,9.338835716247559
29,1,CG,9.285999298095703
30,1,CD1,9.258733749389648
31,1,CD2,9.476197242736816
32,1,CG,9.693662643432617
33,1,CD2,9.911126136779785
34,1,CE1,10.11425495147705
35,1,CE2,9.978111267089844
36,1,CZ,9.84196662902832
37,1,OH,9.705821990966797
38,1,NE1,9.56967830657959
39,1,CE2,9.236289978027344
40,1,CZ2,8.900200843811035
41,1,CZ3,8.56411075592041
42,1,CH2,8.228020668029785
