atom_type,importance_sum
C,4.853455543518066
CA,4.853455543518066
CB,5.790519714355469
CD,7.898869037628174
CD1,10.007222175598145
CD2,12.115572929382324
CE,13.736976623535156
CE1,14.384400367736816
CE2,15.03182601928711
CE3,15.679245948791504
CG,16.19264030456543
CG1,16.237171173095703
CG2,16.281707763671875
CH2,16.32624053955078
CZ,16.464385986328125
CZ2,17.351469039916992
CZ3,18.238548278808594
O,19.125625610351562
OH,20.012699127197266
OD1,19.342266082763672
OD2,18.671833038330078
OE1,18.00139617919922
OE2,17.330961227416992
OG,17.29049301147461
OG1,17.328771591186523
N,17.367050170898438
NE,17.40532684326172
NE1,17.12978172302246
NE2,16.76447296142578
ND1,16.39919090270996
ND2,16.033905029296875
NZ,15.47702693939209
NH1,14.824172973632812
NH2,14.171406745910645
SD,13.518634796142578
SG,13.228544235229492
UNKNOWN,13.228544235229492
