atom_index,is_real_atom,atom_type_from_onehot,importance
0,1,CD1,8.90034008026123
1,1,CD1,8.90034008026123
2,1,CE1,9.018402099609375
3,1,CZ,9.26801586151123
4,1,CA,9.517630577087402
5,1,O,9.767244338989258
6,1,CG1,9.9410982131958
7,1,CD1,10.009870529174805
8,1,C,10.078639030456543
9,1,CB,10.14741039276123
10,1,CG2,10.252243041992188
11,1,CD1,10.419851303100586
12,1,N,10.587461471557617
13,1,CA,10.7550687789917
14,1,CB,10.765007019042969
15,1,OG1,10.425328254699707
16,1,C,10.085650444030762
17,1,O,9.745970726013184
18,1,CB,9.46936321258545
19,1,CD1,9.375334739685059
20,1,N,9.281304359436035
21,1,CA,9.187274932861328
22,1,CB,9.102204322814941
23,1,CG,9.05236530303955
24,1,CD1,9.002528190612793
25,1,CD2,8.952690124511719
26,1,CB,8.888761520385742
27,1,CG1,8.74411678314209
28,1,CG2,8.59947395324707
29,1,CD1,8.45483112335205
30,1,CG1,8.315373420715332
31,1,CG2,8.225556373596191
32,1,CG1,8.135736465454102
33,1,CD1,8.045917510986328
34,1,CD1,7.940357208251953
35,1,CD1,7.462242126464844
36,1,CD2,6.984127521514893
37,1,CD1,6.506011486053467
