atom_index,is_real_atom,atom_type_from_onehot,importance
0,1,CB,8.155198097229004
1,1,CG1,8.155198097229004
2,1,CG2,8.408245086669922
3,1,CB,8.943253517150879
4,1,CG,9.478262901306152
5,1,CD1,10.013273239135742
6,1,CG,10.210261344909668
7,1,CD2,9.938385009765625
8,1,CG1,9.66650676727295
9,1,CD2,9.394630432128906
10,1,CA,9.083978652954102
11,1,C,8.705829620361328
12,1,O,8.327680587768555
13,1,CB,7.949532508850098
14,1,CG,7.742412567138672
15,1,CD1,7.914529800415039
16,1,CD2,8.086647987365723
17,1,CE1,8.25876522064209
18,1,CE2,8.43716812133789
19,1,CZ,8.633761405944824
20,1,OH,8.830353736877441
21,1,CA,9.026948928833008
22,1,C,9.238269805908203
23,1,O,9.50751781463623
24,1,CB,9.77677059173584
25,1,N,10.046019554138184
26,1,CA,10.215963363647461
27,1,CB,9.817156791687012
28,1,CG,9.418351173400879
29,1,CD1,9.019543647766113
30,1,CD2,8.634305953979492
31,1,CD2,8.378960609436035
32,1,CB,8.123613357543945
33,1,CG1,7.868267059326172
34,1,CG2,7.618189334869385
35,1,CD1,7.492812156677246
36,1,CB,7.367435455322266
37,1,CG1,7.242058753967285
38,1,CG2,7.116682529449463
39,1,CD1,6.735640048980713
