atom_type,importance
C,0.1500478833913803
CA,0.1500478833913803
CB,0.15649595856666565
CD,0.17100323736667633
CD1,0.1855105310678482
CD2,0.20001786947250366
CE,0.20449917018413544
CE1,0.18892647325992584
CE2,0.17335475981235504
CE3,0.15778197348117828
CG,0.1468709111213684
CG1,0.15227288007736206
CG2,0.1576748937368393
CH2,0.16307686269283295
CZ,0.16946953535079956
CZ2,0.18378785252571106
CZ3,0.19810619950294495
O,0.21242450177669525
OH,0.22674278914928436
OD1,0.22617065906524658
OD2,0.2255984991788864
OE1,0.2250264286994934
OE2,0.22445431351661682
OG,0.21288590133190155
OG1,0.19994287192821503
N,0.18699988722801208
NE,0.17405690252780914
NE1,0.17333438992500305
NE2,0.17610231041908264
ND1,0.1788702756166458
ND2,0.18163816630840302
NZ,0.1746421605348587
NH1,0.16276320815086365
NH2,0.1508842408657074
SD,0.13900525867938995
SG,0.13372571766376495
UNKNOWN,0.13372571766376495
