atom_index,is_real_atom,atom_type_from_onehot,importance
0,1,CG2,11.705829620361328
1,1,CB,11.705829620361328
2,1,OG,11.875146865844727
3,1,SD,12.233124732971191
4,1,CE,12.591106414794922
5,1,CG1,12.949087142944336
6,1,CG2,13.136796951293945
7,1,CD1,13.088327407836914
8,1,CE,13.039859771728516
9,1,CG,12.991390228271484
10,1,CD1,12.766281127929688
11,1,CD2,12.233692169189453
12,1,CD1,11.701101303100586
13,1,CD2,11.168511390686035
14,1,NH1,10.570534706115723
15,1,CZ,9.827566146850586
