atom_type,importance_sum
C,6.580446243286133
CA,6.580446243286133
CB,7.046933174133301
CD,8.09648609161377
CD1,9.14600658416748
CD2,10.19558048248291
CE,10.94558334350586
CE1,11.096671104431152
CE2,11.247762680053711
CE3,11.398853302001953
CG,11.540729522705078
CG1,11.65046501159668
CG2,11.760199546813965
CH2,11.86993408203125
CZ,11.894831657409668
CZ2,11.241034507751465
CZ3,10.587236404418945
O,9.933440208435059
OH,9.279623031616211
OD1,8.271293640136719
OD2,7.262989044189453
OE1,6.254690647125244
OE2,5.246403217315674
OG,5.259002685546875
OG1,5.399212837219238
N,5.539422988891602
NE,5.679632663726807
NE1,5.985532760620117
NE2,6.338784694671631
ND1,6.6920366287231445
ND2,7.045289516448975
NZ,8.093547821044922
NH1,9.489307403564453
NH2,10.885069847106934
SD,12.280829429626465
SG,12.901144981384277
UNKNOWN,12.901144981384277
