atom_type,importance
C,0.07979647815227509
CA,0.07979647815227509
CB,0.08458448201417923
CD,0.09535792469978333
CD1,0.10613079369068146
CD2,0.11690422147512436
CE,0.12704046070575714
CE1,0.13590215146541595
CE2,0.14476501941680908
CE3,0.15362673997879028
CG,0.160917267203331
CG1,0.1627054065465927
CG2,0.16449357569217682
CH2,0.16628165543079376
CZ,0.16942842304706573
CZ2,0.18344414234161377
CZ3,0.197459876537323
O,0.21147562563419342
OH,0.22549140453338623
OD1,0.22754144668579102
OD2,0.22959141433238983
OE1,0.23164141178131104
OE2,0.23369143903255463
OG,0.22083353996276855
OG1,0.20611195266246796
N,0.19139058887958527
NE,0.1766691356897354
NE1,0.17045694589614868
NE2,0.16667477786540985
ND1,0.16289368271827698
ND2,0.15911157429218292
NZ,0.15580014884471893
NH1,0.1527235507965088
NH2,0.1496458500623703
SD,0.14656928181648254
SG,0.14520129561424255
UNKNOWN,0.14520129561424255
