atom_type,importance
C,0.10275658965110779
CA,0.10275658965110779
CB,0.10922443121671677
CD,0.12377724796533585
CD1,0.13832928240299225
CD2,0.15288129448890686
CE,0.15948368608951569
CE1,0.15018562972545624
CE2,0.14088751375675201
CE3,0.1315893828868866
CG,0.12262152135372162
CG1,0.11480680853128433
CG2,0.10699212551116943
CH2,0.09917744249105453
CZ,0.09402833133935928
CZ2,0.11020386964082718
CZ3,0.12637938559055328
O,0.14255490899085999
OH,0.1587304174900055
OD1,0.16951142251491547
OD2,0.18029244244098663
OE1,0.1910734474658966
OE2,0.20185448229312897
OG,0.19999322295188904
OG1,0.1965516209602356
N,0.19311007857322693
NE,0.18966852128505707
NE1,0.18835775554180145
NE2,0.18765559792518616
ND1,0.18695344030857086
ND2,0.18625128269195557
NZ,0.1861245036125183
NH1,0.1862848401069641
NH2,0.186446413397789
SD,0.1866067349910736
SG,0.18667760491371155
UNKNOWN,0.18667760491371155
