atom_type,importance_sum
C,7.412995338439941
CA,7.412995338439941
CB,7.538074016571045
CD,7.819508075714111
CD1,8.100977897644043
CD2,8.382408142089844
CE,8.599611282348633
CE1,8.688261032104492
CE2,8.77692699432373
CE3,8.865593910217285
CG,9.071935653686523
CG1,9.690138816833496
CG2,10.308341979980469
CH2,10.926544189453125
CZ,11.553738594055176
CZ2,12.2528715133667
CZ3,12.952003479003906
O,13.651140213012695
OH,14.350265502929688
OD1,15.495848655700684
OD2,16.641437530517578
OE1,17.78705596923828
OE2,18.932655334472656
OG,18.905168533325195
OG1,18.731046676635742
N,18.556928634643555
NE,18.382808685302734
NE1,17.832414627075195
NE2,17.1746883392334
ND1,16.51690673828125
ND2,15.859130859375
NZ,15.202948570251465
NH1,14.547499656677246
NH2,13.892119407653809
SD,13.236666679382324
SG,12.945359230041504
UNKNOWN,12.945359230041504
