atom_type,importance
C,0.12201809138059616
CA,0.12201809138059616
CB,0.13095641136169434
CD,0.15106840431690216
CD1,0.17118152976036072
CD2,0.19129355251789093
CE,0.20757783949375153
CE1,0.2162068635225296
CE2,0.22483552992343903
CE3,0.2334655225276947
CG,0.23494559526443481
CG1,0.21140700578689575
CG2,0.1878683716058731
CH2,0.16432975232601166
CZ,0.14368978142738342
CZ2,0.14623859524726868
CZ3,0.14878740906715393
O,0.15133623778820038
OH,0.15388502180576324
OD1,0.14922769367694855
OD2,0.1445702314376831
OE1,0.13991285860538483
OE2,0.13525551557540894
OG,0.13642659783363342
OG1,0.13832631707191467
N,0.14022597670555115
NE,0.14212562143802643
NE1,0.1477377861738205
NE2,0.15441136062145233
ND1,0.1610848307609558
ND2,0.16775839030742645
NZ,0.16773982346057892
NH1,0.1643763929605484
NH2,0.16101180016994476
SD,0.1576472371816635
SG,0.15615220367908478
UNKNOWN,0.15615220367908478
