atom_index,is_real_atom,atom_type_from_onehot,importance
0,1,CA,5.98192024230957
1,1,C,5.98192024230957
2,1,O,5.823178768157959
3,1,CB,5.487553596496582
4,1,CG,5.1519293785095215
5,1,CB,4.816303730010986
6,1,CG,4.535158634185791
7,1,CD1,4.329582691192627
8,1,N,4.124006271362305
9,1,CA,3.918429374694824
10,1,CB,3.757187843322754
11,1,CG,3.6731224060058594
12,1,CD1,3.5890562534332275
13,1,CD2,3.504990339279175
14,1,NE1,3.451521396636963
15,1,CE2,3.4658968448638916
16,1,CE3,3.4802732467651367
17,1,CZ2,3.4946486949920654
18,1,CZ3,3.5571346282958984
19,1,CH2,3.7588844299316406
20,1,CG,3.960634231567383
21,1,CD2,4.162383556365967
22,1,CG1,4.297529220581055
23,1,CG2,4.170694351196289
24,1,CD1,4.043859958648682
25,1,CA,3.917025327682495
26,1,C,3.7803571224212646
27,1,O,3.5873711109161377
28,1,CB,3.3943848609924316
29,1,CG1,3.2013988494873047
30,1,CG2,3.024815082550049
31,1,N,3.0052199363708496
32,1,CA,2.9856247901916504
33,1,CB,2.9660298824310303
34,1,CG1,2.9459571838378906
35,1,CD1,2.9145708084106445
36,1,CG2,2.8831839561462402
37,1,O,2.8517980575561523
38,1,CB,2.820411205291748
39,1,CA,2.9362263679504395
40,1,CG2,3.0540573596954346
41,1,CB,3.171888828277588
42,1,CG,3.289720058441162
43,1,CD1,3.4751923084259033
44,1,CD2,3.665564775466919
45,1,CE1,3.855938196182251
46,1,CE2,4.046311378479004
47,1,O,4.084530353546143
48,1,CG,4.101682186126709
49,1,CD1,4.118834018707275
50,1,CD2,4.135985851287842
51,1,O,4.3492207527160645
52,1,N,4.604241847991943
53,1,CA,4.859264373779297
54,1,CB,5.11428689956665
55,1,CG,5.069061279296875
56,1,CD,4.93428897857666
57,1,NE2,4.799515724182129
58,1,CA,4.664742946624756
59,1,CB,4.667680263519287
60,1,CB,4.725181579589844
61,1,CG,4.782683372497559
62,1,CD1,4.840185165405273
63,1,CD2,4.646617889404297
64,1,CE1,4.324958801269531
65,1,CE2,4.0032958984375
66,1,CZ,3.6816346645355225
67,1,OH,3.6404523849487305
68,1,CG1,3.7800235748291016
69,1,CG2,3.9195938110351562
70,1,CG,4.059164524078369
71,1,CD1,4.011953830718994
72,1,CD2,3.814408540725708
73,1,CD2,3.6168618202209473
74,1,CE2,3.419316291809082
75,1,CZ,3.1968672275543213
