atom_type,importance
C,0.10724961757659912
CA,0.10724961757659912
CB,0.11081559211015701
CD,0.11883898079395294
CD1,0.12686239182949066
CD2,0.13488581776618958
CE,0.13751821219921112
CE1,0.12937001883983612
CE2,0.12122183293104172
CE3,0.11307220160961151
CG,0.10706539452075958
CG1,0.1085541695356369
CG2,0.11004293709993362
CH2,0.11153172701597214
CZ,0.11170511692762375
CZ2,0.10135549306869507
CZ3,0.0910058245062828
O,0.08065616339445114
OH,0.07030649483203888
OD1,0.0635887160897255
OD2,0.05687093734741211
OE1,0.05015316233038902
OE2,0.043435391038656235
OG,0.04349986091256142
OG1,0.04441210255026817
N,0.045324355363845825
NE,0.046236611902713776
NE1,0.046280138194561005
NE2,0.046075258404016495
ND1,0.04587072879076004
ND2,0.045665860176086426
NZ,0.04775503650307655
NH1,0.05099160969257355
NH2,0.05422782152891159
SD,0.05746407061815262
SG,0.058902643620967865
UNKNOWN,0.058902643620967865
