atom_index,is_real_atom,atom_type_from_onehot,importance
0,1,CD2,7.963042259216309
1,1,CE1,7.963042259216309
2,1,CE2,7.792221546173096
3,1,CZ,7.43105936050415
4,1,OH,7.069896221160889
5,1,OG,6.708733558654785
6,1,CA,6.497600078582764
7,1,C,6.494569778442383
8,1,O,6.491539478302002
9,1,CB,6.488511085510254
10,1,CG,6.435802459716797
11,1,CD1,6.296619892120361
12,1,CD2,6.157434463500977
13,1,CA,6.018249988555908
14,1,C,5.8370041847229
15,1,O,5.562492847442627
16,1,CB,5.2879815101623535
17,1,CG1,5.013469696044922
18,1,CG2,4.752461910247803
19,1,CD1,4.530547618865967
20,1,N,4.308633327484131
21,1,CA,4.086718559265137
22,1,C,3.9087774753570557
23,1,CB,3.9038000106811523
24,1,CG,3.89882230758667
25,1,CD1,3.8938448429107666
26,1,CD2,3.8916451930999756
27,1,CE1,3.90535831451416
28,1,CE2,3.9190711975097656
29,1,CZ,3.932784080505371
30,1,CB,4.006409645080566
31,1,CG1,4.653478622436523
32,1,CG2,5.300549030303955
33,1,CE3,5.9476189613342285
34,1,CZ2,6.577378749847412
35,1,CZ3,6.797476291656494
36,1,CH2,7.01757287979126
37,1,CA,7.237670421600342
38,1,O,7.457767963409424
39,1,CB,7.007911682128906
40,1,CG,6.548879623413086
41,1,CD2,6.089846611022949
42,1,CA,5.6308135986328125
43,1,C,5.515838146209717
44,1,O,5.425796031951904
45,1,CB,5.335752964019775
46,1,CG,5.245709419250488
47,1,CD1,5.346251964569092
48,1,CD2,5.473182201385498
49,1,CE1,5.600113868713379
50,1,CE2,5.727045059204102
51,1,CZ,5.710283279418945
52,1,N,5.662898540496826
53,1,CA,5.615513801574707
54,1,CB,5.568129539489746
55,1,CG,5.678713798522949
56,1,CD2,5.836409568786621
57,1,CB,5.994107246398926
58,1,CG1,6.151805400848389
59,1,CG2,5.835481643676758
