atom_index,is_real_atom,atom_type_from_onehot,importance
0,1,C,9.003012657165527
1,1,O,9.003012657165527
2,1,CA,8.808470726013184
3,1,C,8.3971529006958
4,1,O,7.985836982727051
5,1,CB,7.574519634246826
6,1,CG2,7.213794231414795
7,1,N,6.923243522644043
8,1,CB,6.632692813873291
9,1,CG,6.342142105102539
10,1,ND1,6.208156108856201
11,1,CD2,6.346706867218018
12,1,CE1,6.485258102416992
13,1,NE2,6.623809814453125
14,1,CD2,6.722017288208008
15,1,CE1,6.7307658195495605
16,1,CE2,6.739516258239746
17,1,CZ,6.748265266418457
18,1,N,6.746271133422852
19,1,CA,6.713176727294922
20,1,O,6.680084228515625
21,1,CB,6.6469902992248535
22,1,CG2,6.661702632904053
23,1,CD1,6.864446640014648
24,1,CG1,7.067190647125244
25,1,CD1,7.269935607910156
26,1,CG2,7.447632789611816
27,1,CD1,7.481882095336914
28,1,CA,7.516130447387695
29,1,C,7.550379276275635
30,1,O,7.58914852142334
31,1,CB,7.671187877655029
32,1,CG1,7.753228187561035
33,1,CG2,7.835267543792725
34,1,CA,7.914519786834717
35,1,C,7.92780065536499
36,1,O,7.941080093383789
37,1,CB,7.954360485076904
38,1,CG,7.967642307281494
39,1,CD1,7.739402770996094
40,1,N,7.507857322692871
41,1,CA,7.276309490203857
42,1,C,7.044763565063477
43,1,O,7.144045829772949
44,1,CB,7.267299175262451
45,1,CA,7.3905534744262695
46,1,C,7.513807773590088
47,1,CB,7.75866174697876
48,1,CG1,8.020350456237793
49,1,CG2,8.282041549682617
50,1,N,8.543732643127441
51,1,CA,8.716489791870117
52,1,CB,8.870293617248535
53,1,O,9.02409839630127
54,1,CB,9.177903175354004
55,1,SD,8.800216674804688
56,1,CE,8.264019012451172
57,1,CB,7.727819442749023
