atom_type,importance_sum
C,13.315335273742676
CA,13.315335273742676
CB,13.803803443908691
CD,14.902819633483887
CD1,16.001834869384766
CD2,17.100784301757812
CE,17.80693817138672
CE1,17.72707748413086
CE2,17.647214889526367
CE3,17.567495346069336
CG,17.245500564575195
CG1,16.07602882385254
CG2,14.9065580368042
CH2,13.737089157104492
CZ,12.754819869995117
CZ2,13.270172119140625
CZ3,13.7855224609375
O,14.300872802734375
OH,14.81622314453125
OD1,15.32437801361084
OD2,15.83253288269043
OE1,16.340688705444336
OE2,16.848838806152344
OG,16.23206901550293
OG1,15.474682807922363
N,14.717292785644531
NE,13.959908485412598
NE1,14.304081916809082
NE2,14.963018417358398
ND1,15.622021675109863
ND2,16.280954360961914
NZ,15.905920028686523
NH1,15.013969421386719
NH2,14.122021675109863
SD,13.230002403259277
SG,12.833598136901855
UNKNOWN,12.833598136901855
