atom_type,importance
C,0.06738069653511047
CA,0.06738069653511047
CB,0.07221746444702148
CD,0.08310051262378693
CD1,0.09398357570171356
CD2,0.10486660152673721
CE,0.11344876885414124
CE1,0.11742937564849854
CE2,0.12140867859125137
CE3,0.12538909912109375
CG,0.13032113015651703
CG1,0.13857987523078918
CG2,0.14683867990970612
CH2,0.15509743988513947
CZ,0.16282233595848083
CZ2,0.16627658903598785
CZ3,0.1697307825088501
O,0.17318499088287354
OH,0.17663924396038055
OD1,0.1718672811985016
OD2,0.167095348238945
OE1,0.16232331097126007
OE2,0.15755139291286469
OG,0.13870121538639069
OG1,0.11809118837118149
N,0.09748055785894394
NE,0.07687058299779892
NE1,0.07781586050987244
NE2,0.0849200189113617
ND1,0.09202417731285095
ND2,0.09912832081317902
NZ,0.1084909588098526
NH1,0.11898186057806015
NH2,0.12947309017181396
SD,0.13996490836143494
SG,0.1446276605129242
UNKNOWN,0.1446276605129242
