atom_type,importance
C,0.08653943240642548
CA,0.08653943240642548
CB,0.09214434772729874
CD,0.10475601255893707
CD1,0.11736810207366943
CD2,0.12997935712337494
CE,0.13855046033859253
CE1,0.13904047012329102
CE2,0.13952919840812683
CE3,0.14001914858818054
CG,0.14205758273601532
CG1,0.14951881766319275
CG2,0.15698005259037018
CH2,0.16444125771522522
CZ,0.1723092496395111
CZ2,0.18343162536621094
CZ3,0.19455398619174957
O,0.2056763619184494
OH,0.21679870784282684
OD1,0.21464765071868896
OD2,0.21249660849571228
OE1,0.21034561097621918
OE2,0.2081945538520813
OG,0.2031899094581604
OG1,0.1978284865617752
N,0.1924670785665512
NE,0.1871057152748108
NE1,0.17772328853607178
NE2,0.16718976199626923
ND1,0.15665742754936218
ND2,0.14612506330013275
NZ,0.14918935298919678
NH1,0.15905077755451202
NH2,0.16891218721866608
SD,0.17877359688282013
SG,0.1831565797328949
UNKNOWN,0.1831565797328949
