atom_index,is_real_atom,atom_type_from_onehot,importance
0,1,CZ3,6.231015205383301
1,1,CH2,6.231015205383301
2,1,CG2,6.084085464477539
3,1,CE1,5.773435115814209
4,1,CE2,5.462782859802246
5,1,CZ,5.1521315574646
6,1,OH,4.916936874389648
7,1,N,4.78640604019165
8,1,CA,4.655877113342285
9,1,C,4.5253472328186035
10,1,O,4.370819568634033
11,1,CB,4.174521446228027
12,1,CG,3.9782228469848633
13,1,O,3.7819244861602783
14,1,CB,3.6554830074310303
15,1,CG,3.6839439868927
16,1,CD1,3.712405204772949
17,1,CD2,3.740865707397461
18,1,NE1,3.7467727661132812
19,1,CE2,3.687394380569458
20,1,CE3,3.6280155181884766
21,1,CZ2,3.568636894226074
22,1,CZ3,3.587618350982666
23,1,CH2,3.914813756942749
24,1,CD1,4.242010116577148
25,1,CE1,4.5692057609558105
26,1,CE2,4.902191638946533
27,1,CZ,5.268335819244385
28,1,CD2,5.634481430053711
29,1,CE1,6.000625133514404
30,1,CE2,6.292873382568359
31,1,CZ,5.87783670425415
32,1,CA,5.462800025939941
33,1,C,5.047762870788574
34,1,O,4.648844242095947
35,1,CG,4.631397724151611
36,1,CD1,4.613951683044434
37,1,N,4.5965046882629395
38,1,CA,4.579057216644287
39,1,C,4.561614036560059
40,1,O,4.544169902801514
41,1,CB,4.526727199554443
42,1,CG1,4.509283065795898
43,1,CG2,4.5198822021484375
44,1,N,4.5325140953063965
45,1,CA,4.545145034790039
46,1,CB,4.55777645111084
47,1,CG1,4.353085994720459
48,1,CG2,4.1183061599731445
49,1,CD1,3.8835248947143555
