atom_type,importance_sum
C,2.448817014694214
CA,2.448817014694214
CB,2.658080577850342
CD,3.1288976669311523
CD1,3.5997331142425537
CD2,4.07055139541626
CE,4.522398471832275
CE1,4.936295509338379
CE2,5.350191116333008
CE3,5.764088153839111
CG,6.101663112640381
CG1,6.172118186950684
CG2,6.242576599121094
CH2,6.313032627105713
CZ,6.56846809387207
CZ2,8.303730964660645
CZ3,10.038991928100586
O,11.77425479888916
OH,13.509519577026367
OD1,11.958389282226562
OD2,10.407262802124023
OE1,8.8561372756958
OE2,7.30501127243042
OG,7.28954553604126
OG1,7.466039657592773
N,7.6425371170043945
NE,7.81903076171875
NE1,8.62209415435791
NE2,9.6043062210083
ND1,10.586441040039062
ND2,11.568574905395508
NZ,11.050440788269043
NH1,9.782208442687988
NH2,8.513973236083984
SD,7.245702743530273
SG,6.682049751281738
UNKNOWN,6.682049751281738
