atom_type,importance
C,0.10435078293085098
CA,0.10435078293085098
CB,0.11391614377498627
CD,0.13543854653835297
CD1,0.15696091949939728
CD2,0.17848332226276398
CE,0.18845058977603912
CE1,0.17530742287635803
CE2,0.1621643453836441
CE3,0.14902128279209137
CG,0.13984832167625427
CG1,0.1445680856704712
CG2,0.14928792417049408
CH2,0.15400774776935577
CZ,0.15974721312522888
CZ2,0.17364436388015747
CZ3,0.18754160404205322
O,0.2014387547969818
OH,0.21533559262752533
OD1,0.22211171686649323
OD2,0.22888877987861633
OE1,0.23566576838493347
OE2,0.2424428015947342
OG,0.23865529894828796
OG1,0.233547180891037
N,0.22843919694423676
NE,0.22333109378814697
NE1,0.21284915506839752
NE2,0.20083215832710266
ND1,0.1888151466846466
ND2,0.17679695785045624
NZ,0.1806434690952301
NH1,0.19242170453071594
NH2,0.20420116186141968
SD,0.2159794420003891
SG,0.22121401131153107
UNKNOWN,0.22121401131153107
