atom_index,is_real_atom,atom_type_from_onehot,importance
0,1,CG,9.06224250793457
1,1,CD1,9.06224250793457
2,1,CD2,9.321014404296875
3,1,CB,9.868132591247559
4,1,CG,10.415251731872559
5,1,CD1,10.962369918823242
6,1,CD2,11.336434364318848
7,1,CG,11.470453262329102
8,1,CD2,11.604475021362305
9,1,CA,11.738493919372559
10,1,O,11.868185043334961
11,1,CB,11.990340232849121
12,1,CG1,12.112497329711914
13,1,CG2,12.234652519226074
14,1,CA,12.334688186645508
15,1,C,12.385675430297852
16,1,O,12.436662673950195
17,1,CB,12.487651824951172
18,1,CG,12.406139373779297
19,1,CD1,11.941084861755371
20,1,N,11.476024627685547
21,1,CA,11.010968208312988
22,1,CG1,10.532135009765625
23,1,CB,9.99912166595459
24,1,CG,9.466106414794922
25,1,CD1,8.933091163635254
26,1,CD2,8.418960571289062
27,1,NE1,8.01297378540039
28,1,CE2,7.606985569000244
29,1,CE3,7.2009968757629395
30,1,CZ2,6.807348251342773
31,1,CZ3,6.531805038452148
32,1,CH2,6.256260395050049
33,1,CG1,5.980716228485107
