atom_type,importance
C,0.08428571373224258
CA,0.08428571373224258
CB,0.08969175070524216
CD,0.10185516625642776
CD1,0.11401885747909546
CD2,0.12618312239646912
CE,0.13491229712963104
CE1,0.1367754340171814
CE2,0.1386384665966034
CE3,0.14050166308879852
CG,0.14239691197872162
CG1,0.14440374076366425
CG2,0.14641046524047852
CH2,0.14841724932193756
CZ,0.15138576924800873
CZ2,0.1620481312274933
CZ3,0.17271052300930023
O,0.1833728700876236
OH,0.19403526186943054
OD1,0.1817094385623932
OD2,0.16938365995883942
OE1,0.15705789625644684
OE2,0.14473210275173187
OG,0.1393946409225464
OG1,0.13493074476718903
N,0.13046686351299286
NE,0.1260029822587967
NE1,0.1299615204334259
NE2,0.13632605969905853
ND1,0.14269062876701355
ND2,0.14905518293380737
NZ,0.15498735010623932
NH1,0.160705104470253
NH2,0.16642288863658905
SD,0.1721394658088684
SG,0.1746809333562851
UNKNOWN,0.1746809333562851
