atom_type,importance
C,0.09682416170835495
CA,0.09682416170835495
CB,0.10786626487970352
CD,0.1327112764120102
CD1,0.15755580365657806
CD2,0.18240036070346832
CE,0.20294281840324402
CE1,0.21488016843795776
CE2,0.22681815922260284
CE3,0.23875470459461212
CG,0.24715347588062286
CG1,0.24316920340061188
CG2,0.23918497562408447
CH2,0.2352006584405899
CZ,0.23264862596988678
CZ2,0.24155446887016296
CZ3,0.25046035647392273
O,0.25936606526374817
OH,0.2682719826698303
OD1,0.2616690993309021
OD2,0.2550661563873291
OE1,0.24846325814723969
OE2,0.24186037480831146
OG,0.24173596501350403
OG1,0.2424214631319046
N,0.2431068867444992
NE,0.2437923699617386
NE1,0.24216032028198242
NE2,0.239863783121109
ND1,0.2375672459602356
ND2,0.23527073860168457
NZ,0.23563255369663239
NH1,0.2373245805501938
NH2,0.23901690542697906
SD,0.24070900678634644
SG,0.24146181344985962
UNKNOWN,0.24146181344985962
