atom_type,importance
C,0.10692022740840912
CA,0.10692022740840912
CB,0.11226078122854233
CD,0.12427592277526855
CD1,0.1362922638654709
CD2,0.1483074128627777
CE,0.16062259674072266
CE1,0.17353913187980652
CE2,0.1864544004201889
CE3,0.19937096536159515
CG,0.20924042165279388
CG1,0.20844992995262146
CG2,0.20765943825244904
CH2,0.2068689912557602
CZ,0.20455053448677063
CZ2,0.19000853598117828
CZ3,0.17546644806861877
O,0.16092443466186523
OH,0.1463823765516281
OD1,0.13967807590961456
OD2,0.132973775267601
OE1,0.12626945972442627
OE2,0.11956515908241272
OG,0.1170392706990242
OG1,0.11503570526838303
N,0.11303216218948364
NE,0.11102860420942307
NE1,0.10888760536909103
NE2,0.10670661926269531
ND1,0.10452618449926376
ND2,0.10234514623880386
NZ,0.09683933854103088
NH1,0.08967053145170212
NH2,0.08250106871128082
SD,0.07533223927021027
SG,0.07214627414941788
UNKNOWN,0.07214627414941788
