atom_type,importance
C,0.08963528275489807
CA,0.08963528275489807
CB,0.09248438477516174
CD,0.09889549762010574
CD1,0.10530661046504974
CD2,0.11171817779541016
CE,0.11541344970464706
CE1,0.11367817968130112
CE2,0.11194223910570145
CE3,0.11020635068416595
CG,0.11215254664421082
CG1,0.12698164582252502
CG2,0.14181077480316162
CH2,0.15663985908031464
CZ,0.1694922149181366
CZ2,0.16653086245059967
CZ3,0.16356953978538513
O,0.16060815751552582
OH,0.1576467752456665
OD1,0.15687966346740723
OD2,0.15611247718334198
OE1,0.1553453654050827
OE2,0.15457825362682343
OG,0.14615964889526367
OG1,0.1367846131324768
N,0.12740963697433472
NE,0.11803460121154785
NE1,0.11694265902042389
NE2,0.11821933835744858
ND1,0.11949467658996582
ND2,0.12077008932828903
NZ,0.12474990636110306
NH1,0.13008058071136475
NH2,0.1354113221168518
SD,0.1407422572374344
SG,0.14311082661151886
UNKNOWN,0.14311082661151886
