atom_index,is_real_atom,atom_type_from_onehot,importance
0,1,O,7.70804500579834
1,1,CB,7.70804500579834
2,1,CG,7.700904369354248
3,1,CD,7.685807228088379
4,1,NE,7.670711040496826
5,1,CA,7.655613422393799
6,1,O,7.4880475997924805
7,1,CB,7.108989238739014
8,1,CG,6.729931354522705
9,1,CD1,6.350874423980713
10,1,CD2,6.060629367828369
11,1,CE1,5.924981117248535
12,1,CE2,5.789332866668701
13,1,CZ,5.653684616088867
14,1,CB,5.697109222412109
15,1,CG1,6.137606620788574
16,1,CG2,6.5781049728393555
17,1,CD1,7.01860237121582
18,1,N,7.4114251136779785
19,1,CA,7.6662421226501465
20,1,CB,7.9210591316223145
21,1,OG,8.175874710083008
22,1,CB,8.400659561157227
23,1,CG1,8.507312774658203
24,1,CG2,8.613966941833496
25,1,CD1,8.720622062683105
26,1,CE,8.786284446716309
27,1,CD1,8.617176055908203
28,1,CE1,8.448068618774414
29,1,CE2,8.278963088989258
30,1,CZ,8.091684341430664
31,1,CG2,7.730490207672119
32,1,CD1,7.369297027587891
33,1,CB,7.00810432434082
34,1,CG,6.646433353424072
35,1,CD1,6.273482799530029
36,1,CD2,5.9005327224731445
37,1,NE1,5.527582168579102
38,1,CE2,5.154632091522217
39,1,CE3,4.93147611618042
40,1,CZ2,4.7103729248046875
41,1,CZ3,4.489269256591797
42,1,CH2,4.26816463470459
