atom_type,importance
C,0.11384513974189758
CA,0.11384513974189758
CB,0.11894124001264572
CD,0.13040806353092194
CD1,0.14187492430210114
CD2,0.15334172546863556
CE,0.16212689876556396
CE1,0.1655488908290863
CE2,0.16897089779376984
CE3,0.17239287495613098
CG,0.1779661625623703
CG1,0.19107355177402496
CG2,0.20418094098567963
CH2,0.21728835999965668
CZ,0.23017746210098267
CZ2,0.241319939494133
CZ3,0.25246232748031616
O,0.2636047601699829
OH,0.2747472822666168
OD1,0.2767706513404846
OD2,0.2787940204143524
OE1,0.2808173596858978
OE2,0.282840758562088
OG,0.26584357023239136
OG1,0.24646873772144318
N,0.2270939201116562
NE,0.20771907269954681
NE1,0.2013806253671646
NE2,0.19876660406589508
ND1,0.19615377485752106
ND2,0.19353970885276794
NZ,0.19183874130249023
NH1,0.19059541821479797
NH2,0.18935205042362213
SD,0.18810874223709106
SG,0.18755613267421722
UNKNOWN,0.18755613267421722
