atom_type,importance
C,0.07805633544921875
CA,0.07805633544921875
CB,0.08110065758228302
CD,0.08795052766799927
CD1,0.09480037540197372
CD2,0.10165023058652878
CE,0.10935129970312119
CE1,0.11875467747449875
CE2,0.1281580924987793
CE3,0.13756151497364044
CG,0.14935876429080963
CG1,0.16953390836715698
CG2,0.18970897793769836
CH2,0.2098841369152069
CZ,0.22743263840675354
CZ2,0.22397969663143158
CZ3,0.220526784658432
O,0.21707427501678467
OH,0.21362221240997314
OD1,0.1879214495420456
OD2,0.16222067177295685
OE1,0.1365199238061905
OE2,0.1108190268278122
OG,0.09848989546298981
OG1,0.08783270418643951
N,0.0771755576133728
NE,0.0665183886885643
NE1,0.05906220152974129
NE2,0.0525209903717041
ND1,0.04597950726747513
ND2,0.039438020437955856
NZ,0.045449431985616684
NH1,0.057737287133932114
NH2,0.07002541422843933
SD,0.08231324702501297
SG,0.08777450770139694
UNKNOWN,0.08777450770139694
