atom_type,importance
C,0.07709950953722
CA,0.07709950953722
CB,0.08316987007856369
CD,0.09682722389698029
CD1,0.11048468202352524
CD2,0.12414192408323288
CE,0.13417533040046692
CE1,0.13695842027664185
CE2,0.13974148035049438
CE3,0.14252451062202454
CG,0.14482304453849792
CG1,0.145426407456398
CG2,0.14602980017662048
CH2,0.14663317799568176
CZ,0.14779682457447052
CZ2,0.15344290435314178
CZ3,0.15908898413181305
O,0.16473506391048431
OH,0.1703811138868332
OD1,0.1669478714466095
OD2,0.163514643907547
OE1,0.1600814312696457
OE2,0.1566482037305832
OG,0.15242032706737518
OG1,0.148093119263649
N,0.14376597106456757
NE,0.13943880796432495
NE1,0.14151467382907867
NE2,0.14542116224765778
ND1,0.14932644367218018
ND2,0.15323171019554138
NZ,0.1597515493631363
NH1,0.16757741570472717
NH2,0.17540329694747925
SD,0.18322913348674774
SG,0.18670745193958282
UNKNOWN,0.18670745193958282
