atom_index,is_real_atom,atom_type_from_onehot,importance
0,1,CD1,9.045372009277344
1,1,CA,9.045372009277344
2,1,CB,9.127687454223633
3,1,CA,9.30172348022461
4,1,C,9.475761413574219
5,1,O,9.649799346923828
6,1,CB,9.725729942321777
7,1,N,9.665581703186035
8,1,CA,9.605435371398926
9,1,O,9.545286178588867
10,1,CG,9.595003128051758
11,1,CD1,9.835953712463379
12,1,CE1,10.076908111572266
13,1,CZ,10.317859649658203
14,1,CA,10.396625518798828
15,1,C,10.115761756896973
16,1,CB,9.834898948669434
17,1,CG,9.554036140441895
18,1,CD2,9.205867767333984
19,1,N,8.662867546081543
