atom_type,importance_sum
C,5.273494243621826
CA,5.273494243621826
CB,5.428055763244629
CD,5.775787830352783
CD1,6.123520374298096
CD2,6.471307754516602
CE,6.870975494384766
CE1,7.374512195587158
CE2,7.878049850463867
CE3,8.3815336227417
CG,8.682063102722168
CG1,8.27169418334961
CG2,7.861268997192383
CH2,7.450897693634033
CZ,7.1088151931762695
CZ2,7.3130364418029785
CZ3,7.517256736755371
O,7.721477031707764
OH,7.925697326660156
OD1,7.344962120056152
OD2,6.764228820800781
OE1,6.183493614196777
OE2,5.602761268615723
OG,5.888113021850586
OG1,6.281728267669678
N,6.675339698791504
NE,7.068953990936279
NE1,6.9261250495910645
NE2,6.630005359649658
ND1,6.33393669128418
ND2,6.037815093994141
NZ,6.174323558807373
NH1,6.527117729187012
NH2,6.87991189956665
SD,7.232649803161621
SG,7.389477252960205
UNKNOWN,7.389477252960205
