atom_index,is_real_atom,atom_type_from_onehot,importance
0,1,CB,8.229826927185059
1,1,CG,8.229826927185059
2,1,CD2,8.3820219039917
3,1,NE1,8.703804016113281
4,1,CE2,9.02558708190918
5,1,CE3,9.347369194030762
6,1,CZ2,9.55567741394043
7,1,CZ3,9.60659408569336
8,1,CH2,9.657506942749023
9,1,CD1,9.708420753479004
10,1,CE1,9.8102445602417
11,1,CE2,10.000691413879395
12,1,CZ,10.191134452819824
13,1,CA,10.381582260131836
14,1,C,10.508235931396484
15,1,O,10.493432998657227
16,1,CG1,10.478633880615234
17,1,CD1,10.463833808898926
18,1,CA,10.422656059265137
19,1,C,10.305116653442383
20,1,O,10.187577247619629
21,1,CB,10.070038795471191
22,1,CG,9.989598274230957
23,1,CD2,10.055068016052246
24,1,N,10.120539665222168
25,1,CA,10.186009407043457
26,1,CB,10.215691566467285
27,1,CG,10.040412902832031
28,1,CD1,9.865131378173828
29,1,CD2,9.68985366821289
30,1,CB,9.525189399719238
31,1,OG1,9.462141036987305
32,1,CG2,9.399091720581055
33,1,CB,9.336041450500488
34,1,CG1,9.251731872558594
35,1,CG2,8.664283752441406
36,1,CD1,8.076834678649902
37,1,CD2,7.489384174346924
