atom_type,importance
C,0.08713564276695251
CA,0.08713564276695251
CB,0.09678886085748672
CD,0.11850962042808533
CD1,0.1402297019958496
CD2,0.16194981336593628
CE,0.17510876059532166
CE1,0.17114149034023285
CE2,0.16717419028282166
CE3,0.16320692002773285
CG,0.1595880687236786
CG1,0.15718959271907806
CG2,0.15479110181331635
CH2,0.15239259600639343
CZ,0.15015916526317596
CZ2,0.14924612641334534
CZ3,0.1483331024646759
O,0.1474200189113617
OH,0.14650699496269226
OD1,0.146920308470726
OD2,0.14733359217643738
OE1,0.14774692058563232
OE2,0.1481602042913437
OG,0.14843854308128357
OG1,0.14869996905326843
N,0.14896145462989807
NE,0.14922288060188293
NE1,0.15041522681713104
NE2,0.15187311172485352
ND1,0.15333110094070435
ND2,0.15478765964508057
NZ,0.15774212777614594
NH1,0.16144421696662903
NH2,0.16514627635478973
SD,0.16884833574295044
SG,0.17049385607242584
UNKNOWN,0.17049385607242584
