atom_index,is_real_atom,atom_type_from_onehot,importance
0,1,CD2,4.479369163513184
1,1,CE3,4.479369163513184
2,1,CZ2,4.407989978790283
3,1,CZ3,4.257076263427734
4,1,CH2,4.106160640716553
5,1,CB,3.9552459716796875
6,1,CG2,3.9002397060394287
7,1,CB,3.9782679080963135
8,1,CD2,4.056295871734619
9,1,CE2,4.134324073791504
10,1,CZ,4.154495716094971
11,1,OH,4.073952674865723
12,1,CA,3.9934098720550537
13,1,C,3.912867307662964
14,1,O,3.820223569869995
15,1,CB,3.700749397277832
16,1,CG,3.5812747478485107
17,1,C,3.4618000984191895
18,1,O,3.35660457611084
19,1,CB,3.2927405834198
20,1,CG,3.2288780212402344
21,1,CD1,3.1650142669677734
22,1,CD2,3.100735664367676
23,1,NE1,3.0348262786865234
24,1,CE2,2.96891713142395
25,1,CE3,2.9030075073242188
26,1,CZ2,2.8925867080688477
27,1,CZ3,3.1999659538269043
28,1,CH2,3.5073461532592773
29,1,CD1,3.814725399017334
30,1,CD2,4.128231525421143
31,1,CE1,4.500373363494873
32,1,CE2,4.8725152015686035
33,1,CZ,5.244656562805176
34,1,CD2,5.594657897949219
35,1,CE1,5.420682907104492
36,1,CE2,5.246707439422607
37,1,CZ,5.0727314949035645
38,1,O,4.898755073547363
39,1,CA,4.785101413726807
40,1,C,4.672274112701416
41,1,O,4.559446811676025
42,1,CB,4.44661808013916
43,1,CG1,4.26382303237915
44,1,N,4.075957775115967
45,1,N,3.888092279434204
46,1,CA,3.700225353240967
47,1,C,3.5025758743286133
48,1,O,3.3035712242126465
49,1,N,3.1045665740966797
50,1,CA,2.9055609703063965
51,1,CB,2.9946463108062744
52,1,CG,3.1451265811920166
53,1,CD1,3.295607328414917
54,1,CD2,3.4460883140563965
55,1,CE1,3.350862741470337
56,1,CE2,3.182356595993042
57,1,CZ,3.013850212097168
