atom_type,importance_sum
C,2.0012972354888916
CA,2.0012972354888916
CB,2.202831268310547
CD,2.6562793254852295
CD1,3.109726667404175
CD2,3.5631749629974365
CE,4.008032321929932
CE1,4.43570613861084
CE2,4.863363265991211
CE3,5.291019916534424
CG,5.626624584197998
CG1,5.640095233917236
CG2,5.653564929962158
CH2,5.667036056518555
CZ,5.959327697753906
CZ2,8.48218059539795
CZ3,11.005027770996094
O,13.527884483337402
OH,16.050745010375977
OD1,14.388581275939941
OD2,12.726435661315918
OE1,11.064282417297363
OE2,9.40213394165039
OG,8.813846588134766
OG1,8.359793663024902
N,7.90573787689209
NE,7.45168399810791
NE1,7.841162204742432
NE2,8.47164249420166
ND1,9.102120399475098
ND2,9.732670783996582
NZ,9.344046592712402
NH1,8.445874214172363
NH2,7.54770040512085
SD,6.6495256423950195
SG,6.250334739685059
UNKNOWN,6.250334739685059
