atom_type,importance
C,0.13583356142044067
CA,0.13583356142044067
CB,0.14481566846370697
CD,0.1650248020887375
CD1,0.18523386120796204
CD2,0.20544297993183136
CE,0.21371032297611237
CE1,0.1980915367603302
CE2,0.18247409164905548
CE3,0.16685524582862854
CG,0.15542183816432953
CG1,0.15863651037216187
CG2,0.1618511825799942
CH2,0.16506582498550415
CZ,0.168124258518219
CZ2,0.1699327528476715
CZ3,0.1717413067817688
O,0.17354974150657654
OH,0.17535825073719025
OD1,0.16191460192203522
OD2,0.1484709233045578
OE1,0.1350272297859192
OE2,0.12158354371786118
OG,0.11267849057912827
OG1,0.10434134304523468
N,0.09600355476140976
NE,0.08766577392816544
NE1,0.0816882848739624
NE2,0.07638590782880783
ND1,0.07108356803655624
ND2,0.06578120589256287
NZ,0.06857394427061081
NH1,0.07541505992412567
NH2,0.08225556463003159
SD,0.08909662812948227
SG,0.09213688969612122
UNKNOWN,0.09213688969612122
