atom_type,importance
C,0.10959592461585999
CA,0.10959592461585999
CB,0.12245138734579086
CD,0.15137487649917603
CD1,0.18029840290546417
CD2,0.20922283828258514
CE,0.2368852198123932
CE1,0.26202529668807983
CE2,0.2871653139591217
CE3,0.3123052716255188
CG,0.32272642850875854
CG1,0.2816332280635834
CG2,0.24054013192653656
CH2,0.19944708049297333
CZ,0.16383486986160278
CZ2,0.17206992208957672
CZ3,0.18030500411987305
O,0.18854007124900818
OH,0.1967751830816269
OD1,0.19484290480613708
OD2,0.1929105818271637
OE1,0.1909782886505127
OE2,0.1890459507703781
OG,0.19295328855514526
OG1,0.19759050011634827
N,0.20222771167755127
NE,0.20686493813991547
NE1,0.21545489132404327
NE2,0.22517499327659607
ND1,0.23489390313625336
ND2,0.24461278319358826
NZ,0.25259339809417725
NH1,0.2597067654132843
NH2,0.26682019233703613
SD,0.27393364906311035
SG,0.2770964205265045
UNKNOWN,0.2770964205265045
