atom_index,is_real_atom,atom_type_from_onehot,importance
0,1,CA,10.0845308303833
1,1,C,10.0845308303833
2,1,O,9.907296180725098
3,1,CB,9.53257942199707
4,1,CG,9.157861709594727
5,1,CD2,8.783143997192383
6,1,C,8.422219276428223
7,1,O,8.080429077148438
8,1,N,7.738638401031494
9,1,CA,7.396847724914551
10,1,CB,7.113753318786621
11,1,OG,6.932831764221191
12,1,CB,6.7519097328186035
13,1,CG1,6.570988655090332
14,1,CG2,6.555589199066162
15,1,CD1,6.907210826873779
16,1,CD1,7.258833408355713
17,1,O,7.610456466674805
18,1,CA,7.851019382476807
19,1,C,7.77009391784668
20,1,O,7.689168453216553
21,1,CA,7.6082444190979
22,1,C,7.5386505126953125
23,1,CB,7.5136332511901855
24,1,N,7.488613605499268
25,1,CA,7.463595867156982
26,1,CB,7.379138946533203
27,1,OG,6.954266548156738
28,1,CA,6.529393196105957
29,1,C,6.104521751403809
30,1,O,5.748854160308838
31,1,CB,6.055582523345947
32,1,CG,6.36230993270874
33,1,CD1,6.669036865234375
34,1,CD2,6.964040756225586
35,1,CE1,6.981577396392822
36,1,CE2,6.999112606048584
37,1,N,7.016648292541504
38,1,CA,7.034185409545898
39,1,CB,6.831725597381592
40,1,SG,6.626253128051758
41,1,CB,6.420780181884766
42,1,CG,6.215307235717773
43,1,CD1,5.8751325607299805
44,1,CD2,5.525197505950928
45,1,NE1,5.1752610206604
46,1,CE2,4.8253254890441895
47,1,CE3,4.794075012207031
48,1,CZ2,4.806948661804199
49,1,CZ3,4.819823265075684
50,1,CH2,4.832698345184326
51,1,CG1,4.648209571838379
52,1,CD1,4.42165994644165
