atom_index,is_real_atom,atom_type_from_onehot,importance
0,1,O,11.074633598327637
1,1,CB,11.074633598327637
2,1,CG,11.230688095092773
3,1,CD2,11.560626983642578
4,1,CE2,11.890570640563965
5,1,C,12.220510482788086
6,1,O,12.298930168151855
7,1,CB,12.028459548950195
8,1,CG2,11.757987976074219
9,1,N,11.487520217895508
10,1,CA,11.278389930725098
11,1,CB,11.176037788391113
12,1,O,11.07368278503418
13,1,CB,10.971329689025879
14,1,SG,10.836965560913086
15,1,CG1,10.63162612915039
16,1,CG2,10.426285743713379
17,1,CE2,10.220946311950684
18,1,CZ,10.084131240844727
19,1,CB,10.145684242248535
20,1,CG1,10.20723819732666
21,1,CG2,10.268790245056152
22,1,CD1,10.37432861328125
23,1,CD2,10.652876853942871
24,1,CA,10.931427955627441
25,1,O,11.209977149963379
26,1,CB,11.441326141357422
27,1,CG,11.402359008789062
28,1,CD,11.363390922546387
29,1,NE,11.324423789978027
30,1,CZ,11.25985336303711
31,1,C,10.950237274169922
32,1,O,10.640619277954102
33,1,CB,10.331005096435547
34,1,CG1,10.015689849853516
35,1,CG2,9.565587997436523
36,1,CD1,9.115484237670898
37,1,N,8.66538143157959
38,1,CA,8.215276718139648
39,1,CB,7.905335903167725
40,1,CD1,7.597317695617676
41,1,CB,7.289297103881836
42,1,CG,6.981276988983154
43,1,CD1,6.722189426422119
44,1,CD2,6.466646194458008
45,1,NE1,6.211104869842529
46,1,CE2,5.955561637878418
47,1,CE3,6.044614791870117
48,1,CZ2,6.181381702423096
49,1,CZ3,6.318148136138916
50,1,CH2,6.4549150466918945
51,1,CE1,6.4839935302734375
52,1,CE2,6.4901227951049805
53,1,CZ,6.496253967285156
