atom_index,is_real_atom,atom_type_from_onehot,importance
0,1,CA,5.49052095413208
1,1,C,5.49052095413208
2,1,O,5.385307788848877
3,1,CB,5.162856578826904
4,1,CG,4.940404415130615
5,1,CD1,4.717952251434326
6,1,CD2,4.499883651733398
7,1,N,4.287892818450928
8,1,CA,4.075901985168457
9,1,C,3.8639116287231445
10,1,O,3.698641061782837
11,1,CB,3.614699125289917
12,1,CG,3.530756711959839
13,1,CD1,3.446814775466919
14,1,CD2,3.3834054470062256
15,1,N,3.365527629852295
16,1,CA,3.347649574279785
17,1,CB,3.3297712802886963
18,1,CG1,3.3819031715393066
19,1,CD1,3.6366934776306152
20,1,CA,3.891484022140503
21,1,CB,4.146275043487549
22,1,CG1,4.362389087677002
23,1,CG2,4.426376819610596
24,1,CG,4.490365028381348
25,1,CD1,4.554353713989258
26,1,CD2,4.59758186340332
27,1,CA,4.52191162109375
28,1,C,4.446241855621338
29,1,O,4.370571136474609
30,1,CB,4.291970729827881
31,1,CG,4.185319900512695
32,1,CD1,4.078668594360352
33,1,CD2,3.972018241882324
34,1,N,3.865753173828125
35,1,CA,3.7686145305633545
36,1,CB,3.6714768409729004
37,1,CG,3.57433819770813
38,1,CD1,3.4771997928619385
39,1,CD2,3.449697256088257
40,1,CD,3.4231479167938232
41,1,CG1,3.3965983390808105
42,1,CG2,3.370049238204956
43,1,CD2,3.2553906440734863
44,1,CE1,3.134347438812256
45,1,CE2,3.013303518295288
46,1,CZ,2.8922595977783203
47,1,CB,3.142265796661377
48,1,CG1,3.443646192550659
49,1,CG2,3.745028495788574
50,1,CD1,4.046410083770752
51,1,CE1,3.846531391143799
52,1,CE2,3.5398294925689697
53,1,CZ,3.233125686645508
