atom_type,importance_sum
C,4.305736541748047
CA,4.305736541748047
CB,4.467966556549072
CD,4.8329691886901855
CD1,5.197966575622559
CD2,5.5630059242248535
CE,6.035336017608643
CE1,6.72232723236084
CE2,7.409317970275879
CE3,8.096335411071777
CG,8.91045093536377
CG1,10.16940689086914
CG2,11.428363800048828
CH2,12.687317848205566
CZ,13.791767120361328
CZ2,13.660181999206543
CZ3,13.528594970703125
O,13.397006034851074
OH,13.265420913696289
OD1,12.62410831451416
OD2,11.982795715332031
OE1,11.341482162475586
OE2,10.700169563293457
OG,10.151740074157715
OG1,9.614912033081055
N,9.078089714050293
NE,8.541260719299316
NE1,8.583494186401367
NE2,8.791333198547363
ND1,8.999085426330566
ND2,9.206839561462402
NZ,9.794979095458984
NH1,10.57336139678955
NH2,11.351740837097168
SD,12.130033493041992
SG,12.47604751586914
UNKNOWN,12.47604751586914
