atom_type,importance
C,0.25945913791656494
CA,0.25945913791656494
CB,0.2690041661262512
CD,0.29048392176628113
CD1,0.31196215748786926
CD2,0.33344000577926636
CE,0.33919262886047363
CE1,0.3134939670562744
CE2,0.28779536485671997
CE3,0.2620968818664551
CG,0.24426373839378357
CG1,0.2539629340171814
CG2,0.26366207003593445
CH2,0.27336132526397705
CZ,0.279859334230423
CZ2,0.2607485055923462
CZ3,0.24163779616355896
O,0.22252701222896576
OH,0.20341621339321136
OD1,0.2276289314031601
OD2,0.25184154510498047
OE1,0.276054322719574
OE2,0.30026695132255554
OG,0.30439692735671997
OG1,0.3060164153575897
N,0.30763593316078186
NE,0.3092554211616516
NE1,0.3107246160507202
NE2,0.31215134263038635
ND1,0.31357792019844055
ND2,0.31500452756881714
NZ,0.3087271451950073
NH1,0.29859626293182373
NH2,0.2884669005870819
SD,0.27833592891693115
SG,0.2738341689109802
UNKNOWN,0.2738341689109802
