atom_type,importance
C,0.09523191303014755
CA,0.09523191303014755
CB,0.10234634578227997
CD,0.11835309118032455
CD1,0.13436096906661987
CD2,0.15036767721176147
CE,0.1594727784395218
CE1,0.15477445721626282
CE2,0.1500750035047531
CE3,0.14537674188613892
CG,0.14124540984630585
CG1,0.13909797370433807
CG2,0.1369505673646927
CH2,0.13480305671691895
CZ,0.1347539871931076
CZ2,0.15149125456809998
CZ3,0.1682286113500595
O,0.1849658191204071
OH,0.20170307159423828
OD1,0.19918835163116455
OD2,0.19667364656925201
OE1,0.19415892660617828
OE2,0.19164420664310455
OG,0.19083978235721588
OG1,0.19024914503097534
N,0.1896584928035736
NE,0.18906782567501068
NE1,0.19125232100486755
NE2,0.19423052668571472
ND1,0.1972074955701828
ND2,0.2001856565475464
NZ,0.19451969861984253
NH1,0.18453149497509003
NH2,0.1745433509349823
SD,0.16455523669719696
SG,0.16011513769626617
UNKNOWN,0.16011513769626617
