atom_index,is_real_atom,atom_type_from_onehot,importance
0,1,CA,6.353662014007568
1,1,O,6.353662014007568
2,1,CB,6.372960567474365
3,1,CG,6.413764953613281
4,1,CB,6.454570770263672
5,1,CD1,6.495373725891113
6,1,CB,6.356208324432373
7,1,CG,5.967406749725342
8,1,CD1,5.578606605529785
9,1,CD2,5.18980598449707
10,1,NE1,4.983569622039795
11,1,CE2,5.0951337814331055
12,1,CE3,5.206697940826416
13,1,CZ2,5.318263053894043
14,1,CZ3,5.375572204589844
15,1,CH2,5.312576770782471
16,1,CG1,5.249581336975098
17,1,CD1,5.186585903167725
18,1,CG,5.167605876922607
19,1,CD2,5.276041507720947
20,1,OG1,5.384476661682129
21,1,CA,5.4929118156433105
22,1,C,5.548839092254639
23,1,CB,5.39823579788208
24,1,CG1,5.247631549835205
25,1,CG2,5.0970258712768555
26,1,CD1,4.952793598175049
27,1,N,4.845050811767578
28,1,CA,4.737308025360107
29,1,CG1,4.629565238952637
30,1,CG1,4.519645690917969
31,1,CE,4.388899803161621
32,1,CA,4.258152484893799
33,1,C,4.127406120300293
34,1,O,4.00961446762085
35,1,CB,4.198418617248535
36,1,CB,4.387221336364746
37,1,CG,4.576025009155273
38,1,CD1,4.764828205108643
39,1,CD2,5.241633892059326
40,1,CE2,5.722384452819824
41,1,CD2,6.203136920928955
42,1,CB,6.6838884353637695
43,1,CG,6.788257598876953
44,1,CD,6.865352153778076
45,1,OE1,6.942447185516357
46,1,NE2,7.019542217254639
47,1,CB,6.933262825012207
48,1,OG,6.824361801147461
49,1,CA,6.715460300445557
50,1,CB,6.6065592765808105
51,1,CG,6.258529186248779
52,1,CD1,5.85953950881958
53,1,CD2,5.460548400878906
54,1,CE1,5.061556816101074
55,1,CE2,5.036592483520508
56,1,CZ,5.123179912567139
57,1,CE1,5.209766864776611
58,1,CZ,5.296353340148926
59,1,OH,5.270847320556641
60,1,CG1,5.200927257537842
61,1,CG2,5.131007671356201
62,1,CE2,5.061086654663086
63,1,CZ,5.056734085083008
64,1,OH,5.085832118988037
