atom_type,importance_sum
C,5.28108549118042
CA,5.28108549118042
CB,5.285962104797363
CD,5.296926021575928
CD1,5.307888031005859
CD2,5.31885290145874
CE,5.483913421630859
CE1,5.957137584686279
CE2,6.430327415466309
CE3,6.903552055358887
CG,7.60441780090332
CG1,9.1021728515625
CG2,10.599902153015137
CH2,12.097622871398926
CZ,13.556612968444824
CZ2,14.705714225769043
CZ3,15.85481071472168
O,17.00384521484375
OH,18.15294075012207
OD1,18.20461654663086
OD2,18.25628662109375
OE1,18.307966232299805
OE2,18.359642028808594
OG,17.203105926513672
OG1,15.89560604095459
N,14.588047981262207
NE,13.280485153198242
NE1,12.34943962097168
NE2,11.525986671447754
ND1,10.702536582946777
ND2,9.879088401794434
NZ,9.188003540039062
NH1,8.563167572021484
NH2,7.938309669494629
SD,7.313448905944824
SG,7.0357346534729
UNKNOWN,7.0357346534729
