atom_type,importance
C,0.15478520095348358
CA,0.15478520095348358
CB,0.16000710427761078
CD,0.17175617814064026
CD1,0.18350447714328766
CD2,0.1952534168958664
CE,0.197971910238266
CE1,0.18262836337089539
CE2,0.1672848016023636
CE3,0.1519411951303482
CG,0.1494653970003128
CG1,0.19202595949172974
CG2,0.23458661139011383
CH2,0.27714717388153076
CZ,0.31223705410957336
CZ2,0.28756049275398254
CZ3,0.26288387179374695
O,0.23820734024047852
OH,0.21353080868721008
OD1,0.23866181075572968
OD2,0.26379281282424927
OE1,0.28892385959625244
OE2,0.3140548765659332
OG,0.3163302540779114
OG1,0.31574875116348267
N,0.31516724824905396
NE,0.3145855963230133
NE1,0.3121655583381653
NE2,0.30921846628189087
ND1,0.3062729835510254
ND2,0.303325891494751
NZ,0.29637643694877625
NH1,0.2874256372451782
NH2,0.2784750163555145
SD,0.26952436566352844
SG,0.2655462920665741
UNKNOWN,0.2655462920665741
