atom_type,importance
C,0.0899384617805481
CA,0.0899384617805481
CB,0.09060709178447723
CD,0.09211158752441406
CD1,0.09361551702022552
CD2,0.09511946886777878
CE,0.0960494875907898
CE1,0.09583234786987305
CE2,0.09561459720134735
CE3,0.09539685398340225
CG,0.09462671726942062
CG1,0.09192326664924622
CG2,0.08921981602907181
CH2,0.0865163505077362
CZ,0.08598767966032028
CZ2,0.10285688191652298
CZ3,0.11972551792860031
O,0.136594757437706
OH,0.15346398949623108
OD1,0.15181218087673187
OD2,0.15016046166419983
OE1,0.1485086977481842
OE2,0.14685693383216858
OG,0.14199981093406677
OG1,0.13674195110797882
N,0.13148419559001923
NE,0.12622632086277008
NE1,0.13134722411632538
NE2,0.13943174481391907
ND1,0.14751629531383514
ND2,0.155600905418396
NZ,0.15275514125823975
NH1,0.1444442868232727
NH2,0.13613222539424896
SD,0.1278214007616043
SG,0.12412753701210022
UNKNOWN,0.12412753701210022
