atom_type,importance
C,0.12148988246917725
CA,0.12148988246917725
CB,0.1289815604686737
CD,0.14583662152290344
CD1,0.16269168257713318
CD2,0.17954665422439575
CE,0.18898935616016388
CE1,0.18360984325408936
CE2,0.17822904884815216
CE3,0.17284958064556122
CG,0.16993510723114014
CG1,0.17564882338047028
CG2,0.18136253952980042
CH2,0.18707627058029175
CZ,0.19160498678684235
CZ2,0.18665370345115662
CZ3,0.18170233070850372
O,0.176751047372818
OH,0.1717996895313263
OD1,0.1683121919631958
OD2,0.16482466459274292
OE1,0.16133718192577362
OE2,0.15784966945648193
OG,0.15098652243614197
OG1,0.1437014788389206
N,0.13641640543937683
NE,0.12913136184215546
NE1,0.13487844169139862
NE2,0.1443476527929306
ND1,0.1538168340921402
ND2,0.16328737139701843
NZ,0.1763659566640854
NH1,0.19124862551689148
NH2,0.20613126456737518
SD,0.2210138738155365
SG,0.2276284545660019
UNKNOWN,0.2276284545660019
