atom_type,importance_sum
C,4.838229179382324
CA,4.838229179382324
CB,4.9973931312561035
CD,5.3555121421813965
CD1,5.713632106781006
CD2,6.071750164031982
CE,6.470245838165283
CE1,6.949538230895996
CE2,7.428788185119629
CE3,7.9080376625061035
CG,8.413811683654785
CG1,9.012239456176758
CG2,9.610665321350098
CH2,10.209092140197754
CZ,10.790422439575195
CZ2,11.234981536865234
CZ3,11.679539680480957
O,12.124099731445312
OH,12.568659782409668
OD1,12.155572891235352
OD2,11.742490768432617
OE1,11.32940673828125
OE2,10.916321754455566
OG,10.649486541748047
OG1,10.400927543640137
N,10.152374267578125
NE,9.903817176818848
NE1,9.926359176635742
NE2,10.026371002197266
ND1,10.12629508972168
ND2,10.22630500793457
NZ,10.632740020751953
NH1,11.192386627197266
NH2,11.752034187316895
SD,12.311677932739258
SG,12.56040096282959
UNKNOWN,12.56040096282959
