atom_type,importance_sum
C,8.67915153503418
CA,8.67915153503418
CB,8.9937744140625
CD,9.701675415039062
CD1,10.40953540802002
CD2,11.117443084716797
CE,11.899932861328125
CE1,12.831701278686523
CE2,13.763406753540039
CE3,14.69511890411377
CG,15.721388816833496
CG1,17.07855796813965
CG2,18.43572235107422
CH2,19.79286003112793
CZ,21.059314727783203
CZ2,21.60037612915039
CZ3,22.141433715820312
O,22.682493209838867
OH,23.22355079650879
OD1,23.38709831237793
OD2,23.550643920898438
OE1,23.71419334411621
OE2,23.877735137939453
OG,23.452796936035156
OG1,22.954307556152344
N,22.455810546875
NE,21.95732307434082
NE1,22.098817825317383
NE2,22.42317008972168
ND1,22.74764060974121
ND2,23.07210922241211
NZ,22.090736389160156
NH1,20.45661735534668
NH2,18.822492599487305
SD,17.188297271728516
SG,16.462011337280273
UNKNOWN,16.462011337280273
