atom_index,is_real_atom,atom_type_from_onehot,importance
0,1,CD1,8.482694625854492
1,1,CB,8.482694625854492
2,1,CD1,8.591428756713867
3,1,CE1,8.821324348449707
4,1,CE2,9.051219940185547
5,1,CZ,9.28111743927002
6,1,CG2,9.512085914611816
7,1,CD1,9.744542121887207
8,1,CB,9.976999282836914
9,1,CG1,10.209456443786621
10,1,CG2,10.415250778198242
11,1,CG,10.574636459350586
12,1,CD1,10.73402214050293
13,1,SD,10.893407821655273
14,1,CE,10.886645317077637
15,1,CG,10.511469841003418
16,1,CD1,10.136293411254883
17,1,CE1,9.761117935180664
18,1,CE2,9.36534309387207
19,1,CZ,8.909942626953125
20,1,CG2,8.45454216003418
21,1,CB,7.99914026260376
22,1,CG,7.620334625244141
23,1,CD1,7.542807102203369
24,1,CD2,7.4652791023254395
25,1,NE1,7.387751579284668
26,1,CE2,7.320553302764893
27,1,CE3,7.312519550323486
28,1,CZ2,7.30448579788208
29,1,CZ3,7.296452045440674
30,1,CH2,7.277044773101807
31,1,CG2,7.148785591125488
32,1,CD2,7.02052640914917
33,1,CE2,6.892266750335693
34,1,CZ,6.748440742492676
