atom_type,importance_sum
C,3.9503400325775146
CA,3.9503400325775146
CB,4.8122406005859375
CD,6.751547813415527
CD1,8.690898895263672
CD2,10.630163192749023
CE,12.022672653198242
CE1,12.321589469909668
CE2,12.62051010131836
CE3,12.91933536529541
CG,13.539831161499023
CG1,15.285685539245605
CG2,17.03146743774414
CH2,18.777301788330078
CZ,20.307655334472656
CZ2,20.11407470703125
CZ3,19.920495986938477
O,19.726905822753906
OH,19.5333251953125
OD1,16.694835662841797
OD2,13.856348991394043
OE1,11.017817497253418
OE2,8.179244041442871
OG,6.888299942016602
OG1,5.790807247161865
N,4.693316459655762
NE,3.595824956893921
NE1,3.8136990070343018
NE2,4.407388210296631
ND1,5.0010552406311035
ND2,5.59476900100708
NZ,7.046048164367676
NH1,8.926192283630371
NH2,10.806270599365234
SD,12.686393737792969
SG,13.522028923034668
UNKNOWN,13.522028923034668
