atom_type,importance_sum
C,2.0845093727111816
CA,2.0845093727111816
CB,2.4914462566375732
CD,3.407027006149292
CD1,4.322628974914551
CD2,5.238190174102783
CE,5.947042942047119
CE1,6.2424421310424805
CE2,6.537840366363525
CE3,6.833239555358887
CG,7.2763848304748535
CG1,8.236698150634766
CG2,9.197067260742188
CH2,10.15743637084961
CZ,10.941909790039062
CZ2,10.319230079650879
CZ3,9.696547508239746
O,9.07386589050293
OH,8.451183319091797
OD1,7.065819263458252
OD2,5.68040132522583
OE1,4.294985294342041
OE2,2.9095683097839355
OG,2.886543035507202
OG1,3.033818006515503
N,3.181091785430908
NE,3.32836651802063
NE1,3.4616405963897705
NE2,3.5909347534179688
ND1,3.720229387283325
ND2,3.8495237827301025
NZ,3.823979616165161
NH1,3.720991849899292
NH2,3.618029832839966
SD,3.5150411128997803
SG,3.4692747592926025
UNKNOWN,3.4692747592926025
