atom_type,importance
C,0.08764549344778061
CA,0.08764549344778061
CB,0.09659454971551895
CD,0.11672953516244888
CD1,0.1368650645017624
CD2,0.15700063109397888
CE,0.16944177448749542
CE1,0.16649389266967773
CE2,0.16354608535766602
CE3,0.16059818863868713
CG,0.16028288006782532
CG1,0.1691841185092926
CG2,0.1780853420495987
CH2,0.18698662519454956
CZ,0.19601410627365112
CZ2,0.20605164766311646
CZ3,0.21608954668045044
O,0.22612780332565308
OH,0.2361653596162796
OD1,0.218441903591156
OD2,0.20071786642074585
OE1,0.18299467861652374
OE2,0.16527152061462402
OG,0.15869387984275818
OG1,0.15350943803787231
N,0.14832495152950287
NE,0.14314056932926178
NE1,0.14287346601486206
NE2,0.14401015639305115
ND1,0.14514563977718353
ND2,0.14628231525421143
NZ,0.147907555103302
NH1,0.14977525174617767
NH2,0.15164414048194885
SD,0.15351304411888123
SG,0.15434332191944122
UNKNOWN,0.15434332191944122
