atom_type,importance
C,0.1891622692346573
CA,0.1891622692346573
CB,0.19526129961013794
CD,0.20898394286632538
CD1,0.2227066606283188
CD2,0.23642928898334503
CE,0.23982378840446472
CE1,0.22255897521972656
CE2,0.2052948772907257
CE3,0.18803159892559052
CG,0.17530006170272827
CG1,0.17843319475650787
CG2,0.18156631290912628
CH2,0.1846994310617447
CZ,0.18756885826587677
CZ2,0.1883286088705063
CZ3,0.18908843398094177
O,0.18984822928905487
OH,0.19060805439949036
OD1,0.2054029405117035
OD2,0.22019782662391663
OE1,0.23499275743961334
OE2,0.24978764355182648
OG,0.25434452295303345
OG1,0.2576218247413635
N,0.2608989477157593
NE,0.2641761600971222
NE1,0.2576218247413635
NE2,0.2482578009366989
ND1,0.23889386653900146
ND2,0.22952845692634583
NZ,0.20999586582183838
NH1,0.1853788048028946
NH2,0.16076110303401947
SD,0.13614414632320404
SG,0.12520281970500946
UNKNOWN,0.12520281970500946
