atom_index,is_real_atom,atom_type_from_onehot,importance
0,1,CD2,7.28230619430542
1,1,CE1,7.28230619430542
2,1,CE2,7.338808059692383
3,1,CZ,7.45826530456543
4,1,OH,7.577724933624268
5,1,CB,7.697183609008789
6,1,OG,7.621253967285156
7,1,CA,7.274302005767822
8,1,C,6.9273505210876465
9,1,O,6.5803985595703125
10,1,CB,6.18345308303833
11,1,CG,5.699481010437012
12,1,CD1,5.215509414672852
13,1,CD2,4.731537818908691
14,1,N,4.322195053100586
15,1,CA,4.078335762023926
16,1,C,3.834476947784424
17,1,O,3.590618371963501
18,1,CB,3.381122589111328
19,1,CG1,3.271099090576172
20,1,CG2,3.161076068878174
21,1,CD1,3.051053047180176
22,1,N,2.9418139457702637
23,1,CA,2.8356616497039795
24,1,C,2.729508638381958
25,1,O,2.6233561038970947
26,1,CB,2.5543954372406006
27,1,CG,2.6984455585479736
28,1,CD1,2.842496633529663
29,1,CD2,2.986546039581299
30,1,CE1,3.1283957958221436
31,1,CE2,3.249176025390625
32,1,CZ,3.3699569702148438
33,1,CB,3.4907374382019043
34,1,CG1,3.6192209720611572
35,1,CG2,3.930001974105835
36,1,CD2,4.240781784057617
37,1,CE3,4.551563739776611
38,1,CZ2,4.862344264984131
39,1,CZ3,4.827151298522949
40,1,CH2,4.787219524383545
41,1,CA,4.747287273406982
42,1,C,4.70735502243042
43,1,O,4.577276229858398
44,1,CB,4.440665245056152
45,1,CG,4.304053783416748
46,1,CD2,4.167442798614502
47,1,CA,4.068190574645996
48,1,C,3.9741108417510986
49,1,O,3.880030393600464
50,1,CB,3.7859511375427246
51,1,CG,3.7408132553100586
52,1,CD1,3.7061052322387695
53,1,CD2,3.6713972091674805
54,1,CE1,3.6366891860961914
55,1,CE2,3.8343634605407715
56,1,CZ,4.101343154907227
57,1,N,4.36832332611084
58,1,CA,4.6353044509887695
59,1,CB,4.646493911743164
60,1,CG,4.556332588195801
61,1,CD2,4.4661712646484375
62,1,CB,4.376009941101074
63,1,CG1,4.304107189178467
64,1,CG2,4.241523265838623
