atom_index,is_real_atom,atom_type_from_onehot,importance
0,1,CD2,7.037872314453125
1,1,CE2,7.037872314453125
2,1,CZ,6.9828338623046875
3,1,CE1,6.866467475891113
4,1,CZ,6.750100612640381
5,1,CG,6.633731842041016
6,1,CG,6.6772541999816895
7,1,CD1,6.942558765411377
8,1,CD1,7.207862854003906
9,1,CD2,7.473166465759277
10,1,CD2,7.665531158447266
11,1,CG,7.730924606323242
12,1,CD1,7.796318531036377
13,1,CD2,7.86171293258667
14,1,CA,7.96694278717041
15,1,C,8.160512924194336
16,1,O,8.354081153869629
17,1,CB,8.547648429870605
18,1,CG1,8.696175575256348
19,1,CG2,8.714310646057129
20,1,CA,8.73244857788086
21,1,C,8.750584602355957
22,1,O,8.63001537322998
23,1,CB,7.963860988616943
24,1,SG,7.297706127166748
25,1,N,6.631551742553711
26,1,CA,6.09407377243042
27,1,C,6.293557167053223
28,1,CB,6.493041038513184
29,1,CG,6.6925249099731445
30,1,CD1,6.89735746383667
31,1,CD2,7.153380393981934
32,1,CE1,7.409404277801514
33,1,CE2,7.665425777435303
34,1,CZ,7.920753002166748
35,1,CA,8.159585952758789
36,1,C,8.398417472839355
37,1,O,8.637250900268555
38,1,CB,8.876084327697754
39,1,CG,8.755989074707031
40,1,CD1,8.630976676940918
41,1,CE1,8.505963325500488
42,1,N,8.380950927734375
43,1,CA,7.997664451599121
44,1,CB,7.595664978027344
45,1,SG,7.193663120269775
46,1,SG,6.791661262512207
