atom_type,importance
C,0.0749506726861
CA,0.0749506726861
CB,0.07858873903751373
CD,0.0867752730846405
CD1,0.09496182203292847
CD2,0.10314837098121643
CE,0.10830317437648773
CE1,0.10739456117153168
CE2,0.10648522526025772
CE3,0.10557659715414047
CG,0.10687918215990067
CG1,0.1159244179725647
CG2,0.1249689981341362
CH2,0.1340135633945465
CZ,0.14158318936824799
CZ2,0.13735324144363403
CZ3,0.13312332332134247
O,0.1288933902978897
OH,0.12466347962617874
OD1,0.1229357123374939
OD2,0.12120793759822845
OE1,0.1194801852107048
OE2,0.11775240302085876
OG,0.10763420164585114
OG1,0.096467524766922
N,0.08530105650424957
NE,0.07413461804389954
NE1,0.07447526603937149
NE2,0.07810384035110474
ND1,0.08173242211341858
ND2,0.08536099642515182
NZ,0.09396693855524063
NH1,0.10506119579076767
NH2,0.11615530401468277
SD,0.12724943459033966
SG,0.13218027353286743
UNKNOWN,0.13218027353286743
