atom_type,importance
C,0.12977001070976257
CA,0.12977001070976257
CB,0.13848401606082916
CD,0.15809266269207
CD1,0.17770004272460938
CD2,0.1973087638616562
CE,0.20656456053256989
CE1,0.1951148957014084
CE2,0.1836652010679245
CE3,0.17221680283546448
CG,0.16030913591384888
CG1,0.14679738879203796
CG2,0.13328556716442108
CH2,0.11977377533912659
CZ,0.10916553437709808
CZ2,0.12178856134414673
CZ3,0.13441132009029388
O,0.14703400433063507
OH,0.15965676307678223
OD1,0.1546737253665924
OD2,0.1496906578540802
OE1,0.14470763504505157
OE2,0.13972459733486176
OG,0.14319634437561035
OG1,0.14772501587867737
N,0.1522536277770996
NE,0.15678228437900543
NE1,0.15397636592388153
NE2,0.14907577633857727
ND1,0.14417517185211182
ND2,0.13927461206912994
NZ,0.13948118686676025
NH1,0.14224068820476532
NH2,0.145000159740448
SD,0.1477595716714859
SG,0.14898504316806793
UNKNOWN,0.14898504316806793
