atom_type,importance
C,0.08041173219680786
CA,0.08041173219680786
CB,0.08196622133255005
CD,0.08546403050422668
CD1,0.08896133303642273
CD2,0.09245911240577698
CE,0.09365508705377579
CE1,0.09024878591299057
CE2,0.08684298396110535
CE3,0.08343666791915894
CG,0.08571586012840271
CG1,0.10789549350738525
CG2,0.1300755888223648
CH2,0.15225520730018616
CZ,0.17376728355884552
CZ2,0.18993926048278809
CZ3,0.2061111479997635
O,0.22228237986564636
OH,0.2384539544582367
OD1,0.24456174671649933
OD2,0.25066953897476196
OE1,0.25677716732025146
OE2,0.26288482546806335
OG,0.2531697750091553
OG1,0.24147681891918182
N,0.22978393733501434
NE,0.21809157729148865
NE1,0.20793069899082184
NE2,0.19820676743984222
ND1,0.1884838193655014
ND2,0.17876091599464417
NZ,0.17317940294742584
NH1,0.16966809332370758
NH2,0.16615775227546692
SD,0.16264742612838745
SG,0.16108688712120056
UNKNOWN,0.16108688712120056
