atom_type,importance_sum
C,6.019430637359619
CA,6.019430637359619
CB,6.817859172821045
CD,8.61434555053711
CD1,10.410831451416016
CD2,12.207318305969238
CE,13.835238456726074
CE1,15.126020431518555
CE2,16.416805267333984
CE3,17.707592010498047
CG,18.54471206665039
CG1,17.793588638305664
CG2,17.0424747467041
CH2,16.291357040405273
CZ,15.629573822021484
CZ2,15.682464599609375
CZ3,15.735359191894531
O,15.788256645202637
OH,15.84114933013916
OD1,14.47529411315918
OD2,13.109439849853516
OE1,11.743587493896484
OE2,10.377732276916504
OG,10.897161483764648
OG1,11.652255058288574
N,12.4073486328125
NE,13.162442207336426
NE1,12.988011360168457
NE2,12.547982215881348
ND1,12.107952117919922
ND2,11.66792106628418
NZ,12.423529624938965
NH1,13.776999473571777
NH2,15.130461692810059
SD,16.48383903503418
SG,17.085342407226562
UNKNOWN,17.085342407226562
