atom_index,is_real_atom,atom_type_from_onehot,importance
0,1,CG2,11.276674270629883
1,1,CD1,11.276674270629883
2,1,CG,11.296330451965332
3,1,CD2,11.337891578674316
4,1,CG,11.379449844360352
5,1,OD1,11.42101001739502
6,1,ND2,11.43202018737793
7,1,CG2,11.400652885437012
8,1,CD1,11.369285583496094
9,1,CG,11.337918281555176
10,1,CD1,11.386301040649414
11,1,CD2,11.573506355285645
12,1,CG,11.760709762573242
13,1,CD1,11.947914123535156
14,1,CD2,12.13648796081543
15,1,CA,12.328097343444824
16,1,O,12.519707679748535
17,1,CB,12.711316108703613
18,1,CG1,12.795207023620605
19,1,CG2,12.567281723022461
20,1,C,12.33935546875
21,1,O,12.111431121826172
22,1,CB,11.827712059020996
23,1,N,11.324529647827148
24,1,CA,10.821349143981934
25,1,CB,10.318168640136719
26,1,SG,9.81393814086914
27,1,CB,9.303712844848633
28,1,CG,8.793481826782227
29,1,CD1,8.28325366973877
30,1,CD2,7.7871246337890625
31,1,NE1,7.4259562492370605
32,1,CE2,7.064786911010742
33,1,CE3,6.703617095947266
34,1,CZ2,6.346341133117676
35,1,CZ3,6.081173419952393
36,1,CH2,5.816008567810059
37,1,CD1,5.550840854644775
