atom_index,is_real_atom,atom_type_from_onehot,importance
0,1,CD1,7.823163032531738
1,1,CE1,7.823163032531738
2,1,CZ,7.919985294342041
3,1,CB,8.124693870544434
4,1,CG2,8.329404830932617
5,1,N,8.534112930297852
6,1,CA,8.650341033935547
7,1,CD1,8.643838882446289
8,1,CB,8.637337684631348
9,1,CG1,8.630833625793457
10,1,CG2,8.477992057800293
11,1,CD2,8.070404052734375
12,1,CA,7.662817001342773
13,1,C,7.25523042678833
14,1,O,6.951252460479736
15,1,CB,6.877017021179199
16,1,CG1,6.80278205871582
17,1,CG2,6.728546142578125
18,1,N,6.568362236022949
19,1,CA,6.159380912780762
20,1,C,5.7503981590271
21,1,O,5.341416835784912
22,1,CB,4.994402885437012
23,1,N,4.8911356925964355
24,1,CA,4.787868022918701
25,1,CG,4.684600353240967
26,1,CD1,4.537079334259033
27,1,CD2,4.136108875274658
28,1,CE1,3.7351367473602295
29,1,CE2,3.3341660499572754
30,1,CZ,2.9732353687286377
