atom_type,importance_sum
C,2.8269996643066406
CA,2.8269996643066406
CB,3.2184882164001465
CD,4.099318027496338
CD1,4.980164051055908
CD2,5.860990047454834
CE,6.383178234100342
CE1,6.188050270080566
CE2,5.99296760559082
CE3,5.797837257385254
CG,5.890037536621094
CG1,6.9879045486450195
CG2,8.085786819458008
CH2,9.183683395385742
CZ,10.18466854095459
CZ2,10.410603523254395
CZ3,10.636537551879883
O,10.862473487854004
OH,11.088404655456543
OD1,9.130646705627441
OD2,7.172842502593994
OE1,5.215085029602051
OE2,3.2573299407958984
OG,3.6662838459014893
OG1,4.371079444885254
N,5.0758748054504395
NE,5.780667781829834
NE1,6.462162017822266
NE2,7.13701868057251
ND1,7.811873912811279
ND2,8.486730575561523
NZ,8.11695384979248
NH1,7.22495174407959
NH2,6.332952976226807
SD,5.44090461730957
SG,5.044466018676758
UNKNOWN,5.044466018676758
