atom_type,importance
C,0.0779600441455841
CA,0.0779600441455841
CB,0.08456239104270935
CD,0.09941718727350235
CD1,0.1142726019024849
CD2,0.12912745773792267
CE,0.14259305596351624
CE1,0.15327781438827515
CE2,0.16396372020244598
CE3,0.17464852333068848
CG,0.18566910922527313
CG1,0.19786374270915985
CG2,0.21005839109420776
CH2,0.22225189208984375
CZ,0.23227332532405853
CZ2,0.2249089628458023
CZ3,0.21754521131515503
O,0.21018147468566895
OH,0.20281711220741272
OD1,0.18948113918304443
OD2,0.17614515125751495
OE1,0.16280914843082428
OE2,0.14947308599948883
OG,0.14465053379535675
OG1,0.14089210331439972
N,0.13713373243808746
NE,0.13337531685829163
NE1,0.12834955751895905
NE2,0.1229618713259697
ND1,0.11757311224937439
ND2,0.11218533664941788
NZ,0.11349814385175705
NH1,0.11816130578517914
NH2,0.1228245198726654
SD,0.12748736143112183
SG,0.12955980002880096
UNKNOWN,0.12955980002880096
