atom_type,importance
C,0.08122475445270538
CA,0.08122475445270538
CB,0.08656865358352661
CD,0.09859145432710648
CD1,0.11061423271894455
CD2,0.12263703346252441
CE,0.12940777838230133
CE1,0.12567436695098877
CE2,0.12194226682186127
CE3,0.11821018159389496
CG,0.11667775362730026
CG1,0.1228465884923935
CG2,0.12901544570922852
CH2,0.13518433272838593
CZ,0.14114011824131012
CZ2,0.14539141952991486
CZ3,0.14964279532432556
O,0.15389403700828552
OH,0.15814535319805145
OD1,0.15743866562843323
OD2,0.1567319929599762
OE1,0.15602532029151917
OE2,0.15531864762306213
OG,0.15093469619750977
OG1,0.14609113335609436
N,0.14124754071235657
NE,0.13640403747558594
NE1,0.1382572054862976
NE2,0.14202545583248138
ND1,0.14579369127750397
ND2,0.14956063032150269
NZ,0.1554085910320282
NH1,0.16229645907878876
NH2,0.16918298602104187
SD,0.17607082426548004
SG,0.17913252115249634
UNKNOWN,0.17913252115249634
