atom_type,importance
C,0.0943509191274643
CA,0.0943509191274643
CB,0.09935513883829117
CD,0.11061470955610275
CD1,0.12187480926513672
CD2,0.13313372433185577
CE,0.1429031938314438
CE1,0.14969240128993988
CE2,0.15648037195205688
CE3,0.16326963901519775
CG,0.16959461569786072
CG1,0.17429833114147186
CG2,0.1790020614862442
CH2,0.18370580673217773
CZ,0.1880083531141281
CZ2,0.18910136818885803
CZ3,0.19019442796707153
O,0.19128748774528503
OH,0.19238051772117615
OD1,0.17245721817016602
OD2,0.15253397822380066
OE1,0.13261067867279053
OE2,0.1126873642206192
OG,0.09725892543792725
OG1,0.08239229023456573
N,0.0675256997346878
NE,0.05265909060835838
NE1,0.06371337920427322
NE2,0.0821739062666893
ND1,0.10063449293375015
ND2,0.11909504234790802
NZ,0.13389277458190918
NH1,0.1468590795993805
NH2,0.1598266363143921
SD,0.1727929711341858
SG,0.1785559058189392
UNKNOWN,0.1785559058189392
