atom_index,is_real_atom,atom_type_from_onehot,importance
0,1,CD1,11.405540466308594
1,1,CA,11.405540466308594
2,1,CB,11.692800521850586
3,1,CA,12.300152778625488
4,1,C,12.907502174377441
5,1,O,13.514852523803711
6,1,CB,13.736862182617188
7,1,N,13.424363136291504
8,1,CA,13.111863136291504
9,1,O,12.79936408996582
10,1,CG,12.762015342712402
11,1,CD1,13.203633308410645
12,1,CE1,13.645251274108887
13,1,CZ,14.08686637878418
14,1,CA,14.198514938354492
15,1,C,13.578495025634766
16,1,CB,12.958474159240723
17,1,CG,12.338452339172363
18,1,CD2,11.6068754196167
19,1,N,10.55237865447998
