atom_type,importance
C,0.09623314440250397
CA,0.09623314440250397
CB,0.1023501306772232
CD,0.11611414700746536
CD1,0.12987728416919708
CD2,0.14364132285118103
CE,0.15268658101558685
CE1,0.15229730308055878
CE2,0.15190693736076355
CE3,0.1515175700187683
CG,0.1510181874036789
CG1,0.1501363068819046
CG2,0.14925441145896912
CH2,0.1483725756406784
CZ,0.14892661571502686
CZ2,0.16096796095371246
CZ3,0.17300920188426971
O,0.18505053222179413
OH,0.19709190726280212
OD1,0.21195246279239655
OD2,0.22681207954883575
OE1,0.24167264997959137
OE2,0.25653326511383057
OG,0.25020644068717957
OG1,0.24123118817806244
N,0.23225586116313934
NE,0.2232806384563446
NE1,0.21535827219486237
NE2,0.20773504674434662
ND1,0.20011286437511444
ND2,0.1924896091222763
NZ,0.18535013496875763
NH1,0.1784524768590927
NH2,0.17155493795871735
SD,0.16465730965137482
SG,0.1615917831659317
UNKNOWN,0.1615917831659317
