atom_type,importance
C,0.08379839360713959
CA,0.08379839360713959
CB,0.08433666080236435
CD,0.08554773032665253
CD1,0.08675879240036011
CD2,0.08796984702348709
CE,0.09029072523117065
CE1,0.09483113884925842
CE2,0.09937158226966858
CE3,0.10391253978013992
CG,0.10942451655864716
CG1,0.11833872646093369
CG2,0.12725292146205902
CH2,0.13616704940795898
CZ,0.14581173658370972
CZ2,0.16130183637142181
CZ3,0.1767919510602951
O,0.19228209555149078
OH,0.2077721655368805
OD1,0.2107386589050293
OD2,0.21370519697666168
OE1,0.21667170524597168
OE2,0.21963806450366974
OG,0.21875013411045074
OG1,0.21738027036190033
N,0.21601051092147827
NE,0.21464067697525024
NE1,0.23205170035362244
NE2,0.2548310160636902
ND1,0.27760815620422363
ND2,0.300385445356369
NZ,0.29893651604652405
NH1,0.28537556529045105
NH2,0.2718126177787781
SD,0.25825175642967224
SG,0.25222381949424744
UNKNOWN,0.25222381949424744
