atom_index,is_real_atom,atom_type_from_onehot,importance
0,1,CB,7.8617753982543945
1,1,CG1,7.8617753982543945
2,1,CG2,8.151888847351074
3,1,CB,8.765270233154297
4,1,CG,9.378650665283203
5,1,CD1,9.992032051086426
6,1,CG,10.271374702453613
7,1,CD1,10.087374687194824
8,1,CD2,9.903376579284668
9,1,CD2,9.719375610351562
10,1,O,9.598320960998535
11,1,CB,9.586836814880371
12,1,CG,9.57535457611084
13,1,CD1,9.563873291015625
14,1,CD2,9.505993843078613
15,1,CE1,9.345239639282227
16,1,CE2,9.184488296508789
17,1,C,9.023735046386719
18,1,N,8.905637741088867
19,1,CA,8.911023139953613
20,1,CB,8.916406631469727
21,1,CG,8.921792030334473
22,1,CD1,8.861209869384766
23,1,CD2,8.541153907775879
24,1,CD2,8.22109603881836
25,1,CG,7.9010419845581055
26,1,CD1,7.615321159362793
27,1,CD2,7.526254653930664
28,1,CG1,7.43718957901001
29,1,CG2,7.3481221199035645
30,1,CD1,7.246989727020264
31,1,CB,7.03037166595459
32,1,CG1,6.813753604888916
33,1,CG2,6.597135066986084
34,1,CD1,6.384314060211182
