atom_type,importance_sum
C,7.0284624099731445
CA,7.0284624099731445
CB,7.692582607269287
CD,9.186759948730469
CD1,10.680983543395996
CD2,12.175209045410156
CE,13.389904022216797
CE1,14.045713424682617
CE2,14.701528549194336
CE3,15.357340812683105
CG,16.15838623046875
CG1,17.46806526184082
CG2,18.777738571166992
CH2,20.087369918823242
CZ,21.132549285888672
CZ2,20.06212615966797
CZ3,18.991697311401367
O,17.921249389648438
OH,16.850786209106445
OD1,15.332646369934082
OD2,13.814533233642578
OE1,12.296422958374023
OE2,10.778311729431152
OG,10.288677215576172
OG1,9.927603721618652
N,9.566527366638184
NE,9.205453872680664
NE1,9.026562690734863
NE2,8.89970874786377
ND1,8.77285385131836
ND2,8.646039009094238
NZ,8.701726913452148
NH1,8.848691940307617
NH2,8.99569320678711
SD,9.142658233642578
SG,9.207990646362305
UNKNOWN,9.207990646362305
