atom_type,importance_sum
C,4.86780309677124
CA,4.86780309677124
CB,5.0045061111450195
CD,5.312080383300781
CD1,5.61965799331665
CD2,5.927268028259277
CE,6.235869884490967
CE1,6.546560287475586
CE2,6.857215404510498
CE3,7.167907238006592
CG,7.436915397644043
CG1,7.560093402862549
CG2,7.683271408081055
CH2,7.806451797485352
CZ,8.09117317199707
CZ2,9.668256759643555
CZ3,11.245333671569824
O,12.822418212890625
OH,14.399497032165527
OD1,13.013962745666504
OD2,11.628425598144531
OE1,10.242887496948242
OE2,8.857348442077637
OG,9.138071060180664
OG1,9.6270751953125
N,10.11607837677002
NE,10.605081558227539
NE1,10.36734676361084
NE2,9.922041893005371
ND1,9.476662635803223
ND2,9.031355857849121
NZ,8.914246559143066
NH1,8.961277961730957
NH2,9.008309364318848
SD,9.055336952209473
SG,9.076272010803223
UNKNOWN,9.076272010803223
