atom_index,is_real_atom,atom_type_from_onehot,importance
0,1,CD2,6.174856185913086
1,1,CE1,6.174856185913086
2,1,CE2,6.058720588684082
3,1,CZ,5.81317663192749
4,1,CD1,5.567632675170898
5,1,CE1,5.322088718414307
6,1,CZ,5.2102484703063965
7,1,CG,5.283867835998535
8,1,CD1,5.35748815536499
9,1,CD2,5.431108474731445
10,1,CB,5.427828311920166
11,1,CG,5.290687561035156
12,1,CD1,5.15354585647583
13,1,CD2,5.016404151916504
14,1,O,4.951451301574707
15,1,CA,5.046570301055908
16,1,C,5.141689777374268
17,1,O,5.236809253692627
18,1,CB,5.34395694732666
19,1,CG1,5.4859232902526855
20,1,CG2,5.6278886795043945
21,1,CD1,5.769855976104736
22,1,CA,5.82787561416626
23,1,C,5.55571174621582
24,1,O,5.283546447753906
25,1,CB,5.01138162612915
26,1,SG,4.76323938369751
27,1,N,4.65268087387085
28,1,CA,4.542122840881348
29,1,C,4.4315643310546875
30,1,O,4.3571271896362305
31,1,CB,4.628419399261475
32,1,CG,4.899711608886719
33,1,CD1,5.171003818511963
34,1,CD2,5.425193786621094
35,1,CE1,5.274640083312988
36,1,CE2,5.124087333679199
37,1,CZ,4.973532676696777
38,1,N,4.822979927062988
39,1,CA,4.833112716674805
40,1,C,4.845448017120361
41,1,O,4.85778284072876
42,1,CB,4.870116710662842
43,1,CG,5.298279762268066
44,1,CD1,5.7565717697143555
45,1,CD2,6.214866638183594
46,1,CE2,6.673160552978516
47,1,CZ,6.606029510498047
48,1,N,6.46614933013916
49,1,CA,6.326268196105957
50,1,CB,6.186386585235596
51,1,SG,5.857574939727783
52,1,SG,5.488502025604248
