atom_type,importance
C,0.17472755908966064
CA,0.17472755908966064
CB,0.1807560920715332
CD,0.19432193040847778
CD1,0.20788678526878357
CD2,0.2214525043964386
CE,0.22561408579349518
CE1,0.2109684944152832
CE2,0.19632288813591003
CE3,0.18167728185653687
CG,0.16964925825595856
CG1,0.16678263247013092
CG2,0.1639159619808197
CH2,0.16104933619499207
CZ,0.1590522974729538
CZ2,0.16401268541812897
CZ3,0.16897308826446533
O,0.17393343150615692
OH,0.1788938194513321
OD1,0.1815555840730667
OD2,0.18421731889247894
OE1,0.18687909841537476
OE2,0.18954087793827057
OG,0.1812288910150528
OG1,0.17154517769813538
N,0.16186144948005676
NE,0.15217776596546173
NE1,0.14994581043720245
NE2,0.14984163641929626
ND1,0.14973852038383484
ND2,0.14963535964488983
NZ,0.14196768403053284
NH1,0.13051895797252655
NH2,0.11906908452510834
SD,0.1076197698712349
SG,0.10253086686134338
UNKNOWN,0.10253086686134338
