atom_index,is_real_atom,atom_type_from_onehot,importance
0,1,CD2,6.688436508178711
1,1,CE1,6.688436508178711
2,1,CE2,6.540360927581787
3,1,CZ,6.2272844314575195
4,1,OH,5.91420841217041
5,1,CB,5.601132869720459
6,1,OG,5.3369245529174805
7,1,CA,5.140500068664551
8,1,C,4.944077014923096
9,1,O,4.747652530670166
10,1,CB,4.548745632171631
11,1,CG,4.345516204833984
12,1,CD1,4.142286777496338
13,1,CD2,3.9390573501586914
14,1,N,3.709829330444336
15,1,CA,3.4229540824890137
16,1,C,3.1360785961151123
17,1,O,2.849203586578369
18,1,CB,2.634557008743286
19,1,CG1,2.6289916038513184
20,1,CG2,2.6234278678894043
21,1,CD1,2.617863416671753
22,1,N,2.5712943077087402
23,1,CA,2.36344313621521
24,1,C,2.1555910110473633
25,1,O,1.947739601135254
26,1,CB,1.802627444267273
27,1,CG,2.0168399810791016
28,1,CD1,2.231052875518799
29,1,CD2,2.445266008377075
30,1,CE1,2.6430654525756836
31,1,CE2,2.683769702911377
32,1,CZ,2.7244741916656494
33,1,CB,2.7651784420013428
34,1,CG1,2.820298433303833
35,1,CG2,3.216583251953125
36,1,CD2,3.6128673553466797
37,1,CE3,4.009151935577393
38,1,CZ2,4.405437469482422
39,1,CZ3,4.4079179763793945
40,1,CH2,4.405004978179932
41,1,CA,4.402092456817627
42,1,C,4.399178981781006
43,1,O,4.332422256469727
44,1,CB,4.261040210723877
45,1,CG,4.189657211303711
46,1,CD2,4.118273735046387
47,1,CA,3.9253897666931152
48,1,C,3.7156827449798584
49,1,O,3.5059757232666016
50,1,CB,3.2962677478790283
51,1,CG,3.3581173419952393
52,1,CD1,3.4778385162353516
53,1,CD2,3.597559928894043
54,1,CE1,3.7172811031341553
55,1,CE2,3.600400447845459
56,1,CZ,3.4129552841186523
57,1,N,3.2255094051361084
58,1,CA,3.0380630493164062
59,1,CB,3.031050443649292
60,1,CG,3.0955305099487305
61,1,CD2,3.16001033782959
62,1,CB,3.2244904041290283
63,1,CG1,3.0054519176483154
64,1,CG2,2.641763687133789
