atom_type,importance_sum
C,9.90363883972168
CA,9.90363883972168
CB,9.955323219299316
CD,10.071525573730469
CD1,10.187729835510254
CD2,10.303934097290039
CE,10.130204200744629
CE1,9.37661361694336
CE2,8.622942924499512
CE3,7.8693132400512695
CG,7.731927871704102
CG1,9.751421928405762
CG2,11.770879745483398
CH2,13.790334701538086
CZ,15.649839401245117
CZ2,16.229747772216797
CZ3,16.80963134765625
O,17.38951873779297
OH,17.969425201416016
OD1,16.892431259155273
OD2,15.815449714660645
OE1,14.738426208496094
OE2,13.661395072937012
OG,13.066349983215332
OG1,12.531557083129883
N,11.996760368347168
NE,11.461959838867188
NE1,11.356658935546875
NE2,11.374136924743652
ND1,11.39161491394043
ND2,11.409008979797363
NZ,11.085406303405762
NH1,10.591215133666992
NH2,10.09695816040039
SD,9.602758407592773
SG,9.383136749267578
UNKNOWN,9.383136749267578
