atom_index,is_real_atom,atom_type_from_onehot,importance
0,1,CG2,8.549939155578613
1,1,CB,8.549939155578613
2,1,OG,8.542075157165527
3,1,SD,8.525445938110352
4,1,CE,8.50881576538086
5,1,CG1,8.4921875
6,1,CG2,8.326520919799805
7,1,CD1,7.954124927520752
8,1,CE,7.581729412078857
9,1,CG,7.209333419799805
10,1,CD1,6.750904560089111
11,1,CD2,6.142716884613037
12,1,CD1,5.5345282554626465
13,1,CD2,4.926340103149414
