atom_type,importance_sum
C,1.6658127307891846
CA,1.6658127307891846
CB,2.1244025230407715
CD,3.156259059906006
CD1,4.188103675842285
CD2,5.219945907592773
CE,5.967802047729492
CE1,6.147716999053955
CE2,6.327630043029785
CE3,6.507486343383789
CG,6.798094749450684
CG1,7.476151943206787
CG2,8.154210090637207
CH2,8.832269668579102
CZ,9.248083114624023
CZ2,7.565921783447266
CZ3,5.883758544921875
O,4.201598644256592
OH,2.5194365978240967
OD1,2.0449841022491455
OD2,1.570531964302063
OE1,1.096082091331482
OE2,0.6216335296630859
OG,0.8290796875953674
OG1,1.1217573881149292
N,1.414439082145691
NE,1.7071223258972168
NE1,1.6770330667495728
NE2,1.5547397136688232
ND1,1.4324322938919067
ND2,1.3101255893707275
NZ,1.895950198173523
NH1,2.8358476161956787
NH2,3.7757444381713867
SD,4.715631484985352
SG,5.133357048034668
UNKNOWN,5.133357048034668
