atom_type,importance
C,0.057410597801208496
CA,0.057410597801208496
CB,0.061818674206733704
CD,0.07173655182123184
CD1,0.0816550925374031
CD2,0.0915728509426117
CE,0.09897225350141525
CE1,0.10133486241102219
CE2,0.10369747132062912
CE3,0.10606008023023605
CG,0.10867000371217728
CG1,0.11214553564786911
CG2,0.11562108248472214
CH2,0.11909664422273636
CZ,0.1216617226600647
CZ2,0.11694323271512985
CZ3,0.1122247576713562
O,0.10750626772642136
OH,0.10278776288032532
OD1,0.10389581322669983
OD2,0.10500384122133255
OE1,0.10611189156770706
OE2,0.10721994936466217
OG,0.09885191917419434
OG1,0.08929938822984695
N,0.07974684983491898
NE,0.07019433379173279
NE1,0.0653144121170044
NE2,0.061770375818014145
ND1,0.05822557955980301
ND2,0.05468128249049187
NZ,0.06578174233436584
NH1,0.0842055231332779
NH2,0.10262855887413025
SD,0.12105178833007812
SG,0.12923985719680786
UNKNOWN,0.12923985719680786
