atom_type,importance
C,0.06491327285766602
CA,0.06491327285766602
CB,0.06756579875946045
CD,0.07353286445140839
CD1,0.07949995249509811
CD2,0.08546701818704605
CE,0.09160138666629791
CE1,0.09807029366493225
CE2,0.10453920811414719
CE3,0.11100869625806808
CG,0.1194620132446289
CG1,0.1348593682050705
CG2,0.15025676786899567
CH2,0.16565407812595367
CZ,0.18123744428157806
CZ2,0.1983092874288559
CZ3,0.21538089215755463
O,0.23245196044445038
OH,0.24952372908592224
OD1,0.24509066343307495
OD2,0.2406575232744217
OE1,0.23622429370880127
OE2,0.23179112374782562
OG,0.2170749455690384
OG1,0.20107325911521912
N,0.18507103621959686
NE,0.16906891763210297
NE1,0.15256838500499725
NE2,0.13592515885829926
ND1,0.1192830502986908
ND2,0.10264038294553757
NZ,0.09771504998207092
NH1,0.0986483246088028
NH2,0.09958159923553467
SD,0.10051488131284714
SG,0.10092932730913162
UNKNOWN,0.10092932730913162
