atom_index,is_real_atom,atom_type_from_onehot,importance
0,1,NE,11.03500747680664
1,1,CZ,11.03500747680664
2,1,NH1,11.366242408752441
3,1,CG,12.066566467285156
4,1,CD1,12.76689338684082
5,1,CD2,13.467217445373535
6,1,CD2,13.666910171508789
7,1,CE1,13.172185897827148
8,1,CE2,12.677460670471191
9,1,CZ,12.182733535766602
10,1,CA,11.950510025024414
11,1,O,12.175233840942383
12,1,CB,12.3999605178833
13,1,CG,12.624685287475586
14,1,CD,12.623551368713379
15,1,CE,12.121609687805176
16,1,CB,11.61966323852539
17,1,CG2,11.117719650268555
18,1,CD1,10.683021545410156
19,1,N,10.442991256713867
20,1,CB,10.202960014343262
21,1,CG,9.962928771972656
22,1,CD1,9.721184730529785
23,1,CD2,9.472699165344238
24,1,NE1,9.224214553833008
25,1,CE2,8.975728034973145
26,1,CE3,8.73661994934082
27,1,CE1,8.551224708557129
28,1,CE2,8.365825653076172
29,1,CZ,8.180426597595215
