atom_type,importance_sum
C,7.9480791091918945
CA,7.9480791091918945
CB,8.442930221557617
CD,9.556337356567383
CD1,10.66970157623291
CD2,11.783161163330078
CE,12.5734281539917
CE1,12.717408180236816
CE2,12.861385345458984
CE3,13.00536823272705
CG,13.393820762634277
CG1,14.63789176940918
CG2,15.881966590881348
CH2,17.12604331970215
CZ,18.190946578979492
CZ2,17.822507858276367
CZ3,17.454069137573242
O,17.08563232421875
OH,16.717191696166992
OD1,15.799087524414062
OD2,14.880977630615234
OE1,13.962875366210938
OE2,13.04476547241211
OG,12.560766220092773
OG1,12.131030082702637
N,11.7012939453125
NE,11.27155590057373
NE1,11.532644271850586
NE2,11.991130828857422
ND1,12.449618339538574
ND2,12.908011436462402
NZ,12.98788070678711
NH1,12.878344535827637
NH2,12.76880931854248
SD,12.659274101257324
SG,12.610613822937012
UNKNOWN,12.610613822937012
