atom_index,is_real_atom,atom_type_from_onehot,importance
0,1,ND1,6.675431251525879
1,1,CE1,6.675431251525879
2,1,NE2,6.802603244781494
3,1,CD1,7.071480751037598
4,1,CD1,7.340359687805176
5,1,CD2,7.609236717224121
6,1,CE1,7.743953227996826
7,1,CE2,7.692575454711914
8,1,CZ,7.641197204589844
9,1,CD2,7.589819431304932
10,1,CE2,7.5058088302612305
11,1,CZ,7.364989280700684
12,1,OH,7.2241716384887695
13,1,CE1,7.083352565765381
14,1,CE2,7.003231525421143
15,1,CZ,7.0576958656311035
16,1,CZ3,7.112159729003906
17,1,CH2,7.1666259765625
18,1,CG2,7.13754940032959
19,1,CB,6.866644859313965
20,1,CG,6.595739364624023
21,1,CD1,6.324834823608398
22,1,CD2,6.043426990509033
23,1,NE1,5.720711708068848
24,1,CE2,5.397995948791504
25,1,CE3,5.075282096862793
26,1,CZ2,4.7427778244018555
27,1,CZ3,4.354225158691406
28,1,CH2,3.9656713008880615
