atom_type,importance_sum
C,7.456633567810059
CA,7.456633567810059
CB,7.747648239135742
CD,8.402400016784668
CD1,9.0571870803833
CD2,9.711934089660645
CE,10.18686294555664
CE1,10.302249908447266
CE2,10.417637825012207
CE3,10.532928466796875
CG,10.697997093200684
CG1,11.037124633789062
CG2,11.376250267028809
CH2,11.715376853942871
CZ,12.08011531829834
CZ2,12.649751663208008
CZ3,13.219388961791992
O,13.789024353027344
OH,14.358657836914062
OD1,14.376900672912598
OD2,14.395139694213867
OE1,14.413379669189453
OE2,14.431617736816406
OG,14.023295402526855
OG1,13.561652183532715
N,13.10000991821289
NE,12.638367652893066
NE1,12.21951675415039
NE2,11.812906265258789
ND1,11.406294822692871
ND2,10.999685287475586
NZ,10.579916000366211
NH1,10.153532028198242
NH2,9.727211952209473
SD,9.300873756408691
SG,9.111374855041504
UNKNOWN,9.111374855041504
