atom_index,is_real_atom,atom_type_from_onehot,importance
0,1,CD2,6.279276371002197
1,1,CE3,6.279276371002197
2,1,CZ2,6.275131702423096
3,1,CZ3,6.266371726989746
4,1,CH2,6.257609844207764
5,1,CB,6.248848915100098
6,1,CG2,6.17641544342041
7,1,CB,6.0156636238098145
8,1,CD2,5.854910373687744
9,1,CE1,5.694159030914307
10,1,CE2,5.508677005767822
11,1,CZ,5.280149936676025
12,1,OH,5.051621437072754
13,1,CA,4.823092937469482
14,1,C,4.7049665451049805
15,1,O,4.831642150878906
16,1,CB,4.958316802978516
17,1,CG,5.084991931915283
18,1,CA,5.177901744842529
19,1,C,5.173066139221191
20,1,O,5.168231964111328
21,1,CB,5.163397312164307
22,1,CG,5.120706081390381
23,1,CD1,4.929111957550049
24,1,CD2,4.737516403198242
25,1,NE1,4.545921325683594
26,1,CE2,4.38847017288208
27,1,CE3,4.426570892333984
28,1,CZ2,4.464670181274414
29,1,CZ3,4.502769947052002
30,1,CH2,4.57450008392334
31,1,CD1,4.968113899230957
32,1,CE1,5.361728668212891
33,1,CE2,5.75534200668335
34,1,CZ,6.142579078674316
35,1,CD1,6.378901958465576
36,1,CD2,6.615222930908203
37,1,CE1,6.851546287536621
38,1,CE2,7.087868690490723
39,1,CZ,7.268160343170166
40,1,O,7.447682857513428
41,1,CA,7.627207279205322
42,1,C,7.8067307472229
43,1,O,7.5848708152771
44,1,CB,7.333926200866699
45,1,CG1,7.082980155944824
46,1,N,6.832035064697266
47,1,CA,6.527125835418701
48,1,C,6.214746475219727
49,1,O,5.9023661613464355
50,1,N,5.589986801147461
51,1,CA,5.4488983154296875
52,1,CB,5.344315052032471
53,1,CG,5.239731788635254
54,1,CD1,5.135147571563721
55,1,CD2,5.072961807250977
56,1,CE1,5.023420333862305
57,1,CE2,4.973880290985107
58,1,CZ,4.9243388175964355
