atom_index,is_real_atom,atom_type_from_onehot,importance
0,1,CZ,7.845531940460205
1,1,NH1,7.845531940460205
2,1,CB,8.116657257080078
3,1,CG,8.68989372253418
4,1,CD1,9.263130187988281
5,1,CD2,9.836366653442383
6,1,CE1,10.095952987670898
7,1,CE2,9.920476913452148
8,1,CZ,9.744999885559082
9,1,OE2,9.569524765014648
10,1,SD,9.527974128723145
11,1,CE,9.719547271728516
12,1,CE1,9.911121368408203
13,1,CE2,10.102697372436523
14,1,CZ,10.209567070007324
15,1,O,10.128610610961914
16,1,CA,10.047653198242188
17,1,CB,9.966697692871094
18,1,CE1,9.835278511047363
19,1,CE2,9.557788848876953
20,1,CZ,9.280301094055176
21,1,CD2,9.002811431884766
22,1,CE2,8.744965553283691
23,1,O,8.564393043518066
24,1,CB,8.383814811706543
25,1,CG1,8.203241348266602
26,1,CG2,8.020804405212402
27,1,CA,7.827707767486572
28,1,C,7.634609222412109
29,1,O,7.441512107849121
30,1,CB,7.249098300933838
31,1,CG,7.063238143920898
32,1,CD1,6.877377510070801
33,1,N,6.6915178298950195
34,1,CA,6.524415969848633
35,1,CG,6.801275253295898
36,1,CD1,7.078133583068848
37,1,CD2,7.3549933433532715
38,1,CE1,7.631852149963379
39,1,CE2,7.352856159210205
40,1,CZ,7.066247463226318
41,1,CD2,6.779636383056641
42,1,NE2,6.493027687072754
