atom_type,importance_sum
C,3.010160446166992
CA,3.010160446166992
CB,3.4570116996765137
CD,4.462452411651611
CD1,5.46787166595459
CD2,6.473332405090332
CE,7.122295379638672
CE1,7.058260917663574
CE2,6.994269371032715
CE3,6.9302778244018555
CG,7.377049922943115
CG1,9.61170482635498
CG2,11.846365928649902
CH2,14.081027030944824
CZ,16.203941345214844
CZ2,17.43288230895996
CZ3,18.661745071411133
O,19.890602111816406
OH,21.11946678161621
OD1,19.717052459716797
OD2,18.314645767211914
OE1,16.91221809387207
OE2,15.509730339050293
OG,15.045063018798828
OG1,14.697606086730957
N,14.3501558303833
NE,14.002705574035645
NE1,13.603760719299316
NE2,13.190080642700195
ND1,12.77640151977539
ND2,12.362723350524902
NZ,12.906455039978027
NH1,13.928770065307617
NH2,14.951166152954102
SD,15.973559379577637
SG,16.427934646606445
UNKNOWN,16.427934646606445
