atom_index,is_real_atom,atom_type_from_onehot,importance
0,1,CD2,6.650150775909424
1,1,CE2,6.650150775909424
2,1,CA,6.479953289031982
3,1,O,6.120108127593994
4,1,C,5.760263919830322
5,1,O,5.400418758392334
6,1,CB,5.166144371032715
7,1,CG,5.106045722961426
8,1,CD2,5.0459489822387695
9,1,N,4.985851287841797
10,1,CA,5.122504234313965
11,1,C,5.601650238037109
12,1,O,6.08079719543457
13,1,CB,6.559944152832031
14,1,CG1,6.851972579956055
15,1,CD1,6.729090213775635
16,1,CZ,6.606208801269531
17,1,OH,6.483325958251953
18,1,N,6.39333963394165
19,1,CA,6.398579120635986
20,1,O,6.4038190841674805
21,1,CB,6.4090576171875
22,1,CG,6.356963634490967
23,1,CD1,6.079362392425537
24,1,CE1,5.801759719848633
25,1,C,5.524158477783203
26,1,O,5.242708206176758
27,1,CB,4.939232349395752
28,1,OG,4.635754585266113
29,1,N,4.332277774810791
30,1,CA,4.090190410614014
31,1,CB,4.435693740844727
32,1,CG,4.781197547912598
33,1,CD1,5.126699447631836
34,1,CD2,5.470658302307129
35,1,CE1,5.778037071228027
36,1,CB,6.085416316986084
37,1,CG,6.392795085906982
38,1,CD2,6.7001752853393555
39,1,CE2,6.511794090270996
40,1,CZ,6.316622734069824
41,1,OH,6.121451377868652
42,1,NE1,5.9262800216674805
43,1,CE2,5.44073486328125
44,1,CZ2,4.934150695800781
45,1,CZ3,4.4275641441345215
46,1,CH2,3.920977830886841
