atom_type,importance
C,0.08740223199129105
CA,0.08740223199129105
CB,0.08993826806545258
CD,0.09564480185508728
CD1,0.10135136544704437
CD2,0.10705792903900146
CE,0.11087167263031006
CE1,0.11089860647916794
CE2,0.11092600226402283
CE3,0.11095340549945831
CG,0.1108415350317955
CG1,0.11024298518896103
CG2,0.10964440554380417
CH2,0.1090458407998085
CZ,0.110677570104599
CZ2,0.13015048205852509
CZ3,0.1496231108903885
O,0.1690956950187683
OH,0.18856823444366455
OD1,0.18960146605968475
OD2,0.1906345933675766
OE1,0.191667839884758
OE2,0.19270093739032745
OG,0.19014419615268707
OG1,0.18713867664337158
N,0.18413323163986206
NE,0.18112772703170776
NE1,0.19245703518390656
NE2,0.20788267254829407
ND1,0.2233094573020935
ND2,0.23873502016067505
NZ,0.23801195621490479
NH1,0.2292129248380661
NH2,0.22041404247283936
SD,0.21161536872386932
SG,0.20770537853240967
UNKNOWN,0.20770537853240967
