atom_type,importance_sum
C,8.238428115844727
CA,8.238428115844727
CB,8.440957069396973
CD,8.89665412902832
CD1,9.35234260559082
CD2,9.808053016662598
CE,10.16423225402832
CE1,10.321216583251953
CE2,10.478293418884277
CE3,10.635273933410645
CG,11.05548095703125
CG1,12.396592140197754
CG2,13.737695693969727
CH2,15.078804016113281
CZ,16.238353729248047
CZ2,15.945505142211914
CZ3,15.6526460647583
O,15.359793663024902
OH,15.066936492919922
OD1,14.106093406677246
OD2,13.145247459411621
OE1,12.184403419494629
OE2,11.223555564880371
OG,10.605748176574707
OG1,10.030817985534668
N,9.455880165100098
NE,8.880932807922363
NE1,8.416003227233887
NE2,7.9825119972229
ND1,7.549020767211914
ND2,7.115533351898193
NZ,6.897090911865234
NH1,6.786174774169922
NH2,6.675258159637451
SD,6.564340591430664
SG,6.515060901641846
UNKNOWN,6.515060901641846
