atom_type,importance_sum
C,17.61349868774414
CA,17.61349868774414
CB,18.22596549987793
CD,19.603910446166992
CD1,20.98198127746582
CD2,22.35991668701172
CE,23.307918548583984
CE1,23.39575958251953
CE2,23.483728408813477
CE3,23.571565628051758
CG,23.181358337402344
CG1,21.117660522460938
CG2,19.053972244262695
CH2,16.990276336669922
CZ,15.090248107910156
CZ2,14.499489784240723
CZ3,13.90873908996582
O,13.317991256713867
OH,12.7272367477417
OD1,13.453289985656738
OD2,14.179341316223145
OE1,14.9053955078125
OE2,15.631447792053223
OG,15.299983978271484
OG1,14.836337089538574
N,14.372686386108398
NE,13.909039497375488
NE1,14.345235824584961
NE2,15.038495063781738
ND1,15.7318115234375
ND2,16.425067901611328
NZ,15.976734161376953
NH1,14.957581520080566
NH2,13.938426971435547
SD,12.919210433959961
SG,12.466279983520508
UNKNOWN,12.466279983520508
