atom_index,is_real_atom,atom_type_from_onehot,importance
0,1,CG,7.09066104888916
1,1,CD2,7.09066104888916
2,1,CD1,7.303826808929443
3,1,CG,7.754520893096924
4,1,CD1,8.205215454101562
5,1,CD2,8.65591049194336
6,1,CB,8.928519248962402
7,1,CG1,8.954107284545898
8,1,N,8.979694366455078
9,1,CA,9.005281448364258
10,1,O,8.939849853515625
11,1,CB,8.715974807739258
12,1,CG,8.492100715637207
13,1,CD,8.26822566986084
14,1,CA,8.040692329406738
15,1,C,7.805049896240234
16,1,O,7.569406986236572
17,1,CB,7.333765029907227
18,1,N,7.204517364501953
19,1,CA,7.383259296417236
20,1,CG1,7.562000274658203
21,1,CD1,7.740740776062012
22,1,CB,7.914522647857666
23,1,CG1,8.068794250488281
24,1,CG2,8.223067283630371
25,1,CG1,8.377339363098145
26,1,CA,8.508646011352539
27,1,O,8.508417129516602
28,1,CB,8.508187294006348
29,1,OG,8.50795841217041
