atom_type,importance_sum
C,9.459263801574707
CA,9.459263801574707
CB,9.515616416931152
CD,9.642580032348633
CD1,9.769441604614258
CD2,9.896401405334473
CE,9.894489288330078
CE1,9.635204315185547
CE2,9.375823020935059
CE3,9.11644172668457
CG,8.869268417358398
CG1,8.6647367477417
CG2,8.460205078125
CH2,8.255675315856934
CZ,8.134313583374023
CZ2,8.678300857543945
CZ3,9.222286224365234
O,9.766278266906738
OH,10.310257911682129
OD1,9.639999389648438
OD2,8.969738960266113
OE1,8.299477577209473
OE2,7.629215240478516
OG,7.873100757598877
OG1,8.231253623962402
N,8.589407920837402
NE,8.94755744934082
NE1,8.418353080749512
NE2,7.635631561279297
ND1,6.85291051864624
ND2,6.070187091827393
NZ,5.804465293884277
NH1,5.797196388244629
NH2,5.789924144744873
SD,5.782702445983887
SG,5.779465198516846
UNKNOWN,5.779465198516846
