atom_type,importance_sum
C,2.5003552436828613
CA,2.5003552436828613
CB,2.9693002700805664
CD,4.024437427520752
CD1,5.079574108123779
CD2,6.134734153747559
CE,6.93050479888916
CE1,7.207545280456543
CE2,7.484540939331055
CE3,7.76157808303833
CG,8.201353073120117
CG1,9.210657119750977
CG2,10.219965934753418
CH2,11.229269981384277
CZ,12.236029624938965
CZ2,13.22241497039795
CZ3,14.208800315856934
O,15.19518756866455
OH,16.181488037109375
OD1,14.97118854522705
OD2,13.7608003616333
OE1,12.550410270690918
OE2,11.340022087097168
OG,9.33088493347168
OG1,7.221901893615723
N,5.11292028427124
NE,3.0039174556732178
NE1,2.3704047203063965
NE2,2.1584599018096924
ND1,1.9465147256851196
ND2,1.73455810546875
NZ,3.1550590991973877
NH1,5.391796588897705
NH2,7.628557205200195
SD,9.86531925201416
SG,10.859344482421875
UNKNOWN,10.859344482421875
