atom_type,importance
C,0.18033070862293243
CA,0.18033070862293243
CB,0.1825789511203766
CD,0.1876358985900879
CD1,0.1926937699317932
CD2,0.19775165617465973
CE,0.19278648495674133
CE1,0.16777338087558746
CE2,0.14276020228862762
CE3,0.11774709075689316
CG,0.10574111342430115
CG1,0.13925938308238983
CG2,0.17277811467647552
CH2,0.2062968611717224
CZ,0.23697853088378906
CZ2,0.2449551671743393
CZ3,0.25293177366256714
O,0.2609083950519562
OH,0.26888492703437805
OD1,0.27060195803642273
OD2,0.27231886982917786
OE1,0.2740357518196106
OE2,0.27575284242630005
OG,0.2697795331478119
OG1,0.2628450095653534
N,0.2559105455875397
NE,0.24897605180740356
NE1,0.22926419973373413
NE2,0.20590347051620483
ND1,0.18254177272319794
ND2,0.15918093919754028
NZ,0.1508696973323822
NH1,0.1500837206840515
NH2,0.14929865300655365
SD,0.14851261675357819
SG,0.14816372096538544
UNKNOWN,0.14816372096538544
