atom_type,importance_sum
C,8.578277587890625
CA,8.578277587890625
CB,9.381110191345215
CD,11.187453269958496
CD1,12.993887901306152
CD2,14.80023193359375
CE,15.704902648925781
CE1,14.806047439575195
CE2,13.907285690307617
CE3,13.008525848388672
CG,12.423633575439453
CG1,12.937455177307129
CG2,13.45128059387207
CH2,13.965100288391113
CZ,14.551678657531738
CZ2,15.720306396484375
CZ3,16.888883590698242
O,18.057470321655273
OH,19.22609519958496
OD1,17.975831985473633
OD2,16.72562599182129
OE1,15.475409507751465
OE2,14.22514533996582
OG,14.030805587768555
OG1,13.968452453613281
N,13.906100273132324
NE,13.84375
NE1,13.61232852935791
NE2,13.332715034484863
ND1,13.053108215332031
ND2,12.773404121398926
NZ,12.616558074951172
NH1,12.52109146118164
NH2,12.425627708435059
SD,12.33016586303711
SG,12.287762641906738
UNKNOWN,12.287762641906738
