atom_index,is_real_atom,atom_type_from_onehot,importance
0,1,CE1,11.190228462219238
1,1,CD,11.190228462219238
2,1,NE,11.375619888305664
3,1,CZ,11.767590522766113
4,1,NH2,12.159562110900879
5,1,CD2,12.551534652709961
6,1,CE1,12.686410903930664
7,1,CE2,12.464670181274414
8,1,CZ,12.24293041229248
9,1,CD1,12.02118968963623
10,1,O,11.873579978942871
11,1,CB,11.855016708374023
12,1,CA,11.836455345153809
13,1,C,11.817892074584961
14,1,CB,11.807650566101074
15,1,CG,11.815866470336914
16,1,CD2,11.824082374572754
17,1,CE2,11.832298278808594
18,1,CZ,11.774482727050781
19,1,N,11.525520324707031
20,1,CA,11.276559829711914
21,1,CB,11.027597427368164
22,1,CG,10.660720825195312
23,1,ND2,9.83005428314209
