atom_index,is_real_atom,atom_type_from_onehot,importance
0,1,CD2,4.253896713256836
1,1,CE3,4.253896713256836
2,1,CZ2,4.207263946533203
3,1,CZ3,4.108670234680176
4,1,CH2,4.010076999664307
5,1,CB,3.911482572555542
6,1,CG2,3.8691444396972656
7,1,CB,3.9048380851745605
8,1,CD2,3.940530776977539
9,1,CE1,3.976223945617676
10,1,CE2,3.965988874435425
11,1,CZ,3.8758034706115723
12,1,OH,3.785619020462036
13,1,CA,3.6954336166381836
14,1,C,3.637462854385376
15,1,O,3.650923013687134
16,1,CB,3.664384126663208
17,1,CG,3.677844762802124
18,1,CA,3.6664140224456787
19,1,C,3.582930564880371
20,1,O,3.4994466304779053
21,1,CB,3.4159626960754395
22,1,CG,3.3202898502349854
23,1,CD1,3.1766746044158936
24,1,CD2,3.0330581665039062
25,1,NE1,2.8894426822662354
26,1,CE2,2.778799533843994
27,1,CE3,2.8569986820220947
28,1,CZ2,2.9351978302001953
29,1,CZ3,3.013396978378296
30,1,CH2,3.1264607906341553
31,1,CD1,3.573220729827881
32,1,CE1,4.019981384277344
33,1,CE2,4.466741561889648
34,1,CZ,4.896790504455566
35,1,CD1,4.931313514709473
36,1,CD2,4.965836524963379
37,1,CE1,5.000360488891602
38,1,CE2,5.034884452819824
39,1,CZ,4.981483459472656
40,1,O,4.926877498626709
41,1,CA,4.8722710609436035
42,1,C,4.817665100097656
43,1,O,4.712754726409912
44,1,CB,4.604201793670654
45,1,CG1,4.4956464767456055
46,1,N,4.387091636657715
47,1,CA,4.077836513519287
48,1,C,3.7407937049865723
49,1,O,3.403749942779541
50,1,N,3.0667057037353516
51,1,CA,3.000760793685913
52,1,CB,2.992591619491577
53,1,CG,2.984421491622925
54,1,CD1,2.9762516021728516
55,1,CD2,2.8370931148529053
56,1,CE1,2.6588687896728516
57,1,CE2,2.4806435108184814
58,1,CZ,2.3024184703826904
