atom_type,importance_sum
C,9.719120979309082
CA,9.719120979309082
CB,9.541404724121094
CD,9.141593933105469
CD1,8.741777420043945
CD2,8.341967582702637
CE,8.074606895446777
CE1,8.072267532348633
CE2,8.069887161254883
CE3,8.067545890808105
CG,8.114033699035645
CG1,8.33143424987793
CG2,8.548833847045898
CH2,8.766234397888184
CZ,9.099746704101562
CZ2,10.362171173095703
CZ3,11.624605178833008
O,12.887039184570312
OH,14.149469375610352
OD1,14.001861572265625
OD2,13.854246139526367
OE1,13.706633567810059
OE2,13.5590238571167
OG,13.122828483581543
OG1,12.65056037902832
N,12.178293228149414
NE,11.706025123596191
NE1,12.482085227966309
NE2,13.614758491516113
ND1,14.74743366241455
ND2,15.880108833312988
NZ,15.776924133300781
NH1,15.0558500289917
NH2,14.334776878356934
SD,13.613703727722168
SG,13.293216705322266
UNKNOWN,13.293216705322266
