atom_type,importance
C,0.2136273980140686
CA,0.2136273980140686
CB,0.21834683418273926
CD,0.22896598279476166
CD1,0.23958493769168854
CD2,0.2502039968967438
CE,0.2494986206293106
CE1,0.22614438831806183
CE2,0.20279110968112946
CE3,0.17943789064884186
CG,0.16098405420780182
CG1,0.15967456996440887
CG2,0.15836501121520996
CH2,0.15705552697181702
CZ,0.15723870694637299
CZ2,0.16936393082141876
CZ3,0.18148909509181976
O,0.19361427426338196
OH,0.20573943853378296
OD1,0.22127665579319
OD2,0.23681384325027466
OE1,0.2523510456085205
OE2,0.26788827776908875
OG,0.2602047324180603
OG1,0.24961870908737183
N,0.23903252184391022
NE,0.22844649851322174
NE1,0.2258630394935608
NE2,0.22556333243846893
ND1,0.22526560723781586
ND2,0.22496792674064636
NZ,0.21820583939552307
NH1,0.20821255445480347
NH2,0.1982179582118988
SD,0.1882244497537613
SG,0.18378348648548126
UNKNOWN,0.18378348648548126
