atom_type,importance
C,0.08549298346042633
CA,0.08549298346042633
CB,0.0877288430929184
CD,0.0927588939666748
CD1,0.09778894484043121
CD2,0.10281900316476822
CE,0.10941323637962341
CE1,0.11913479119539261
CE2,0.12885576486587524
CE3,0.1385778933763504
CG,0.1478954404592514
CG1,0.15579815208911896
CG2,0.16370083391666412
CH2,0.1716035157442093
CZ,0.1794719249010086
CZ2,0.187066450715065
CZ3,0.19466091692447662
O,0.20225538313388824
OH,0.20984980463981628
OD1,0.2166997492313385
OD2,0.22354921698570251
OE1,0.2303994745016098
OE2,0.2372497320175171
OG,0.22945205867290497
OG1,0.21982380747795105
N,0.21019582450389862
NE,0.2005671262741089
NE1,0.20233547687530518
NE2,0.2073594331741333
ND1,0.21238332986831665
ND2,0.2174070179462433
NZ,0.2162686139345169
NH1,0.2120480239391327
NH2,0.2078286111354828
SD,0.20360921323299408
SG,0.20173341035842896
UNKNOWN,0.20173341035842896
