atom_type,importance_sum
C,4.617195129394531
CA,4.617195129394531
CB,4.73983907699585
CD,5.015809059143066
CD1,5.2917799949646
CD2,5.567750453948975
CE,5.8770599365234375
CE1,6.252996921539307
CE2,6.628933906555176
CE3,7.004871368408203
CG,7.55200719833374
CG1,8.698122024536133
CG2,9.844282150268555
CH2,10.990440368652344
CZ,12.092089653015137
CZ2,12.837684631347656
CZ3,13.583279609680176
O,14.32887077331543
OH,15.074466705322266
OD1,14.229045867919922
OD2,13.383625984191895
OE1,12.538207054138184
OE2,11.692787170410156
OG,10.823418617248535
OG1,9.951057434082031
N,9.078699111938477
NE,8.206337928771973
NE1,7.336206912994385
NE2,6.466665267944336
ND1,5.597123146057129
ND2,4.727579593658447
NZ,4.538765907287598
NH1,4.690321445465088
NH2,4.841897964477539
SD,4.99345588684082
SG,5.060824871063232
UNKNOWN,5.060824871063232
