atom_index,is_real_atom,atom_type_from_onehot,importance
0,1,C,7.547639846801758
1,1,O,7.547639846801758
2,1,CG,7.632473468780518
3,1,CD1,7.811834812164307
4,1,CD2,7.991196632385254
5,1,CA,8.170557022094727
6,1,C,8.145320892333984
7,1,O,7.8362836837768555
8,1,N,7.527245998382568
9,1,CB,7.218209743499756
10,1,CG2,7.071884632110596
11,1,CD1,7.20879602432251
12,1,CG,7.345706939697266
13,1,CD1,7.482617378234863
14,1,CD2,7.567920207977295
15,1,CB,7.538785934448242
16,1,CG1,7.509651184082031
17,1,CD1,7.48051643371582
18,1,CG1,7.355815410614014
19,1,CG2,6.954471588134766
20,1,CD1,6.553125858306885
21,1,CD2,6.151782035827637
22,1,CB,5.8000030517578125
23,1,CG,5.643185615539551
24,1,CD1,5.486366271972656
25,1,CD2,5.329547882080078
26,1,CE1,5.160037994384766
27,1,CE2,4.917839527130127
28,1,CZ,4.6756415367126465
29,1,CD1,4.433443069458008
30,1,CD1,4.198246479034424
