atom_type,importance_sum
C,2.056488275527954
CA,2.056488275527954
CB,2.913954019546509
CD,4.843235492706299
CD1,6.772491931915283
CD2,8.701797485351562
CE,10.026126861572266
CE1,10.140508651733398
CE2,10.254985809326172
CE3,10.369365692138672
CG,10.676162719726562
CG1,11.656067848205566
CG2,12.63597583770752
CH2,13.615880966186523
CZ,14.393901824951172
CZ2,13.556818962097168
CZ3,12.719733238220215
O,11.882651329040527
OH,11.04556941986084
OD1,9.507465362548828
OD2,7.969362258911133
OE1,6.431257724761963
OE2,4.893154144287109
OG,4.35467529296875
OG1,3.9411492347717285
N,3.5276241302490234
NE,3.114098072052002
NE1,2.8998758792877197
NE2,2.7425737380981445
ND1,2.585270881652832
ND2,2.427992582321167
NZ,2.5345115661621094
NH1,2.772932529449463
NH2,3.0113723278045654
SD,3.249814510345459
SG,3.355783462524414
UNKNOWN,3.355783462524414
