atom_index,is_real_atom,atom_type_from_onehot,importance
0,1,CD1,7.773548603057861
1,1,CD1,7.773548603057861
2,1,CB,8.08842658996582
3,1,CG,8.754168510437012
4,1,CD1,9.419912338256836
5,1,CD2,10.085654258728027
6,1,CG,10.525189399719238
7,1,CD1,10.650952339172363
8,1,C,10.776718139648438
9,1,O,10.902480125427246
10,1,CB,10.884655952453613
11,1,SG,10.616883277893066
12,1,N,10.349112510681152
13,1,CA,10.081339836120605
14,1,CG2,9.69760799407959
15,1,CB,9.056741714477539
16,1,CG,8.415876388549805
17,1,CD1,7.775010108947754
18,1,CD2,7.086275100708008
