atom_type,importance_sum
C,1.7040631771087646
CA,1.7040631771087646
CB,2.0910804271698
CD,2.961862325668335
CD1,3.832644462585449
CD2,4.703425884246826
CE,5.714406967163086
CE1,7.005687236785889
CE2,8.296932220458984
CE3,9.588211059570312
CG,10.681114196777344
CG1,11.079362869262695
CG2,11.477611541748047
CH2,11.875864028930664
CZ,12.22043514251709
CZ2,12.135570526123047
CZ3,12.050710678100586
O,11.965848922729492
OH,11.880987167358398
OD1,10.100508689880371
OD2,8.320029258728027
OE1,6.539505958557129
OE2,4.759027481079102
OG,4.442896842956543
OG1,4.309811592102051
N,4.17672872543335
NE,4.043660640716553
NE1,5.082215785980225
NE2,6.4554901123046875
ND1,7.828808307647705
ND2,9.202130317687988
NZ,9.318690299987793
NH1,8.806870460510254
NH2,8.295013427734375
SD,7.783182144165039
SG,7.555718421936035
UNKNOWN,7.555718421936035
