atom_type,importance_sum
C,8.005172729492188
CA,8.005172729492188
CB,8.502540588378906
CD,9.621604919433594
CD1,10.740727424621582
CD2,11.859770774841309
CE,12.500207901000977
CE1,12.183243751525879
CE2,11.866280555725098
CE3,11.54931640625
CG,11.398040771484375
CG1,11.826884269714355
CG2,12.255722045898438
CH2,12.684561729431152
CZ,13.081653594970703
CZ2,13.224783897399902
CZ3,13.367911338806152
O,13.511040687561035
OH,13.654170036315918
OD1,13.483450889587402
OD2,13.312735557556152
OE1,13.142019271850586
OE2,12.97130012512207
OG,12.366899490356445
OG1,11.708287239074707
N,11.04967212677002
NE,10.391060829162598
NE1,9.711170196533203
NE2,9.025132179260254
ND1,8.339142799377441
ND2,7.653139114379883
NZ,7.3792924880981445
NH1,7.31154727935791
NH2,7.243751049041748
SD,7.175954341888428
SG,7.145817279815674
UNKNOWN,7.145817279815674
