atom_index,is_real_atom,atom_type_from_onehot,importance
0,1,O,9.647807121276855
1,1,N,9.647807121276855
2,1,CA,9.844268798828125
3,1,CG,10.2596435546875
4,1,CD2,10.675017356872559
5,1,CE2,11.090392112731934
6,1,CG,11.35043716430664
7,1,CD2,11.395029067993164
8,1,O,11.439623832702637
9,1,CG,11.484214782714844
10,1,CD,11.437984466552734
11,1,CE,11.233651161193848
12,1,NZ,11.029319763183594
13,1,C,10.824987411499023
14,1,N,10.72416877746582
15,1,CA,10.852884292602539
16,1,C,10.981598854064941
17,1,O,11.110315322875977
18,1,CB,11.275392532348633
19,1,CB,11.545722007751465
20,1,CD1,11.81605339050293
21,1,N,12.086385726928711
22,1,CA,12.247857093811035
23,1,O,11.981144905090332
24,1,CB,11.714430809020996
25,1,CG,11.44771957397461
26,1,SD,11.155726432800293
27,1,CB,10.718955993652344
28,1,CG2,10.282182693481445
29,1,CD1,9.845412254333496
30,1,CD1,9.369194984436035
31,1,CG1,8.515430450439453
32,1,CD1,7.661661624908447
