atom_type,importance
C,0.10116775333881378
CA,0.10116775333881378
CB,0.10662751644849777
CD,0.11891133338212967
CD1,0.1311962902545929
CD2,0.14348113536834717
CE,0.150137260556221
CE1,0.1455390900373459
CE2,0.14094093441963196
CE3,0.13634160161018372
CG,0.13197869062423706
CG1,0.1284393072128296
CG2,0.12489984184503555
CH2,0.12136049568653107
CZ,0.12032178044319153
CZ2,0.1392885446548462
CZ3,0.15825527906417847
O,0.1772220879793167
OH,0.1961888074874878
OD1,0.19182580709457397
OD2,0.18746289610862732
OE1,0.1830999255180359
OE2,0.17873695492744446
OG,0.17841053009033203
OG1,0.1785886436700821
N,0.17876677215099335
NE,0.1789448857307434
NE1,0.1780940294265747
NE2,0.17694859206676483
ND1,0.17580430209636688
ND2,0.17465895414352417
NZ,0.17058303952217102
NH1,0.16504310071468353
NH2,0.15950316190719604
SD,0.15396322309970856
SG,0.15150009095668793
UNKNOWN,0.15150009095668793
