atom_index,is_real_atom,atom_type_from_onehot,importance
0,1,CZ3,7.654792308807373
1,1,CH2,7.654792308807373
2,1,CG2,7.9158711433410645
3,1,CB,8.467866897583008
4,1,CB,9.01986026763916
5,1,CG,9.571855545043945
6,1,CD1,9.80009651184082
7,1,CD2,9.579255104064941
8,1,CE1,9.358414649963379
9,1,CE2,9.137574195861816
10,1,CZ,9.01612663269043
11,1,OH,9.067697525024414
12,1,O,9.119267463684082
13,1,CA,9.170838356018066
14,1,CG1,9.254026412963867
15,1,CD1,9.407319068908691
16,1,CB,9.560617446899414
17,1,CG,9.713912010192871
18,1,CD1,9.750221252441406
19,1,CD2,9.447885513305664
20,1,NE1,9.145549774169922
21,1,CE2,8.843213081359863
22,1,CE3,8.573487281799316
23,1,CZ2,8.432032585144043
24,1,CZ3,8.29057788848877
25,1,CH2,8.14912223815918
26,1,CD2,7.960495471954346
27,1,CG1,7.501706123352051
28,1,CD1,7.0429158210754395
