atom_type,importance_sum
C,3.9361746311187744
CA,3.9361746311187744
CB,4.4351725578308105
CD,5.557892322540283
CD1,6.68065881729126
CD2,7.803377151489258
CE,8.535978317260742
CE1,8.48825740814209
CE2,8.440557479858398
CE3,8.392834663391113
CG,8.696266174316406
CG1,10.228586196899414
CG2,11.760933876037598
CH2,13.29328441619873
CZ,14.748412132263184
CZ2,15.585814476013184
CZ3,16.42324447631836
O,17.260704040527344
OH,18.098121643066406
OD1,16.535404205322266
OD2,14.972726821899414
OE1,13.410078048706055
OE2,11.847428321838379
OG,10.474969863891602
OG1,9.126291275024414
N,7.777642726898193
NE,6.428955078125
NE1,6.395392417907715
NE2,6.737555980682373
ND1,7.079770565032959
ND2,7.421935558319092
NZ,8.212681770324707
NH1,9.227758407592773
NH2,10.242803573608398
SD,11.257831573486328
SG,11.709005355834961
UNKNOWN,11.709005355834961
