atom_type,importance
C,0.09036903828382492
CA,0.09036903828382492
CB,0.09532643854618073
CD,0.10648039728403091
CD1,0.11763491481542587
CD2,0.12878942489624023
CE,0.13471044600009918
CE1,0.13016663491725922
CE2,0.1256217360496521
CE3,0.12107786536216736
CG,0.12072883546352386
CG1,0.13506248593330383
CG2,0.1493961215019226
CH2,0.16372978687286377
CZ,0.17913976311683655
CZ2,0.2031606137752533
CZ3,0.2271803319454193
O,0.2512011229991913
OH,0.27522197365760803
OD1,0.25673577189445496
OD2,0.23824948072433472
OE1,0.21976338326931
OE2,0.20127816498279572
OG,0.19997665286064148
OG1,0.20082327723503113
N,0.2016698569059372
NE,0.20251646637916565
NE1,0.19893376529216766
NE2,0.19408464431762695
ND1,0.1892356276512146
ND2,0.18438655138015747
NZ,0.18106018006801605
NH1,0.17849403619766235
NH2,0.1759289652109146
SD,0.17336277663707733
SG,0.17222227156162262
UNKNOWN,0.17222227156162262
