atom_index,is_real_atom,atom_type_from_onehot,importance
0,1,O,7.151877403259277
1,1,C,7.151877403259277
2,1,O,7.344165802001953
3,1,N,7.750718593597412
4,1,CA,8.157272338867188
5,1,CB,8.563824653625488
6,1,OG,9.01511287689209
7,1,CA,9.528451919555664
8,1,C,10.041794776916504
9,1,CB,10.555134773254395
10,1,CG,10.885464668273926
11,1,CD2,10.897222518920898
12,1,N,10.908978462219238
13,1,CA,10.920735359191895
14,1,CE,10.81997299194336
15,1,OE1,10.46971321105957
16,1,NE1,10.119451522827148
17,1,CG2,9.769189834594727
18,1,CG,9.409805297851562
19,1,CD1,9.02401065826416
20,1,CD2,8.638215065002441
21,1,CE1,8.252419471740723
22,1,CE2,7.882044315338135
23,1,CZ,7.572329521179199
24,1,OH,7.262614727020264
25,1,CE1,6.952898025512695
26,1,CE2,6.680790424346924
27,1,CZ,6.624074935913086
28,1,OH,6.567359924316406
