atom_type,importance_sum
C,4.959765434265137
CA,4.959765434265137
CB,5.169220924377441
CD,5.640541076660156
CD1,6.111912727355957
CD2,6.58323335647583
CE,7.033926963806152
CE1,7.4433159828186035
CE2,7.852707862854004
CE3,8.262097358703613
CG,8.627923965454102
CG1,8.84142780303955
CG2,9.054930686950684
CH2,9.268433570861816
CZ,9.487878799438477
CZ2,9.754867553710938
CZ3,10.021854400634766
O,10.288843154907227
OH,10.555828094482422
OD1,10.429886817932129
OD2,10.303945541381836
OE1,10.178004264831543
OE2,10.052061080932617
OG,9.999943733215332
OG1,9.957053184509277
N,9.914165496826172
NE,9.871275901794434
NE1,9.50193977355957
NE2,9.039375305175781
ND1,8.576812744140625
ND2,8.114212989807129
NZ,7.820828437805176
NH1,7.611978530883789
NH2,7.4031782150268555
SD,7.19433069229126
SG,7.101524829864502
UNKNOWN,7.101524829864502
