atom_index,is_real_atom,atom_type_from_onehot,importance
0,1,CB,7.240177631378174
1,1,CG1,7.240177631378174
2,1,CG2,7.494827747344971
3,1,CB,8.033227920532227
4,1,CG,8.571629524230957
5,1,CD1,9.110032081604004
6,1,CG,9.23680305480957
7,1,CD2,8.792609214782715
8,1,CG1,8.34841251373291
9,1,CD2,7.9042158126831055
10,1,CA,7.570962429046631
11,1,C,7.430832386016846
12,1,O,7.2907023429870605
13,1,CB,7.150572299957275
14,1,CG,7.183513164520264
15,1,CD1,7.600218296051025
16,1,CD2,8.016924858093262
17,1,CE1,8.433629989624023
18,1,CE2,8.760979652404785
19,1,CZ,8.829660415649414
20,1,OH,8.89833927154541
21,1,CA,8.967020034790039
22,1,C,9.048222541809082
23,1,O,9.178680419921875
24,1,CB,9.309138298034668
25,1,N,9.439593315124512
26,1,CA,9.498693466186523
27,1,CB,9.149106979370117
28,1,CG,8.799516677856445
29,1,CD1,8.449928283691406
30,1,CD2,8.128487586975098
31,1,CD2,8.076458930969238
32,1,CB,8.024429321289062
33,1,CG1,7.972401142120361
34,1,CG2,7.913613796234131
35,1,CD1,7.694878578186035
36,1,CB,7.476144313812256
37,1,CG1,7.257408618927002
38,1,CG2,7.038673400878906
39,1,CD1,6.521023750305176
