atom_type,importance_sum
C,6.192382335662842
CA,6.192382335662842
CB,6.945394039154053
CD,8.639686584472656
CD1,10.333972930908203
CD2,12.028177261352539
CE,13.101393699645996
CE1,12.932293891906738
CE2,12.763189315795898
CE3,12.594087600708008
CG,12.695723533630371
CG1,13.744793891906738
CG2,14.793866157531738
CH2,15.842937469482422
CZ,16.836273193359375
CZ2,17.383691787719727
CZ3,17.931116104125977
O,18.478534698486328
OH,19.02596092224121
OD1,17.461511611938477
OD2,15.897058486938477
OE1,14.33260726928711
OE2,12.768156051635742
OG,11.992881774902344
OG1,11.316243171691895
N,10.639608383178711
NE,9.962974548339844
NE1,9.203109741210938
NE2,8.4195556640625
ND1,7.6359639167785645
ND2,6.852414131164551
NZ,6.967015743255615
NH1,7.530737400054932
NH2,8.094456672668457
SD,8.6581392288208
SG,8.90869140625
UNKNOWN,8.90869140625
