atom_type,importance
C,0.07830393314361572
CA,0.07830393314361572
CB,0.07944908738136292
CD,0.08202529698610306
CD1,0.0846015140414238
CD2,0.0871782898902893
CE,0.09201376885175705
CE1,0.10136666148900986
CE2,0.11072041839361191
CE3,0.12007297575473785
CG,0.12799642980098724
CG1,0.13091039657592773
CG2,0.13382434844970703
CH2,0.13673828542232513
CZ,0.14081473648548126
CZ2,0.15419095754623413
CZ3,0.16756713390350342
O,0.18094338476657867
OH,0.19431956112384796
OD1,0.19252265989780426
OD2,0.19072571396827698
OE1,0.18892879784107208
OE2,0.1871318370103836
OG,0.17459739744663239
OG1,0.16072072088718414
N,0.14684413373470306
NE,0.13296747207641602
NE1,0.12528738379478455
NE2,0.11937802284955978
ND1,0.1134696677327156
ND2,0.10756037384271622
NZ,0.10331738740205765
NH1,0.09990786015987396
NH2,0.09649834036827087
SD,0.09308881312608719
SG,0.09157349169254303
UNKNOWN,0.09157349169254303
