atom_type,importance
C,0.20962944626808167
CA,0.20962944626808167
CB,0.21867749094963074
CD,0.23903487622737885
CD1,0.2593940794467926
CD2,0.27975142002105713
CE,0.2928306460380554
CE1,0.291351854801178
CE2,0.28987300395965576
CE3,0.28839603066444397
CG,0.282431960105896
CG1,0.2607685923576355
CG2,0.2391052544116974
CH2,0.21744191646575928
CZ,0.19924631714820862
CZ2,0.2087927907705307
CZ3,0.21833913028240204
O,0.22788551449775696
OH,0.2374318391084671
OD1,0.24684499204158783
OD2,0.256258100271225
OE1,0.2656709849834442
OE2,0.27508413791656494
OG,0.26365911960601807
OG1,0.2496291846036911
N,0.2355993390083313
NE,0.22156944870948792
NE1,0.22794459760189056
NE2,0.24015145003795624
ND1,0.25235843658447266
ND2,0.26456356048583984
NZ,0.25761815905570984
NH1,0.24109497666358948
NH2,0.2245716154575348
SD,0.20804838836193085
SG,0.20070530474185944
UNKNOWN,0.20070530474185944
