atom_type,importance
C,0.13782115280628204
CA,0.13782115280628204
CB,0.1480877697467804
CD,0.171188086271286
CD1,0.19428737461566925
CD2,0.21738675236701965
CE,0.23036491870880127
CE1,0.2230994701385498
CE2,0.21583518385887146
CE3,0.20857031643390656
CG,0.2008390575647354
CG1,0.19147668778896332
CG2,0.1821143925189972
CH2,0.17275209724903107
CZ,0.16631783545017242
CZ2,0.1833079308271408
CZ3,0.200298011302948
O,0.21728846430778503
OH,0.23427917063236237
OD1,0.21514151990413666
OD2,0.19600462913513184
OE1,0.17686781287193298
OE2,0.1577310413122177
OG,0.15839830040931702
OG1,0.16154107451438904
N,0.16468381881713867
NE,0.16782662272453308
NE1,0.1756054162979126
NE2,0.18470898270606995
ND1,0.1938125342130661
ND2,0.20291614532470703
NZ,0.21031568944454193
NH1,0.21686485409736633
NH2,0.22341325879096985
SD,0.22996221482753754
SG,0.23287327587604523
UNKNOWN,0.23287327587604523
