atom_index,is_real_atom,atom_type_from_onehot,importance
0,1,SD,8.02912712097168
1,1,SG,8.02912712097168
2,1,N,8.23200798034668
3,1,CA,8.660955429077148
4,1,O,9.08990478515625
5,1,CB,9.518852233886719
6,1,C,9.641339302062988
7,1,O,9.338737487792969
8,1,CB,9.03613567352295
9,1,CG,8.733531951904297
10,1,CD1,8.506202697753906
11,1,N,8.409902572631836
12,1,CA,8.313602447509766
13,1,CB,8.217302322387695
14,1,CG,8.203927040100098
15,1,OD1,8.374431610107422
16,1,CB,8.544934272766113
17,1,CG1,8.715436935424805
18,1,CG2,8.83814525604248
19,1,CA,8.822493553161621
20,1,C,8.806840896606445
21,1,O,8.79118824005127
22,1,CB,8.734842300415039
23,1,CG,8.51843547821045
24,1,N,8.30202865600586
25,1,CA,8.085620880126953
26,1,C,7.860500812530518
27,1,O,7.585487365722656
28,1,CB,7.310473442077637
29,1,ND1,7.035460472106934
30,1,CE1,6.7387189865112305
31,1,N,6.234012126922607
32,1,CA,5.729302406311035
33,1,C,5.224595546722412
34,1,O,4.739459991455078
35,1,CB,4.717516899108887
36,1,CG,4.695574760437012
37,1,CD1,4.673632621765137
38,1,CD2,4.651690483093262
39,1,CE1,5.03101110458374
40,1,CE2,5.415825843811035
41,1,CZ,5.800642490386963
42,1,N,6.185459613800049
43,1,CB,6.460178375244141
44,1,CE,6.726917743682861
45,1,CB,6.993658065795898
46,1,CG2,7.2603983879089355
47,1,CD1,7.044329643249512
48,1,CG1,6.761411190032959
49,1,CD1,6.4784932136535645
