atom_type,importance_sum
C,10.440262794494629
CA,10.440262794494629
CB,10.76583480834961
CD,11.498588562011719
CD1,12.231266975402832
CD2,12.964020729064941
CE,13.812080383300781
CE1,14.890995979309082
CE2,15.969833374023438
CE3,17.048664093017578
CG,17.468490600585938
CG1,15.581579208374023
CG2,13.69466781616211
CH2,11.807751655578613
CZ,10.169795036315918
CZ2,10.523455619812012
CZ3,10.877115249633789
O,11.230775833129883
OH,11.584437370300293
OD1,10.48550796508789
OD2,9.386582374572754
OE1,8.287657737731934
OE2,7.188730716705322
OG,7.375918388366699
OG1,7.723875045776367
N,8.071831703186035
NE,8.419787406921387
NE1,8.750570297241211
NE2,9.076457977294922
ND1,9.40234661102295
ND2,9.728312492370605
NZ,10.4205961227417
NH1,11.296116828918457
NH2,12.171717643737793
SD,13.047239303588867
SG,13.436356544494629
UNKNOWN,13.436356544494629
