atom_type,importance
C,0.11470301449298859
CA,0.11470301449298859
CB,0.12483333796262741
CD,0.1476271152496338
CD1,0.17042094469070435
CD2,0.19321474432945251
CE,0.2123269885778427
CE1,0.22407571971416473
CE2,0.23582527041435242
CE3,0.247572124004364
CG,0.25347447395324707
CG1,0.23891402781009674
CG2,0.2243536412715912
CH2,0.20979443192481995
CZ,0.19850802421569824
CZ2,0.21341344714164734
CZ3,0.2283177375793457
O,0.24322311580181122
OH,0.2581285238265991
OD1,0.2305963933467865
OD2,0.203065425157547
OE1,0.17553332448005676
OE2,0.14800125360488892
OG,0.14752106368541718
OG1,0.15042245388031006
N,0.15332378447055817
NE,0.15622517466545105
NE1,0.16802261769771576
NE2,0.1823624223470688
ND1,0.196702241897583
ND2,0.21104201674461365
NZ,0.22470830380916595
NH1,0.23803754150867462
NH2,0.2513655126094818
SD,0.26469480991363525
SG,0.27061864733695984
UNKNOWN,0.27061864733695984
