atom_type,importance
C,0.14673973619937897
CA,0.14673973619937897
CB,0.15204448997974396
CD,0.1639813333749771
CD1,0.17591819167137146
CD2,0.187855064868927
CE,0.19232113659381866
CE1,0.18184570968151093
CE2,0.1713702380657196
CE3,0.1608959585428238
CG,0.15635374188423157
CG1,0.17257824540138245
CG2,0.1888028234243393
CH2,0.20502740144729614
CZ,0.21963198482990265
CZ2,0.22128458321094513
CZ3,0.22293749451637268
O,0.22459034621715546
OH,0.22624324262142181
OD1,0.21223385632038116
OD2,0.19822324812412262
OE1,0.18421265482902527
OE2,0.17020204663276672
OG,0.16687975823879242
OG1,0.1648935079574585
N,0.16290727257728577
NE,0.16092100739479065
NE1,0.15611369907855988
NE2,0.15049974620342255
ND1,0.14488579332828522
ND2,0.13927185535430908
NZ,0.14306668937206268
NH1,0.15156760811805725
NH2,0.16006742417812347
SD,0.1685684621334076
SG,0.17234598100185394
UNKNOWN,0.17234598100185394
