atom_type,importance
C,0.06680110841989517
CA,0.06680110841989517
CB,0.07142818719148636
CD,0.08183911442756653
CD1,0.092250756919384
CD2,0.10266168415546417
CE,0.11132684350013733
CE1,0.11649878323078156
CE2,0.12166979163885117
CE3,0.1268419325351715
CG,0.13299860060214996
CG1,0.14260031282901764
CG2,0.15220201015472412
CH2,0.1618037223815918
CZ,0.16950540244579315
CZ2,0.16200703382492065
CZ3,0.15450863540172577
O,0.14701028168201447
OH,0.13951194286346436
OD1,0.13184788823127747
OD2,0.12418387085199356
OE1,0.11651983857154846
OE2,0.10885582119226456
OG,0.10771927237510681
OG1,0.10739868134260178
N,0.10707809776067734
NE,0.1067575067281723
NE1,0.10802355408668518
NE2,0.10974309593439102
ND1,0.11146320402622223
ND2,0.11318235844373703
NZ,0.12407765537500381
NH1,0.13956157863140106
NH2,0.15504416823387146
SD,0.1705280989408493
SG,0.17741017043590546
UNKNOWN,0.17741017043590546
