atom_type,importance
C,0.10170778632164001
CA,0.10170778632164001
CB,0.10393783450126648
CD,0.10895466059446335
CD1,0.1139717847108841
CD2,0.11898927390575409
CE,0.12680505216121674
CE1,0.1402186155319214
CE2,0.15363122522830963
CE3,0.1670447736978531
CG,0.1783365160226822
CG1,0.18220609426498413
CG2,0.18607573211193085
CH2,0.18994539976119995
CZ,0.19508153200149536
CZ2,0.21035023033618927
CZ3,0.2256188690662384
O,0.24088750779628754
OH,0.25615620613098145
OD1,0.2548353970050812
OD2,0.2535146474838257
OE1,0.25219371914863586
OE2,0.25087299942970276
OG,0.24591834843158722
OG1,0.2405095100402832
N,0.2351006269454956
NE,0.229691743850708
NE1,0.22678036987781525
NE2,0.22458159923553467
ND1,0.22238372266292572
ND2,0.22018516063690186
NZ,0.21732909977436066
NH1,0.2141447514295578
NH2,0.21096044778823853
SD,0.20777525007724762
SG,0.206360325217247
UNKNOWN,0.206360325217247
