atom_index,is_real_atom,atom_type_from_onehot,importance
0,1,CE2,7.226188659667969
1,1,CZ,7.226188659667969
2,1,CE1,7.379586696624756
3,1,CZ,7.703915119171143
4,1,CG,8.028244018554688
5,1,CD1,8.352572441101074
6,1,CD2,8.667427062988281
7,1,CD1,8.96914005279541
8,1,CD2,9.270853996276855
9,1,O,9.5725679397583
10,1,CG1,9.634393692016602
11,1,CG2,9.278644561767578
12,1,C,8.922895431518555
13,1,O,8.567146301269531
14,1,CB,8.146673202514648
15,1,SG,7.582681179046631
16,1,N,7.018689155578613
17,1,CA,6.45469856262207
18,1,C,6.038904190063477
19,1,CB,6.052097797393799
20,1,CG,6.065290927886963
21,1,CD1,6.078484535217285
22,1,CD2,6.103164196014404
23,1,CE1,6.173015594482422
24,1,CE2,6.242866039276123
25,1,CZ,6.312717437744141
26,1,CA,6.441159725189209
27,1,C,6.905167102813721
28,1,O,7.369174480438232
29,1,CB,7.833179950714111
30,1,CG,8.237906455993652
31,1,CD2,8.07523250579834
32,1,CE2,7.912558078765869
33,1,N,7.749884605407715
34,1,CA,7.573336601257324
35,1,CB,7.0684380531311035
36,1,SG,6.563541889190674
37,1,SG,6.058642864227295
