atom_type,importance
C,0.12089554965496063
CA,0.12089554965496063
CB,0.12011656165122986
CD,0.1183633804321289
CD1,0.11660972237586975
CD2,0.11485671997070312
CE,0.12012861669063568
CE1,0.13945035636425018
CE2,0.1587720811367035
CE3,0.17809385061264038
CG,0.19425328075885773
CG1,0.1993432193994522
CG2,0.20443323254585266
CH2,0.20952318608760834
CZ,0.21580339968204498
CZ2,0.23160596191883087
CZ3,0.24740931391716003
O,0.263212651014328
OH,0.2790158987045288
OD1,0.28214848041534424
OD2,0.2852809727191925
OE1,0.28841352462768555
OE2,0.2915460169315338
OG,0.28221428394317627
OG1,0.27132442593574524
N,0.26043450832366943
NE,0.2495446801185608
NE1,0.24292071163654327
NE2,0.2375163584947586
ND1,0.2321101874113083
ND2,0.2267044335603714
NZ,0.2247295379638672
NH1,0.224469855427742
NH2,0.22421005368232727
SD,0.22394976019859314
SG,0.22383451461791992
UNKNOWN,0.22383451461791992
