atom_type,importance_sum
C,7.943994998931885
CA,7.943994998931885
CB,8.025626182556152
CD,8.209234237670898
CD1,8.392885208129883
CD2,8.576501846313477
CE,8.921137809753418
CE1,9.587797164916992
CE2,10.25439167022705
CE3,10.921079635620117
CG,11.485772132873535
CG1,11.693462371826172
CG2,11.901148796081543
CH2,12.108840942382812
CZ,12.399383544921875
CZ2,13.35275650024414
CZ3,14.306130409240723
O,15.259510040283203
OH,16.21287727355957
OD1,16.084806442260742
OD2,15.956733703613281
OE1,15.82866096496582
OE2,15.700586318969727
OG,14.807206153869629
OG1,13.818164825439453
N,12.829121589660645
NE,11.840081214904785
NE1,11.292659759521484
NE2,10.871490478515625
ND1,10.450324058532715
ND2,10.029234886169434
NZ,9.726799964904785
NH1,9.483797073364258
NH2,9.240796089172363
SD,8.997790336608887
SG,8.889801025390625
UNKNOWN,8.889801025390625
