atom_type,importance_sum
C,2.4780776500701904
CA,2.4780776500701904
CB,2.820683240890503
CD,3.591517210006714
CD1,4.362370014190674
CD2,5.133203506469727
CE,5.673544406890869
CE1,5.752861499786377
CE2,5.832138538360596
CE3,5.911456108093262
CG,6.068327903747559
CG1,6.496745586395264
CG2,6.925164222717285
CH2,7.35358190536499
CZ,7.896212100982666
CZ2,9.352547645568848
CZ3,10.808880805969238
O,12.265213966369629
OH,13.721550941467285
OD1,12.89797306060791
OD2,12.074395179748535
OE1,11.25081729888916
OE2,10.427237510681152
OG,10.474592208862305
OG1,10.630817413330078
N,10.78703784942627
NE,10.943263053894043
NE1,9.974928855895996
NE2,8.685263633728027
ND1,7.395556449890137
ND2,6.10589075088501
NZ,5.353168964385986
NH1,4.868982315063477
NH2,4.3847527503967285
SD,3.9005229473114014
SG,3.6853294372558594
UNKNOWN,3.6853294372558594
