atom_index,is_real_atom,atom_type_from_onehot,importance
0,1,NE,9.530200004577637
1,1,CZ,9.530200004577637
2,1,NH1,9.619511604309082
3,1,NH2,9.808345794677734
4,1,CE3,9.99717903137207
5,1,CZ3,10.186013221740723
6,1,CH2,10.23687744140625
7,1,CB,10.096370697021484
8,1,CG1,9.955863952636719
9,1,CD1,9.815356254577637
10,1,CA,9.548646926879883
11,1,CB,9.062256813049316
12,1,OG,8.575862884521484
13,1,CB,8.089473724365234
14,1,CG,7.706089496612549
15,1,CD1,7.551112651824951
16,1,CD2,7.396135330200195
17,1,CE1,7.241158485412598
18,1,CE2,7.140574932098389
19,1,CZ,7.197445392608643
20,1,OH,7.254317283630371
21,1,CA,7.311187267303467
22,1,CB,7.562168598175049
23,1,CG2,8.576643943786621
24,1,CB,9.591121673583984
25,1,CG,10.605596542358398
26,1,CD2,11.465449333190918
27,1,CE2,11.43972110748291
28,1,OH,11.413995742797852
29,1,CA,11.38826847076416
30,1,C,11.37533187866211
31,1,O,11.484798431396484
32,1,CB,11.594263076782227
33,1,CG,11.703727722167969
34,1,OE1,11.803079605102539
35,1,N,11.663019180297852
36,1,CA,11.522957801818848
37,1,CG,11.382899284362793
38,1,CD,11.242836952209473
39,1,CA,10.60051155090332
40,1,CB,9.951309204101562
41,1,CB,9.302103996276855
42,1,CG,8.652897834777832
43,1,CD2,7.614622116088867
44,1,CE2,6.548155784606934
