atom_index,is_real_atom,atom_type_from_onehot,importance
0,1,CD1,6.866804122924805
1,1,CB,6.866804122924805
2,1,OG,6.818103790283203
3,1,CG,6.715137481689453
4,1,CD1,6.612170696258545
5,1,CD2,6.5092034339904785
6,1,CE1,6.398897647857666
7,1,CE2,6.278414249420166
8,1,CZ,6.157927989959717
9,1,CB,6.0374436378479
10,1,CD1,6.146841049194336
11,1,CE1,6.656402111053467
12,1,CG,7.165964126586914
13,1,CD1,7.675524711608887
14,1,CD2,7.962995529174805
15,1,CB,7.758005142211914
16,1,OG1,7.553014278411865
17,1,CG2,7.348025321960449
18,1,CG,7.125400543212891
19,1,CD1,6.851733684539795
20,1,CD2,6.578065872192383
21,1,NE1,6.304398059844971
22,1,CE2,6.117000579833984
23,1,CE3,6.268925666809082
24,1,CZ2,6.4208526611328125
25,1,CZ3,6.57277774810791
26,1,CH2,6.742194175720215
27,1,OG,7.01177453994751
28,1,CA,7.281355857849121
29,1,O,7.550938129425049
30,1,CB,7.790291786193848
31,1,CG1,7.740326881408691
32,1,CG2,7.690361499786377
33,1,C,7.640396595001221
34,1,O,7.5860114097595215
35,1,OG,7.4270405769348145
36,1,N,7.268069744110107
37,1,CA,7.1090989112854
38,1,C,6.950127124786377
39,1,CB,7.020544052124023
40,1,OG1,7.094102382659912
41,1,CG2,7.167662143707275
42,1,CB,7.241220951080322
43,1,CG2,7.633251667022705
44,1,CD1,8.048358917236328
45,1,CB,8.463465690612793
46,1,CB,8.878575325012207
47,1,CG1,9.045269012451172
48,1,CD1,9.177567481994629
49,1,CA,9.309865951538086
50,1,C,9.442164421081543
51,1,O,9.364373207092285
52,1,CB,9.241811752319336
53,1,OG,9.119251251220703
54,1,N,8.996688842773438
55,1,CA,9.118599891662598
56,1,CG,9.313423156738281
57,1,CG,9.508248329162598
58,1,SD,9.703073501586914
59,1,CE,9.604340553283691
60,1,N,9.389288902282715
61,1,CA,9.174240112304688
