atom_type,importance_sum
C,9.074326515197754
CA,9.074326515197754
CB,9.352157592773438
CD,9.977254867553711
CD1,10.602368354797363
CD2,11.227410316467285
CE,11.893044471740723
CE1,12.639820098876953
CE2,13.386592864990234
CE3,14.133299827575684
CG,14.89179801940918
CG1,15.691540718078613
CG2,16.49129295349121
CH2,17.29105567932129
CZ,18.13260269165039
CZ2,19.30835723876953
CZ3,20.484106063842773
O,21.65985870361328
OH,22.83560562133789
OD1,22.135208129882812
OD2,21.434814453125
OE1,20.734416961669922
OE2,20.034025192260742
OG,19.975128173828125
OG1,19.996421813964844
N,20.01771354675293
NE,20.038997650146484
NE1,20.40618133544922
NE2,20.872085571289062
ND1,21.33810806274414
ND2,21.804134368896484
NZ,21.24333381652832
NH1,20.169261932373047
NH2,19.095062255859375
SD,18.02098274230957
SG,17.5435848236084
UNKNOWN,17.5435848236084
