atom_type,importance
C,0.13288377225399017
CA,0.13288377225399017
CB,0.13756614923477173
CD,0.14810219407081604
CD1,0.1586374193429947
CD2,0.16917356848716736
CE,0.1756242960691452
CE1,0.17390550673007965
CE2,0.17218747735023499
CE3,0.17046856880187988
CG,0.17207656800746918
CG1,0.18532688915729523
CG2,0.19857722520828247
CH2,0.21182750165462494
CZ,0.22586779296398163
CZ2,0.24622777104377747
CZ3,0.2665877938270569
O,0.2869478166103363
OH,0.30730774998664856
OD1,0.30643177032470703
OD2,0.3055557310581207
OE1,0.3046797811985016
OE2,0.3038037121295929
OG,0.2961505055427551
OG1,0.2876502573490143
N,0.2791499197483063
NE,0.27064964175224304
NE1,0.260466605424881
NE2,0.24980217218399048
ND1,0.2391379028558731
ND2,0.22847488522529602
NZ,0.22248601913452148
NH1,0.2188352644443512
NH2,0.21518437564373016
SD,0.21153360605239868
SG,0.20991098880767822
UNKNOWN,0.20991098880767822
