atom_type,importance
C,0.15233446657657623
CA,0.15233446657657623
CB,0.1609492003917694
CD,0.18033179640769958
CD1,0.1997155100107193
CD2,0.219099223613739
CE,0.22568361461162567
CE1,0.20667389035224915
CE2,0.18766309320926666
CE3,0.1686522215604782
CG,0.15124531090259552
CG1,0.1394481509923935
CG2,0.12765096127986908
CH2,0.11585377901792526
CZ,0.10836929082870483
CZ2,0.13539011776447296
CZ3,0.16241049766540527
O,0.18943087756633759
OH,0.2164512425661087
OD1,0.21962958574295044
OD2,0.2228078991174698
OE1,0.22598625719547272
OE2,0.22916455566883087
OG,0.22952872514724731
OG1,0.22954104840755463
N,0.22955337166786194
NE,0.22956568002700806
NE1,0.21926797926425934
NE2,0.2060253620147705
ND1,0.1927838921546936
ND2,0.17954128980636597
NZ,0.17397896945476532
NH1,0.17225734889507294
NH2,0.17053572833538055
SD,0.16881415247917175
SG,0.1680488884449005
UNKNOWN,0.1680488884449005
