atom_type,importance
C,0.16426244378089905
CA,0.16426244378089905
CB,0.17138761281967163
CD,0.18742063641548157
CD1,0.20345249772071838
CD2,0.21948476135730743
CE,0.22215940058231354
CE1,0.19812063872814178
CE2,0.1740812361240387
CE3,0.15004192292690277
CG,0.1329665184020996
CG1,0.14026255905628204
CG2,0.14755861461162567
CH2,0.1548546850681305
CZ,0.1621616780757904
CZ2,0.1695564240217209
CZ3,0.1769510954618454
O,0.18434575200080872
OH,0.19174042344093323
OD1,0.19683824479579926
OD2,0.2019360065460205
OE1,0.20703381299972534
OE2,0.2121315896511078
OG,0.21458780765533447
OG1,0.21671374142169952
N,0.21883951127529144
NE,0.22096537053585052
NE1,0.21923184394836426
NE2,0.21639342606067657
ND1,0.21355606615543365
ND2,0.21071864664554596
NZ,0.21238943934440613
NH1,0.21631434559822083
NH2,0.22024032473564148
SD,0.2241649329662323
SG,0.22590914368629456
UNKNOWN,0.22590914368629456
