atom_type,importance
C,0.16314668953418732
CA,0.16314668953418732
CB,0.17394711077213287
CD,0.19824786484241486
CD1,0.22254915535449982
CD2,0.24684935808181763
CE,0.26052695512771606
CE1,0.2529606223106384
CE2,0.24539415538311005
CE3,0.23782777786254883
CG,0.22746770083904266
CG1,0.20732779800891876
CG2,0.18718776106834412
CH2,0.16704779863357544
CZ,0.1511833518743515
CZ2,0.16952303051948547
CZ3,0.18786275386810303
O,0.2062024623155594
OH,0.22454215586185455
OD1,0.23084808886051178
OD2,0.23715393245220184
OE1,0.24345992505550385
OE2,0.2497657984495163
OG,0.24741879105567932
OG1,0.24399009346961975
N,0.24056139588356018
NE,0.2371327430009842
NE1,0.22211956977844238
NE2,0.20379501581192017
ND1,0.18547165393829346
ND2,0.16714712977409363
NZ,0.16377167403697968
NH1,0.16786962747573853
NH2,0.17196857929229736
SD,0.1760665327310562
SG,0.17788757383823395
UNKNOWN,0.17788757383823395
