atom_index,is_real_atom,atom_type_from_onehot,importance
0,1,C,7.977897644042969
1,1,O,7.977897644042969
2,1,CB,8.183664321899414
3,1,CG,8.618712425231934
4,1,SD,9.05376148223877
5,1,CE,9.488808631896973
6,1,CB,9.649449348449707
7,1,CG1,9.429463386535645
8,1,CG2,9.209474563598633
9,1,CD1,8.989486694335938
10,1,CG,8.87747573852539
11,1,CD2,8.953421592712402
12,1,CE2,9.029365539550781
13,1,CG,9.105310440063477
14,1,OD1,9.172858238220215
15,1,ND2,9.221782684326172
16,1,CD2,9.270705223083496
17,1,CD1,9.319629669189453
18,1,CE2,9.424910545349121
19,1,CZ,9.693338394165039
20,1,OH,9.961761474609375
21,1,CA,10.23018741607666
22,1,O,10.41173267364502
23,1,CB,10.251543998718262
24,1,CG,10.091354370117188
25,1,CD,9.931163787841797
26,1,CE,9.715616226196289
27,1,NZ,9.183019638061523
28,1,O,8.65042495727539
29,1,N,8.117830276489258
30,1,CA,7.601461410522461
31,1,CB,7.240411758422852
32,1,CG2,6.879360198974609
33,1,CB,6.518310546875
34,1,CG,6.157539367675781
35,1,CD1,5.803379535675049
36,1,CD2,5.449220180511475
37,1,NE1,5.095061302185059
38,1,CE2,4.740900039672852
39,1,CE3,4.562830924987793
40,1,CZ2,4.387172698974609
41,1,CZ3,4.211513996124268
42,1,CH2,4.035856246948242
