atom_type,importance_sum
C,6.175620079040527
CA,6.175620079040527
CB,6.317505836486816
CD,6.6367058753967285
CD1,6.955904960632324
CD2,7.275060653686523
CE,7.76877498626709
CE1,8.61160659790039
CE2,9.454352378845215
CE3,10.29709529876709
CG,11.114669799804688
CG1,11.843920707702637
CG2,12.573171615600586
CH2,13.302424430847168
CZ,13.953465461730957
CZ2,13.978832244873047
CZ3,14.00419807434082
O,14.029561042785645
OH,14.054926872253418
OD1,13.473871231079102
OD2,12.892817497253418
OE1,12.31175708770752
OE2,11.730705261230469
OG,11.114855766296387
OG1,10.494654655456543
N,9.8744535446167
NE,9.254253387451172
NE1,8.996374130249023
NE2,8.842101097106934
ND1,8.687827110290527
ND2,8.533466339111328
NZ,9.050265312194824
NH1,9.902559280395508
NH2,10.754854202270508
SD,11.607146263122559
SG,11.985923767089844
UNKNOWN,11.985923767089844
