atom_type,importance_sum
C,8.983658790588379
CA,8.983658790588379
CB,9.159247398376465
CD,9.554353713989258
CD1,9.949417114257812
CD2,10.344541549682617
CE,10.583224296569824
CE1,10.509002685546875
CE2,10.434782028198242
CE3,10.36056137084961
CG,10.489938735961914
CG1,11.331915855407715
CG2,12.173896789550781
CH2,13.015872955322266
CZ,13.846260070800781
CZ2,14.5839262008667
CZ3,15.321588516235352
O,16.05925750732422
OH,16.79688835144043
OD1,16.46119499206543
OD2,16.12549591064453
OE1,15.78978157043457
OE2,15.454069137573242
OG,14.586782455444336
OG1,13.653045654296875
N,12.71931266784668
NE,11.785574913024902
NE1,11.573845863342285
NE2,11.568500518798828
ND1,11.563156127929688
ND2,11.55781078338623
NZ,11.280029296875
NH1,10.866028785705566
NH2,10.452030181884766
SD,10.038033485412598
SG,9.854019165039062
UNKNOWN,9.854019165039062
