atom_type,importance
C,0.08873704075813293
CA,0.08873704075813293
CB,0.09747446328401566
CD,0.11713333427906036
CD1,0.13679221272468567
CD2,0.15645217895507812
CE,0.17487378418445587
CE1,0.1908208727836609
CE2,0.20676679909229279
CE3,0.2227138727903366
CG,0.23630553483963013
CG1,0.2416558861732483
CG2,0.24700629711151123
CH2,0.25235673785209656
CZ,0.2557295262813568
CZ2,0.2432814985513687
CZ3,0.23083356022834778
O,0.21838609874248505
OH,0.20593877136707306
OD1,0.19995719194412231
OD2,0.19397562742233276
OE1,0.18799404799938202
OE2,0.18201248347759247
OG,0.1779201477766037
OG1,0.17406390607357025
N,0.17020773887634277
NE,0.1663515418767929
NE1,0.1697332113981247
NE2,0.1751839518547058
ND1,0.18063358962535858
ND2,0.18608319759368896
NZ,0.1905357539653778
NH1,0.194488525390625
NH2,0.19844025373458862
SD,0.2023930549621582
SG,0.2041507363319397
UNKNOWN,0.2041507363319397
