atom_index,is_real_atom,atom_type_from_onehot,importance
0,1,CE2,7.345989227294922
1,1,CZ,7.345989227294922
2,1,CE1,7.692920684814453
3,1,CZ,8.426434516906738
4,1,CG,9.159945487976074
5,1,CD1,9.893458366394043
6,1,CD2,10.304901123046875
7,1,CG,10.269604682922363
8,1,CD2,10.234306335449219
9,1,CA,10.199009895324707
10,1,O,10.29909610748291
11,1,CB,10.634847640991211
12,1,CG1,10.970600128173828
13,1,CG2,11.306350708007812
14,1,CD1,11.437527656555176
15,1,CA,11.11508560180664
16,1,C,10.792640686035156
17,1,O,10.470198631286621
18,1,CB,10.114233016967773
19,1,SG,9.661233901977539
20,1,N,9.208235740661621
21,1,CA,8.75523567199707
22,1,CB,8.448533058166504
23,1,CG,8.717256546020508
24,1,CD1,8.985979080200195
25,1,CD2,9.254700660705566
26,1,CE1,9.50289535522461
27,1,CE2,9.633506774902344
28,1,CZ,9.764119148254395
29,1,CA,9.894732475280762
30,1,C,10.064189910888672
31,1,O,10.605440139770508
32,1,CB,11.146693229675293
33,1,CG,11.687944412231445
34,1,CD2,12.180978775024414
35,1,CE2,11.532892227172852
36,1,N,10.884808540344238
37,1,CA,10.236722946166992
38,1,CB,9.58863639831543
39,1,SG,8.765172004699707
40,1,SG,7.939311504364014
