atom_type,importance_sum
C,10.552976608276367
CA,10.552976608276367
CB,11.218424797058105
CD,12.715681076049805
CD1,14.212944030761719
CD2,15.710196495056152
CE,16.976362228393555
CE1,17.78022003173828
CE2,18.58417320251465
CE3,19.38800621032715
CG,19.900423049926758
CG1,19.39263343811035
CG2,18.88484001159668
CH2,18.377042770385742
CZ,17.973779678344727
CZ2,18.406841278076172
CZ3,18.839889526367188
O,19.272945404052734
OH,19.70599365234375
OD1,18.3868350982666
OD2,17.067628860473633
OE1,15.74843978881836
OE2,14.429278373718262
OG,14.561199188232422
OG1,14.874505996704102
N,15.187811851501465
NE,15.501112937927246
NE1,15.914255142211914
NE2,16.355815887451172
ND1,16.797443389892578
ND2,17.239038467407227
NZ,17.527868270874023
NH1,17.740234375
NH2,17.952606201171875
SD,18.164968490600586
SG,18.25931167602539
UNKNOWN,18.25931167602539
