atom_index,is_real_atom,atom_type_from_onehot,importance
0,1,CA,12.337398529052734
1,1,O,12.337398529052734
2,1,CB,12.565382957458496
3,1,SG,13.047407150268555
4,1,O,13.529430389404297
5,1,CG1,14.011456489562988
6,1,N,14.167890548706055
7,1,CA,13.872693061828613
8,1,C,13.577498435974121
9,1,O,13.282301902770996
10,1,CB,13.108126640319824
11,1,CG,13.144615173339844
12,1,CD,13.181102752685547
13,1,OE1,13.21759033203125
14,1,NE2,13.210244178771973
15,1,CD1,13.105701446533203
16,1,CE1,13.00115966796875
17,1,CZ,12.89661693572998
18,1,OH,12.703890800476074
19,1,CA,12.25589656829834
20,1,C,11.807902336120605
21,1,O,11.359908103942871
22,1,CB,10.997016906738281
23,1,CG1,10.968868255615234
24,1,CG2,10.940720558166504
25,1,CA,10.912571907043457
26,1,C,10.925902366638184
27,1,O,11.176802635192871
28,1,CB,11.42770004272461
29,1,CA,11.678601264953613
30,1,C,11.881152153015137
31,1,CB,11.620979309082031
32,1,CG1,11.360806465148926
33,1,N,11.100630760192871
34,1,CA,10.815340995788574
35,1,CB,9.935611724853516
