atom_type,importance_sum
C,13.692183494567871
CA,13.692183494567871
CB,14.421839714050293
CD,16.0634822845459
CD1,17.705162048339844
CD2,19.34694480895996
CE,20.220928192138672
CE1,19.559768676757812
CE2,18.8984317779541
CE3,18.237276077270508
CG,17.555011749267578
CG1,16.79889488220215
CG2,16.042781829833984
CH2,15.286696434020996
CZ,14.686844825744629
CZ2,15.336926460266113
CZ3,15.987005233764648
O,16.637104034423828
OH,17.287212371826172
OD1,17.426067352294922
OD2,17.564922332763672
OE1,17.703779220581055
OE2,17.842634201049805
OG,17.44466209411621
OG1,16.979589462280273
N,16.51451301574707
NE,16.049440383911133
NE1,15.621651649475098
NE2,15.204397201538086
ND1,14.787229537963867
ND2,14.370067596435547
NZ,14.096092224121094
NH1,13.893813133239746
NH2,13.691524505615234
SD,13.48914909362793
SG,13.399255752563477
UNKNOWN,13.399255752563477
