atom_index,is_real_atom,atom_type_from_onehot,importance
0,1,O,9.990570068359375
1,1,CG,9.990570068359375
2,1,CD1,10.220151901245117
3,1,CD2,10.705551147460938
4,1,O,11.19095230102539
5,1,CB,11.676349639892578
6,1,OG1,11.705988883972168
7,1,CG2,11.103440284729004
8,1,CG,10.500890731811523
9,1,CD1,9.898343086242676
10,1,CD2,9.48177433013916
11,1,CG,9.388945579528809
12,1,CD2,9.296116828918457
13,1,CA,9.203289031982422
14,1,CB,9.122855186462402
15,1,CD2,9.069899559020996
16,1,CE1,9.016942977905273
17,1,CE2,8.963988304138184
18,1,CZ,8.964093208312988
19,1,OH,9.11779499053955
20,1,CG,9.271498680114746
21,1,CD1,9.425199508666992
22,1,CD2,9.578451156616211
23,1,CG,9.7299222946167
24,1,SD,9.881394386291504
25,1,CD2,10.032865524291992
26,1,CB,10.017374992370605
27,1,CD1,9.04564380645752
28,1,CG,8.073912620544434
