atom_type,importance_sum
C,3.0334861278533936
CA,3.0334861278533936
CB,3.6453800201416016
CD,5.022150993347168
CD1,6.398919105529785
CD2,7.775688648223877
CE,9.282394409179688
CE1,11.049111366271973
CE2,12.815841674804688
CE3,14.582573890686035
CG,16.151058197021484
CG1,17.026138305664062
CG2,17.901214599609375
CH2,18.77629280090332
CZ,19.423795700073242
CZ2,18.25069236755371
CZ3,17.07758903503418
O,15.9044828414917
OH,14.731378555297852
OD1,13.585651397705078
OD2,12.439919471740723
OE1,11.294191360473633
OE2,10.148460388183594
OG,9.467855453491211
OG1,8.845399856567383
N,8.222960472106934
NE,7.600500583648682
NE1,6.880959510803223
NE2,6.13373327255249
ND1,5.3864569664001465
ND2,4.639194488525391
NZ,5.324980735778809
NH1,6.727272987365723
NH2,8.129570007324219
SD,9.531902313232422
SG,10.15512466430664
UNKNOWN,10.15512466430664
