atom_type,importance_sum
C,6.595815658569336
CA,6.595815658569336
CB,6.808309555053711
CD,7.286420822143555
CD1,7.764529705047607
CD2,8.24264144897461
CE,8.586318016052246
CE1,8.661333084106445
CE2,8.736245155334473
CE3,8.811259269714355
CG,8.904044151306152
CG1,9.059269905090332
CG2,9.214497566223145
CH2,9.369720458984375
CZ,9.45453929901123
CZ2,8.976106643676758
CZ3,8.497673988342285
O,8.019240379333496
OH,7.540805339813232
OD1,6.855895042419434
OD2,6.17098331451416
OE1,5.486072540283203
OE2,4.8011603355407715
OG,5.241570949554443
OG1,5.822648525238037
N,6.4037251472473145
NE,6.98480224609375
NE1,6.812551975250244
NE2,6.4250030517578125
ND1,6.037502288818359
ND2,5.650003433227539
NZ,5.5471391677856445
NH1,5.586617469787598
NH2,5.626096248626709
SD,5.665574550628662
SG,5.683127403259277
UNKNOWN,5.683127403259277
