atom_index,is_real_atom,atom_type_from_onehot,importance
0,1,CE3,8.870013236999512
1,1,CZ3,8.870013236999512
2,1,CH2,8.773890495300293
3,1,CG2,8.570657730102539
4,1,CD2,8.367425918579102
5,1,CE2,8.164194107055664
6,1,CZ,7.833533763885498
7,1,OH,7.326117515563965
8,1,N,6.818700313568115
9,1,CA,6.311283588409424
10,1,C,5.926910877227783
11,1,O,5.756726264953613
12,1,CB,5.586541652679443
13,1,CG,5.416357040405273
14,1,CA,5.301886081695557
15,1,C,5.310957431793213
16,1,CB,5.320026874542236
17,1,CG,5.329097270965576
18,1,CD1,5.275291919708252
19,1,CD2,5.039477825164795
20,1,NE1,4.8036627769470215
21,1,CE2,4.567848205566406
22,1,CE3,4.372350692749023
23,1,CZ2,4.335431098937988
24,1,CZ3,4.298511981964111
25,1,CH2,4.261593341827393
26,1,CG,4.370998859405518
27,1,CD1,5.318437099456787
28,1,CD2,6.2658772468566895
29,1,CE1,7.213315010070801
30,1,CE2,8.091275215148926
31,1,CZ,8.304229736328125
32,1,CE1,8.517184257507324
33,1,CE2,8.730140686035156
34,1,CZ,8.936701774597168
35,1,O,8.991971969604492
36,1,N,9.0472412109375
37,1,CA,9.102511405944824
38,1,C,9.157781600952148
39,1,O,8.479462623596191
40,1,CB,7.791097640991211
41,1,CG1,7.102731227874756
42,1,CG2,6.414363384246826
43,1,N,6.517367839813232
44,1,N,6.677716255187988
45,1,CA,6.838066101074219
46,1,C,6.998414993286133
47,1,O,6.812484264373779
48,1,N,6.578607082366943
49,1,CA,6.344729900360107
50,1,CB,6.1108527183532715
51,1,CG,6.2623515129089355
52,1,CD2,6.495978355407715
53,1,CE1,6.729605197906494
54,1,CE2,6.963233470916748
55,1,CZ,6.65949821472168
