atom_type,importance_sum
C,8.623672485351562
CA,8.623672485351562
CB,8.70616626739502
CD,8.891783714294434
CD1,9.077397346496582
CD2,9.263035774230957
CE,9.451397895812988
CE1,9.64525032043457
CE2,9.83912467956543
CE3,10.033002853393555
CG,10.36927318572998
CG1,11.204087257385254
CG2,12.038899421691895
CH2,12.873711585998535
CZ,13.732124328613281
CZ2,14.779372215270996
CZ3,15.826616287231445
O,16.873859405517578
OH,17.92110252380371
OD1,17.908267974853516
OD2,17.89543342590332
OE1,17.882593154907227
OE2,17.869762420654297
OG,17.649580001831055
OG1,17.40348243713379
N,17.157381057739258
NE,16.911283493041992
NE1,17.02970314025879
NE2,17.252254486083984
ND1,17.474822998046875
ND2,17.697439193725586
NZ,17.448070526123047
NH1,16.96278190612793
NH2,16.477523803710938
SD,15.992175102233887
SG,15.776504516601562
UNKNOWN,15.776504516601562
