atom_index,is_real_atom,atom_type_from_onehot,importance
0,1,CZ,9.95018196105957
1,1,NH2,9.95018196105957
2,1,CE2,10.131284713745117
3,1,CZ2,10.514193534851074
4,1,CZ3,10.897100448608398
5,1,CH2,11.280008316040039
6,1,CE1,11.471254348754883
7,1,CZ,11.396642684936523
8,1,CA,11.322029113769531
9,1,O,11.247420310974121
10,1,CB,11.236343383789062
11,1,CG1,11.335865020751953
12,1,CG2,11.435385704040527
13,1,CD1,11.534906387329102
14,1,CB,11.63978099822998
15,1,CG2,11.756529808044434
16,1,N,11.873275756835938
17,1,CA,11.99002456665039
18,1,O,12.006308555603027
19,1,CB,11.731783866882324
20,1,OG,11.457258224487305
21,1,C,11.182731628417969
22,1,O,10.786548614501953
23,1,CB,9.91185188293457
24,1,SG,9.037153244018555
