atom_index,is_real_atom,atom_type_from_onehot,importance
0,1,CE3,6.861206531524658
1,1,CZ2,6.861206531524658
2,1,CZ3,6.884134292602539
3,1,CH2,6.932607173919678
4,1,CG2,6.981082439422607
5,1,CB,7.029557228088379
6,1,CD2,7.004764080047607
7,1,CE1,6.878342628479004
8,1,CE2,6.751922607421875
9,1,CZ,6.6255011558532715
10,1,OH,6.555472373962402
11,1,CA,6.583605766296387
12,1,C,6.61173677444458
13,1,O,6.639869689941406
14,1,CB,6.637664318084717
15,1,CG,6.568183898925781
16,1,CB,6.498703956604004
17,1,CG,6.429223537445068
18,1,CD1,6.332223415374756
19,1,CD2,6.155556678771973
20,1,NE1,5.978889465332031
21,1,CE2,5.802222728729248
22,1,CE3,5.7824296951293945
23,1,CZ2,6.379666328430176
24,1,CZ3,6.976902008056641
25,1,CH2,7.574138641357422
26,1,CD1,8.200804710388184
27,1,CE1,8.996013641357422
28,1,CE2,9.791223526000977
29,1,CZ,10.586432456970215
30,1,CE1,11.247946739196777
31,1,CE2,10.62979507446289
32,1,CZ,10.01164436340332
33,1,O,9.393491744995117
34,1,N,8.790034294128418
35,1,CA,8.534297943115234
36,1,C,8.278564453125
37,1,O,8.022829055786133
38,1,CB,7.767093181610107
39,1,CG1,7.381809234619141
40,1,CG2,6.994752407073975
41,1,N,6.607694149017334
42,1,N,6.220635414123535
43,1,CA,6.14405632019043
44,1,C,6.089974880218506
45,1,O,6.035892963409424
46,1,N,5.9818115234375
47,1,CA,6.172161102294922
48,1,CB,6.396353244781494
49,1,CG,6.620547294616699
50,1,CD1,6.8447394371032715
51,1,CD2,6.780354976654053
52,1,CE1,6.654471397399902
53,1,CE2,6.528584957122803
54,1,CZ,6.402700424194336
