atom_type,importance_sum
C,4.182161808013916
CA,4.182161808013916
CB,4.723887920379639
CD,5.942717552185059
CD1,7.161584854125977
CD2,8.380443572998047
CE,9.292000770568848
CE1,9.589018821716309
CE2,9.885964393615723
CE3,10.182908058166504
CG,10.640443801879883
CG1,11.65975284576416
CG2,12.679061889648438
CH2,13.698372840881348
CZ,14.764589309692383
CZ2,16.206085205078125
CZ3,17.6475887298584
O,19.089088439941406
OH,20.530590057373047
OD1,18.453807830810547
OD2,16.37702178955078
OE1,14.30024242401123
OE2,12.223451614379883
OG,13.093563079833984
OG1,14.332030296325684
N,15.570500373840332
NE,16.8089599609375
NE1,17.481523513793945
NE2,17.992286682128906
ND1,18.503055572509766
ND2,19.013961791992188
NZ,18.35955047607422
NH1,17.122617721557617
NH2,15.885687828063965
SD,14.648758888244629
SG,14.099013328552246
UNKNOWN,14.099013328552246
