atom_index,is_real_atom,atom_type_from_onehot,importance
0,1,CE2,6.438074111938477
1,1,CZ,6.438074111938477
2,1,CG,6.656182765960693
3,1,CD1,7.117331027984619
4,1,CD2,7.578476428985596
5,1,CB,8.03962230682373
6,1,CG,8.453349113464355
7,1,CD1,8.801300048828125
8,1,CD2,9.149249076843262
9,1,CE1,9.497199058532715
10,1,CE2,9.874638557434082
11,1,CZ,10.303411483764648
12,1,O,10.732182502746582
13,1,CB,11.160953521728516
14,1,CG,11.534684181213379
15,1,CD1,11.786370277404785
16,1,CG,12.038057327270508
17,1,OD1,12.289742469787598
18,1,ND2,12.488364219665527
19,1,CA,12.533382415771484
20,1,CB,12.578397750854492
21,1,CG2,12.623416900634766
22,1,CG,12.515406608581543
23,1,CD1,11.805488586425781
24,1,CE1,11.095568656921387
25,1,CE2,10.385647773742676
26,1,CZ,9.626188278198242
