atom_type,importance_sum
C,4.508422374725342
CA,4.508422374725342
CB,4.992101192474365
CD,6.080359935760498
CD1,7.168619632720947
CD2,8.256925582885742
CE,9.193782806396484
CE1,9.82787036895752
CE2,10.461861610412598
CE3,11.095953941345215
CG,11.992303848266602
CG1,13.806463241577148
CG2,15.620628356933594
CH2,17.434688568115234
CZ,18.986328125
CZ2,18.437793731689453
CZ3,17.889257431030273
O,17.34071922302246
OH,16.79222869873047
OD1,15.33823299407959
OD2,13.884186744689941
OE1,12.430140495300293
OE2,10.976092338562012
OG,9.477113723754883
OG1,7.972464084625244
N,6.467867851257324
NE,4.963271617889404
NE1,4.866899013519287
NE2,5.172913551330566
ND1,5.478892803192139
ND2,5.784870624542236
NZ,6.980546951293945
NH1,8.621014595031738
NH2,10.261534690856934
SD,11.902029037475586
SG,12.631142616271973
UNKNOWN,12.631142616271973
