atom_type,importance_sum
C,7.304571151733398
CA,7.304571151733398
CB,7.505024433135986
CD,7.956063270568848
CD1,8.407044410705566
CD2,8.858062744140625
CE,9.20756721496582
CE1,9.354001998901367
CE2,9.500544548034668
CE3,9.64698600769043
CG,9.86612319946289
CG1,10.339763641357422
CG2,10.813408851623535
CH2,11.2870512008667
CZ,11.634357452392578
CZ2,10.970973014831543
CZ3,10.307588577270508
O,9.644205093383789
OH,8.98082160949707
OD1,7.556302070617676
OD2,6.131782054901123
OE1,4.707275867462158
OE2,3.2827696800231934
OG,2.945359945297241
OG1,2.7438406944274902
N,2.5423219203948975
NE,2.3408026695251465
NE1,2.660037040710449
NE2,3.128061294555664
ND1,3.596079111099243
ND2,4.06410026550293
NZ,4.911828517913818
NH1,5.949375629425049
NH2,6.986962795257568
SD,8.024504661560059
SG,8.48564338684082
UNKNOWN,8.48564338684082
