atom_index,is_real_atom,atom_type_from_onehot,importance
0,1,CE2,8.967034339904785
1,1,CZ,8.967034339904785
2,1,CG1,8.872133255004883
3,1,CD1,8.67148208618164
4,1,O,8.470831871032715
5,1,CB,8.270182609558105
6,1,CG2,8.012079238891602
7,1,CD1,7.67427921295166
8,1,N,7.336481094360352
9,1,CA,6.998681545257568
10,1,C,6.721168518066406
11,1,O,6.548597812652588
12,1,CB,6.376025199890137
13,1,CG1,6.20345401763916
14,1,CG2,6.231908798217773
15,1,CD1,6.706114768981934
16,1,C,7.180323123931885
17,1,CB,7.654529571533203
18,1,CG1,8.031854629516602
19,1,CG2,8.128726959228516
20,1,N,8.225600242614746
21,1,CA,8.322470664978027
22,1,CB,8.408634185791016
23,1,CG,8.45267105102539
24,1,SD,8.49670696258545
25,1,CE,8.540743827819824
26,1,CE3,8.517661094665527
27,1,CZ3,8.1101713180542
28,1,CH2,7.702679634094238
29,1,CA,7.29518985748291
30,1,C,6.9037251472473145
31,1,O,6.665652751922607
32,1,CB,6.427581310272217
33,1,CG,6.189510345458984
34,1,CD1,5.961228847503662
35,1,CD2,5.964657306671143
36,1,N,5.968084335327148
37,1,CA,5.971513271331787
38,1,C,5.974941730499268
39,1,CB,5.745000839233398
40,1,CG,5.511864185333252
41,1,CD1,5.278726100921631
42,1,CD2,5.045588493347168
43,1,NE1,4.807305812835693
44,1,CE2,4.56865119934082
45,1,CE3,4.329996109008789
46,1,CZ2,4.0913405418396
47,1,CZ3,4.465823173522949
48,1,CH2,4.925200462341309
49,1,CB,5.384578704833984
50,1,CD2,5.843957424163818
51,1,CD1,6.316869258880615
52,1,CD2,6.792664527893066
53,1,CG2,7.268459796905518
54,1,CD1,7.744256019592285
55,1,O,7.626990795135498
56,1,CB,7.332849025726318
57,1,CG,7.038705348968506
58,1,SD,6.74456262588501
59,1,CE,6.5276947021484375
60,1,CD1,6.341444492340088
61,1,CD2,6.155194282531738
62,1,CE1,5.968944549560547
63,1,CE2,5.410696029663086
64,1,CZ,4.662658214569092
