atom_type,importance_sum
C,8.434391975402832
CA,8.434391975402832
CB,8.586212158203125
CD,8.927845001220703
CD1,9.26945972442627
CD2,9.611111640930176
CE,10.234036445617676
CE1,11.419541358947754
CE2,12.605046272277832
CE3,13.790552139282227
CG,14.742456436157227
CG1,14.87670612335205
CG2,15.010953903198242
CH2,15.145201683044434
CZ,15.315422058105469
CZ2,15.773383140563965
CZ3,16.231342315673828
O,16.689287185668945
OH,17.147232055664062
OD1,16.382307052612305
OD2,15.617359161376953
OE1,14.852399826049805
OE2,14.087440490722656
OG,14.149057388305664
OG1,14.313996315002441
N,14.478935241699219
NE,14.643874168395996
NE1,15.885516166687012
NE2,17.43476104736328
ND1,18.984054565429688
ND2,20.533227920532227
NZ,20.296846389770508
NH1,19.167665481567383
NH2,18.038496017456055
SD,16.90932846069336
SG,16.407461166381836
UNKNOWN,16.407461166381836
