atom_type,importance
C,0.1365516632795334
CA,0.1365516632795334
CB,0.14928579330444336
CD,0.1779371052980423
CD1,0.20658953487873077
CD2,0.23524197936058044
CE,0.2532695233821869
CE1,0.2500498592853546
CE2,0.2468300610780716
CE3,0.24361033737659454
CG,0.2366556078195572
CG1,0.21663054823875427
CG2,0.1966053694486618
CH2,0.17658081650733948
CZ,0.15902772545814514
CZ2,0.1612464338541031
CZ3,0.16346511244773865
O,0.1656838357448578
OH,0.16790248453617096
OD1,0.16395090520381927
OD2,0.159999281167984
OE1,0.15604767203330994
OE2,0.15209607779979706
OG,0.15655378997325897
OG1,0.1620626300573349
N,0.16757147014141083
NE,0.17308039963245392
NE1,0.1721559315919876
NE2,0.16939471662044525
ND1,0.1666322946548462
ND2,0.1638699620962143
NZ,0.16438554227352142
NH1,0.16653946042060852
NH2,0.16869454085826874
SD,0.17084966599941254
SG,0.17180714011192322
UNKNOWN,0.17180714011192322
