atom_index,is_real_atom,atom_type_from_onehot,importance
0,1,CG1,9.039817810058594
1,1,CG2,9.039817810058594
2,1,O,9.394987106323242
3,1,CB,10.145920753479004
4,1,CG1,10.8968505859375
5,1,CG2,11.647781372070312
6,1,CB,12.155553817749023
7,1,CG1,12.32603931427002
8,1,CD2,12.496522903442383
9,1,CB,12.667009353637695
10,1,CG,12.839397430419922
11,1,CD,13.015098571777344
12,1,NE,13.190799713134766
13,1,CZ,13.36650276184082
14,1,NH1,13.333091735839844
15,1,NH2,12.835999488830566
16,1,CD1,12.338908195495605
17,1,CD,11.841814994812012
18,1,NE,11.256234169006348
19,1,CZ,10.414499282836914
20,1,NH2,9.57276439666748
