atom_type,importance
C,0.12985654175281525
CA,0.12985654175281525
CB,0.14055787026882172
CD,0.1646375060081482
CD1,0.1887170672416687
CD2,0.2127958983182907
CE,0.22855910658836365
CE1,0.2276858538389206
CE2,0.22681404650211334
CE3,0.22594225406646729
CG,0.22477711737155914
CG1,0.22258822619915009
CG2,0.22039934992790222
CH2,0.21821050345897675
CZ,0.21815498173236847
CZ2,0.23516684770584106
CZ3,0.25217875838279724
O,0.26919060945510864
OH,0.28620249032974243
OD1,0.2854972183704376
OD2,0.2847920358181
OE1,0.28408679366111755
OE2,0.28338146209716797
OG,0.2838941812515259
OG1,0.2845592200756073
N,0.28522419929504395
NE,0.2858891189098358
NE1,0.28341901302337646
NE2,0.28005191683769226
ND1,0.27668648958206177
ND2,0.2733207941055298
NZ,0.26661771535873413
NH1,0.2582443356513977
NH2,0.24987103044986725
SD,0.24149779975414276
SG,0.23777662217617035
UNKNOWN,0.23777662217617035
