atom_type,importance
C,0.08226829767227173
CA,0.08226829767227173
CB,0.08629633486270905
CD,0.09535816311836243
CD1,0.10441995412111282
CD2,0.11348213255405426
CE,0.12060147523880005
CE1,0.12383250892162323
CE2,0.12706507742404938
CE3,0.13029761612415314
CG,0.13325859606266022
CG1,0.1352706253528595
CG2,0.13728265464305878
CH2,0.13929471373558044
CZ,0.14051368832588196
CZ2,0.13538843393325806
CZ3,0.13026319444179535
O,0.12513792514801025
OH,0.12001264840364456
OD1,0.1068890392780304
OD2,0.09376543015241623
OE1,0.08064181357622147
OE2,0.0675182044506073
OG,0.06391075253486633
OG1,0.061492837965488434
N,0.05907491594552994
NE,0.05665699020028114
NE1,0.05715254321694374
NE2,0.05848084017634392
ND1,0.0598083958029747
ND2,0.061136696487665176
NZ,0.0644129067659378
NH1,0.06866307556629181
NH2,0.072913259267807
SD,0.07716342061758041
SG,0.07905230671167374
UNKNOWN,0.07905230671167374
