atom_type,importance
C,0.2030925303697586
CA,0.2030925303697586
CB,0.21105162799358368
CD,0.22896011173725128
CD1,0.24686752259731293
CD2,0.2647750973701477
CE,0.2719861567020416
CE1,0.2578062415122986
CE2,0.24362647533416748
CE3,0.2294466197490692
CG,0.21678410470485687
CG1,0.2094295769929886
CG2,0.2020745724439621
CH2,0.19471965730190277
CZ,0.18915493786334991
CZ2,0.19791199266910553
CZ3,0.20666903257369995
O,0.2154257893562317
OH,0.22418208420276642
OD1,0.23330242931842804
OD2,0.24242281913757324
OE1,0.2515431344509125
OE2,0.26066356897354126
OG,0.24849791824817657
OG1,0.2336716204881668
N,0.21884562075138092
NE,0.20401999354362488
NE1,0.20223365724086761
NE2,0.20417366921901703
ND1,0.2061135321855545
ND2,0.20805352926254272
NZ,0.2001296877861023
NH1,0.18727350234985352
NH2,0.17441721260547638
SD,0.16155998408794403
SG,0.15584594011306763
UNKNOWN,0.15584594011306763
