atom_type,importance_sum
C,1.9863890409469604
CA,1.9863890409469604
CB,2.183901071548462
CD,2.6282949447631836
CD1,3.0726840496063232
CD2,3.517073392868042
CE,3.892948865890503
CE1,4.131857395172119
CE2,4.370745658874512
CE3,4.609632968902588
CG,4.837543487548828
CG1,5.026938438415527
CG2,5.216332912445068
CH2,5.405727386474609
CZ,5.831088542938232
CZ2,8.144166946411133
CZ3,10.457247734069824
O,12.770325660705566
OH,15.083407402038574
OD1,13.77054500579834
OD2,12.457682609558105
OE1,11.144819259643555
OE2,9.83195686340332
OG,9.433309555053711
OG1,9.148941040039062
N,8.86457347869873
NE,8.580202102661133
NE1,8.356526374816895
NE2,8.150279998779297
ND1,7.943994998931885
ND2,7.7377119064331055
NZ,8.13286018371582
NH1,8.828699111938477
NH2,9.524492263793945
SD,10.220367431640625
SG,10.529589653015137
UNKNOWN,10.529589653015137
