atom_type,importance
C,0.08418960869312286
CA,0.08418960869312286
CB,0.08916986733675003
CD,0.10037470608949661
CD1,0.11157970130443573
CD2,0.12278446555137634
CE,0.13107965886592865
CE1,0.13355444371700287
CE2,0.1360282152891159
CE3,0.13850301504135132
CG,0.14204423129558563
CG1,0.1493169367313385
CG2,0.1565895676612854
CH2,0.16386225819587708
CZ,0.1719353049993515
CZ2,0.18641138076782227
CZ3,0.2008875161409378
O,0.21536336839199066
OH,0.22983860969543457
OD1,0.22425925731658936
OD2,0.21868057548999786
OE1,0.2131018489599228
OE2,0.20752254128456116
OG,0.2013273984193802
OG1,0.19505533576011658
N,0.1887832134962082
NE,0.1825110912322998
NE1,0.17443464696407318
NE2,0.1658441126346588
ND1,0.15725356340408325
ND2,0.14866304397583008
NZ,0.14622090756893158
NH1,0.14685238897800446
NH2,0.14748495817184448
SD,0.1481165587902069
SG,0.14839749038219452
UNKNOWN,0.14839749038219452
