atom_index,is_real_atom,atom_type_from_onehot,importance
0,1,CE2,6.0238423347473145
1,1,CZ,6.0238423347473145
2,1,CE1,6.231936931610107
3,1,CZ,6.671907424926758
4,1,CG,7.111879348754883
5,1,CD1,7.551851272583008
6,1,CD2,7.812106609344482
7,1,CD1,7.823081970214844
8,1,CD2,7.834057807922363
9,1,O,7.845033168792725
10,1,CG1,7.655241966247559
11,1,CG2,7.115967273712158
12,1,C,6.576693058013916
13,1,O,6.037418842315674
14,1,CB,5.559244155883789
15,1,SG,5.216549873352051
16,1,N,4.873855113983154
17,1,CA,4.531161785125732
18,1,C,4.303552150726318
19,1,CB,4.409080505371094
20,1,CG,4.514610290527344
21,1,CD1,4.620138645172119
22,1,CD2,4.697043418884277
23,1,CE1,4.661362648010254
24,1,CE2,4.625682830810547
25,1,CZ,4.590002059936523
26,1,CA,4.605434894561768
27,1,C,4.913609981536865
28,1,O,5.221785545349121
29,1,CB,5.5299601554870605
30,1,CG,5.781675815582275
31,1,CD2,5.493006706237793
32,1,CE2,5.204335689544678
33,1,N,4.915665626525879
34,1,CA,4.627610206604004
35,1,CB,4.35411262512207
36,1,SG,4.080615997314453
37,1,SG,3.8071184158325195
