atom_type,importance_sum
C,2.2843880653381348
CA,2.2843880653381348
CB,2.585615873336792
CD,3.2633702754974365
CD1,3.9411239624023438
CD2,4.618900299072266
CE,5.10150146484375
CE1,5.193889617919922
CE2,5.286273956298828
CE3,5.378661155700684
CG,5.477959632873535
CG1,5.601533889770508
CG2,5.725110054016113
CH2,5.848684310913086
CZ,6.147282123565674
CZ2,7.84606409072876
CZ3,9.544844627380371
O,11.243623733520508
OH,12.942410469055176
OD1,11.351134300231934
OD2,9.759859085083008
OE1,8.168587684631348
OE2,6.577310562133789
OG,6.492179870605469
OG1,6.595317363739014
N,6.6984543800354
NE,6.80159330368042
NE1,6.7794036865234375
NE2,6.72142219543457
ND1,6.663437366485596
ND2,6.605410575866699
NZ,7.131310939788818
NH1,7.949130535125732
NH2,8.766948699951172
SD,9.584765434265137
SG,9.948271751403809
UNKNOWN,9.948271751403809
