atom_index,is_real_atom,atom_type_from_onehot,importance
0,1,CG,7.6291093826293945
1,1,CD2,7.6291093826293945
2,1,CD1,7.80043888092041
3,1,CG,8.162674903869629
4,1,CD1,8.52491283416748
5,1,CD2,8.887149810791016
6,1,CB,8.967238426208496
7,1,CG1,8.655959129333496
8,1,N,8.344680786132812
9,1,CA,8.033402442932129
10,1,O,7.865695953369141
11,1,CB,7.947908401489258
12,1,CG,8.030121803283691
13,1,CD,8.112333297729492
14,1,CA,8.119274139404297
15,1,C,7.959307670593262
16,1,O,7.799342632293701
17,1,CB,7.63937520980835
18,1,N,7.5799102783203125
19,1,CD1,7.811364650726318
20,1,CB,8.042820930480957
21,1,CG1,8.274277687072754
22,1,CG2,8.436071395874023
23,1,C,8.323864936828613
24,1,O,8.21165943145752
25,1,CG1,8.099452018737793
26,1,N,7.924323081970215
27,1,CA,7.388821125030518
28,1,CB,6.853317737579346
29,1,OG,6.31781530380249
