atom_type,importance
C,0.11026321351528168
CA,0.11026321351528168
CB,0.11266447603702545
CD,0.11806794255971909
CD1,0.12347137182950974
CD2,0.12887363135814667
CE,0.1316198855638504
CE1,0.1290530562400818
CE2,0.12648619711399078
CE3,0.12391930818557739
CG,0.1250208467245102
CG1,0.13896504044532776
CG2,0.1529092639684677
CH2,0.1668534278869629
CZ,0.1798093169927597
CZ2,0.18485864996910095
CZ3,0.1899080127477646
O,0.1949574500322342
OH,0.20000681281089783
OD1,0.18696697056293488
OD2,0.1739271730184555
OE1,0.16088733077049255
OE2,0.1478475034236908
OG,0.1379697024822235
OG1,0.12848718464374542
N,0.11900469660758972
NE,0.10952217131853104
NE1,0.10838726162910461
NE2,0.10963720828294754
ND1,0.11088749021291733
ND2,0.11213741451501846
NZ,0.11728468537330627
NH1,0.12438030540943146
NH2,0.13147591054439545
SD,0.13857030868530273
SG,0.14172469079494476
UNKNOWN,0.14172469079494476
