atom_index,is_real_atom,atom_type_from_onehot,importance
0,1,CG,8.941020965576172
1,1,CB,8.941020965576172
2,1,CG2,9.041709899902344
3,1,CD1,9.254593849182129
4,1,CG,9.467477798461914
5,1,CD2,9.680363655090332
6,1,O,9.802027702331543
7,1,CB,9.797159194946289
8,1,OG1,9.792288780212402
9,1,CG2,9.787421226501465
10,1,CA,9.603796005249023
11,1,C,9.109001159667969
12,1,O,8.614206314086914
13,1,CB,8.119410514831543
14,1,CG,7.655071258544922
15,1,CD,7.258270740509033
16,1,N,6.861467361450195
17,1,CA,6.464667797088623
18,1,C,6.18583869934082
19,1,O,6.248508453369141
20,1,N,6.3111796379089355
21,1,CA,6.373849868774414
22,1,CB,6.451375961303711
23,1,CG,6.587331295013428
24,1,CD1,6.723288059234619
25,1,NE1,6.859244346618652
26,1,OG,6.929667949676514
27,1,CG,6.624764919281006
28,1,CD1,6.31986141204834
29,1,CD2,6.01495885848999
