atom_type,importance
C,0.08876989036798477
CA,0.08876989036798477
CB,0.08824160695075989
CD,0.08705312013626099
CD1,0.08586461842060089
CD2,0.0846761167049408
CE,0.08750319480895996
CE1,0.09836205840110779
CE2,0.109220489859581
CE3,0.12007977813482285
CG,0.12901435792446136
CG1,0.13121582567691803
CG2,0.13341732323169708
CH2,0.13561877608299255
CZ,0.13827449083328247
CZ2,0.14456366002559662
CZ3,0.15085284411907196
O,0.15714198350906372
OH,0.16343118250370026
OD1,0.15509644150733948
OD2,0.1467616707086563
OE1,0.13842691481113434
OE2,0.13009214401245117
OG,0.11711034178733826
OG1,0.10354761779308319
N,0.08998488634824753
NE,0.07642214745283127
NE1,0.08522167801856995
NE2,0.10040991008281708
ND1,0.11559810489416122
ND2,0.1307869553565979
NZ,0.14058244228363037
NH1,0.1476825624704361
NH2,0.15478265285491943
SD,0.16188140213489532
SG,0.16503719985485077
UNKNOWN,0.16503719985485077
