atom_index,is_real_atom,atom_type_from_onehot,importance
0,1,CE3,8.261136054992676
1,1,CZ2,8.261136054992676
2,1,CZ3,8.296977996826172
3,1,CH2,8.372757911682129
4,1,CG2,8.448538780212402
5,1,CB,8.52431869506836
6,1,CD2,8.317281723022461
7,1,CE2,7.717949867248535
8,1,CZ,7.118617534637451
9,1,OH,6.519286155700684
10,1,N,6.118255138397217
11,1,CA,6.062417030334473
12,1,C,6.00657844543457
13,1,O,5.950739860534668
14,1,CB,5.876032829284668
15,1,CG,5.759486675262451
16,1,C,5.642940998077393
17,1,O,5.526394367218018
18,1,CB,5.410574913024902
19,1,CG,5.296854019165039
20,1,CD1,5.18313455581665
21,1,CD2,5.069414138793945
22,1,NE1,4.950238227844238
23,1,CE2,4.809604644775391
24,1,CE3,4.668970584869385
25,1,CZ2,4.528337001800537
26,1,CZ3,4.450056552886963
27,1,CH2,4.7288899421691895
28,1,CD1,5.007723331451416
29,1,CE1,5.286557197570801
30,1,CE2,5.581091403961182
31,1,CZ,6.025896072387695
32,1,CD1,6.470703601837158
33,1,CD2,6.91550874710083
34,1,CE1,7.344535827636719
35,1,CE2,7.400147438049316
36,1,CZ,7.455759048461914
37,1,O,7.5113701820373535
38,1,CA,7.566981315612793
39,1,C,7.546146869659424
40,1,O,7.524265766143799
41,1,CB,7.502383232116699
42,1,CG1,7.480501174926758
43,1,N,7.218928813934326
44,1,CA,6.939990043640137
45,1,C,6.661048412322998
46,1,O,6.382107734680176
47,1,N,6.104095935821533
48,1,CA,5.826213359832764
49,1,CB,5.548330783843994
50,1,CG,5.270447731018066
51,1,CD1,5.364772319793701
52,1,CD2,5.538417339324951
53,1,CE1,5.712064266204834
54,1,CE2,5.885711193084717
55,1,CZ,5.640478134155273
