atom_type,importance_sum
C,7.232399940490723
CA,7.232399940490723
CB,7.352475643157959
CD,7.622616767883301
CD1,7.892796516418457
CD2,8.162938117980957
CE,8.450933456420898
CE1,8.774526596069336
CE2,9.098118782043457
CE3,9.421711921691895
CG,9.868757247924805
CG1,10.747873306274414
CG2,11.626991271972656
CH2,12.506112098693848
CZ,13.333667755126953
CZ2,13.748769760131836
CZ3,14.16386890411377
O,14.57896900177002
OH,14.994071006774902
OD1,15.771533966064453
OD2,16.548992156982422
OE1,17.326452255249023
OE2,18.103918075561523
OG,18.41404151916504
OG1,18.665756225585938
N,18.917470932006836
NE,19.16918182373047
NE1,18.897016525268555
NE2,18.475078582763672
ND1,18.05316925048828
ND2,17.63132667541504
NZ,17.006677627563477
NH1,16.280717849731445
NH2,15.554736137390137
SD,14.828754425048828
SG,14.506046295166016
UNKNOWN,14.506046295166016
