atom_index,is_real_atom,atom_type_from_onehot,importance
0,1,CG,8.476823806762695
1,1,CD2,8.476823806762695
2,1,CA,8.514999389648438
3,1,C,8.59571361541748
4,1,O,8.676429748535156
5,1,C,8.7571439743042
6,1,O,8.76937198638916
7,1,CB,8.686606407165527
8,1,CG2,8.603839874267578
9,1,CD1,8.521074295043945
10,1,N,8.485960960388184
11,1,CA,8.53380012512207
12,1,C,8.581640243530273
13,1,O,8.629480361938477
14,1,C,8.563920974731445
15,1,O,8.246914863586426
16,1,CB,7.929906368255615
17,1,SG,7.612898826599121
18,1,N,7.262571334838867
19,1,CA,6.815789222717285
20,1,CD1,6.369006633758545
21,1,CB,5.922224521636963
