atom_type,importance_sum
C,5.663606643676758
CA,5.663606643676758
CB,6.456672668457031
CD,8.241127967834473
CD1,10.025577545166016
CD2,11.81005573272705
CE,12.397830963134766
CE1,10.5924072265625
CE2,8.786980628967285
CE3,6.981503963470459
CG,5.368581295013428
CG1,4.429605007171631
CG2,3.4906258583068848
CH2,2.5516483783721924
CZ,1.7942146062850952
CZ2,2.4892497062683105
CZ3,3.1842732429504395
O,3.8792965412139893
OH,4.574319839477539
OD1,4.674961566925049
OD2,4.775604248046875
OE1,4.876245975494385
OE2,4.976888179779053
OG,5.401806831359863
OG1,5.867263317108154
N,6.332718372344971
NE,6.798174858093262
NE1,6.751644611358643
NE2,6.55880880355835
ND1,6.366025447845459
ND2,6.173191547393799
NZ,6.336236953735352
NH1,6.677148342132568
NH2,7.018110275268555
SD,7.3590192794799805
SG,7.510552406311035
UNKNOWN,7.510552406311035
