atom_type,importance_sum
C,7.812045574188232
CA,7.812045574188232
CB,7.910881519317627
CD,8.133316993713379
CD1,8.355751037597656
CD2,8.5781888961792
CE,8.820573806762695
CE1,9.102846145629883
CE2,9.385124206542969
CE3,9.667377471923828
CG,10.068928718566895
CG1,10.887882232666016
CG2,11.706836700439453
CH2,12.52579116821289
CZ,13.300877571105957
CZ2,13.725064277648926
CZ3,14.149248123168945
O,14.573430061340332
OH,14.997612953186035
OD1,15.848482131958008
OD2,16.6993350982666
OE1,17.55017852783203
OE2,18.401020050048828
OG,18.65572738647461
OG1,18.835920333862305
N,19.0161075592041
NE,19.19630241394043
NE1,18.9366397857666
NE2,18.55120277404785
ND1,18.165752410888672
ND2,17.780309677124023
NZ,17.140724182128906
NH1,16.37405776977539
NH2,15.607421875
SD,14.84078598022461
SG,14.500044822692871
UNKNOWN,14.500044822692871
