atom_index,is_real_atom,atom_type_from_onehot,importance
0,1,CG2,11.902609825134277
1,1,CD1,11.902609825134277
2,1,CD2,12.029485702514648
3,1,CG,12.297738075256348
4,1,OD1,12.56598949432373
5,1,ND2,12.83424186706543
6,1,CG,12.903335571289062
7,1,CD1,12.69618034362793
8,1,CD2,12.489021301269531
9,1,CG,12.281865119934082
10,1,CD1,12.126554489135742
11,1,CD2,12.061492919921875
12,1,CG2,11.996432304382324
13,1,CD2,11.931368827819824
14,1,CD1,11.845460891723633
15,1,SG,11.713335037231445
16,1,CG,11.581205368041992
17,1,CD1,11.449077606201172
18,1,CD2,11.218270301818848
19,1,CB,10.701814651489258
20,1,CG,10.185356140136719
21,1,CD1,9.668900489807129
22,1,CD2,9.222880363464355
23,1,NE1,9.053913116455078
24,1,CE2,8.884946823120117
25,1,CE3,8.71597957611084
26,1,CZ2,8.536770820617676
27,1,CZ3,8.298904418945312
28,1,CH2,8.06103801727295
29,1,CD1,7.823172092437744
30,1,CD2,7.584054946899414
