atom_type,importance_sum
C,8.698838233947754
CA,8.698838233947754
CB,9.323485374450684
CD,10.728898048400879
CD1,12.134288787841797
CD2,13.539773941040039
CE,14.643240928649902
CE1,15.142662048339844
CE2,15.642181396484375
CE3,16.141597747802734
CG,16.599672317504883
CG1,16.912681579589844
CG2,17.225690841674805
CH2,17.538698196411133
CZ,17.740339279174805
CZ2,17.051095962524414
CZ3,16.36185646057129
O,15.672607421875
OH,14.98336124420166
OD1,14.053306579589844
OD2,13.123248100280762
OE1,12.193192481994629
OE2,11.263136863708496
OG,10.784490585327148
OG1,10.362269401550293
N,9.940042495727539
NE,9.517815589904785
NE1,10.0067720413208
NE2,10.756082534790039
ND1,11.505292892456055
ND2,12.25460147857666
NZ,13.071897506713867
NH1,13.923190116882324
NH2,14.774479866027832
SD,15.625673294067383
SG,16.004026412963867
UNKNOWN,16.004026412963867
