atom_type,importance_sum
C,4.691301345825195
CA,4.691301345825195
CB,5.137892246246338
CD,6.14263391494751
CD1,7.147373199462891
CD2,8.152158737182617
CE,8.895244598388672
CE1,9.1150484085083
CE2,9.334954261779785
CE3,9.554759979248047
CG,9.463349342346191
CG1,8.28268814086914
CG2,7.102026462554932
CH2,5.9213643074035645
CZ,4.924083232879639
CZ2,5.3938469886779785
CZ3,5.863609790802002
O,6.333373069763184
OH,6.803136348724365
OD1,6.374122142791748
OD2,5.945107460021973
OE1,5.516092300415039
OE2,5.08707857131958
OG,5.771977424621582
OG1,6.5961198806762695
N,7.420261383056641
NE,8.244401931762695
NE1,8.415125846862793
NE2,8.399188995361328
ND1,8.383252143859863
ND2,8.367315292358398
NZ,7.948242664337158
NH1,7.3276543617248535
NH2,6.707067012786865
SD,6.086480140686035
SG,5.810634613037109
UNKNOWN,5.810634613037109
