atom_type,importance
C,0.12369609624147415
CA,0.12369609624147415
CB,0.12444964051246643
CD,0.1261444389820099
CD1,0.127839595079422
CD2,0.12953433394432068
CE,0.13560177385807037
CE1,0.15041491389274597
CE2,0.1652272790670395
CE3,0.18003959953784943
CG,0.20073771476745605
CG1,0.24203293025493622
CG2,0.2833286225795746
CH2,0.3246243894100189
CZ,0.3608664572238922
CZ2,0.3566794693470001
CZ3,0.35249248147010803
O,0.34830552339553833
OH,0.34411847591400146
OD1,0.33183690905570984
OD2,0.3195551633834839
OE1,0.30727359652519226
OE2,0.29499199986457825
OG,0.27380502223968506
OG1,0.25150468945503235
N,0.22920501232147217
NE,0.20690511167049408
NE1,0.2083212435245514
NE2,0.2165147364139557
ND1,0.22470758855342865
ND2,0.23290112614631653
NZ,0.23267361521720886
NH1,0.22823624312877655
NH2,0.22379834949970245
SD,0.21936118602752686
SG,0.21738865971565247
UNKNOWN,0.21738865971565247
