atom_type,importance_sum
C,4.670936584472656
CA,4.670936584472656
CB,4.973916053771973
CD,5.655698299407959
CD1,6.337434768676758
CD2,7.019172668457031
CE,7.965615272521973
CE1,9.441563606262207
CE2,10.917503356933594
CE3,12.393360137939453
CG,13.275994300842285
CG1,12.081915855407715
CG2,10.887839317321777
CH2,9.693764686584473
CZ,8.639358520507812
CZ2,8.70230770111084
CZ3,8.765260696411133
O,8.828211784362793
OH,8.89116096496582
OD1,7.87142276763916
OD2,6.851681709289551
OE1,5.831944465637207
OE2,4.8122053146362305
OG,5.353181838989258
OG1,6.08924674987793
N,6.825313568115234
NE,7.56137752532959
NE1,8.023720741271973
NE2,8.407855987548828
ND1,8.792037963867188
ND2,9.176219940185547
NZ,9.478548049926758
NH1,9.739946365356445
NH2,10.001439094543457
SD,10.262837409973145
SG,10.379059791564941
UNKNOWN,10.379059791564941
