atom_type,importance
C,0.1033557653427124
CA,0.1033557653427124
CB,0.10452397912740707
CD,0.10715126991271973
CD1,0.10977912694215775
CD2,0.1124061569571495
CE,0.11106395721435547
CE1,0.10178126394748688
CE2,0.09249861538410187
CE3,0.08321597427129745
CG,0.07925227284431458
CG1,0.09390588104724884
CG2,0.10855995118618011
CH2,0.12321369349956512
CZ,0.13740622997283936
CZ2,0.14791035652160645
CZ3,0.15841445326805115
O,0.16891853511333466
OH,0.17942264676094055
OD1,0.17349165678024292
OD2,0.1675606369972229
OE1,0.16162963211536407
OE2,0.15569861233234406
OG,0.146847665309906
OG1,0.1376316398382187
N,0.12841570377349854
NE,0.1191997155547142
NE1,0.1151476800441742
NE2,0.11257245391607285
ND1,0.1099972054362297
ND2,0.10742194950580597
NZ,0.10952945798635483
NH1,0.11397793889045715
NH2,0.11842627078294754
SD,0.12287510931491852
SG,0.12485264986753464
UNKNOWN,0.12485264986753464
