atom_type,importance
C,0.06562206894159317
CA,0.06562206894159317
CB,0.0726824551820755
CD,0.08856800198554993
CD1,0.10445427149534225
CD2,0.12033915519714355
CE,0.1315934807062149
CE1,0.133581280708313
CE2,0.13557052612304688
CE3,0.13755834102630615
CG,0.1373131275177002
CG1,0.12924495339393616
CG2,0.12117678672075272
CH2,0.11310859769582748
CZ,0.10616368800401688
CZ2,0.10821155458688736
CZ3,0.11025933921337128
O,0.11230679601430893
OH,0.11435424536466599
OD1,0.113242506980896
OD2,0.11213075369596481
OE1,0.11101902276277542
OE2,0.10990729182958603
OG,0.1099051758646965
OG1,0.11004175990819931
N,0.11017835140228271
NE,0.11031494289636612
NE1,0.10399744659662247
NE2,0.09583596140146255
ND1,0.08767519146203995
ND2,0.07951368391513824
NZ,0.08123764395713806
NH1,0.08790289610624313
NH2,0.0945688784122467
SD,0.10123414546251297
SG,0.10419683903455734
UNKNOWN,0.10419683903455734
