atom_index,is_real_atom,atom_type_from_onehot,importance
0,1,OH,9.084792137145996
1,1,O,9.084792137145996
2,1,C,9.32141399383545
3,1,O,9.821700096130371
4,1,N,10.321985244750977
5,1,CA,10.822270393371582
6,1,C,11.064297676086426
7,1,O,10.948100090026855
8,1,CB,10.831901550292969
9,1,CG,10.715703964233398
10,1,CD1,10.699103355407715
11,1,N,10.855874061584473
12,1,CA,11.012643814086914
13,1,C,11.169416427612305
14,1,O,11.284126281738281
15,1,N,11.30557918548584
16,1,CA,11.327031135559082
17,1,CD2,11.348482131958008
18,1,CE3,11.311141014099121
19,1,CZ3,11.103616714477539
20,1,CA,10.89609432220459
21,1,CB,10.688570976257324
22,1,CG,10.330233573913574
23,1,CD,9.378706932067871
24,1,OE1,8.427179336547852
