atom_type,importance_sum
C,9.38830280303955
CA,9.38830280303955
CB,9.730701446533203
CD,10.501198768615723
CD1,11.271638870239258
CD2,12.042068481445312
CE,12.715006828308105
CE1,13.192748069763184
CE2,13.670491218566895
CE3,14.148341178894043
CG,14.278794288635254
CG1,13.193643569946289
CG2,12.108492851257324
CH2,11.02334213256836
CZ,10.075435638427734
CZ2,10.225475311279297
CZ3,10.375514030456543
O,10.525551795959473
OH,10.675591468811035
OD1,10.241546630859375
OD2,9.807501792907715
OE1,9.373456001281738
OE2,8.939412117004395
OG,9.185017585754395
OG1,9.515581130981445
N,9.84614372253418
NE,10.176706314086914
NE1,10.219276428222656
NE2,10.179640769958496
ND1,10.140003204345703
ND2,10.10036563873291
NZ,9.98392105102539
NH1,9.829071044921875
NH2,9.67422103881836
SD,9.519369125366211
SG,9.450555801391602
UNKNOWN,9.450555801391602
