atom_type,importance_sum
C,4.203320503234863
CA,4.203320503234863
CB,4.999863147735596
CD,6.79213809967041
CD1,8.5844144821167
CD2,10.376596450805664
CE,11.429644584655762
CE1,11.004332542419434
CE2,10.578930854797363
CE3,10.15352725982666
CG,9.822428703308105
CG1,9.821147918701172
CG2,9.819870948791504
CH2,9.818594932556152
CZ,9.892189979553223
CZ2,10.564762115478516
CZ3,11.237330436706543
O,11.909900665283203
OH,12.58247184753418
OD1,11.279460906982422
OD2,9.976447105407715
OE1,8.673437118530273
OE2,7.370426177978516
OG,7.621908664703369
OG1,8.067700386047363
N,8.513495445251465
NE,8.95928955078125
NE1,8.8052978515625
NE2,8.480024337768555
ND1,8.154747009277344
ND2,7.829418659210205
NZ,7.957914352416992
NH1,8.31324291229248
NH2,8.66855239868164
SD,9.023900985717773
SG,9.181868553161621
UNKNOWN,9.181868553161621
