atom_index,is_real_atom,atom_type_from_onehot,importance
0,1,O,8.658007621765137
1,1,CG2,8.658007621765137
2,1,CD2,8.531521797180176
3,1,CE2,8.264091491699219
4,1,N,7.9966630935668945
5,1,CA,7.72923469543457
6,1,C,7.313014507293701
7,1,O,6.690402984619141
8,1,CB,6.067792892456055
9,1,CG,5.445180892944336
10,1,CB,4.991901397705078
11,1,CB,4.833380699157715
12,1,CG,4.674860000610352
13,1,CD1,4.516340732574463
14,1,CD2,4.460091590881348
15,1,CE1,4.630619525909424
16,1,CE2,4.801147937774658
17,1,CZ,4.971675872802734
18,1,OH,5.099579811096191
19,1,CG,5.10409688949585
20,1,CD,5.108613967895508
21,1,CA,5.113131999969482
22,1,C,5.160888195037842
23,1,O,5.378720283508301
24,1,CB,5.596552848815918
25,1,CG,5.814384460449219
26,1,CD1,6.049971103668213
27,1,CD2,6.387240886688232
28,1,CE1,6.724511623382568
29,1,CE2,7.061781406402588
30,1,CZ,7.390153408050537
31,1,OH,7.633349895477295
32,1,CA,7.8765459060668945
33,1,C,8.119742393493652
34,1,O,8.34463882446289
35,1,CB,8.136444091796875
36,1,SG,7.928250789642334
37,1,N,7.720057010650635
38,1,CA,7.511862754821777
39,1,CB,7.561387062072754
40,1,C,7.614441871643066
41,1,CB,7.6674957275390625
42,1,CG2,7.720550060272217
43,1,N,7.6145405769348145
44,1,CA,7.497005462646484
45,1,CB,7.3794708251953125
46,1,CG,7.261936187744141
47,1,CD,6.922481060028076
48,1,OE1,6.552301406860352
49,1,CD2,6.1821184158325195
50,1,CE1,5.811936855316162
51,1,CE2,5.656960964202881
52,1,CZ,5.547847747802734
53,1,CD2,5.438734531402588
54,1,CE1,5.329620361328125
55,1,CE2,5.001381874084473
56,1,CZ,4.607791900634766
57,1,CA,4.214199542999268
58,1,CB,3.8206067085266113
59,1,CG1,3.6958658695220947
60,1,CG2,3.677649974822998
61,1,CB,3.6594343185424805
62,1,CG,3.641219139099121
63,1,CD1,3.7247257232666016
64,1,CD2,3.8601317405700684
65,1,CE1,3.995537281036377
66,1,CE2,4.130943775177002
67,1,CZ,4.351343154907227
68,1,CD2,4.626516819000244
69,1,CE1,4.901690483093262
70,1,CE2,5.176862716674805
71,1,CZ,5.289275646209717
