atom_type,importance
C,0.09035279601812363
CA,0.09035279601812363
CB,0.09540686011314392
CD,0.10677769780158997
CD1,0.11814893037080765
CD2,0.12951989471912384
CE,0.14460310339927673
CE1,0.1671091616153717
CE2,0.18961608409881592
CE3,0.2121230512857437
CG,0.23559542000293732
CG1,0.2624491751194
CG2,0.2893029451370239
CH2,0.3161568343639374
CZ,0.33988791704177856
CZ2,0.33863890171051025
CZ3,0.3373899459838867
O,0.3361409306526184
OH,0.33489179611206055
OD1,0.3330918848514557
OD2,0.33129194378852844
OE1,0.32949185371398926
OE2,0.3276919424533844
OG,0.3043239712715149
OG1,0.2782599925994873
N,0.2521961033344269
NE,0.22613215446472168
NE1,0.21739687025547028
NE2,0.213612362742424
ND1,0.20982779562473297
ND2,0.20604319870471954
NZ,0.20280461013317108
NH1,0.1998395025730133
NH2,0.19687442481517792
SD,0.19390839338302612
SG,0.19259034097194672
UNKNOWN,0.19259034097194672
