atom_index,is_real_atom,atom_type_from_onehot,importance
0,1,CB,6.736839771270752
1,1,CG,6.736839771270752
2,1,CD1,6.9204936027526855
3,1,CD2,7.308787822723389
4,1,CE1,7.69708251953125
5,1,CE2,8.085375785827637
6,1,CZ,8.227089881896973
7,1,OH,8.02677059173584
8,1,CA,7.826450824737549
9,1,CB,7.626131534576416
10,1,OG1,7.7172393798828125
11,1,CG2,8.315644264221191
12,1,CG,8.91405200958252
13,1,CD1,9.512458801269531
14,1,CD2,9.919586181640625
15,1,CE1,9.902573585510254
16,1,CE2,9.885562896728516
17,1,CZ,9.868551254272461
18,1,C,9.931458473205566
19,1,O,10.225700378417969
20,1,CB,10.51994514465332
21,1,CG,10.814190864562988
22,1,CD2,11.011455535888672
23,1,N,10.827271461486816
24,1,CA,10.643089294433594
25,1,CB,10.458907127380371
26,1,CG,10.203758239746094
27,1,CD2,9.5421781539917
28,1,CG,8.880594253540039
29,1,CD1,8.219012260437012
