atom_type,importance_sum
C,8.250386238098145
CA,8.250386238098145
CB,8.368510246276855
CD,8.634292602539062
CD1,8.90007209777832
CD2,9.165852546691895
CE,9.400673866271973
CE1,9.573583602905273
CE2,9.746478080749512
CE3,9.919468879699707
CG,10.275915145874023
CG1,11.275078773498535
CG2,12.27424430847168
CH2,13.273408889770508
CZ,14.215621948242188
CZ2,14.702263832092285
CZ3,15.188911437988281
O,15.675553321838379
OH,16.16220474243164
OD1,15.308623313903809
OD2,14.455047607421875
OE1,13.601471900939941
OE2,12.747896194458008
OG,12.373659133911133
OG1,12.059338569641113
N,11.745026588439941
NE,11.430710792541504
NE1,10.859673500061035
NE2,10.215313911437988
ND1,9.570959091186523
ND2,8.926573753356934
NZ,8.531780242919922
NH1,8.261767387390137
NH2,7.991744518280029
SD,7.721772193908691
SG,7.601749420166016
UNKNOWN,7.601749420166016
