atom_index,is_real_atom,atom_type_from_onehot,importance
0,1,CB,8.000615119934082
1,1,CG,8.000615119934082
2,1,CD1,8.200507164001465
3,1,CD2,8.623139381408691
4,1,NE1,9.045770645141602
5,1,CE2,9.468401908874512
6,1,CE3,9.65195369720459
7,1,CZ2,9.50388240814209
8,1,CZ3,9.355807304382324
9,1,CH2,9.207733154296875
10,1,CG2,9.214096069335938
11,1,CA,9.489287376403809
12,1,CB,9.764477729797363
13,1,CG,10.039669036865234
14,1,CD1,10.109416961669922
15,1,CD2,9.72362232208252
16,1,CA,9.337823867797852
17,1,C,8.95202922821045
18,1,O,8.484420776367188
19,1,CB,7.779994010925293
