atom_type,importance_sum
C,4.219186782836914
CA,4.219186782836914
CB,4.778218746185303
CD,6.036038398742676
CD1,7.293859004974365
CD2,8.551665306091309
CE,9.2644681930542
CE1,8.887247085571289
CE2,8.510027885437012
CE3,8.132752418518066
CG,7.9712233543396
CG1,8.564496994018555
CG2,9.157770156860352
CH2,9.7510404586792
CZ,10.340925216674805
CZ2,10.903717041015625
CZ3,11.466506958007812
O,12.029296875
OH,12.59208869934082
OD1,11.378533363342285
OD2,10.164974212646484
OE1,8.951417922973633
OE2,7.737861156463623
OG,6.751655578613281
OG1,5.793866157531738
N,4.836078643798828
NE,3.8782920837402344
NE1,3.8399670124053955
NE2,4.064367294311523
ND1,4.2887468338012695
ND2,4.513129234313965
NZ,5.365105628967285
NH1,6.530799388885498
NH2,7.6965413093566895
SD,8.862278938293457
SG,9.380361557006836
UNKNOWN,9.380361557006836
