atom_type,importance
C,0.08631739765405655
CA,0.08631739765405655
CB,0.09302452206611633
CD,0.10811641812324524
CD1,0.12320710718631744
CD2,0.13829898834228516
CE,0.15030302107334137
CE1,0.15613240003585815
CE2,0.1619606912136078
CE3,0.16779011487960815
CG,0.17333082854747772
CG1,0.17786335945129395
CG2,0.18239594995975494
CH2,0.18692845106124878
CZ,0.1916491985321045
CZ2,0.19787532091140747
CZ3,0.2041015475988388
O,0.21032772958278656
OH,0.21655456721782684
OD1,0.20989447832107544
OD2,0.2032349407672882
OE1,0.19657549262046814
OE2,0.18991607427597046
OG,0.18159376084804535
OG1,0.17306359112262726
N,0.16453340649604797
NE,0.15600326657295227
NE1,0.14936445653438568
NE2,0.1432647556066513
ND1,0.13716623187065125
ND2,0.13106775283813477
NZ,0.1278344839811325
NH1,0.1260356307029724
NH2,0.12423675507307053
SD,0.12243789434432983
SG,0.12163809686899185
UNKNOWN,0.12163809686899185
