atom_index,is_real_atom,atom_type_from_onehot,importance
0,1,NH1,7.079530239105225
1,1,NH2,7.079530239105225
2,1,CE1,7.021695613861084
3,1,CE2,6.899416923522949
4,1,CZ,6.777135848999023
5,1,CD1,6.6548566818237305
6,1,CD2,6.502801418304443
7,1,CA,6.3094482421875
8,1,C,6.116092681884766
9,1,O,5.9227375984191895
10,1,CB,5.8712592124938965
11,1,CG,6.066749572753906
12,1,CD1,6.262241840362549
13,1,CD2,6.457732677459717
14,1,N,6.508735656738281
15,1,CA,6.239351272583008
16,1,CB,5.969965934753418
17,1,CG,5.700581073760986
18,1,SD,5.458423137664795
19,1,CA,5.295075416564941
20,1,C,5.131728649139404
21,1,O,4.968381881713867
22,1,CB,4.856996536254883
23,1,N,4.949995994567871
24,1,CA,5.042994022369385
25,1,CB,5.135993003845215
26,1,CG,5.215179443359375
27,1,CD1,5.215261936187744
28,1,CD2,5.215345859527588
29,1,CB,5.215427398681641
30,1,CG1,5.233537673950195
31,1,N,5.424177646636963
32,1,CA,5.614819526672363
33,1,C,5.805461406707764
34,1,O,5.989548206329346
35,1,CB,6.018497467041016
36,1,CG,6.047446250915527
37,1,CA,6.076396465301514
38,1,C,6.105345726013184
39,1,O,6.052467346191406
40,1,CB,5.998468399047852
41,1,CG,5.9444708824157715
42,1,CD,5.890471935272217
43,1,OE1,5.769004821777344
44,1,N,5.642650127410889
45,1,CA,5.516295433044434
46,1,CB,5.38994026184082
47,1,OG1,5.237673282623291
48,1,CG2,5.081820011138916
49,1,CB,4.925965309143066
50,1,CG,4.770111083984375
51,1,CD1,4.614561557769775
52,1,CD2,4.459076881408691
53,1,NE1,4.303592681884766
54,1,CE2,4.14810848236084
55,1,CE3,3.8365838527679443
56,1,CZ2,3.4785232543945312
57,1,CZ3,3.1204617023468018
58,1,CH2,2.762399673461914
