atom_type,importance
C,0.14206275343894958
CA,0.14206275343894958
CB,0.1384810209274292
CD,0.13042257726192474
CD1,0.12236418575048447
CD2,0.11430596560239792
CE,0.11379436403512955
CE1,0.12837527692317963
CE2,0.1429562270641327
CE3,0.15753714740276337
CG,0.16889838874340057
CG1,0.1689906120300293
CG2,0.1690828651189804
CH2,0.16917507350444794
CZ,0.17173245549201965
CZ2,0.19401103258132935
CZ3,0.21628956496715546
O,0.23856811225414276
OH,0.26084664463996887
OD1,0.25936615467071533
OD2,0.25788557529449463
OE1,0.2564051151275635
OE2,0.25492456555366516
OG,0.24019889533519745
OG1,0.22381749749183655
N,0.2074361890554428
NE,0.1910548210144043
NE1,0.18960826098918915
NE2,0.192427858710289
ND1,0.19524846971035004
ND2,0.1980680674314499
NZ,0.19553832709789276
NH1,0.19033338129520416
NH2,0.18512849509716034
SD,0.17992262542247772
SG,0.17760924994945526
UNKNOWN,0.17760924994945526
