atom_type,importance
C,0.1692979782819748
CA,0.1692979782819748
CB,0.1787184327840805
CD,0.1999155730009079
CD1,0.22111213207244873
CD2,0.24230892956256866
CE,0.2584865689277649
CE1,0.26462143659591675
CE2,0.2707563638687134
CE3,0.2768911123275757
CG,0.2769300639629364
CG1,0.25562652945518494
CG2,0.2343229204416275
CH2,0.2130182832479477
CZ,0.19468410313129425
CZ2,0.20010614395141602
CZ3,0.2055281400680542
O,0.2109501212835312
OH,0.21637243032455444
OD1,0.20398543775081635
OD2,0.19159872829914093
OE1,0.17921201884746552
OE2,0.16682536900043488
OG,0.16281500458717346
OG1,0.15985165536403656
N,0.15688833594322205
NE,0.15392503142356873
NE1,0.15012399852275848
NE2,0.146082803606987
ND1,0.14204157888889313
ND2,0.13800036907196045
NZ,0.14128023386001587
NH1,0.14822162687778473
NH2,0.15516297519207
SD,0.16210433840751648
SG,0.1651899665594101
UNKNOWN,0.1651899665594101
