atom_type,importance
C,0.08402302116155624
CA,0.08402302116155624
CB,0.08735768496990204
CD,0.094862200319767
CD1,0.10236603766679764
CD2,0.10986986756324768
CE,0.11532153934240341
CE1,0.11666735261678696
CE2,0.11801320314407349
CE3,0.11935888975858688
CG,0.12313247472047806
CG1,0.13540689647197723
CG2,0.1476813554763794
CH2,0.15995579957962036
CZ,0.1702529489994049
CZ2,0.16473165154457092
CZ3,0.15921033918857574
O,0.15368907153606415
OH,0.14816775918006897
OD1,0.1325371116399765
OD2,0.11690638214349747
OE1,0.10127566754817963
OE2,0.08564497530460358
OG,0.07713528722524643
OG1,0.06951568275690079
N,0.06189610809087753
NE,0.05427677929401398
NE1,0.04759394749999046
NE2,0.04117859899997711
ND1,0.03476359695196152
ND2,0.028348397463560104
NZ,0.03679090738296509
NH1,0.05266222357749939
NH2,0.0685335248708725
SD,0.08440478146076202
SG,0.09145853668451309
UNKNOWN,0.09145853668451309
