atom_index,is_real_atom,atom_type_from_onehot,importance
0,1,C,6.167015552520752
1,1,O,6.167015552520752
2,1,CB,6.119391918182373
3,1,CG,6.018702983856201
4,1,CD1,5.918013572692871
5,1,CE1,5.817324638366699
6,1,CA,5.885986804962158
7,1,CG,6.189555644989014
8,1,CD1,6.493126392364502
9,1,CD2,6.796695232391357
10,1,CE1,7.2161736488342285
11,1,CE2,7.8374176025390625
12,1,CZ,8.458662033081055
13,1,CE1,9.07990550994873
14,1,CE2,9.570735931396484
15,1,CZ,9.772381782531738
16,1,OH,9.974030494689941
17,1,NE1,10.175675392150879
18,1,CE2,10.356820106506348
19,1,CZ2,10.478614807128906
20,1,O,10.600410461425781
21,1,CB,10.722206115722656
22,1,CG,10.778864860534668
23,1,CD,10.579336166381836
24,1,CG1,10.379806518554688
25,1,CA,10.180276870727539
26,1,C,10.0365571975708
27,1,O,10.212465286254883
28,1,CB,10.388374328613281
29,1,CA,10.564285278320312
30,1,C,10.730924606323242
31,1,CB,10.808838844299316
32,1,SG,10.88675308227539
33,1,N,10.964669227600098
34,1,CG,11.024182319641113
35,1,SD,10.648170471191406
36,1,CB,10.272162437438965
37,1,CG1,9.89615249633789
38,1,CG2,9.520142555236816
39,1,CE1,8.862199783325195
40,1,CZ,8.200397491455078
41,1,CD1,7.5385942459106445
