atom_type,importance_sum
C,8.08228874206543
CA,8.08228874206543
CB,8.553800582885742
CD,9.614686965942383
CD1,10.675569534301758
CD2,11.736457824707031
CE,12.178089141845703
CE1,11.380956649780273
CE2,10.58382511138916
CE3,9.78677749633789
CG,9.333003997802734
CG1,10.080915451049805
CG2,10.828827857971191
CH2,11.576737403869629
CZ,12.46326732635498
CZ2,14.458738327026367
CZ3,16.454185485839844
O,18.44959259033203
OH,20.4450740814209
OD1,19.309982299804688
OD2,18.174888610839844
OE1,17.039813995361328
OE2,15.904791831970215
OG,15.052430152893066
OG1,14.235404014587402
N,13.41838550567627
NE,12.601363182067871
NE1,12.231792449951172
NE2,11.9901123046875
ND1,11.748429298400879
ND2,11.50674819946289
NZ,12.276256561279297
NH1,13.551309585571289
NH2,14.826452255249023
SD,16.10150718688965
SG,16.668237686157227
UNKNOWN,16.668237686157227
