atom_index,is_real_atom,atom_type_from_onehot,importance
0,1,CE3,4.709443092346191
1,1,CZ2,4.709443092346191
2,1,CZ3,4.656615257263184
3,1,CH2,4.544924736022949
4,1,CG2,4.433233261108398
5,1,CB,4.321542739868164
6,1,CD2,4.2419114112854
7,1,CE2,4.206751823425293
8,1,CZ,4.171592712402344
9,1,OH,4.136433124542236
10,1,CA,4.085454940795898
11,1,C,4.0069403648376465
12,1,O,3.9284262657165527
13,1,CB,3.849911689758301
14,1,CG,3.783048391342163
15,1,C,3.742020606994629
16,1,O,3.7009925842285156
17,1,CB,3.6599647998809814
18,1,CG,3.5884900093078613
19,1,CD1,3.4288785457611084
20,1,CD2,3.2692673206329346
21,1,NE1,3.10965633392334
22,1,CE2,2.9949002265930176
23,1,CE3,3.056574583053589
24,1,CZ2,3.118248701095581
25,1,CZ3,3.1799232959747314
26,1,CH2,3.3038933277130127
27,1,CD1,3.7846457958221436
28,1,CE1,4.265398979187012
29,1,CE2,4.746151447296143
30,1,CZ,5.188338279724121
31,1,CD1,5.261381149291992
32,1,CD2,5.3344244956970215
33,1,CE1,5.407467842102051
34,1,CE2,5.474046230316162
35,1,CZ,5.387628555297852
36,1,O,5.301210880279541
37,1,CA,5.214792728424072
38,1,C,5.128373622894287
39,1,O,5.03238582611084
40,1,CB,4.93626594543457
41,1,CG1,4.840146064758301
42,1,N,4.744025230407715
43,1,CA,4.339020252227783
44,1,C,3.911633253097534
45,1,O,3.4842450618743896
46,1,N,3.056856870651245
47,1,CA,3.0154991149902344
48,1,CB,3.027590751647949
49,1,CG,3.039682388305664
50,1,CD1,3.051774501800537
51,1,CD2,2.9032368659973145
52,1,CE1,2.7204675674438477
53,1,CE2,2.5376975536346436
54,1,CZ,2.3549275398254395
