atom_index,is_real_atom,atom_type_from_onehot,importance
0,1,CD1,7.797067165374756
1,1,CD2,7.797067165374756
2,1,CB,7.895275592803955
3,1,CG1,8.10291576385498
4,1,CG2,8.310555458068848
5,1,CG,8.518194198608398
6,1,CD1,8.596251487731934
7,1,CD2,8.494563102722168
8,1,CZ,8.392874717712402
9,1,NH1,8.291184425354004
10,1,NH2,8.229276657104492
11,1,CZ2,8.236614227294922
12,1,CZ3,8.243952751159668
13,1,CH2,8.251291275024414
14,1,CG1,8.168441772460938
15,1,CD1,7.8856120109558105
16,1,CE1,7.602782249450684
17,1,CE2,7.319953918457031
18,1,CZ,7.09023904800415
19,1,CG,7.014277458190918
20,1,CD1,6.938315391540527
21,1,CD2,6.862354755401611
22,1,CD1,6.93930196762085
23,1,CE1,7.617688179016113
24,1,CE2,8.296075820922852
25,1,CZ,8.974461555480957
26,1,CB,9.629732131958008
27,1,CG1,10.152617454528809
28,1,CG2,10.675500869750977
29,1,CE2,11.198385238647461
30,1,CZ,11.608205795288086
31,1,OH,10.935859680175781
32,1,N,10.263513565063477
33,1,CB,9.591165542602539
34,1,CG2,8.921324729919434
