atom_index,is_real_atom,atom_type_from_onehot,importance
0,1,CA,7.158815383911133
1,1,C,7.158815383911133
2,1,O,7.034139633178711
3,1,CB,6.770537853240967
4,1,CG,6.506937026977539
5,1,CD2,6.243336200714111
6,1,N,5.968628406524658
7,1,CA,5.678516864776611
8,1,C,5.388405799865723
9,1,O,5.098294734954834
10,1,CB,5.00341796875
11,1,CG,5.24839448928833
12,1,CD,5.493370532989502
13,1,NE,5.738347053527832
14,1,CZ,5.872509002685547
15,1,NH1,5.760948657989502
16,1,NH2,5.649388790130615
17,1,CA,5.537829875946045
18,1,CB,5.385509490966797
19,1,CG,5.115201473236084
20,1,CD,4.8448920249938965
21,1,N,4.574583530426025
22,1,CA,4.306069374084473
23,1,O,4.044620037078857
24,1,CB,3.783169746398926
25,1,CG,3.5217199325561523
26,1,CD1,3.3020999431610107
27,1,CE1,3.3220527172088623
28,1,CB,3.342005491256714
29,1,CD1,3.3619580268859863
30,1,CD2,3.3766441345214844
31,1,N,3.3409132957458496
32,1,CA,3.3051834106445312
33,1,C,3.2694528102874756
34,1,O,3.231227159500122
35,1,CB,3.133945941925049
36,1,CG1,3.0366649627685547
37,1,CG2,2.9393837451934814
38,1,CA,2.84210205078125
39,1,C,2.973367691040039
40,1,CB,3.1077632904052734
41,1,CG,3.242159366607666
42,1,CD2,3.3765554428100586
43,1,N,3.453232526779175
44,1,CA,3.525726795196533
45,1,CB,3.598221778869629
46,1,CG,3.6707162857055664
47,1,CD1,3.6669280529022217
48,1,CD2,3.6525774002075195
49,1,CG,3.6382269859313965
50,1,CB,3.623875856399536
51,1,CG1,3.5826668739318848
52,1,CG2,3.535734176635742
53,1,CD1,3.4888010025024414
54,1,CA,3.4418678283691406
55,1,C,3.4259090423583984
56,1,O,3.419187545776367
57,1,CB,3.412466049194336
58,1,CG,3.4057445526123047
59,1,CD1,3.274561882019043
60,1,CD2,3.0940651893615723
61,1,N,2.9135677814483643
62,1,CA,2.733070135116577
63,1,O,2.605487108230591
64,1,CB,2.504901170730591
65,1,CG,2.4043142795562744
66,1,CD1,2.3037281036376953
67,1,CE1,2.2980401515960693
68,1,CB,2.353508234024048
69,1,CG,2.408975601196289
70,1,CD1,2.4644436836242676
71,1,CD2,2.464289665222168
72,1,CE1,2.4193670749664307
73,1,CE2,2.374444007873535
74,1,CZ,2.329521894454956
75,1,OH,2.3389265537261963
76,1,CE2,2.4026589393615723
