atom_type,importance_sum
C,5.6627655029296875
CA,5.6627655029296875
CB,5.62975549697876
CD,5.5555009841918945
CD1,5.481271266937256
CD2,5.407013416290283
CE,5.904600620269775
CE1,7.545869827270508
CE2,9.187139511108398
CE3,10.828411102294922
CG,12.129960060119629
CG1,12.242354393005371
CG2,12.354744911193848
CH2,12.467142105102539
CZ,12.545365333557129
CZ2,12.350261688232422
CZ3,12.15514850616455
O,11.960043907165527
OH,11.76494026184082
OD1,10.82751178741455
OD2,9.890085220336914
OE1,8.952657699584961
OE2,8.015207290649414
OG,7.932007789611816
OG1,7.955593585968018
N,7.9791741371154785
NE,8.002758979797363
NE1,7.875296592712402
NE2,7.704692363739014
ND1,7.53406286239624
ND2,7.363460063934326
NZ,7.567652702331543
NH1,7.95927095413208
NH2,8.350874900817871
SD,8.74248218536377
SG,8.916525840759277
UNKNOWN,8.916525840759277
