atom_index,is_real_atom,atom_type_from_onehot,importance
0,1,CG,5.91515588760376
1,1,CD1,5.91515588760376
2,1,CD2,5.943538665771484
3,1,CE1,6.003550052642822
4,1,CE2,6.0635600090026855
5,1,CZ,6.123569488525391
6,1,CG,6.183610916137695
7,1,CA,6.24369478225708
8,1,C,6.303778171539307
9,1,O,6.363861560821533
10,1,CB,6.516642093658447
11,1,CG1,6.83078145980835
12,1,CG2,7.14492130279541
13,1,CD1,7.4590606689453125
14,1,CA,7.690323829650879
15,1,C,7.7378129959106445
16,1,O,7.785301685333252
17,1,CB,7.832789897918701
18,1,CG,7.787200927734375
19,1,CD1,7.472174644470215
20,1,CD2,7.157148361206055
21,1,N,6.842122554779053
22,1,CA,6.547548770904541
23,1,C,6.333422660827637
24,1,O,6.119297027587891
25,1,CB,5.905170917510986
26,1,CG1,5.699071407318115
27,1,CG2,5.538936138153076
28,1,CA,5.378800868988037
29,1,CB,5.2186665534973145
30,1,CG1,5.094821929931641
31,1,CG2,5.318322658538818
32,1,CG,5.541824817657471
33,1,CD1,5.765326499938965
34,1,CD2,5.972762584686279
35,1,CD2,5.799983501434326
36,1,CE2,5.627206802368164
37,1,CA,5.454427242279053
38,1,C,5.281648635864258
39,1,O,5.412011623382568
40,1,CB,5.546525955200195
41,1,CG,5.681041240692139
42,1,CD1,5.815556049346924
43,1,CD2,5.832522869110107
44,1,CE1,5.840970993041992
45,1,CE2,5.849419593811035
46,1,CZ,5.85786771774292
47,1,N,6.1556220054626465
48,1,CA,6.493431091308594
49,1,C,6.831242561340332
50,1,O,7.169053077697754
51,1,CB,7.248986721038818
52,1,CG1,7.273961067199707
53,1,CG2,7.298936367034912
