atom_index,is_real_atom,atom_type_from_onehot,importance
0,1,CG2,7.244158744812012
1,1,CA,7.244158744812012
2,1,O,7.209741115570068
3,1,CB,7.136971473693848
4,1,CB,7.0642008781433105
5,1,CG,6.991431713104248
6,1,CD1,6.7710747718811035
7,1,CD2,6.346000671386719
8,1,CE1,5.920926094055176
9,1,CZ,5.495851516723633
10,1,CA,5.3004560470581055
11,1,C,5.5048723220825195
12,1,O,5.709288120269775
13,1,CB,5.913702964782715
14,1,CG,6.1866865158081055
15,1,CD1,6.611708164215088
16,1,CD2,7.036730766296387
17,1,CE1,7.461751461029053
18,1,CE2,7.793056964874268
19,1,CZ,7.853075981140137
20,1,OH,7.913094997406006
21,1,CA,7.97311544418335
22,1,C,8.047541618347168
23,1,O,8.178634643554688
24,1,CB,8.309728622436523
25,1,N,8.44082260131836
26,1,CA,8.52886962890625
27,1,CB,8.370387077331543
28,1,N,8.21190357208252
29,1,CA,8.053421020507812
30,1,CB,7.9034600257873535
31,1,CG,7.835066795349121
32,1,CD,7.766673564910889
33,1,CE2,7.698278427124023
34,1,CZ,7.61269474029541
35,1,CD2,7.1202616691589355
36,1,CE2,6.627832889556885
37,1,CZ,6.135400772094727
38,1,CG1,5.642969608306885
39,1,CG2,5.545132637023926
40,1,CG,5.452701568603516
41,1,CD1,5.360270977020264
42,1,CD2,5.267839431762695
43,1,CE1,5.406917095184326
44,1,CE2,5.562770366668701
45,1,CZ,5.718624114990234
46,1,CE2,5.874478816986084
47,1,CZ,5.847475051879883
