atom_type,importance_sum
C,8.767851829528809
CA,8.767851829528809
CB,8.860709190368652
CD,9.069708824157715
CD1,9.278656005859375
CD2,9.487630844116211
CE,9.617533683776855
CE1,9.589262008666992
CE2,9.56103229522705
CE3,9.532758712768555
CG,9.77749252319336
CG1,10.97752857208252
CG2,12.17756462097168
CH2,13.37760066986084
CZ,14.574372291564941
CZ2,15.745038032531738
CZ3,16.91569709777832
O,18.086360931396484
OH,19.25702667236328
OD1,18.970266342163086
OD2,18.683507919311523
OE1,18.396751403808594
OE2,18.109996795654297
OG,17.37720489501953
OG1,16.588661193847656
N,15.800117492675781
NE,15.011573791503906
NE1,14.357378005981445
NE2,13.741634368896484
ND1,13.125884056091309
ND2,12.510137557983398
NZ,12.078744888305664
NH1,11.739493370056152
NH2,11.40024471282959
SD,11.060989379882812
SG,10.910224914550781
UNKNOWN,10.910224914550781
