atom_type,importance
C,0.19661933183670044
CA,0.19661933183670044
CB,0.2029809206724167
CD,0.2172938734292984
CD1,0.2316063940525055
CD2,0.24592003226280212
CE,0.2578315734863281
CE1,0.2649354934692383
CE2,0.27204129099845886
CE3,0.2791453003883362
CG,0.2817283272743225
CG1,0.26848044991493225
CG2,0.25523263216018677
CH2,0.24198484420776367
CZ,0.23080101609230042
CZ2,0.23612935841083527
CZ3,0.24145764112472534
O,0.24678601324558258
OH,0.25211429595947266
OD1,0.24080798029899597
OD2,0.2295016497373581
OE1,0.2181953638792038
OE2,0.20688898861408234
OG,0.19736428558826447
OG1,0.18806231021881104
N,0.17876036465168
NE,0.16945834457874298
NE1,0.1656995713710785
NE2,0.1635252684354782
ND1,0.16135093569755554
ND2,0.15917660295963287
NZ,0.16228021681308746
NH1,0.16802383959293365
NH2,0.17376744747161865
SD,0.17951102554798126
SG,0.18206340074539185
UNKNOWN,0.18206340074539185
