atom_type,importance
C,0.14359180629253387
CA,0.14359180629253387
CB,0.1439806967973709
CD,0.14485414326190948
CD1,0.14572830498218536
CD2,0.14660249650478363
CE,0.1463993489742279
CE1,0.14404147863388062
CE2,0.1416836529970169
CE3,0.1393257975578308
CG,0.1380460411310196
CG1,0.1405380815267563
CG2,0.14303016662597656
CH2,0.14552229642868042
CZ,0.15103060007095337
CZ2,0.18066897988319397
CZ3,0.21030737459659576
O,0.23994570970535278
OH,0.26958414912223816
OD1,0.2780204117298126
OD2,0.28645673394203186
OE1,0.2948929965496063
OE2,0.30332931876182556
OG,0.3042500913143158
OG1,0.30423131585121155
N,0.30421265959739685
NE,0.30419397354125977
NE1,0.2978270947933197
NE2,0.2896459698677063
ND1,0.28146475553512573
ND2,0.2732836902141571
NZ,0.2695533037185669
NH1,0.2680470049381256
NH2,0.26654067635536194
SD,0.2650328278541565
SG,0.2643638551235199
UNKNOWN,0.2643638551235199
