atom_type,importance
C,0.07533290982246399
CA,0.07533290982246399
CB,0.0787716954946518
CD,0.08650986105203629
CD1,0.09424743056297302
CD2,0.10198556631803513
CE,0.10549946129322052
CE1,0.1005653589963913
CE2,0.09563127160072327
CE3,0.09069717675447464
CG,0.08721132576465607
CG1,0.08879556506872177
CG2,0.09037978202104568
CH2,0.09196404367685318
CZ,0.09540078788995743
CZ2,0.11365777254104614
CZ3,0.13191474974155426
O,0.15017174184322357
OH,0.1684287190437317
OD1,0.16698990762233734
OD2,0.16555117070674896
OE1,0.164112389087677
OE2,0.16267357766628265
OG,0.16154040396213531
OG1,0.16044539213180542
N,0.15935038030147552
NE,0.15825530886650085
NE1,0.1734115183353424
NE2,0.19321201741695404
ND1,0.21301132440567017
ND2,0.23281191289424896
NZ,0.23321208357810974
NH1,0.22391390800476074
NH2,0.21461568772792816
SD,0.20531755685806274
SG,0.2011844962835312
UNKNOWN,0.2011844962835312
