atom_type,importance
C,0.09020264446735382
CA,0.09020264446735382
CB,0.0960724726319313
CD,0.10928048193454742
CD1,0.12248794734477997
CD2,0.13569530844688416
CE,0.14332197606563568
CE1,0.13978341221809387
CE2,0.13624607026576996
CE3,0.13270747661590576
CG,0.13280698657035828
CG1,0.14563462138175964
CG2,0.15846233069896698
CH2,0.17128999531269073
CZ,0.18398705124855042
CZ2,0.19563938677310944
CZ3,0.20729173719882965
O,0.21894393861293793
OH,0.23059628903865814
OD1,0.22427210211753845
OD2,0.21794787049293518
OE1,0.21162375807762146
OE2,0.20529954135417938
OG,0.19561542570590973
OG1,0.1855112463235855
N,0.17540711164474487
NE,0.16530294716358185
NE1,0.16121524572372437
NE2,0.1588481217622757
ND1,0.15647971630096436
ND2,0.1541125476360321
NZ,0.1488448679447174
NH1,0.1421274095773697
NH2,0.13541002571582794
SD,0.128692626953125
SG,0.12570729851722717
UNKNOWN,0.12570729851722717
