atom_index,is_real_atom,atom_type_from_onehot,importance
0,1,CG1,6.2801337242126465
1,1,O,6.2801337242126465
2,1,CB,6.245461940765381
3,1,CG1,6.1721577644348145
4,1,CG2,6.098852634429932
5,1,CA,6.025548458099365
6,1,O,6.033373832702637
7,1,C,6.153736114501953
8,1,O,6.274098873138428
9,1,CB,6.3944621086120605
10,1,CG,6.596115589141846
11,1,CD1,6.939277172088623
12,1,CD2,7.2824387550354
13,1,CD1,7.625600337982178
14,1,C,7.868206977844238
15,1,CB,7.88784122467041
16,1,CG,7.907477378845215
17,1,CD2,7.927112579345703
18,1,N,7.898426532745361
19,1,CA,7.729865550994873
20,1,CB,7.561303615570068
21,1,CD1,7.392742156982422
22,1,CG,7.279068470001221
23,1,CD1,7.38128662109375
24,1,CD2,7.483504772186279
25,1,CE1,7.585724353790283
26,1,CE2,7.614721298217773
27,1,CZ,7.224371910095215
28,1,OH,6.834020137786865
29,1,C,6.44366979598999
30,1,O,6.0442657470703125
31,1,N,5.558221817016602
32,1,CA,5.072176933288574
