atom_type,importance_sum
C,2.265856981277466
CA,2.265856981277466
CB,2.5782382488250732
CD,3.2810721397399902
CD1,3.983929395675659
CD2,4.6867876052856445
CE,5.318290710449219
CE1,5.807135581970215
CE2,6.296027183532715
CE3,6.784870147705078
CG,7.288500785827637
CG1,7.843763828277588
CG2,8.398980140686035
CH2,8.954241752624512
CZ,9.511229515075684
CZ2,10.081997871398926
CZ3,10.652764320373535
O,11.223527908325195
OH,11.794295310974121
OD1,11.026725769042969
OD2,10.25915241241455
OE1,9.491583824157715
OE2,8.72400951385498
OG,8.67505931854248
OG1,8.715935707092285
N,8.756808280944824
NE,8.797684669494629
NE1,8.598440170288086
NE2,8.330507278442383
ND1,8.062631607055664
ND2,7.794741630554199
NZ,7.2159295082092285
NH1,6.481630325317383
NH2,5.747329235076904
SD,5.013077259063721
SG,4.686711311340332
UNKNOWN,4.686711311340332
