atom_type,importance
C,0.0806984230875969
CA,0.0806984230875969
CB,0.08384617418050766
CD,0.09092792868614197
CD1,0.09801032394170761
CD2,0.10509272664785385
CE,0.11319184303283691
CE1,0.12332691252231598
CE2,0.13346204161643982
CE3,0.1435958743095398
CG,0.15310385823249817
CG1,0.16041837632656097
CG2,0.16773290932178497
CH2,0.17504748702049255
CZ,0.18001605570316315
CZ2,0.16621734201908112
CZ3,0.15241864323616028
O,0.13861986994743347
OH,0.12482116371393204
OD1,0.11520229279994965
OD2,0.10558343678712845
OE1,0.09596457332372665
OE2,0.08634571731090546
OG,0.07956687361001968
OG1,0.07314302027225494
N,0.06671919673681259
NE,0.06029533967375755
NE1,0.06255485862493515
NE2,0.0672946646809578
ND1,0.07203509658575058
ND2,0.07677491754293442
NZ,0.08377230912446976
NH1,0.0918988585472107
NH2,0.1000247523188591
SD,0.10815130919218063
SG,0.11176269501447678
UNKNOWN,0.11176269501447678
