atom_type,importance_sum
C,7.476492404937744
CA,7.476492404937744
CB,8.278525352478027
CD,10.083085060119629
CD1,11.887556076049805
CD2,13.692116737365723
CE,14.562479019165039
CE1,13.564448356628418
CE2,12.56641674041748
CE3,11.568385124206543
CG,10.875653266906738
CG1,11.251788139343262
CG2,11.627925872802734
CH2,12.004057884216309
CZ,12.546749114990234
CZ2,14.421865463256836
CZ3,16.29698944091797
O,18.172107696533203
OH,20.04722023010254
OD1,18.992128372192383
OD2,17.93703269958496
OE1,16.881933212280273
OE2,15.826836585998535
OG,13.636037826538086
OG1,11.303268432617188
N,8.970520973205566
NE,6.637786865234375
NE1,5.353042125701904
NE2,4.367793560028076
ND1,3.38254451751709
ND2,2.397282838821411
NZ,3.069108247756958
NH1,4.569482803344727
NH2,6.0698466300964355
SD,7.570225238800049
SG,8.237035751342773
UNKNOWN,8.237035751342773
