atom_index,is_real_atom,atom_type_from_onehot,importance
0,1,CB,7.664099216461182
1,1,CG,7.664099216461182
2,1,CD1,7.710233688354492
3,1,CD2,7.807776927947998
4,1,NE1,7.905319690704346
5,1,CE2,8.002861976623535
6,1,CE3,8.052872657775879
7,1,CZ2,8.036951065063477
8,1,CZ3,8.021029472351074
9,1,CH2,8.005106925964355
10,1,CA,7.962339878082275
11,1,O,7.872842311859131
12,1,CA,7.783344268798828
13,1,C,7.693846225738525
14,1,O,7.513937950134277
15,1,CB,7.133557319641113
16,1,CB,6.753176689147949
