atom_type,importance_sum
C,5.673706531524658
CA,5.673706531524658
CB,5.79615592956543
CD,6.071609020233154
CD1,6.347120761871338
CD2,6.622630596160889
CE,6.68886137008667
CE1,6.336584091186523
CE2,5.984251499176025
CE3,5.631974697113037
CG,5.274991035461426
CG1,4.90172815322876
CG2,4.52846622467041
CH2,4.155203819274902
CZ,3.8984038829803467
CZ2,4.573015213012695
CZ3,5.247654438018799
O,5.922293186187744
OH,6.5969319343566895
OD1,6.155397891998291
OD2,5.713861465454102
OE1,5.272326946258545
OE2,4.8307905197143555
OG,4.286312103271484
OG1,3.7289915084838867
N,3.1716437339782715
NE,2.6142964363098145
NE1,2.5560340881347656
NE2,2.6403582096099854
ND1,2.724682569503784
ND2,2.809006929397583
NZ,3.1952521800994873
NH1,3.7324471473693848
NH2,4.269639015197754
SD,4.80682897567749
SG,5.045591831207275
UNKNOWN,5.045591831207275
