atom_type,importance
C,0.08639289438724518
CA,0.08639289438724518
CB,0.08712628483772278
CD,0.08877618610858917
CD1,0.09042655676603317
CD2,0.09207692742347717
CE,0.09687250107526779
CE1,0.10795889794826508
CE2,0.11904527246952057
CE3,0.13013167679309845
CG,0.13951323926448822
CG1,0.1429322361946106
CG2,0.14635126292705536
CH2,0.14977025985717773
CZ,0.15493902564048767
CZ2,0.17410513758659363
CZ3,0.19327130913734436
O,0.2124374955892563
OH,0.23160462081432343
OD1,0.21909242868423462
OD2,0.20657992362976074
OE1,0.194068044424057
OE2,0.18155629932880402
OG,0.17437250912189484
OG1,0.16785480082035065
N,0.16133712232112885
NE,0.15481939911842346
NE1,0.15826186537742615
NE2,0.16454844176769257
ND1,0.17083591222763062
ND2,0.17712345719337463
NZ,0.1808796375989914
NH1,0.18337012827396393
NH2,0.18586066365242004
SD,0.18835115432739258
SG,0.18945859372615814
UNKNOWN,0.18945859372615814
