atom_index,is_real_atom,atom_type_from_onehot,importance
0,1,O,5.705389022827148
1,1,CA,5.705389022827148
2,1,CB,5.6676154136657715
3,1,CG,5.587747573852539
4,1,CD,5.507880210876465
5,1,CD2,5.428012371063232
6,1,CE1,5.313326358795166
7,1,CE2,5.150340557098389
8,1,CZ,4.987354755401611
9,1,CG,4.824368476867676
10,1,CD1,4.781653881072998
11,1,CD2,4.948298931121826
12,1,O,5.114944934844971
13,1,CG,5.281590461730957
14,1,CD1,5.514361381530762
15,1,CE1,5.89375638961792
16,1,CZ,6.273151874542236
17,1,O,6.6525468826293945
18,1,CB,6.996498107910156
19,1,CG2,7.237850189208984
20,1,CD2,7.4792022705078125
21,1,O,7.720553874969482
22,1,CB,7.918543338775635
23,1,SG,7.945976734161377
24,1,SD,7.973408222198486
25,1,CE,8.00084114074707
26,1,CA,7.980325698852539
27,1,C,7.685207366943359
28,1,O,7.390087604522705
29,1,CB,7.094968318939209
30,1,CG2,6.805323123931885
31,1,N,6.568068981170654
32,1,CA,6.330814838409424
33,1,CA,6.093561172485352
34,1,C,5.865857124328613
35,1,O,5.864180564880371
36,1,CB,5.862502574920654
37,1,CG2,5.860825538635254
38,1,N,5.859148025512695
39,1,CA,5.79026460647583
40,1,CB,5.720460891723633
41,1,CG,5.650656700134277
42,1,CD,5.580852031707764
43,1,OE1,5.709691047668457
44,1,NE2,5.852923393249512
45,1,CB,5.996156692504883
46,1,CG1,6.139390468597412
47,1,CG2,6.290290355682373
48,1,CD1,6.442251205444336
49,1,CD2,6.594212055206299
50,1,CE2,6.74617338180542
51,1,CZ,6.88090181350708
52,1,CE,7.01195764541626
53,1,CG2,7.143013954162598
54,1,CA,7.2740702629089355
55,1,CB,7.05967378616333
56,1,OG1,6.742249965667725
57,1,CB,6.424825191497803
58,1,CD1,6.107400894165039
