atom_index,is_real_atom,atom_type_from_onehot,importance
0,1,CG2,8.861821174621582
1,1,CD1,8.861821174621582
2,1,CA,9.134315490722656
3,1,C,9.710447311401367
4,1,O,10.286577224731445
5,1,CB,10.862709045410156
6,1,CG,11.131213188171387
7,1,CD,10.973003387451172
8,1,C,10.81479549407959
9,1,O,10.656587600708008
10,1,CB,10.493213653564453
11,1,CG2,10.320843696594238
12,1,N,10.14847469329834
13,1,CA,9.976107597351074
14,1,CB,9.8009033203125
15,1,OG,9.619412422180176
16,1,C,9.437918663024902
17,1,O,9.256426811218262
18,1,CB,9.155147552490234
19,1,N,9.286060333251953
20,1,CA,9.416969299316406
21,1,SD,9.547881126403809
22,1,CE,9.621919631958008
23,1,NE,9.472254753112793
24,1,CZ,9.322588920593262
25,1,NH1,9.17292594909668
26,1,NH2,8.93886661529541
27,1,CZ3,8.22146224975586
28,1,CH2,7.504057884216309
29,1,CG1,6.7866530418396
30,1,CD1,6.128704071044922
31,1,CG,6.039833068847656
32,1,CD1,5.950962066650391
33,1,CD2,5.862091064453125
34,1,CE1,5.772640228271484
35,1,CE2,5.66944694519043
36,1,CZ,5.56625509262085
37,1,OH,5.4630632400512695
38,1,CE2,5.359870910644531
39,1,CZ,5.364595890045166
40,1,OH,5.370799541473389
