atom_type,importance_sum
C,7.38201379776001
CA,7.38201379776001
CB,7.745565891265869
CD,8.563626289367676
CD1,9.381688117980957
CD2,10.199661254882812
CE,10.850482940673828
CE1,11.166647911071777
CE2,11.482897758483887
CE3,11.799057006835938
CG,11.887179374694824
CG1,11.176933288574219
CG2,10.466686248779297
CH2,9.756443977355957
CZ,9.219048500061035
CZ2,10.064460754394531
CZ3,10.909873008728027
O,11.755281448364258
OH,12.60069751739502
OD1,12.435705184936523
OD2,12.270713806152344
OE1,12.105722427368164
OE2,11.940732955932617
OG,11.881608009338379
OG1,11.83571720123291
N,11.789824485778809
NE,11.743932723999023
NE1,11.19869327545166
NE2,10.510839462280273
ND1,9.82306957244873
ND2,9.135214805603027
NZ,9.22606086730957
NH1,9.706215858459473
NH2,10.186368942260742
SD,10.66652774810791
SG,10.879907608032227
UNKNOWN,10.879907608032227
