atom_index,is_real_atom,atom_type_from_onehot,importance
0,1,CD2,9.423152923583984
1,1,CE2,9.423152923583984
2,1,CZ,9.693614959716797
3,1,OH,10.265450477600098
4,1,CA,10.837282180786133
5,1,C,11.4091157913208
6,1,O,11.702278137207031
7,1,CB,11.60888957977295
8,1,OG,11.515501976013184
9,1,CA,11.422112464904785
10,1,C,11.35158634185791
11,1,O,11.320849418640137
12,1,CB,11.290114402770996
13,1,N,11.259378433227539
14,1,CA,11.210925102233887
15,1,C,11.123176574707031
16,1,O,11.035428047180176
17,1,CB,10.947681427001953
18,1,OG,10.93777847290039
19,1,CB,11.153215408325195
20,1,CG1,11.368654251098633
21,1,CG2,11.584091186523438
22,1,CG2,11.842203140258789
23,1,CB,12.268157958984375
24,1,CG1,12.694114685058594
25,1,CG2,13.120067596435547
26,1,CD1,13.453941345214844
27,1,CE1,13.260437965393066
28,1,CZ,13.066939353942871
29,1,C,12.873438835144043
30,1,O,12.707510948181152
31,1,CB,12.805481910705566
32,1,CG2,12.903457641601562
33,1,N,13.001428604125977
34,1,CA,13.075923919677734
35,1,CB,12.594783782958984
36,1,CG,12.11364459991455
37,1,ND1,11.632502555847168
38,1,CB,11.151361465454102
39,1,SD,9.916362762451172
40,1,CE,8.671045303344727
