atom_type,importance_sum
C,13.719785690307617
CA,13.719785690307617
CB,14.717855453491211
CD,16.963346481323242
CD1,19.208898544311523
CD2,21.454463958740234
CE,22.298519134521484
CE1,20.339731216430664
CE2,18.380779266357422
CE3,16.421815872192383
CG,14.815650939941406
CG1,14.444089889526367
CG2,14.072526931762695
CH2,13.700968742370605
CZ,13.486114501953125
CZ2,14.5249662399292
CZ3,15.563810348510742
O,16.6026554107666
OH,17.64150619506836
OD1,16.41053009033203
OD2,15.179556846618652
OE1,13.94858455657959
OE2,12.717605590820312
OG,13.242605209350586
OG1,13.987091064453125
N,14.731583595275879
NE,15.47607421875
NE1,15.032320976257324
NE2,14.249099731445312
ND1,13.465784072875977
ND2,12.682565689086914
NZ,12.730228424072266
NH1,13.1934232711792
NH2,13.656617164611816
SD,14.11972427368164
SG,14.325617790222168
UNKNOWN,14.325617790222168
