atom_type,importance_sum
C,4.393233299255371
CA,4.393233299255371
CB,4.53742790222168
CD,4.861822605133057
CD1,5.186255931854248
CD2,5.510689735412598
CE,5.791464805603027
CE1,5.985036849975586
CE2,6.178609371185303
CE3,6.3721818923950195
CG,6.8399200439453125
CG1,8.267289161682129
CG2,9.694657325744629
CH2,11.122027397155762
CZ,12.433526992797852
CZ2,12.818078994750977
CZ3,13.202621459960938
O,13.587173461914062
OH,13.971719741821289
OD1,13.236856460571289
OD2,12.501997947692871
OE1,11.767133712768555
OE2,11.032273292541504
OG,10.113716125488281
OG1,9.172195434570312
N,8.230674743652344
NE,7.289154529571533
NE1,6.772099018096924
NE2,6.376288414001465
ND1,5.980519771575928
ND2,5.584749221801758
NZ,6.090155601501465
NH1,7.046087265014648
NH2,8.002058029174805
SD,8.958054542541504
SG,9.382918357849121
UNKNOWN,9.382918357849121
