atom_type,importance_sum
C,11.08908462524414
CA,11.08908462524414
CB,11.647478103637695
CD,12.903980255126953
CD1,14.160481452941895
CD2,15.416980743408203
CE,16.021581649780273
CE1,15.322284698486328
CE2,14.622984886169434
CE3,13.923687934875488
CG,13.45475959777832
CG1,13.791741371154785
CG2,14.128725051879883
CH2,14.465710639953613
CZ,14.885838508605957
CZ2,15.971170425415039
CZ3,17.056493759155273
O,18.141822814941406
OH,19.227153778076172
OD1,18.19426155090332
OD2,17.161361694335938
OE1,16.128467559814453
OE2,15.095574378967285
OG,13.927607536315918
OG1,12.74275016784668
N,11.557896614074707
NE,10.373044967651367
NE1,9.970487594604492
NE2,9.791346549987793
ND1,9.612293243408203
ND2,9.433239936828613
NZ,9.943558692932129
NH1,10.798563957214355
NH2,11.653564453125
SD,12.508478164672852
SG,12.888456344604492
UNKNOWN,12.888456344604492
