atom_index,is_real_atom,atom_type_from_onehot,importance
0,1,CD2,7.729568004608154
1,1,CG,7.729568004608154
2,1,OD1,7.870643138885498
3,1,ND2,8.168916702270508
4,1,CG2,8.467190742492676
5,1,CD1,8.765463829040527
6,1,CG,9.035514831542969
7,1,CD1,9.266419410705566
8,1,CD2,9.497323036193848
9,1,CD1,9.728228569030762
10,1,CD2,9.710121154785156
11,1,CE,9.25855827331543
12,1,CG2,8.806991577148438
13,1,CA,8.355425834655762
14,1,CB,8.005906105041504
15,1,SG,7.882656574249268
16,1,CB,7.759406566619873
17,1,CG,7.636158466339111
18,1,CD1,7.472042560577393
19,1,CD2,7.189630508422852
20,1,NE1,6.907217025756836
21,1,CE2,6.624805450439453
22,1,CE3,6.391149520874023
23,1,CZ2,6.34927225112915
24,1,CZ3,6.307393550872803
25,1,CH2,6.2655158042907715
26,1,CD1,6.1628241539001465
27,1,CD2,5.711841106414795
28,1,CE2,5.260857105255127
