atom_type,importance_sum
C,1.7728772163391113
CA,1.7728772163391113
CB,2.3264341354370117
CD,3.571899175643921
CD1,4.817386150360107
CD2,6.062850475311279
CE,7.073467254638672
CE1,7.614245891571045
CE2,8.15504264831543
CE3,8.69580364227295
CG,9.34982681274414
CG1,10.40012264251709
CG2,11.450420379638672
CH2,12.500714302062988
CZ,13.384835243225098
CZ2,12.939538955688477
CZ3,12.494244575500488
O,12.048948287963867
OH,11.60364818572998
OD1,9.980655670166016
OD2,8.357665061950684
OE1,6.734671592712402
OE2,5.111676216125488
OG,4.291515350341797
OG1,3.5717077255249023
N,2.8519020080566406
NE,2.1321022510528564
NE1,2.66324520111084
NE2,3.551805257797241
ND1,4.440368175506592
ND2,5.328929901123047
NZ,6.380971431732178
NH1,7.5147247314453125
NH2,8.648530006408691
SD,9.782285690307617
SG,10.286185264587402
UNKNOWN,10.286185264587402
