atom_type,importance
C,0.2104516625404358
CA,0.2104516625404358
CB,0.20937113463878632
CD,0.2069397270679474
CD1,0.20450934767723083
CD2,0.2020779252052307
CE,0.19302085041999817
CE1,0.17071352899074554
CE2,0.14840508997440338
CE3,0.1260966807603836
CG,0.11229582130908966
CG1,0.12826894223690033
CG2,0.14424186944961548
CH2,0.16021473705768585
CZ,0.17753057181835175
CZ2,0.20559026300907135
CZ3,0.23364990949630737
O,0.2617095410823822
OH,0.2897692322731018
OD1,0.2779415249824524
OD2,0.26611366868019104
OE1,0.2542859613895416
OE2,0.24245811998844147
OG,0.22380594909191132
OG1,0.20430076122283936
N,0.184795543551445
NE,0.16529034078121185
NE1,0.1571601927280426
NE2,0.1522805243730545
ND1,0.14740097522735596
ND2,0.14252136647701263
NZ,0.1397416591644287
NH1,0.13801343739032745
NH2,0.13628509640693665
SD,0.13455620408058167
SG,0.13378825783729553
UNKNOWN,0.13378825783729553
