atom_index,is_real_atom,atom_type_from_onehot,importance
0,1,CG,6.1916728019714355
1,1,CD1,6.1916728019714355
2,1,CD2,6.266185283660889
3,1,CE1,6.423725605010986
4,1,CE2,6.581267356872559
5,1,CZ,6.7388081550598145
6,1,CB,6.792783737182617
7,1,CG2,6.7031049728393555
8,1,CD1,6.613426208496094
9,1,C,6.523747444152832
10,1,O,6.488002300262451
11,1,CB,6.546138763427734
12,1,CG1,6.604275703430176
13,1,CG2,6.662412166595459
14,1,CB,6.734516143798828
15,1,CG,6.837588787078857
16,1,CD1,6.940661907196045
17,1,CD2,7.043734073638916
18,1,CD2,7.191145896911621
19,1,CG,7.466907024383545
20,1,SD,7.742668628692627
21,1,CD1,8.018428802490234
22,1,CE1,8.180044174194336
23,1,CE2,7.892691612243652
24,1,CZ,7.605339050292969
25,1,CG2,7.317984580993652
26,1,CG,7.005288124084473
27,1,CD1,6.547452449798584
28,1,CD2,6.089615821838379
29,1,NE1,5.631778717041016
30,1,CE2,5.1973371505737305
31,1,CE3,4.986808776855469
32,1,CZ2,4.776282787322998
33,1,CZ3,4.565755844116211
34,1,CH2,4.355576515197754
