atom_type,importance_sum
C,4.198484897613525
CA,4.198484897613525
CB,4.3782267570495605
CD,4.782589435577393
CD1,5.186997413635254
CD2,5.591360092163086
CE,6.0496110916137695
CE1,6.615548133850098
CE2,7.181483745574951
CE3,7.7474684715271
CG,8.4251070022583
CG1,9.493887901306152
CG2,10.56267261505127
CH2,11.63145637512207
CZ,12.591255187988281
CZ2,12.67916202545166
CZ3,12.767065048217773
O,12.854975700378418
OH,12.942883491516113
OD1,11.419740676879883
OD2,9.896596908569336
OE1,8.373456001281738
OE2,6.850360870361328
OG,5.776061058044434
OG1,4.757864475250244
N,3.7396481037139893
NE,2.7214536666870117
NE1,2.9584319591522217
NE2,3.5540151596069336
ND1,4.149598598480225
ND2,4.745204925537109
NZ,5.3798828125
NH1,6.034140586853027
NH2,6.688353538513184
SD,7.342612266540527
SG,7.633388042449951
UNKNOWN,7.633388042449951
