atom_index,is_real_atom,atom_type_from_onehot,importance
0,1,CG1,6.443512439727783
1,1,CD1,6.443512439727783
2,1,CA,6.03057336807251
3,1,CB,5.157502174377441
4,1,OG,4.284431457519531
5,1,C,3.4113612174987793
6,1,O,2.9376168251037598
7,1,CG,3.0177788734436035
8,1,CD1,3.0979397296905518
9,1,CD2,3.178100824356079
10,1,CE1,3.1474032402038574
11,1,CE2,2.9237308502197266
12,1,CZ,2.7000579833984375
13,1,O,2.4763851165771484
14,1,CB,2.424427032470703
15,1,CG,2.7532267570495605
16,1,CD1,3.082026481628418
17,1,CE1,3.410825490951538
18,1,CZ,3.6856515407562256
19,1,CG,3.804236888885498
20,1,CD1,3.9228227138519287
21,1,CD2,4.041408061981201
22,1,CA,4.106196403503418
23,1,CB,3.9593851566314697
24,1,OG1,3.812573194503784
25,1,CG,3.6657614707946777
26,1,CD1,3.517896890640259
27,1,CD2,3.3640003204345703
28,1,NE1,3.2101032733917236
29,1,CE2,3.0562069416046143
30,1,CE3,2.938532829284668
31,1,CZ2,3.167560338973999
32,1,CZ3,3.396588087081909
33,1,CH2,3.6256155967712402
34,1,CD2,3.862670660018921
35,1,CE2,4.289693832397461
36,1,CZ,4.716714859008789
37,1,CA,5.143738746643066
38,1,O,5.570761203765869
39,1,CB,5.467700481414795
40,1,OG,5.357378005981445
41,1,C,5.2470550537109375
42,1,O,5.136733055114746
43,1,CG1,5.033905029296875
44,1,CG2,4.931620121002197
45,1,N,4.829334735870361
46,1,CA,4.727049827575684
47,1,C,4.687483310699463
48,1,O,4.656602382659912
49,1,CB,4.6257219314575195
50,1,CG2,4.594841003417969
51,1,CA,4.6584553718566895
52,1,C,4.742206573486328
53,1,O,4.825959205627441
54,1,CB,4.9097113609313965
55,1,OG,4.994906425476074
56,1,N,5.08052921295166
57,1,CA,5.166154384613037
58,1,C,5.251778602600098
59,1,O,5.283287048339844
60,1,CB,5.2933549880981445
61,1,OG1,5.303422927856445
62,1,CG2,5.31348991394043
63,1,CB,5.454788684844971
64,1,CG1,5.6630401611328125
65,1,CG2,5.8712921142578125
66,1,CD1,6.079545021057129
67,1,CZ,6.202047824859619
68,1,OH,6.269291400909424
69,1,CB,6.336533546447754
70,1,CG1,6.403777122497559
71,1,CG2,6.376806735992432
72,1,C,6.274008750915527
73,1,O,6.171209335327148
74,1,CB,6.068411350250244
75,1,OG,6.06488037109375
76,1,N,6.160621166229248
77,1,CA,6.25636100769043
78,1,CG,6.352100372314453
79,1,CD,6.385973930358887
80,1,NE2,6.3429856300354
81,1,C,6.299995422363281
82,1,O,6.25700569152832
83,1,SD,6.212344646453857
84,1,CE,6.165090560913086
85,1,N,6.117836952209473
86,1,CA,6.070582389831543
87,1,C,5.83089017868042
88,1,O,5.214024543762207
