atom_type,importance_sum
C,11.25612735748291
CA,11.25612735748291
CB,11.299933433532715
CD,11.398567199707031
CD1,11.497210502624512
CD2,11.595845222473145
CE,11.878706932067871
CE1,12.530054092407227
CE2,13.181404113769531
CE3,13.83271312713623
CG,14.108070373535156
CG1,13.067590713500977
CG2,12.027101516723633
CH2,10.986620903015137
CZ,10.14578914642334
CZ2,10.902152061462402
CZ3,11.658514976501465
O,12.41488265991211
OH,13.171242713928223
OD1,13.502617835998535
OD2,13.83398723602295
OE1,14.165361404418945
OE2,14.496737480163574
OG,15.667030334472656
OG1,16.942190170288086
N,18.217348098754883
NE,19.492507934570312
NE1,18.978626251220703
NE2,17.95348358154297
ND1,16.928428649902344
ND2,15.903326034545898
NZ,15.098187446594238
NH1,14.402982711791992
NH2,13.707779884338379
SD,13.012571334838867
SG,12.703595161437988
UNKNOWN,12.703595161437988
