atom_index,is_real_atom,atom_type_from_onehot,importance
0,1,CA,5.866121768951416
1,1,C,5.866121768951416
2,1,O,5.596221446990967
3,1,CB,5.025574684143066
4,1,CG1,4.454927921295166
5,1,CG2,3.8842806816101074
6,1,CA,3.4666428565979004
7,1,C,3.261242389678955
8,1,CB,3.055842638015747
9,1,CG,2.8504421710968018
10,1,CD2,2.7629175186157227
11,1,N,2.8805832862854004
12,1,CA,2.9982492923736572
13,1,CB,3.115915536880493
14,1,CG,3.201022148132324
15,1,CD1,3.2139320373535156
16,1,CD2,3.2268431186676025
17,1,CD1,3.239753246307373
18,1,CB,3.221513271331787
19,1,CG1,3.113101005554199
20,1,CG2,3.004688262939453
21,1,CD1,2.896275758743286
22,1,CA,2.8142881393432617
23,1,C,2.836238384246826
24,1,O,2.8581883907318115
25,1,CB,2.880138635635376
26,1,CG,2.873126745223999
27,1,CD1,2.7002384662628174
28,1,CD2,2.527350902557373
29,1,N,2.3544626235961914
30,1,CA,2.182680606842041
31,1,O,2.021484851837158
32,1,CB,1.8602888584136963
33,1,CG,1.6990931034088135
34,1,CD1,1.5440365076065063
35,1,CE1,1.5342645645141602
36,1,CB,1.524492859840393
37,1,CG,1.514721155166626
38,1,CD1,1.5049495697021484
39,1,CD2,1.6902602910995483
40,1,CE1,1.8782427310943604
41,1,CE2,2.066225528717041
42,1,CZ,2.254208564758301
43,1,OH,2.3300321102142334
44,1,CD2,2.3977277278900146
45,1,CE2,2.465423822402954
46,1,CZ,2.5331196784973145
47,1,O,2.603847026824951
48,1,CA,2.6749939918518066
49,1,C,2.7461419105529785
50,1,O,2.817288875579834
51,1,CB,3.053140163421631
52,1,CG,3.3240904808044434
53,1,N,3.5950417518615723
54,1,CA,3.8659937381744385
55,1,CG2,3.971492290496826
56,1,CA,4.027645587921143
57,1,C,4.083798885345459
58,1,O,4.139952182769775
59,1,CB,4.170219421386719
60,1,CG,4.190229892730713
61,1,CD,4.210241317749023
62,1,NE,4.230252265930176
63,1,CZ,4.314812183380127
64,1,NH1,4.432305812835693
65,1,NH2,4.549800395965576
66,1,CA,4.667293548583984
67,1,CA,4.5152153968811035
68,1,C,4.189410209655762
69,1,O,3.8636066913604736
70,1,CB,3.5378036499023438
71,1,CG,3.2905683517456055
72,1,CD,3.106572389602661
73,1,N,2.9225761890411377
74,1,CA,2.738581418991089
75,1,O,2.6087050437927246
76,1,CB,2.5329480171203613
77,1,CG,2.4571919441223145
78,1,CD1,2.3814356327056885
79,1,CE1,2.4175987243652344
80,1,CB,2.592813014984131
81,1,CD1,2.768028497695923
