atom_index,is_real_atom,atom_type_from_onehot,importance
0,1,CE2,6.963151931762695
1,1,CZ,6.963151931762695
2,1,CE1,7.0114970207214355
3,1,CZ,7.113710403442383
4,1,CG,7.2159247398376465
5,1,CD1,7.31813907623291
6,1,CD2,7.456809043884277
7,1,CD2,7.646048545837402
8,1,CD1,7.835287094116211
9,1,CD2,8.02452564239502
10,1,CA,8.214700698852539
11,1,C,8.40650749206543
12,1,O,8.598312377929688
13,1,CB,8.790120124816895
14,1,CG1,8.905295372009277
15,1,CG2,8.850550651550293
16,1,CA,8.795806884765625
17,1,C,8.741063117980957
18,1,O,8.531704902648926
19,1,CB,7.874785900115967
20,1,SG,7.217864990234375
21,1,N,6.5609450340271
22,1,CA,6.069493770599365
23,1,CB,6.228882312774658
24,1,CG,6.388270854949951
25,1,CD1,6.547659873962402
26,1,CD2,6.692085266113281
27,1,CE1,6.7508134841918945
28,1,CE2,6.809540748596191
29,1,CZ,6.868268966674805
30,1,CA,6.973797798156738
31,1,C,7.527275085449219
32,1,O,8.080753326416016
33,1,CB,8.63422966003418
34,1,CG,9.153562545776367
35,1,CD2,8.86479663848877
36,1,CE2,8.57603645324707
37,1,N,8.287270545959473
38,1,CA,7.998507022857666
39,1,CB,7.362471103668213
40,1,SG,6.721682548522949
