atom_type,importance_sum
C,10.6533842086792
CA,10.6533842086792
CB,10.57654857635498
CD,10.403655052185059
CD1,10.230751037597656
CD2,10.057927131652832
CE,9.909448623657227
CE1,9.810014724731445
CE2,9.710508346557617
CE3,9.611006736755371
CG,9.500273704528809
CG1,9.350152015686035
CG2,9.200029373168945
CH2,9.049907684326172
CZ,9.07136344909668
CZ2,10.46542739868164
CZ3,11.859492301940918
O,13.253554344177246
OH,14.64761734008789
OD1,14.403757095336914
OD2,14.159899711608887
OE1,13.916038513183594
OE2,13.672176361083984
OG,13.378777503967285
OG1,13.079187393188477
N,12.779598236083984
NE,12.480005264282227
NE1,12.901944160461426
NE2,13.529997825622559
ND1,14.158051490783691
ND2,14.7861909866333
NZ,14.636436462402344
NH1,14.097697257995605
NH2,13.558959007263184
SD,13.020308494567871
SG,12.780845642089844
UNKNOWN,12.780845642089844
