atom_type,importance
C,0.14667347073554993
CA,0.14667347073554993
CB,0.15388552844524384
CD,0.170114204287529
CD1,0.18634285032749176
CD2,0.20257151126861572
CE,0.21387286484241486
CE1,0.21531875431537628
CE2,0.2167651653289795
CE3,0.21821115911006927
CG,0.21746066212654114
CG1,0.2090187966823578
CG2,0.20057721436023712
CH2,0.19213560223579407
CZ,0.1863873302936554
CZ2,0.2021847516298294
CZ3,0.21798266470432281
O,0.233780637383461
OH,0.2495780736207962
OD1,0.2605153024196625
OD2,0.2714526057243347
OE1,0.2823897898197174
OE2,0.29332706332206726
OG,0.27917975187301636
OG1,0.2618967294692993
N,0.24461393058300018
NE,0.2273310124874115
NE1,0.22558443248271942
NE2,0.22827763855457306
ND1,0.2309708446264267
ND2,0.2336658537387848
NZ,0.23409968614578247
NH1,0.23340588808059692
NH2,0.23271197080612183
SD,0.23201802372932434
SG,0.2317100465297699
UNKNOWN,0.2317100465297699
