atom_index,is_real_atom,atom_type_from_onehot,importance
0,1,CE1,10.679930686950684
1,1,CZ,10.679930686950684
2,1,CE2,10.853941917419434
3,1,CZ,11.221854209899902
4,1,CA,11.589767456054688
5,1,O,11.95767879486084
6,1,CG1,12.152877807617188
7,1,CA,12.108509063720703
8,1,C,12.06413745880127
9,1,O,12.019769668579102
10,1,CB,11.948365211486816
11,1,CG1,11.829907417297363
12,1,CG2,11.71144962310791
13,1,N,11.592989921569824
14,1,CA,11.510587692260742
15,1,C,11.508133888244629
16,1,O,11.505681991577148
17,1,CB,11.503230094909668
18,1,CG,11.484800338745117
19,1,N,11.420133590698242
20,1,CA,11.35546588897705
21,1,C,11.29079818725586
22,1,O,11.191455841064453
23,1,CB,10.955730438232422
24,1,N,10.720003128051758
25,1,CG,10.48427677154541
26,1,CD1,10.221489906311035
27,1,CD2,9.803726196289062
28,1,OG1,9.385960578918457
29,1,CG2,8.968198776245117
30,1,CG1,8.507904052734375
31,1,CG2,7.640545845031738
