atom_type,importance_sum
C,7.893003940582275
CA,7.893003940582275
CB,8.340734481811523
CD,9.348163604736328
CD1,10.355669975280762
CD2,11.36308765411377
CE,12.033825874328613
CE1,12.03110408782959
CE2,12.02838134765625
CE3,12.025657653808594
CG,12.009445190429688
CG1,11.946171760559082
CG2,11.882892608642578
CH2,11.819620132446289
CZ,11.886113166809082
CZ2,12.990748405456543
CZ3,14.09538459777832
O,15.200020790100098
OH,16.304670333862305
OD1,14.986414909362793
OD2,13.668172836303711
OE1,12.349932670593262
OE2,11.031693458557129
OG,12.11208438873291
OG1,13.492305755615234
N,14.87252426147461
NE,16.25275421142578
NE1,15.99032211303711
NE2,15.258484840393066
ND1,14.526651382446289
ND2,13.794816970825195
NZ,13.367653846740723
NH1,13.092769622802734
NH2,12.817887306213379
SD,12.543006896972656
SG,12.420857429504395
UNKNOWN,12.420857429504395
