atom_index,is_real_atom,atom_type_from_onehot,importance
0,1,CG,7.008904457092285
1,1,CD1,7.008904457092285
2,1,CD2,7.108656883239746
3,1,CE1,7.319563388824463
4,1,CE2,7.53046989440918
5,1,CZ,7.741376876831055
6,1,C,7.911609649658203
7,1,O,8.025426864624023
8,1,CB,8.139244079589844
9,1,CA,8.253060340881348
10,1,C,8.249558448791504
11,1,O,8.04183292388916
12,1,N,7.834107875823975
13,1,CA,7.626382350921631
14,1,CG,7.468559741973877
15,1,CD1,7.421395301818848
16,1,CE1,7.374228477478027
17,1,CZ,7.327064037322998
18,1,CB,7.163480758666992
19,1,CG1,6.662901878356934
20,1,CG2,6.162322044372559
21,1,CZ2,5.661741733551025
22,1,CH2,5.211838245391846
