atom_type,importance_sum
C,2.6886134147644043
CA,2.6886134147644043
CB,2.979891777038574
CD,3.6352133750915527
CD1,4.290517330169678
CD2,4.94585657119751
CE,5.419380187988281
CE1,5.52925443649292
CE2,5.639179229736328
CE3,5.749053478240967
CG,5.938616752624512
CG1,6.40712833404541
CG2,6.875638484954834
CH2,7.344149112701416
CZ,7.9055070877075195
CZ2,9.209650993347168
CZ3,10.513799667358398
O,11.81794548034668
OH,13.122089385986328
OD1,11.553092956542969
OD2,9.984094619750977
OE1,8.415098190307617
OE2,6.846099376678467
OG,6.0181989669799805
OG1,5.282935619354248
N,4.547674179077148
NE,3.812437057495117
NE1,3.550593614578247
NE2,3.4240283966064453
ND1,3.2974607944488525
ND2,3.1708686351776123
NZ,3.117906093597412
NH1,3.1017446517944336
NH2,3.085556983947754
SD,3.0693955421447754
SG,3.0622072219848633
UNKNOWN,3.0622072219848633
