atom_type,importance_sum
C,9.325589179992676
CA,9.325589179992676
CB,9.72500228881836
CD,10.62371826171875
CD1,11.522435188293457
CD2,12.421148300170898
CE,13.312740325927734
CE1,14.189996719360352
CE2,15.067339897155762
CE3,15.944600105285645
CG,16.536006927490234
CG1,16.126869201660156
CG2,15.717743873596191
CH2,15.30861759185791
CZ,15.055397033691406
CZ2,16.049360275268555
CZ3,17.043352127075195
O,18.037349700927734
OH,19.031330108642578
OD1,17.36406135559082
OD2,15.696786880493164
OE1,14.029560089111328
OE2,12.36233139038086
OG,12.61277961730957
OG1,13.102938652038574
N,13.593093872070312
NE,14.083250999450684
NE1,14.483890533447266
NE2,14.858908653259277
ND1,15.233919143676758
ND2,15.608931541442871
NZ,15.7892427444458
NH1,15.872198104858398
NH2,15.955158233642578
SD,16.03820037841797
SG,16.07502555847168
UNKNOWN,16.07502555847168
