atom_index,is_real_atom,atom_type_from_onehot,importance
0,1,CD1,7.811978340148926
1,1,CE1,7.811978340148926
2,1,CZ,7.882863521575928
3,1,CG,8.032732009887695
4,1,CD1,8.182602882385254
5,1,CD2,8.332470893859863
6,1,CG1,8.281952857971191
7,1,CD1,7.953474521636963
8,1,CB,7.624997138977051
9,1,CG,7.296520233154297
10,1,ND1,7.089624404907227
11,1,CD2,7.094372272491455
12,1,CE1,7.099119186401367
13,1,NE2,7.103867053985596
14,1,CB,7.139726638793945
15,1,CG,7.244577884674072
16,1,CD1,7.349429130554199
17,1,CD2,7.454279899597168
18,1,NE1,7.4877519607543945
19,1,CE2,7.31459903717041
20,1,CE3,7.141445636749268
21,1,CZ2,6.968291282653809
22,1,CZ3,6.819076061248779
23,1,CH2,6.764015197753906
24,1,CB,6.708954334259033
25,1,CG1,6.653894424438477
26,1,CG2,6.54817533493042
