atom_type,importance_sum
C,4.591838836669922
CA,4.591838836669922
CB,4.76552152633667
CD,5.156381130218506
CD1,5.547192096710205
CD2,5.938000202178955
CE,6.29920768737793
CE1,6.601302623748779
CE2,6.903347969055176
CE3,7.205444812774658
CG,7.689121246337891
CG1,8.808549880981445
CG2,9.927928924560547
CH2,11.047304153442383
CZ,12.015748977661133
CZ2,11.776717185974121
CZ3,11.537687301635742
O,11.298657417297363
OH,11.059625625610352
OD1,9.375645637512207
OD2,7.691614151000977
OE1,6.00763463973999
OE2,4.323654651641846
OG,3.7435286045074463
OG1,3.3013558387756348
N,2.8591842651367188
NE,2.4170126914978027
NE1,2.878042697906494
NE2,3.5971617698669434
ND1,4.316280841827393
ND2,5.035401344299316
NZ,5.712316989898682
NH1,6.368103981018066
NH2,7.023894786834717
SD,7.679683685302734
SG,7.971122741699219
UNKNOWN,7.971122741699219
