atom_index,is_real_atom,atom_type_from_onehot,importance
0,1,CB,9.519250869750977
1,1,CG,9.519250869750977
2,1,CD1,9.361340522766113
3,1,CD2,9.027477264404297
4,1,CB,8.69361686706543
5,1,OG1,8.359753608703613
6,1,CG2,8.108198165893555
7,1,CD,7.970813751220703
8,1,OE2,7.833428859710693
9,1,CG,7.696044445037842
10,1,CD2,7.501234531402588
11,1,CE2,7.206459999084473
12,1,CZ,6.911687850952148
13,1,CA,6.616913795471191
14,1,CB,6.3434038162231445
15,1,CG2,6.117039203643799
16,1,CD1,5.890674114227295
17,1,CG,5.664310455322266
18,1,CD2,5.578262805938721
19,1,CB,5.898393154144287
20,1,CG1,6.218525409698486
21,1,CG2,6.538656711578369
22,1,CG1,6.866904258728027
23,1,CG2,7.22706937789917
24,1,CD1,7.587235450744629
25,1,CD1,7.94740104675293
26,1,CE1,8.204755783081055
27,1,SD,7.87328577041626
28,1,CE,7.541815757751465
29,1,N,7.210346698760986
30,1,CA,6.875697135925293
31,1,CB,6.510626316070557
32,1,CG1,6.145554542541504
33,1,CG2,5.780482769012451
34,1,CA,5.428837299346924
35,1,CB,5.394942283630371
36,1,CG,5.361048221588135
37,1,CD1,5.327152729034424
38,1,CD2,5.2932586669921875
39,1,CE1,4.960644721984863
40,1,CE2,4.6239399909973145
41,1,CZ,4.287233829498291
42,1,OH,3.950528383255005
43,1,CB,4.089204788208008
44,1,CG1,4.262327671051025
45,1,CG2,4.435452461242676
46,1,CD1,4.608575820922852
47,1,CD2,4.7081756591796875
48,1,CE1,4.797593593597412
49,1,CE2,4.887012004852295
50,1,CZ,4.976430416107178
