atom_index,is_real_atom,atom_type_from_onehot,importance
0,1,CB,8.538636207580566
1,1,CG2,8.538636207580566
2,1,CA,8.526448249816895
3,1,C,8.500680923461914
4,1,O,8.4749116897583
5,1,CB,8.449143409729004
6,1,N,8.38251781463623
7,1,CA,8.259225845336914
8,1,CG,8.135934829711914
9,1,CD1,8.012641906738281
10,1,CE1,7.957718372344971
11,1,CZ,8.021806716918945
12,1,OH,8.085894584655762
13,1,CA,8.149981498718262
14,1,CB,8.223773002624512
15,1,OG,8.319074630737305
16,1,CD1,8.414377212524414
17,1,CD1,8.509679794311523
18,1,CD1,8.624290466308594
19,1,CE1,8.794794082641602
20,1,CZ,8.96529769897461
21,1,CB,9.135802268981934
22,1,CG,9.259358406066895
23,1,CD1,9.198254585266113
24,1,CE1,9.137149810791016
25,1,CZ,9.076045989990234
26,1,N,8.964579582214355
27,1,CA,8.564669609069824
28,1,CB,8.16476058959961
29,1,CG,7.76485013961792
30,1,NE,7.343927383422852
