atom_type,importance_sum
C,3.353938579559326
CA,3.353938579559326
CB,3.9018969535827637
CD,5.134823322296143
CD1,6.367719650268555
CD2,7.600622177124023
CE,8.56296443939209
CE1,8.984034538269043
CE2,9.405112266540527
CE3,9.82618522644043
CG,10.245043754577637
CG1,10.656376838684082
CG2,11.067706108093262
CH2,11.479039192199707
CZ,11.89259147644043
CZ2,12.323908805847168
CZ3,12.75522518157959
O,13.186542510986328
OH,13.617856979370117
OD1,11.788135528564453
OD2,9.95842170715332
OE1,8.128721237182617
OE2,6.299030780792236
OG,6.924869060516357
OG1,7.857654571533203
N,8.790390968322754
NE,9.723176002502441
NE1,9.62003231048584
NE2,9.220824241638184
ND1,8.82161808013916
ND2,8.422506332397461
NZ,7.669084548950195
NH1,6.738576889038086
NH2,5.808071613311768
SD,4.877604961395264
SG,4.464045524597168
UNKNOWN,4.464045524597168
