atom_index,is_real_atom,atom_type_from_onehot,importance
0,1,CA,7.694356441497803
1,1,O,7.694356441497803
2,1,CB,7.656581878662109
3,1,CG,7.576714992523193
4,1,CB,7.4968485832214355
5,1,CD1,7.416980743408203
6,1,CB,7.3231916427612305
7,1,CG,7.210092067718506
8,1,CD1,7.096991539001465
9,1,CD2,6.983891010284424
10,1,NE1,6.916956424713135
11,1,CE2,6.930383205413818
12,1,CE3,6.94381046295166
13,1,CZ2,6.95723819732666
14,1,CZ3,6.968142986297607
15,1,CH2,6.973457336425781
16,1,CG1,6.978771209716797
17,1,CD1,6.9840850830078125
18,1,CG,7.003053188323975
19,1,CD2,7.061548233032227
20,1,OG1,7.120042324066162
21,1,CA,7.178536415100098
22,1,C,7.200368404388428
23,1,CB,7.0779924392700195
24,1,CG1,6.955617904663086
25,1,CG2,6.833241939544678
26,1,CD1,6.726629734039307
27,1,N,6.710294723510742
28,1,CA,6.693960189819336
29,1,CG1,6.67762565612793
30,1,CG1,6.653475284576416
31,1,CE,6.554518699645996
32,1,CA,6.455562591552734
33,1,C,6.356606960296631
34,1,O,6.27112340927124
35,1,CB,6.50450325012207
36,1,CB,6.737882614135742
37,1,CG,6.9712605476379395
38,1,CD1,7.204640865325928
39,1,CD2,7.667660713195801
40,1,CE2,8.133825302124023
41,1,CD2,8.599990844726562
42,1,CB,9.066156387329102
43,1,CG,9.013696670532227
44,1,CD,8.92365550994873
45,1,OE1,8.833617210388184
46,1,NE2,8.743574142456055
47,1,CB,8.38255786895752
48,1,OG,7.98402214050293
49,1,CA,7.585484504699707
50,1,CB,7.186948299407959
51,1,CG,7.067633152008057
52,1,CD1,7.007823944091797
53,1,CD2,6.948014736175537
54,1,CE1,6.888205051422119
55,1,CE2,6.791074752807617
56,1,CZ,6.682811260223389
57,1,CE1,6.57454776763916
58,1,CZ,6.46628475189209
59,1,OH,6.551599502563477
60,1,CG1,6.713611602783203
61,1,CG2,6.875624656677246
62,1,CE2,7.037637233734131
63,1,CZ,6.681062698364258
64,1,OH,6.059905052185059
