atom_index,is_real_atom,atom_type_from_onehot,importance
0,1,CD2,5.443784236907959
1,1,CE3,5.443784236907959
2,1,CZ2,5.472957134246826
3,1,CZ3,5.534636974334717
4,1,CH2,5.596316337585449
5,1,CB,5.65799617767334
6,1,CG2,5.666451454162598
7,1,CB,5.601078987121582
8,1,CD2,5.53570556640625
9,1,CE1,5.470334053039551
10,1,CE2,5.3398051261901855
11,1,CZ,5.095859050750732
12,1,OH,4.851912021636963
13,1,CA,4.607965469360352
14,1,C,4.48810338973999
15,1,O,4.643385410308838
16,1,CB,4.7986674308776855
17,1,CG,4.953948497772217
18,1,CA,5.027472496032715
19,1,C,4.864327907562256
20,1,O,4.701182842254639
21,1,CB,4.538037300109863
22,1,CG,4.3809814453125
23,1,CD1,4.2478718757629395
24,1,CD2,4.114762306213379
25,1,NE1,3.9816532135009766
26,1,CE2,3.884885787963867
27,1,CE3,3.99625825881958
28,1,CZ2,4.107630252838135
29,1,CZ3,4.219002723693848
30,1,CH2,4.34123420715332
31,1,CD1,4.567391872406006
32,1,CE1,4.793552398681641
33,1,CE2,5.019710540771484
34,1,CZ,5.25155782699585
35,1,CD1,5.61802339553833
36,1,CD2,5.9844865798950195
37,1,CE1,6.350950717926025
38,1,CE2,6.717415809631348
39,1,CZ,6.629761219024658
40,1,O,6.535887241363525
41,1,CA,6.442012786865234
42,1,C,6.348138332366943
43,1,O,6.309271812438965
44,1,CB,6.274392127990723
45,1,CG1,6.2395124435424805
46,1,N,6.204631328582764
47,1,CA,5.867499351501465
48,1,C,5.488518714904785
49,1,O,5.109537124633789
50,1,N,4.730554103851318
51,1,CA,4.693120002746582
52,1,CB,4.7284722328186035
53,1,CG,4.7638258934021
54,1,CD1,4.799178600311279
55,1,CD2,4.860550880432129
56,1,CE1,4.929681777954102
57,1,CE2,4.998814105987549
58,1,CZ,5.067946910858154
