atom_type,importance
C,0.06670140475034714
CA,0.06670140475034714
CB,0.07109440118074417
CD,0.0809781476855278
CD1,0.09086190164089203
CD2,0.10074567049741745
CE,0.10738101601600647
CE1,0.10751836001873016
CE2,0.10765581578016281
CE3,0.10779377073049545
CG,0.10851117223501205
CG1,0.11125900596380234
CG2,0.11400703340768814
CH2,0.11675503849983215
CZ,0.12098515778779984
CZ2,0.13707199692726135
CZ3,0.15315879881381989
O,0.1692456305027008
OH,0.18533246219158173
OD1,0.18472322821617126
OD2,0.18411408364772797
OE1,0.18350492417812347
OE2,0.1828957498073578
OG,0.17226295173168182
OG1,0.16037718951702118
N,0.14849139750003815
NE,0.1366056203842163
NE1,0.1253262460231781
NE2,0.11421848088502884
ND1,0.1031113788485527
ND2,0.09200362116098404
NZ,0.09203440696001053
NH1,0.09763510525226593
NH2,0.10323513299226761
SD,0.10883519798517227
SG,0.11132386326789856
UNKNOWN,0.11132386326789856
