atom_type,importance
C,0.12458295375108719
CA,0.12458295375108719
CB,0.13350164890289307
CD,0.1535707712173462
CD1,0.17363886535167694
CD2,0.19370803236961365
CE,0.20619632303714752
CE1,0.2035219520330429
CE2,0.20084865391254425
CE3,0.19817429780960083
CG,0.19323663413524628
CG1,0.18037644028663635
CG2,0.16751626133918762
CH2,0.1546560525894165
CZ,0.1444181650876999
CZ2,0.15515877306461334
CZ3,0.16589941084384918
O,0.17664006352424622
OH,0.18738064169883728
OD1,0.19423311948776245
OD2,0.20108555257320404
OE1,0.2079380452632904
OE2,0.21479052305221558
OG,0.21318383514881134
OG1,0.21051976084709167
N,0.20785567164421082
NE,0.20519156754016876
NE1,0.22108449041843414
NE2,0.24227847158908844
ND1,0.26347216963768005
ND2,0.2846659719944
NZ,0.2854302227497101
NH1,0.2759818732738495
NH2,0.26653143763542175
SD,0.25708308815956116
SG,0.2528824806213379
UNKNOWN,0.2528824806213379
