atom_index,is_real_atom,atom_type_from_onehot,importance
0,1,CA,11.830729484558105
1,1,CB,11.830729484558105
2,1,CG2,12.086140632629395
3,1,CB,12.6261568069458
4,1,CG,13.166173934936523
5,1,CD1,13.706189155578613
6,1,C,13.985469818115234
7,1,O,13.90307903289795
8,1,CB,13.820690155029297
9,1,CG,13.738297462463379
10,1,CD,13.493444442749023
11,1,OE1,12.965780258178711
12,1,OE2,12.438117027282715
13,1,CA,11.910452842712402
14,1,C,11.36865520477295
15,1,O,10.795516014099121
16,1,CB,10.22237491607666
17,1,CG2,9.649234771728516
18,1,N,9.231355667114258
19,1,CA,9.262917518615723
20,1,C,9.294479370117188
21,1,CB,9.326042175292969
22,1,OG,9.34273624420166
23,1,CA,9.30096435546875
24,1,C,9.259188652038574
25,1,O,9.217413902282715
26,1,CB,9.242919921875
27,1,CG,9.653753280639648
28,1,CD2,10.064587593078613
29,1,N,10.475419998168945
30,1,CA,10.83639144897461
31,1,C,10.72011947631836
32,1,O,10.603849411010742
33,1,SD,10.487577438354492
34,1,CE,10.365981101989746
35,1,CZ,10.118385314941406
36,1,NH1,9.870792388916016
37,1,NH2,9.62319564819336
38,1,CZ3,9.375602722167969
39,1,CH2,8.877299308776855
40,1,CD1,8.375566482543945
41,1,CG,7.873830318450928
42,1,CD1,7.372094631195068
43,1,CD2,7.0607476234436035
44,1,CE1,6.7631964683532715
45,1,CE2,6.465644836425781
46,1,CZ,6.168093681335449
47,1,OH,6.268505096435547
48,1,CE1,6.424017429351807
49,1,CE2,6.579530715942383
50,1,CZ,6.735044002532959
51,1,OH,6.661920547485352
