atom_index,is_real_atom,atom_type_from_onehot,importance
0,1,CG,6.349686622619629
1,1,CD1,6.349686622619629
2,1,CD2,6.426144599914551
3,1,CE1,6.587796688079834
4,1,CE2,6.749447822570801
5,1,CZ,6.911100387573242
6,1,CB,7.0272040367126465
7,1,CG2,7.080127716064453
8,1,CD1,7.13305139541626
9,1,C,7.185975074768066
10,1,O,7.38972806930542
11,1,CB,7.856033802032471
12,1,CG1,8.32234001159668
13,1,CG2,8.788646697998047
14,1,CB,9.22301197052002
15,1,CG,9.5865478515625
16,1,CD1,9.950081825256348
17,1,CD2,10.313616752624512
18,1,CD2,10.547054290771484
19,1,CG,10.403892517089844
20,1,SD,10.260729789733887
21,1,CD1,10.117569923400879
22,1,CE1,9.934353828430176
23,1,CE2,9.593598365783691
24,1,CZ,9.252840042114258
25,1,CG2,8.912083625793457
26,1,CG,8.55008316040039
27,1,CD1,8.066407203674316
28,1,CD2,7.582731246948242
29,1,NE1,7.099055290222168
30,1,CE2,6.633268356323242
31,1,CE3,6.338712692260742
32,1,CZ2,6.044157028198242
33,1,CZ3,5.749602317810059
34,1,CH2,5.455277919769287
