atom_type,importance
C,0.09442801773548126
CA,0.09442801773548126
CB,0.09919537603855133
CD,0.10992204397916794
CD1,0.12064892053604126
CD2,0.13137522339820862
CE,0.14258287847042084
CE1,0.1547534465789795
CE2,0.16692504286766052
CE3,0.1790955811738968
CG,0.18780580163002014
CG1,0.18440575897693634
CG2,0.18100577592849731
CH2,0.17760571837425232
CZ,0.17670594155788422
CZ2,0.19580814242362976
CZ3,0.21491055190563202
O,0.23401369154453278
OH,0.25311586260795593
OD1,0.2478799670934677
OD2,0.24264401197433472
OE1,0.23740816116333008
OE2,0.23217222094535828
OG,0.2252620905637741
OG1,0.21814224123954773
N,0.21102213859558105
NE,0.2039027065038681
NE1,0.2049228996038437
NE2,0.20826733112335205
ND1,0.2116127461194992
ND2,0.2149571031332016
NZ,0.2143501341342926
NH1,0.21176673471927643
NH2,0.20918338000774384
SD,0.20659999549388885
SG,0.2054520845413208
UNKNOWN,0.2054520845413208
