atom_index,is_real_atom,atom_type_from_onehot,importance
0,1,CA,7.139087200164795
1,1,C,7.139087200164795
2,1,O,7.3776726722717285
3,1,CB,7.882110118865967
4,1,CG,8.386548042297363
5,1,CD1,8.890985488891602
6,1,CD2,9.36912727355957
7,1,CG1,9.810800552368164
8,1,CG,10.252473831176758
9,1,CB,10.694145202636719
10,1,CG1,11.181153297424316
11,1,CG2,11.747076988220215
12,1,CB,12.313000679016113
13,1,CG1,12.878923416137695
14,1,CG2,13.234745979309082
15,1,O,13.124690055847168
16,1,CG,13.014633178710938
17,1,CD2,12.90457820892334
18,1,N,12.784749031066895
19,1,CA,12.636627197265625
20,1,O,12.488505363464355
21,1,CB,12.34038257598877
22,1,CG1,12.146729469299316
23,1,CG2,11.773990631103516
24,1,CD1,11.40124797821045
25,1,CB,11.028507232666016
26,1,CB,10.570915222167969
27,1,CG2,9.627357482910156
