atom_index,is_real_atom,atom_type_from_onehot,importance
0,1,CE2,5.139951705932617
1,1,CZ,5.139951705932617
2,1,CE1,5.312633514404297
3,1,CZ,5.67772912979126
4,1,CG,6.042827129364014
5,1,CG,6.407923698425293
6,1,CD1,6.520941734313965
7,1,CD1,6.284301280975342
8,1,CD2,6.047661781311035
9,1,CD2,5.811020374298096
10,1,CD2,5.758228302001953
11,1,CA,6.025465965270996
12,1,O,6.2927045822143555
13,1,CB,6.559943675994873
14,1,CG1,6.691492080688477
15,1,CG2,6.522166728973389
16,1,CA,6.352840423583984
17,1,C,6.183514595031738
18,1,O,5.950217247009277
19,1,CB,5.531740665435791
20,1,SG,5.113263130187988
21,1,N,4.694786071777344
22,1,CA,4.367336273193359
23,1,C,4.397927761077881
24,1,CB,4.428520679473877
25,1,CG,4.459112167358398
26,1,CD1,4.512204647064209
27,1,CD2,4.694159030914307
28,1,CE1,4.876115798950195
29,1,CE2,5.058070659637451
30,1,CZ,5.246020317077637
31,1,CA,5.4913434982299805
32,1,C,5.736667633056641
33,1,O,5.981990337371826
34,1,CB,6.216718673706055
35,1,CG,6.200701713562012
36,1,CD2,6.184683322906494
37,1,CE2,6.168666362762451
38,1,N,6.152647972106934
39,1,CA,6.00196647644043
40,1,CB,5.8494391441345215
41,1,SG,5.696911334991455
42,1,SG,5.544384479522705
