atom_index,is_real_atom,atom_type_from_onehot,importance
0,1,CG,9.640022277832031
1,1,CD1,9.640022277832031
2,1,CD1,9.831209182739258
3,1,CG,10.235432624816895
4,1,CD1,10.639655113220215
5,1,CD2,11.043876647949219
6,1,CG2,11.266011238098145
7,1,N,11.235569953918457
8,1,CA,11.205130577087402
9,1,O,11.174689292907715
10,1,CB,11.133079528808594
11,1,CG,11.07201862335205
12,1,CD,11.010957717895508
13,1,C,10.949895858764648
14,1,CB,10.88019847869873
15,1,N,10.791345596313477
16,1,CA,10.702493667602539
17,1,CG1,10.613639831542969
18,1,CD1,10.427519798278809
19,1,CG1,9.95984172821045
20,1,CG2,9.49216365814209
21,1,CG1,9.024484634399414
22,1,CB,8.52570629119873
23,1,OG,7.904592037200928
