atom_type,importance_sum
C,9.270322799682617
CA,9.270322799682617
CB,9.805522918701172
CD,11.009894371032715
CD1,12.214180946350098
CD2,13.41846752166748
CE,14.01496696472168
CE1,13.395580291748047
CE2,12.776190757751465
CE3,12.156908988952637
CG,11.752986907958984
CG1,12.10315227508545
CG2,12.453315734863281
CH2,12.803483009338379
CZ,13.039214134216309
CZ2,12.359488487243652
CZ3,11.679760932922363
O,11.00003719329834
OH,10.3203125
OD1,9.466259002685547
OD2,8.612208366394043
OE1,7.758157730102539
OE2,6.904103755950928
OG,7.19648551940918
OG1,7.63217306137085
N,8.06785774230957
NE,8.503544807434082
NE1,8.595778465270996
NE2,8.589900016784668
ND1,8.583990097045898
ND2,8.578106880187988
NZ,8.423041343688965
NH1,8.193441390991211
NH2,7.963794708251953
SD,7.734146595001221
SG,7.632102966308594
UNKNOWN,7.632102966308594
