atom_index,is_real_atom,atom_type_from_onehot,importance
0,1,CG2,8.146171569824219
1,1,CB,8.146171569824219
2,1,CG2,8.20311450958252
3,1,CZ,8.323507308959961
4,1,OH,8.443901062011719
5,1,CB,8.564294815063477
6,1,CG,8.645697593688965
7,1,CD,8.673016548156738
8,1,CA,8.700332641601562
9,1,C,8.727651596069336
10,1,O,8.581750869750977
11,1,CB,8.134330749511719
12,1,N,7.686910152435303
13,1,CA,7.239489555358887
14,1,CB,6.884424209594727
15,1,OG1,6.734146595001221
16,1,CG2,6.583868026733398
17,1,CB,6.433590888977051
18,1,CG1,6.391194820404053
19,1,CG2,6.661091327667236
20,1,CD1,6.930990219116211
21,1,CG,7.2008867263793945
22,1,CD1,7.418014049530029
23,1,CD2,7.427578926086426
24,1,CB,7.437143802642822
25,1,CG1,7.446709156036377
26,1,CG2,7.468602180480957
27,1,CD2,7.561097621917725
28,1,N,7.653593063354492
29,1,CA,7.74608850479126
30,1,CB,7.765242099761963
31,1,SG,7.082412242889404
32,1,CB,6.399581432342529
33,1,CD1,5.716752052307129
34,1,CE1,5.040426254272461
