atom_type,importance_sum
C,5.0618743896484375
CA,5.0618743896484375
CB,5.882768154144287
CD,7.729809284210205
CD1,9.57680892944336
CD2,11.42385196685791
CE,12.278709411621094
CE1,11.148995399475098
CE2,10.01928424835205
CE3,8.889575004577637
CG,8.453364372253418
CG1,10.444454193115234
CG2,12.435539245605469
CH2,14.426630020141602
CZ,16.04171371459961
CZ2,14.648651123046875
CZ3,13.25560474395752
O,11.862557411193848
OH,10.469508171081543
OD1,9.071647644042969
OD2,7.673832893371582
OE1,6.27597188949585
OE2,4.878110885620117
OG,5.0324788093566895
OG1,5.380878925323486
N,5.729278087615967
NE,6.0776777267456055
NE1,5.870283126831055
NE2,5.504117488861084
ND1,5.137906074523926
ND2,4.771740436553955
NZ,4.713787078857422
NH1,4.809983730316162
NH2,4.906182289123535
SD,5.002338409423828
SG,5.045093059539795
UNKNOWN,5.045093059539795
