atom_index,is_real_atom,atom_type_from_onehot,importance
0,1,O,9.895263671875
1,1,CG2,9.895263671875
2,1,C,10.05632495880127
3,1,CB,10.396855354309082
4,1,CG2,10.737384796142578
5,1,N,11.07791519165039
6,1,CA,11.349332809448242
7,1,C,11.524886131286621
8,1,O,11.700439453125
9,1,CB,11.875990867614746
10,1,CG2,11.980347633361816
11,1,CD1,11.960765838623047
12,1,CG,11.941184043884277
13,1,CD2,11.921603202819824
14,1,SD,11.963457107543945
15,1,CE,12.141542434692383
16,1,CZ,12.319626808166504
17,1,CA,12.497711181640625
18,1,C,12.590656280517578
19,1,O,12.437148094177246
20,1,CB,12.283638954162598
21,1,CG,12.130128860473633
22,1,N,11.948528289794922
23,1,CA,11.65641975402832
24,1,SG,11.364313125610352
25,1,CD1,11.072205543518066
26,1,CE1,10.700201988220215
27,1,CE2,9.87061882019043
28,1,CZ,9.041032791137695
29,1,OH,8.21144962310791
