atom_type,importance_sum
C,10.103423118591309
CA,10.103423118591309
CB,10.426207542419434
CD,11.152571678161621
CD1,11.878946304321289
CD2,12.605220794677734
CE,13.087775230407715
CE1,13.082795143127441
CE2,13.077810287475586
CE3,13.072736740112305
CG,13.002371788024902
CG1,12.70317554473877
CG2,12.403975486755371
CH2,12.104776382446289
CZ,11.939940452575684
CZ2,12.849990844726562
CZ3,13.760043144226074
O,14.670095443725586
OH,15.580145835876465
OD1,14.857728004455566
OD2,14.135310173034668
OE1,13.412891387939453
OE2,12.690474510192871
OG,12.326406478881836
OG1,12.007133483886719
N,11.687862396240234
NE,11.368587493896484
NE1,11.741036415100098
NE2,12.311100959777832
ND1,12.881263732910156
ND2,13.451325416564941
NZ,13.459412574768066
NH1,13.186457633972168
NH2,12.913506507873535
SD,12.640552520751953
SG,12.519240379333496
UNKNOWN,12.519240379333496
