atom_type,importance
C,0.11262483149766922
CA,0.11262483149766922
CB,0.12440728396177292
CD,0.15091954171657562
CD1,0.17743168771266937
CD2,0.20394253730773926
CE,0.21871350705623627
CE1,0.2100006341934204
CE2,0.20128679275512695
CE3,0.19257427752017975
CG,0.18576054275035858
CG1,0.1855979710817337
CG2,0.1854354292154312
CH2,0.1852729320526123
CZ,0.18448138236999512
CZ2,0.1786573976278305
CZ3,0.17283350229263306
O,0.16700959205627441
OH,0.16118566691875458
OD1,0.14782249927520752
OD2,0.13445936143398285
OE1,0.12109619379043579
OE2,0.10773300379514694
OG,0.10922664403915405
OG1,0.11257737129926682
N,0.11592809110879898
NE,0.11927887052297592
NE1,0.12464585900306702
NE2,0.130588561296463
ND1,0.13652996718883514
ND2,0.14247266948223114
NZ,0.14859706163406372
NH1,0.15481096506118774
NH2,0.16102486848831177
SD,0.16723880171775818
SG,0.17000138759613037
UNKNOWN,0.17000138759613037
