atom_type,importance
C,0.11080042272806168
CA,0.11080042272806168
CB,0.11808634549379349
CD,0.13447926938533783
CD1,0.15087322890758514
CD2,0.16726619005203247
CE,0.1782216578722
CE1,0.17830203473567963
CE2,0.17838241159915924
CE3,0.17846284806728363
CG,0.17824234068393707
CG1,0.17696529626846313
CG2,0.17568819224834442
CH2,0.1744111180305481
CZ,0.17476682364940643
CZ2,0.18818530440330505
CZ3,0.20160377025604248
O,0.2150219976902008
OH,0.22843971848487854
OD1,0.24052011966705322
OD2,0.2526004910469055
OE1,0.264680951833725
OE2,0.27676141262054443
OG,0.2728154957294464
OG1,0.2668662369251251
N,0.2609170079231262
NE,0.2549678087234497
NE1,0.25080689787864685
NE2,0.2471570372581482
ND1,0.24350497126579285
ND2,0.23985499143600464
NZ,0.23017854988574982
NH1,0.21749137341976166
NH2,0.20480266213417053
SD,0.1921147257089615
SG,0.1864754557609558
UNKNOWN,0.1864754557609558
