atom_type,importance_sum
C,7.286579132080078
CA,7.286579132080078
CB,7.823767185211182
CD,9.032442092895508
CD1,10.24111270904541
CD2,11.449883460998535
CE,11.728828430175781
CE1,10.148408889770508
CE2,8.568086624145508
CE3,6.98771333694458
CG,5.898090839385986
CG1,6.526162147521973
CG2,7.154231071472168
CH2,7.7823004722595215
CZ,8.411678314208984
CZ2,9.051936149597168
CZ3,9.692194938659668
O,10.332451820373535
OH,10.972711563110352
OD1,10.821144104003906
OD2,10.669578552246094
OE1,10.518014907836914
OE2,10.366448402404785
OG,9.764376640319824
OG1,9.10599422454834
N,8.447614669799805
NE,7.789278507232666
NE1,7.304729461669922
NE2,6.8698201179504395
ND1,6.434910774230957
ND2,6.0000481605529785
NZ,6.304773330688477
NH1,6.979290962219238
NH2,7.653855800628662
SD,8.328364372253418
SG,8.628175735473633
UNKNOWN,8.628175735473633
