atom_type,importance
C,0.10706408321857452
CA,0.10706408321857452
CB,0.1097661703824997
CD,0.11584517359733582
CD1,0.12192423641681671
CD2,0.12800319492816925
CE,0.13410566747188568
CE1,0.14025497436523438
CE2,0.14640551805496216
CE3,0.15255603194236755
CG,0.1606895923614502
CG1,0.17576563358306885
CG2,0.1908416599035263
CH2,0.20591768622398376
CZ,0.21879491209983826
CZ2,0.2140919268131256
CZ3,0.20938822627067566
O,0.20468440651893616
OH,0.19998060166835785
OD1,0.19000287353992462
OD2,0.18002507090568542
OE1,0.170047327876091
OE2,0.16006958484649658
OG,0.1409398466348648
OG1,0.12066610902547836
N,0.10039173811674118
NE,0.08011803776025772
NE1,0.09580302238464355
NE2,0.12176138907670975
ND1,0.14771915972232819
ND2,0.17367815971374512
NZ,0.18056455254554749
NH1,0.1779153048992157
NH2,0.17526723444461823
SD,0.17261798679828644
SG,0.1714414358139038
UNKNOWN,0.171441450715065
