atom_index,is_real_atom,atom_type_from_onehot,importance
0,1,NE,10.421614646911621
1,1,CZ,10.421614646911621
2,1,NH1,10.684549331665039
3,1,NH2,11.24046516418457
4,1,CE3,11.796380043029785
5,1,CZ3,12.352296829223633
6,1,CH2,12.478023529052734
7,1,CB,12.007034301757812
8,1,CG1,11.53604507446289
9,1,CD1,11.06506061553955
10,1,CA,10.526420593261719
11,1,CB,9.870018005371094
12,1,OG,9.213619232177734
13,1,CB,8.55721664428711
14,1,CG,8.05493450164795
15,1,CD1,7.894392013549805
16,1,CD2,7.73384952545166
17,1,CE1,7.573306560516357
18,1,CE2,7.488620758056641
19,1,CZ,7.6235222816467285
20,1,OH,7.758424282073975
21,1,CA,7.893324851989746
22,1,CB,8.189337730407715
23,1,CG2,9.11904525756836
24,1,CB,10.04875659942627
25,1,CG,10.978464126586914
26,1,CD2,11.81357192993164
27,1,CE2,12.106870651245117
28,1,OH,12.40017032623291
29,1,CA,12.69347095489502
30,1,C,12.964537620544434
31,1,O,13.022810935974121
32,1,CB,13.081085205078125
33,1,CG,13.139358520507812
34,1,OE1,13.180036544799805
35,1,N,12.804291725158691
36,1,CA,12.428548812866211
37,1,CG,12.052803039550781
38,1,CD,11.677058219909668
39,1,CA,11.178401947021484
40,1,CB,10.678064346313477
41,1,CB,10.17772388458252
42,1,CG,9.677384376525879
43,1,CD2,8.794862747192383
44,1,CE2,7.884650230407715
