atom_type,importance
C,0.11864057928323746
CA,0.11864057928323746
CB,0.12391623109579086
CD,0.13578496873378754
CD1,0.1476549655199051
CD2,0.15952488780021667
CE,0.1644112467765808
CE1,0.15533038973808289
CE2,0.14625078439712524
CE3,0.1371711641550064
CG,0.1309743970632553
CG1,0.13486962020397186
CG2,0.13876481354236603
CH2,0.1426600068807602
CZ,0.14719294011592865
CZ2,0.15682801604270935
CZ3,0.16646306216716766
O,0.17609816789627075
OH,0.18573324382305145
OD1,0.18668924272060394
OD2,0.18764528632164001
OE1,0.18860122561454773
OE2,0.1895572692155838
OG,0.19136354327201843
OG1,0.1932760775089264
N,0.19518861174583435
NE,0.19710111618041992
NE1,0.18929417431354523
NE2,0.17871005833148956
ND1,0.16812478005886078
ND2,0.1575407087802887
NZ,0.1572628915309906
NH1,0.1621376872062683
NH2,0.1670125126838684
SD,0.17188726365566254
SG,0.17405466735363007
UNKNOWN,0.17405466735363007
