atom_index,is_real_atom,atom_type_from_onehot,importance
0,1,CZ3,7.8377814292907715
1,1,CH2,7.8377814292907715
2,1,CG2,7.728185176849365
3,1,CE1,7.496466636657715
4,1,CE2,7.264747619628906
5,1,CZ,7.033029079437256
6,1,OH,6.846837043762207
7,1,N,6.723792552947998
8,1,CA,6.600748062133789
9,1,C,6.477704048156738
10,1,O,6.355196475982666
11,1,CB,6.2336201667785645
12,1,CG,6.1120452880859375
13,1,O,5.990468978881836
14,1,CB,5.813746452331543
15,1,CG,5.514745712280273
16,1,CD1,5.215742588043213
17,1,CD2,4.916740417480469
18,1,NE1,4.699862957000732
19,1,CE2,4.720715045928955
20,1,CE3,4.741567611694336
21,1,CZ2,4.7624192237854
22,1,CZ3,4.830165386199951
23,1,CH2,5.082363605499268
24,1,CD1,5.334561824798584
25,1,CE1,5.5867600440979
26,1,CE2,5.8852338790893555
27,1,CZ,6.448733329772949
28,1,CD2,7.012234210968018
29,1,CE1,7.5757341384887695
30,1,CE2,8.057504653930664
31,1,CZ,7.757016658782959
32,1,CA,7.456527233123779
33,1,C,7.156038761138916
34,1,O,6.862999439239502
35,1,CG,6.746276378631592
36,1,CD1,6.629554748535156
37,1,N,6.512832164764404
38,1,CA,6.396108627319336
39,1,C,6.500435829162598
40,1,O,6.607791900634766
41,1,CB,6.715147018432617
42,1,CG1,6.8225016593933105
43,1,CG2,6.888936519622803
44,1,N,6.9524054527282715
45,1,CA,7.015874862670898
46,1,CB,7.079343795776367
47,1,CG1,6.624877452850342
48,1,CG2,6.098697662353516
49,1,CD1,5.572518348693848
