atom_type,importance_sum
C,8.866933822631836
CA,8.866933822631836
CB,8.820058822631836
CD,8.714529037475586
CD1,8.609020233154297
CD2,8.503520011901855
CE,8.636624336242676
CE1,9.246957778930664
CE2,9.857319831848145
CE3,10.467692375183105
CG,10.953853607177734
CG1,11.00534439086914
CG2,11.056838035583496
CH2,11.108328819274902
CZ,11.300928115844727
CZ2,12.62238597869873
CZ3,13.943845748901367
O,15.265303611755371
OH,16.586759567260742
OD1,15.69426155090332
OD2,14.801761627197266
OE1,13.909259796142578
OE2,13.01675796508789
OG,12.67613410949707
OG1,12.404492378234863
N,12.132847785949707
NE,11.8612060546875
NE1,11.96918773651123
NE2,12.185503959655762
ND1,12.401896476745605
ND2,12.618284225463867
NZ,12.446639060974121
NH1,12.08094310760498
NH2,11.715317726135254
SD,11.349618911743164
SG,11.187093734741211
UNKNOWN,11.187093734741211
