atom_index,is_real_atom,atom_type_from_onehot,importance
0,1,CE2,7.1225385665893555
1,1,CZ,7.1225385665893555
2,1,CE1,7.2962164878845215
3,1,CZ,7.663416385650635
4,1,CD1,8.030618667602539
5,1,CD1,8.397819519042969
6,1,CD2,8.790933609008789
7,1,CD2,9.219991683959961
8,1,CG,9.64904499053955
9,1,CD1,10.078103065490723
10,1,CD2,10.434036254882812
11,1,CA,10.662680625915527
12,1,O,10.891325950622559
13,1,CB,11.119969367980957
14,1,CG1,11.217916488647461
15,1,CG2,11.026046752929688
16,1,C,10.834179878234863
17,1,O,10.642313957214355
18,1,CB,10.332993507385254
19,1,SG,9.683685302734375
20,1,N,9.03437328338623
21,1,CA,8.385062217712402
22,1,CB,7.918548583984375
23,1,CG,8.171035766601562
24,1,CD1,8.42352294921875
25,1,CD2,8.676011085510254
26,1,CE1,8.910982131958008
27,1,CE2,9.04564094543457
28,1,CZ,9.180301666259766
29,1,CA,9.314959526062012
30,1,C,9.482616424560547
31,1,O,9.966108322143555
32,1,CB,10.449601173400879
33,1,CG,10.933093070983887
34,1,CD2,11.372438430786133
35,1,CE2,10.767001152038574
36,1,N,10.161563873291016
37,1,CA,9.556127548217773
38,1,CB,8.950689315795898
39,1,SG,8.187803268432617
40,1,SG,7.422762870788574
