atom_index,is_real_atom,atom_type_from_onehot,importance
0,1,CA,10.802361488342285
1,1,C,10.802361488342285
2,1,O,11.18666934967041
3,1,CB,11.999208450317383
4,1,CB,12.811748504638672
5,1,CD1,13.624285697937012
6,1,ND2,13.96310806274414
7,1,CA,13.644837379455566
8,1,C,13.326565742492676
9,1,O,13.008296012878418
10,1,CB,12.802966117858887
11,1,N,12.794245719909668
12,1,CG2,12.78552532196045
13,1,CA,12.77680492401123
14,1,CD1,12.689080238342285
15,1,CE1,12.426179885864258
16,1,CZ,12.163276672363281
17,1,CA,11.900376319885254
18,1,C,11.752464294433594
19,1,O,11.937429428100586
20,1,CB,12.122392654418945
21,1,N,12.307354927062988
22,1,CA,12.412988662719727
23,1,C,12.206591606140137
24,1,O,12.000195503234863
25,1,CB,11.793798446655273
26,1,CG,11.59158992767334
27,1,OD2,11.413358688354492
28,1,N,11.235130310058594
29,1,CA,11.056899070739746
30,1,N,10.837933540344238
31,1,CA,10.229065895080566
32,1,CB,9.620197296142578
33,1,CG,9.011331558227539
34,1,CD2,8.393889427185059
35,1,CE2,7.5735602378845215
