atom_type,importance_sum
C,8.87355899810791
CA,8.87355899810791
CB,9.964595794677734
CD,12.419519424438477
CD1,14.874438285827637
CD2,17.32942008972168
CE,18.871240615844727
CE1,18.587135314941406
CE2,18.30303382873535
CE3,18.018938064575195
CG,17.47475814819336
CG1,16.02001190185547
CG2,14.565268516540527
CH2,13.110526084899902
CZ,11.878801345825195
CZ2,12.431221961975098
CZ3,12.983640670776367
O,13.536066055297852
OH,14.088484764099121
OD1,13.255386352539062
OD2,12.422289848327637
OE1,11.589191436767578
OE2,10.756092071533203
OG,11.713208198547363
OG1,12.894103050231934
N,14.074994087219238
NE,15.255887031555176
NE1,15.488901138305664
NE2,15.45097541809082
ND1,15.4131441116333
ND2,15.375216484069824
NZ,15.459778785705566
NH1,15.605484962463379
NH2,15.751104354858398
SD,15.896814346313477
SG,15.961556434631348
UNKNOWN,15.961556434631348
