atom_index,is_real_atom,atom_type_from_onehot,importance
0,1,CD2,10.283370018005371
1,1,CE1,10.283370018005371
2,1,CE2,10.569952964782715
3,1,CZ,11.175870895385742
4,1,CA,11.78178596496582
5,1,CB,12.387704849243164
6,1,CA,12.741366386413574
7,1,CA,12.74512767791748
8,1,C,12.748887062072754
9,1,O,12.752646446228027
10,1,CB,12.8089599609375
11,1,CG,12.95674991607666
12,1,CD2,13.104541778564453
13,1,CE2,13.252334594726562
14,1,CZ,13.283477783203125
15,1,N,13.055973052978516
16,1,CA,12.828468322753906
17,1,O,12.600961685180664
18,1,CB,12.35081958770752
19,1,CG,12.035155296325684
20,1,OD1,11.719487190246582
21,1,ND2,11.40382194519043
22,1,CB,11.224153518676758
23,1,CG,11.579411506652832
24,1,CD2,11.934670448303223
25,1,CE2,12.28992748260498
26,1,CZ,12.550512313842773
27,1,CD1,12.268871307373047
28,1,CE1,11.987232208251953
29,1,CZ,11.70559310913086
30,1,CD,11.340105056762695
31,1,NE,10.172079086303711
32,1,NZ,9.00405502319336
