atom_type,importance_sum
C,6.521502494812012
CA,6.521502494812012
CB,7.084157943725586
CD,8.350043296813965
CD1,9.615974426269531
CD2,10.881904602050781
CE,11.574756622314453
CE1,11.121536254882812
CE2,10.66831111907959
CE3,10.215089797973633
CG,10.223196983337402
CG1,11.845911026000977
CG2,13.468626976013184
CH2,15.091340065002441
CZ,16.615745544433594
CZ2,17.354076385498047
CZ3,18.092453002929688
O,18.830835342407227
OH,19.569215774536133
OD1,18.065765380859375
OD2,16.562360763549805
OE1,15.058952331542969
OE2,13.555495262145996
OG,13.050189971923828
OG1,12.669657707214355
N,12.289119720458984
NE,11.908578872680664
NE1,12.228483200073242
NE2,12.748478889465332
ND1,13.268477439880371
ND2,13.78847599029541
NZ,14.530770301818848
NH1,15.38430118560791
NH2,16.237836837768555
SD,17.091373443603516
SG,17.470703125
UNKNOWN,17.470703125
