atom_index,is_real_atom,atom_type_from_onehot,importance
0,1,CG,9.091755867004395
1,1,CD1,9.091755867004395
2,1,CE1,9.175341606140137
3,1,CE2,9.352062225341797
4,1,CZ,9.528780937194824
5,1,CG2,9.70550537109375
6,1,CG,9.755179405212402
7,1,OD1,9.628630638122559
8,1,ND2,9.502082824707031
9,1,CB,9.375534057617188
10,1,OG1,9.35839557647705
11,1,CG2,9.531712532043457
12,1,CD1,9.70503044128418
13,1,CD2,9.878347396850586
14,1,CE2,9.807600021362305
15,1,CZ,9.195662498474121
16,1,OH,8.58372688293457
17,1,CG,7.971790313720703
18,1,CD1,7.47091007232666
19,1,CD2,7.291508674621582
20,1,CG,7.112105846405029
21,1,CD1,6.932703971862793
22,1,CD2,6.729132175445557
23,1,NE1,6.430494785308838
24,1,CE2,6.131856918334961
25,1,CE3,5.8332200050354
26,1,CZ2,5.498624324798584
27,1,CZ3,4.958097457885742
28,1,CH2,4.417570114135742
