atom_type,importance_sum
C,1.4775032997131348
CA,1.4775032997131348
CB,1.755767583847046
CD,2.3818776607513428
CD1,3.0079753398895264
CD2,3.6340973377227783
CE,4.227896213531494
CE1,4.757111072540283
CE2,5.2863593101501465
CE3,5.81560754776001
CG,6.499238014221191
CG1,7.723445415496826
CG2,8.947650909423828
CH2,10.171859741210938
CZ,11.290545463562012
CZ2,11.565052032470703
CZ3,11.839564323425293
O,12.114072799682617
OH,12.388581275939941
OD1,11.454421997070312
OD2,10.520256996154785
OE1,9.586091995239258
OE2,8.651931762695312
OG,7.944253921508789
OG1,7.264885902404785
N,6.585520267486572
NE,5.90615177154541
NE1,6.230164527893066
NE2,6.840799331665039
ND1,7.451435089111328
ND2,8.0620698928833
NZ,8.42410945892334
NH1,8.661993026733398
NH2,8.89980411529541
SD,9.137608528137207
SG,9.243306159973145
UNKNOWN,9.243306159973145
