atom_index,is_real_atom,atom_type_from_onehot,importance
0,1,CE2,6.819663047790527
1,1,CZ,6.819663047790527
2,1,CE1,6.971468448638916
3,1,CZ,7.292428016662598
4,1,CG,7.613389015197754
5,1,CG,7.9343485832214355
6,1,CD1,8.187264442443848
7,1,CD1,8.34579849243164
8,1,CD2,8.504331588745117
9,1,CD2,8.662864685058594
10,1,CD2,8.951761245727539
11,1,CA,9.467577934265137
12,1,O,9.983396530151367
13,1,CB,10.499215126037598
14,1,CG1,10.775256156921387
15,1,CG2,10.519614219665527
16,1,CA,10.263970375061035
17,1,C,10.008329391479492
18,1,O,9.608163833618164
19,1,CB,8.789642333984375
20,1,SG,7.971119403839111
21,1,N,7.152599334716797
22,1,CA,6.501579284667969
23,1,C,6.509397983551025
24,1,CB,6.517217636108398
25,1,CG,6.525036811828613
26,1,CD1,6.556522846221924
27,1,CD2,6.7235541343688965
28,1,CE1,6.890585422515869
29,1,CE2,7.057616233825684
30,1,CZ,7.255495071411133
31,1,CA,7.748616695404053
32,1,C,8.241740226745605
33,1,O,8.73486328125
34,1,CB,9.210160255432129
35,1,CG,9.263582229614258
36,1,CD2,9.317004203796387
37,1,CE2,9.370426177978516
38,1,N,9.423848152160645
39,1,CA,9.091917037963867
40,1,CB,8.754709243774414
41,1,SG,8.417499542236328
42,1,SG,8.080291748046875
