atom_index,is_real_atom,atom_type_from_onehot,importance
0,1,C,7.865028381347656
1,1,O,7.865028381347656
2,1,N,8.023147583007812
3,1,CA,8.35745620727539
4,1,C,8.691764831542969
5,1,O,9.02607250213623
6,1,CB,9.232422828674316
7,1,CG,9.261277198791504
8,1,SD,9.290132522583008
9,1,CB,9.318987846374512
10,1,CG1,9.333697319030762
11,1,CG2,9.323790550231934
12,1,CD1,9.313881874084473
13,1,CG,9.303971290588379
14,1,CD2,9.326798439025879
15,1,O,9.42221450805664
16,1,CB,9.517627716064453
17,1,OG1,9.613042831420898
18,1,CG2,9.651627540588379
19,1,CG2,9.525704383850098
20,1,C,9.3997802734375
21,1,O,9.273857116699219
22,1,CB,9.101916313171387
23,1,CG,8.748967170715332
24,1,N,8.396018981933594
25,1,CA,8.043069839477539
26,1,C,7.696570873260498
27,1,O,7.387007713317871
28,1,N,7.0774455070495605
29,1,CA,6.767884254455566
30,1,CB,6.480424880981445
31,1,CD1,6.404537200927734
32,1,OG,6.328649520874023
33,1,CG,6.252760410308838
34,1,CD1,6.168609142303467
35,1,CD2,5.888886451721191
