atom_type,importance
C,0.15741759538650513
CA,0.15741759538650513
CB,0.1712852269411087
CD,0.202488511800766
CD1,0.23369181156158447
CD2,0.2648949921131134
CE,0.2811300456523895
CE1,0.26742494106292725
CE2,0.2537197470664978
CE3,0.24001455307006836
CG,0.22584962844848633
CG1,0.2100759744644165
CG2,0.1943022757768631
CH2,0.1785285621881485
CZ,0.164219930768013
CZ2,0.16163136065006256
CZ3,0.1590428352355957
O,0.15645429491996765
OH,0.1538657397031784
OD1,0.14822402596473694
OD2,0.14258232712745667
OE1,0.1369406133890152
OE2,0.1312989741563797
OG,0.13614851236343384
OG1,0.14230960607528687
N,0.14847064018249512
NE,0.15463168919086456
NE1,0.16724087297916412
NE2,0.18169252574443817
ND1,0.19614413380622864
ND2,0.2105947732925415
NZ,0.2124122679233551
NH1,0.20791329443454742
NH2,0.2034141570329666
SD,0.19891516864299774
SG,0.196914941072464
UNKNOWN,0.196914941072464
