atom_index,is_real_atom,atom_type_from_onehot,importance
0,1,C,7.613040447235107
1,1,O,7.613040447235107
2,1,CG2,7.720429420471191
3,1,N,7.947482109069824
4,1,CA,8.17453384399414
5,1,CB,8.401586532592773
6,1,CG2,8.327164649963379
7,1,C,7.834571838378906
8,1,CB,7.341979026794434
9,1,OG1,6.849385738372803
10,1,CG2,6.50445032119751
11,1,N,6.416548728942871
12,1,CA,6.328645706176758
13,1,C,6.240743637084961
14,1,O,6.109945297241211
15,1,CB,5.884029388427734
16,1,CG,5.6581130027771
17,1,CD,5.432197570800781
18,1,CA,5.25006103515625
19,1,C,5.194653511047363
20,1,CB,5.13924503326416
21,1,CG1,5.08383846282959
22,1,CG2,5.011890888214111
23,1,N,4.874886989593506
24,1,CA,4.737882614135742
25,1,CB,4.600878715515137
26,1,CG,4.490685939788818
27,1,CD1,4.534046649932861
28,1,CD2,4.577407360076904
29,1,CE1,4.620768070220947
30,1,CE2,4.678231716156006
31,1,CZ,4.870670318603516
32,1,OH,5.063112735748291
33,1,CB,5.255553245544434
34,1,CG1,5.449730396270752
35,1,CG2,5.685033798217773
36,1,CD1,5.920336723327637
37,1,CA,6.155638694763184
38,1,CB,6.390942096710205
39,1,CG1,6.6867995262146
40,1,CG2,6.983485698699951
41,1,CD1,7.280172348022461
42,1,N,7.576858997344971
43,1,CD,8.041620254516602
44,1,CD2,8.518558502197266
45,1,CE2,8.995498657226562
46,1,CB,9.472436904907227
47,1,CG,9.183510780334473
48,1,OE1,8.788544654846191
49,1,CB,8.393576622009277
50,1,OG,7.99860954284668
51,1,SG,7.435915946960449
