atom_type,importance_sum
C,10.370377540588379
CA,10.370377540588379
CB,10.435187339782715
CD,10.580968856811523
CD1,10.726753234863281
CD2,10.872536659240723
CE,11.151960372924805
CE1,11.698589324951172
CE2,12.245291709899902
CE3,12.79191780090332
CG,13.197765350341797
CG1,13.110882759094238
CG2,13.024003982543945
CH2,12.937124252319336
CZ,12.900004386901855
CZ2,13.26098918914795
CZ3,13.621973037719727
O,13.98295783996582
OH,14.343941688537598
OD1,12.921043395996094
OD2,11.498144149780273
OE1,10.075248718261719
OE2,8.652347564697266
OG,8.201642990112305
OG1,7.872504711151123
N,7.5433244705200195
NE,7.214147567749023
NE1,7.339247226715088
NE2,7.59417724609375
ND1,7.84910774230957
ND2,8.104037284851074
NZ,8.408894538879395
NH1,8.738765716552734
NH2,9.068649291992188
SD,9.39845085144043
SG,9.545069694519043
UNKNOWN,9.545069694519043
