atom_type,importance_sum
C,1.6690194606781006
CA,1.6690194606781006
CB,2.1050827503204346
CD,3.0862340927124023
CD1,4.067387104034424
CD2,5.048564910888672
CE,5.851480960845947
CE1,6.29803991317749
CE2,6.744543552398682
CE3,7.191046237945557
CG,7.6299896240234375
CG1,8.042423248291016
CG2,8.454854011535645
CH2,8.86728572845459
CZ,9.189355850219727
CZ2,8.788519859313965
CZ3,8.387685775756836
O,7.986848831176758
OH,7.5860137939453125
OD1,6.235994815826416
OD2,4.885975360870361
OE1,3.535982847213745
OE2,2.1859607696533203
OG,1.8289248943328857
OG1,1.5960240364074707
N,1.3631236553192139
NE,1.1302233934402466
NE1,2.103473424911499
NE2,3.421314239501953
ND1,4.739154815673828
ND2,6.056995868682861
NZ,6.473771095275879
NH1,6.439903736114502
NH2,6.406093120574951
SD,6.372282028198242
SG,6.357218265533447
UNKNOWN,6.357218265533447
