atom_index,is_real_atom,atom_type_from_onehot,importance
0,1,CG2,9.606365203857422
1,1,O,9.606365203857422
2,1,OE1,9.560691833496094
3,1,C,9.464122772216797
4,1,O,9.367555618286133
5,1,CG2,9.270988464355469
6,1,N,9.280616760253906
7,1,CA,9.437551498413086
8,1,CB,9.594487190246582
9,1,OG,9.751420974731445
10,1,C,10.035151481628418
11,1,O,10.539603233337402
12,1,CB,11.044054985046387
13,1,CA,11.548506736755371
14,1,C,11.876895904541016
15,1,O,11.814892768859863
16,1,SD,11.752885818481445
17,1,CE,11.690879821777344
18,1,NE,11.488415718078613
19,1,CZ,10.879363059997559
20,1,NH1,10.27031135559082
21,1,NH2,9.661259651184082
22,1,CG2,9.073677062988281
23,1,CD1,8.570537567138672
24,1,CG,8.067394256591797
25,1,CD1,7.5642523765563965
26,1,CD2,7.117237567901611
27,1,CE1,6.991674423217773
28,1,CE2,6.866109848022461
29,1,CZ,6.740546703338623
30,1,OH,6.618982315063477
31,1,CD2,6.535696029663086
32,1,CE1,6.452410697937012
33,1,CE2,6.369124889373779
34,1,CZ,6.269765377044678
35,1,OH,5.790014266967773
