atom_type,importance_sum
C,8.770186424255371
CA,8.770186424255371
CB,8.90467643737793
CD,9.207281112670898
CD1,9.509925842285156
CD2,9.81251335144043
CE,9.972309112548828
CE1,9.846369743347168
CE2,9.720523834228516
CE3,9.59467601776123
CG,9.47292423248291
CG1,9.3657865524292
CG2,9.258651733398438
CH2,9.151514053344727
CZ,9.193434715270996
CZ2,10.427835464477539
CZ3,11.66224193572998
O,12.896650314331055
OH,14.131059646606445
OD1,14.305523872375488
OD2,14.479990005493164
OE1,14.654457092285156
OE2,14.828924179077148
OG,14.753012657165527
OG1,14.64579963684082
N,14.538591384887695
NE,14.431380271911621
NE1,14.187549591064453
NE2,13.904614448547363
ND1,13.62176513671875
ND2,13.338833808898926
NZ,13.097745895385742
NH1,12.877592086791992
NH2,12.6575288772583
SD,12.437373161315918
SG,12.339486122131348
UNKNOWN,12.339486122131348
