atom_index,is_real_atom,atom_type_from_onehot,importance
0,1,CE2,8.081380844116211
1,1,CZ,8.081380844116211
2,1,CE1,8.30462646484375
3,1,CZ,8.776628494262695
4,1,CD1,9.248634338378906
5,1,CD2,9.720637321472168
6,1,CD1,9.967833518981934
7,1,CA,9.903200149536133
8,1,O,9.838565826416016
9,1,CB,9.773934364318848
10,1,CG2,9.575577735900879
11,1,CD1,9.144454002380371
12,1,C,8.713326454162598
13,1,O,8.282198905944824
14,1,CB,7.847257137298584
15,1,SG,7.403861045837402
16,1,N,6.960463047027588
17,1,CA,6.51706600189209
18,1,C,6.147781848907471
19,1,CB,5.993037223815918
20,1,CG,5.838292121887207
21,1,CD1,5.68354606628418
22,1,CD2,5.598763465881348
23,1,CE1,5.7891621589660645
24,1,CE2,5.979560852050781
25,1,CZ,6.169959545135498
26,1,CA,6.364556789398193
27,1,C,6.583193778991699
28,1,O,6.80183219909668
29,1,CB,7.02047061920166
30,1,CG,7.211352348327637
31,1,CD2,7.136570930480957
32,1,CE2,7.061789035797119
33,1,N,6.987007141113281
34,1,CA,6.9040751457214355
35,1,CB,6.628273010253906
36,1,SG,6.352472305297852
