atom_index,is_real_atom,atom_type_from_onehot,importance
0,1,CE2,6.420487403869629
1,1,CZ,6.420487403869629
2,1,CE1,6.512923717498779
3,1,CZ,6.708363056182861
4,1,CG,6.9038004875183105
5,1,CD1,7.099238395690918
6,1,CD2,7.140999794006348
7,1,CG,6.969600677490234
8,1,CD1,6.7982001304626465
9,1,CD2,6.6267991065979
10,1,CA,6.540405750274658
11,1,C,6.60198450088501
12,1,O,6.663564682006836
13,1,CB,6.7251434326171875
14,1,CG1,6.736904144287109
15,1,CG2,6.638200759887695
16,1,CA,6.539496421813965
17,1,C,6.440791606903076
18,1,O,6.271777153015137
19,1,CB,5.89923095703125
20,1,SG,5.52668571472168
21,1,N,5.154139518737793
22,1,CA,4.863048553466797
23,1,C,4.892343521118164
24,1,CB,4.921638011932373
25,1,CG,4.950933456420898
26,1,CD1,4.983781337738037
27,1,CD2,5.036983489990234
28,1,CE1,5.090184211730957
29,1,CE2,5.14338493347168
30,1,CZ,5.2266926765441895
31,1,CA,5.598165512084961
32,1,C,5.969638347625732
33,1,O,6.341111183166504
34,1,CB,6.698890686035156
35,1,CG,6.732605934143066
36,1,CD1,6.766321182250977
37,1,CE1,6.800037384033203
38,1,N,6.8337531089782715
39,1,CA,6.682295322418213
40,1,CB,6.52830171585083
41,1,SG,6.3743062019348145
