atom_type,importance_sum
C,5.115782737731934
CA,5.115782737731934
CB,5.223995685577393
CD,5.467457294464111
CD1,5.710921287536621
CD2,5.954383373260498
CE,6.364218711853027
CE1,7.106753826141357
CE2,7.849290370941162
CE3,8.591784477233887
CG,9.1188325881958
CG1,8.891520500183105
CG2,8.66420841217041
CH2,8.436896324157715
CZ,8.304267883300781
CZ2,8.929104804992676
CZ3,9.553940773010254
O,10.178778648376465
OH,10.80361557006836
OD1,10.120369911193848
OD2,9.437129974365234
OE1,8.753885269165039
OE2,8.07064151763916
OG,7.901116371154785
OG1,7.795798301696777
N,7.69048547744751
NE,7.585170745849609
NE1,7.937739849090576
NE2,8.421195983886719
ND1,8.90456771850586
ND2,9.388021469116211
NZ,9.951780319213867
NH1,10.555817604064941
NH2,11.159764289855957
SD,11.763794898986816
SG,12.032236099243164
UNKNOWN,12.032236099243164
