atom_type,importance_sum
C,1.7942322492599487
CA,1.7942322492599487
CB,1.7430472373962402
CD,1.627881646156311
CD1,1.512719988822937
CD2,1.3975540399551392
CE,1.351261854171753
CE1,1.4427242279052734
CE2,1.534186840057373
CE3,1.6256450414657593
CG,2.1234328746795654
CG1,4.043334484100342
CG2,5.963242530822754
CH2,7.883147239685059
CZ,9.712655067443848
CZ2,10.818946838378906
CZ3,11.925230979919434
O,13.031523704528809
OH,14.137815475463867
OD1,11.565727233886719
OD2,8.99363899230957
OE1,6.421550273895264
OE2,3.849472999572754
OG,3.5097298622131348
OG1,3.449033498764038
N,3.388336420059204
NE,3.327639579772949
NE1,4.152059555053711
NE2,5.2293620109558105
ND1,6.3066630363464355
ND2,7.38395881652832
NZ,7.670590877532959
NH1,7.561890125274658
NH2,7.453185081481934
SD,7.344483375549316
SG,7.296176910400391
UNKNOWN,7.296176910400391
