atom_index,is_real_atom,atom_type_from_onehot,importance
0,1,CB,5.617372989654541
1,1,CG,5.617372989654541
2,1,CD2,5.465700149536133
3,1,CB,5.145020961761475
4,1,OG1,4.824342727661133
5,1,CG2,4.503663539886475
6,1,CD1,4.22379207611084
7,1,CE1,4.000520706176758
8,1,CZ,3.777250289916992
9,1,CB,3.5539801120758057
10,1,CG1,3.4391467571258545
11,1,CG2,3.5130765438079834
12,1,CD1,3.587005615234375
13,1,CG,3.6609344482421875
14,1,CD2,3.7508060932159424
15,1,CG,3.876028299331665
16,1,CD1,4.001250743865967
17,1,CD2,4.126472473144531
18,1,CB,4.130604267120361
19,1,CG1,3.784212589263916
20,1,CG2,3.437819719314575
21,1,CA,3.0914275646209717
22,1,O,2.8432300090789795
23,1,CB,2.9812629222869873
24,1,CG1,3.119295597076416
25,1,CG2,3.2573282718658447
26,1,CD1,3.3730409145355225
27,1,CG,3.3609187602996826
28,1,CD2,3.3487958908081055
29,1,CE2,3.3366732597351074
30,1,CE1,3.346665143966675
31,1,CA,3.5683178901672363
32,1,CB,3.789971351623535
33,1,CG1,4.011623382568359
34,1,CG2,4.228354454040527
35,1,CB,4.328575611114502
36,1,CG,4.42879581451416
37,1,CD2,4.529017925262451
38,1,CE2,4.629239559173584
39,1,CA,4.620758056640625
40,1,O,4.610788345336914
41,1,CG1,4.600817680358887
42,1,CG2,4.590848445892334
43,1,CD1,4.571268081665039
44,1,C,4.550992965698242
45,1,O,4.530717372894287
46,1,CB,4.510442733764648
47,1,CG1,4.295144557952881
48,1,CG2,4.052844524383545
49,1,CD1,3.81054425239563
50,1,N,3.5682432651519775
51,1,CA,3.3800766468048096
52,1,CB,3.203447103500366
53,1,CB,3.026817560195923
54,1,CG,2.850187301635742
55,1,CD1,2.7144241333007812
56,1,CD2,2.590850353240967
57,1,CE1,2.4672763347625732
58,1,CE2,2.3437016010284424
59,1,CZ,2.2936060428619385
