atom_type,importance
C,0.08435133099555969
CA,0.08435133099555969
CB,0.09235188364982605
CD,0.11035249382257462
CD1,0.1283530592918396
CD2,0.14635494351387024
CE,0.16211912035942078
CE1,0.17341294884681702
CE2,0.18470549583435059
CE3,0.19599805772304535
CG,0.20454572141170502
CG1,0.20347991585731506
CG2,0.20241408050060272
CH2,0.2013482004404068
CZ,0.19883988797664642
CZ2,0.184791699051857
CZ3,0.17074355483055115
O,0.1566954106092453
OH,0.14264725148677826
OD1,0.1386367678642273
OD2,0.13462628424167633
OE1,0.13061583042144775
OE2,0.1266053169965744
OG,0.1235765814781189
OG1,0.12067058682441711
N,0.11776456236839294
NE,0.11485855281352997
NE1,0.1115877777338028
NE2,0.10821346193552017
ND1,0.10483906418085098
ND2,0.10146464407444
NZ,0.09851503372192383
NH1,0.0957784429192543
NH2,0.09304118901491165
SD,0.09030460566282272
SG,0.08908771723508835
UNKNOWN,0.08908771723508835
