atom_index,is_real_atom,atom_type_from_onehot,importance
0,1,C,6.923033237457275
1,1,O,6.923033237457275
2,1,N,7.0263166427612305
3,1,CA,7.244688034057617
4,1,CB,7.463057994842529
5,1,C,7.681427955627441
6,1,O,7.515708923339844
7,1,CB,6.817219257354736
8,1,N,6.118731498718262
9,1,CA,5.420243263244629
10,1,CB,5.0223517417907715
11,1,CG,5.14771842956543
12,1,CD1,5.2730865478515625
13,1,CD2,5.398454666137695
14,1,CE1,5.616060733795166
15,1,CE2,6.038192272186279
16,1,CZ,6.460323333740234
17,1,CD1,6.882456302642822
18,1,CB,7.27104377746582
19,1,CG1,7.562526702880859
20,1,CG2,7.854012489318848
21,1,CA,8.14549732208252
22,1,C,8.377589225769043
23,1,O,8.376066207885742
24,1,CB,8.374543190002441
25,1,OG,8.373019218444824
26,1,N,8.34975528717041
27,1,CA,8.201964378356934
28,1,C,8.054171562194824
29,1,CB,7.906379222869873
30,1,CB,7.7731499671936035
31,1,CG,7.779308795928955
32,1,CE1,7.785468101501465
33,1,CE2,7.791626930236816
34,1,CZ,7.7931599617004395
35,1,OH,7.6851983070373535
36,1,CD2,7.577237606048584
37,1,CA,7.469276428222656
38,1,C,7.3613152503967285
39,1,O,7.234393119812012
40,1,CB,7.107212066650391
41,1,CA,6.980030059814453
42,1,CB,6.852848052978516
43,1,CG,6.549344062805176
44,1,CD2,6.233063697814941
45,1,CE2,5.916783332824707
46,1,CA,5.6005024909973145
47,1,CB,5.2358832359313965
