atom_type,importance
C,0.11133632808923721
CA,0.11133632808923721
CB,0.11979205161333084
CD,0.1388167440891266
CD1,0.1578415185213089
CD2,0.17686761915683746
CE,0.18914005160331726
CE1,0.187909334897995
CE2,0.18667727708816528
CE3,0.1854465752840042
CG,0.1828826367855072
CG1,0.17565171420574188
CG2,0.16842074692249298
CH2,0.16118982434272766
CZ,0.15500962734222412
CZ2,0.1572352796792984
CZ3,0.1594608873128891
O,0.161686509847641
OH,0.16391216218471527
OD1,0.15631835162639618
OD2,0.1487244963645935
OE1,0.14113064110279083
OE2,0.13353680074214935
OG,0.12876470386981964
OG1,0.12434529513120651
N,0.11992594599723816
NE,0.11550655215978622
NE1,0.11606618016958237
NE2,0.11804893612861633
ND1,0.12003163993358612
ND2,0.12201442569494247
NZ,0.128946453332901
NH1,0.13835446536540985
NH2,0.14776121079921722
SD,0.1571691632270813
SG,0.16135035455226898
UNKNOWN,0.16135035455226898
