atom_type,importance_sum
C,8.564204216003418
CA,8.564204216003418
CB,8.882540702819824
CD,9.598806381225586
CD1,10.315011024475098
CD2,11.031259536743164
CE,11.534004211425781
CE1,11.609652519226074
CE2,11.685301780700684
CE3,11.760947227478027
CG,11.901448249816895
CG1,12.269198417663574
CG2,12.636948585510254
CH2,13.004700660705566
CZ,13.43562126159668
CZ2,14.37188720703125
CZ3,15.308148384094238
O,16.244409561157227
OH,17.180673599243164
OD1,17.456363677978516
OD2,17.732057571411133
OE1,18.00775146484375
OE2,18.28343963623047
OG,18.253271102905273
OG1,18.184865951538086
N,18.116464614868164
NE,18.048059463500977
NE1,17.826520919799805
NE2,17.561206817626953
ND1,17.295934677124023
ND2,17.03063201904297
NZ,16.504276275634766
NH1,15.847397804260254
NH2,15.190526962280273
SD,14.533652305603027
SG,14.241708755493164
UNKNOWN,14.241708755493164
