atom_index,is_real_atom,atom_type_from_onehot,importance
0,1,CE1,9.009989738464355
1,1,CD1,9.009989738464355
2,1,CB,9.323460578918457
3,1,CG1,9.98623275756836
4,1,CG2,10.649004936218262
5,1,CG,11.311775207519531
6,1,CD1,11.858449935913086
7,1,CD2,12.244091033935547
8,1,CA,12.629730224609375
9,1,O,13.015369415283203
10,1,CB,13.416006088256836
11,1,CG,13.842741966247559
12,1,CD,14.269479751586914
13,1,OE1,14.696215629577637
14,1,NE2,15.026756286621094
15,1,CA,15.143989562988281
16,1,C,15.261223793029785
17,1,O,15.378457069396973
18,1,CB,15.2346830368042
19,1,CG,14.335358619689941
20,1,ND2,13.436031341552734
21,1,N,12.53670883178711
22,1,CA,11.73351764678955
23,1,CG1,11.308452606201172
24,1,CD1,10.883386611938477
25,1,CB,10.458321571350098
26,1,CG1,10.004622459411621
27,1,CG2,9.386920928955078
28,1,CD1,8.769219398498535
29,1,CE1,8.151517868041992
30,1,CE2,7.59912633895874
31,1,CZ,7.671830177307129
32,1,CB,7.744533538818359
33,1,CG1,7.817237377166748
34,1,CG,7.877183437347412
35,1,CD1,7.6352152824401855
36,1,CD2,7.393247127532959
37,1,CD1,7.151278495788574
