atom_type,importance_sum
C,8.89773178100586
CA,8.89773178100586
CB,9.714272499084473
CD,11.551530838012695
CD1,13.388697624206543
CD2,15.22595500946045
CE,16.585729598999023
CE1,16.99048614501953
CE2,17.395328521728516
CE3,17.800161361694336
CG,18.160837173461914
CG1,18.366798400878906
CG2,18.572757720947266
CH2,18.778709411621094
CZ,18.975749969482422
CZ2,19.101476669311523
CZ3,19.227201461791992
O,19.35293197631836
OH,19.47865104675293
OD1,18.661426544189453
OD2,17.844175338745117
OE1,17.026912689208984
OE2,16.20964813232422
OG,15.676125526428223
OG1,15.178065299987793
N,14.680004119873047
NE,14.181946754455566
NE1,13.976252555847168
NE2,13.854109764099121
ND1,13.731963157653809
ND2,13.609819412231445
NZ,13.743236541748047
NH1,14.00442886352539
NH2,14.26571273803711
SD,14.52690601348877
SG,14.64297866821289
UNKNOWN,14.64297866821289
