atom_type,importance_sum
C,8.903870582580566
CA,8.903870582580566
CB,9.731870651245117
CD,11.594820022583008
CD1,13.457756042480469
CD2,15.320693016052246
CE,16.46607208251953
CE1,16.176258087158203
CE2,15.886444091796875
CE3,15.596624374389648
CG,15.426492691040039
CG1,15.675155639648438
CG2,15.923827171325684
CH2,16.172489166259766
CZ,16.344545364379883
CZ2,15.903688430786133
CZ3,15.462836265563965
O,15.021981239318848
OH,14.58112621307373
OD1,13.860573768615723
OD2,13.140021324157715
OE1,12.41946792602539
OE2,11.6989164352417
OG,11.767498016357422
OG1,11.934724807739258
N,12.101946830749512
NE,12.269171714782715
NE1,12.486607551574707
NE2,12.718341827392578
ND1,12.950078010559082
ND2,13.18191146850586
NZ,13.177489280700684
NH1,13.055137634277344
NH2,12.932782173156738
SD,12.810425758361816
SG,12.755983352661133
UNKNOWN,12.755983352661133
