atom_index,is_real_atom,atom_type_from_onehot,importance
0,1,CB,7.549516677856445
1,1,CG,7.549516677856445
2,1,OD1,7.125613212585449
3,1,OD2,6.229357719421387
4,1,CA,5.333103656768799
5,1,O,4.4368486404418945
6,1,CB,3.91763973236084
7,1,CG,3.92143177986145
8,1,CD,3.9252238273620605
9,1,CE,3.929015636444092
10,1,CA,3.775646924972534
11,1,C,3.348703145980835
12,1,O,2.9217584133148193
13,1,CB,2.494814872741699
14,1,CG,2.1712536811828613
15,1,CD1,2.0769336223602295
16,1,N,1.9826133251190186
17,1,CA,1.8882931470870972
18,1,CG,1.8662614822387695
19,1,CD1,2.053483724594116
20,1,CD2,2.2407066822052
21,1,NE1,2.427928924560547
22,1,CE2,2.5504019260406494
23,1,CE3,2.4181931018829346
24,1,CZ2,2.2859833240509033
25,1,CZ3,2.1537740230560303
26,1,CH2,2.0186314582824707
27,1,N,1.8666915893554688
28,1,CA,1.7147512435913086
29,1,C,1.5628113746643066
30,1,O,1.4217396974563599
31,1,N,1.3846948146820068
32,1,CA,1.347650170326233
33,1,CG,1.310605764389038
34,1,CD1,1.2768560647964478
35,1,CD2,1.3210903406143188
36,1,CA,1.3653242588043213
37,1,C,1.4095585346221924
38,1,O,1.4537928104400635
39,1,CB,1.5777219533920288
40,1,N,1.7027424573898315
41,1,CA,1.8277631998062134
42,1,CB,1.9527840614318848
43,1,OH,1.987330436706543
44,1,C,2.0153207778930664
45,1,O,2.043311357498169
46,1,CB,2.0713016986846924
47,1,CG1,1.9895315170288086
48,1,CG2,1.8925644159317017
49,1,CD1,1.7955968379974365
50,1,N,1.6986291408538818
51,1,CA,1.6814295053482056
52,1,C,1.6812294721603394
53,1,O,1.6810290813446045
54,1,CB,1.6808289289474487
55,1,CG1,1.8325812816619873
56,1,CG2,2.029651641845703
57,1,CB,2.2267231941223145
58,1,N,2.4237940311431885
59,1,CA,2.666158676147461
60,1,CB,2.92646861076355
61,1,CG,3.186779022216797
62,1,CD,3.4470901489257812
63,1,NE,3.476729154586792
64,1,CZ,3.388678789138794
65,1,NH1,3.300628662109375
66,1,NH2,3.212578296661377
67,1,O,3.168123722076416
68,1,CG,3.1517632007598877
69,1,CD,3.1354031562805176
70,1,CB,3.119042158126831
71,1,CG1,3.088127613067627
72,1,CG2,3.0454986095428467
73,1,O,3.002869129180908
74,1,CG1,2.960239887237549
75,1,CA,2.96771502494812
76,1,CG,3.0252959728240967
77,1,CD2,3.0828757286071777
78,1,C,3.140456199645996
79,1,O,3.049044132232666
80,1,CB,2.7725236415863037
81,1,CG1,2.4960007667541504
82,1,CG2,2.21947979927063
83,1,CD1,1.9440170526504517
