atom_type,importance_sum
C,4.008759498596191
CA,4.008759498596191
CB,4.197996139526367
CD,4.6238179206848145
CD1,5.049617767333984
CD2,5.47544002532959
CE,5.744624614715576
CE1,5.700512886047363
CE2,5.656426429748535
CE3,5.612316608428955
CG,5.630408763885498
CG1,5.866137504577637
CG2,6.101868152618408
CH2,6.337596893310547
CZ,6.537240028381348
CZ2,6.448193073272705
CZ3,6.359147548675537
O,6.27010440826416
OH,6.181060791015625
OD1,6.357779026031494
OD2,6.534500598907471
OE1,6.711216449737549
OE2,6.887936115264893
OG,6.773365497589111
OG1,6.6223835945129395
N,6.471401691436768
NE,6.320420742034912
NE1,7.04032564163208
NE2,8.009053230285645
ND1,8.977753639221191
ND2,9.946480751037598
NZ,9.846447944641113
NH1,9.211945533752441
NH2,8.57749080657959
SD,7.943032741546631
SG,7.661052703857422
UNKNOWN,7.661052703857422
