atom_type,importance
C,0.08824268728494644
CA,0.08824268728494644
CB,0.09680040180683136
CD,0.11605514585971832
CD1,0.13531067967414856
CD2,0.1545652449131012
CE,0.1674935519695282
CE1,0.1677669733762741
CE2,0.16804039478302002
CE3,0.16831497848033905
CG,0.1669633388519287
CG1,0.15992535650730133
CG2,0.15288732945919037
CH2,0.14584936201572418
CZ,0.14085212349891663
CZ2,0.1521807461977005
CZ3,0.16350935399532318
O,0.17483800649642944
OH,0.18616659939289093
OD1,0.20325937867164612
OD2,0.22035206854343414
OE1,0.23744483292102814
OE2,0.25453752279281616
OG,0.2536916136741638
OG1,0.25060325860977173
N,0.24751493334770203
NE,0.24442657828330994
NE1,0.2369042932987213
NE2,0.22811418771743774
ND1,0.21932421624660492
ND2,0.21053415536880493
NZ,0.20063146948814392
NH1,0.19017089903354645
NH2,0.17971019446849823
SD,0.16924963891506195
SG,0.1646009236574173
UNKNOWN,0.1646009236574173
