atom_type,importance
C,0.0650273859500885
CA,0.0650273859500885
CB,0.06877855211496353
CD,0.07721772789955139
CD1,0.08565746247768402
CD2,0.09409664571285248
CE,0.10020764172077179
CE1,0.1016617864370346
CE2,0.1031164824962616
CE3,0.10457063466310501
CG,0.10724212974309921
CG1,0.11417300999164581
CG2,0.1211039125919342
CH2,0.128034770488739
CZ,0.13568006455898285
CZ2,0.14904014766216278
CZ3,0.1624002605676651
O,0.17576034367084503
OH,0.18912042677402496
OD1,0.18831540644168854
OD2,0.18751035630702972
OE1,0.18670527637004852
OE2,0.18590028584003448
OG,0.182023823261261
OG1,0.1777634173631668
N,0.17350302636623383
NE,0.16924263536930084
NE1,0.18474382162094116
NE2,0.20589026808738708
ND1,0.22703783214092255
ND2,0.2481844127178192
NZ,0.24667492508888245
NH1,0.23383745551109314
NH2,0.22100003063678741
SD,0.20816253125667572
SG,0.20245695114135742
UNKNOWN,0.20245695114135742
