atom_index,is_real_atom,atom_type_from_onehot,importance
0,1,CB,7.338515758514404
1,1,CG,7.338515758514404
2,1,CD1,7.437675476074219
3,1,CD2,7.647327423095703
4,1,NE1,7.85698127746582
5,1,CE2,8.066632270812988
6,1,CE3,8.241551399230957
7,1,CZ2,8.368293762207031
8,1,CZ3,8.495036125183105
9,1,CH2,8.621777534484863
10,1,C,8.652456283569336
11,1,CG2,8.515914916992188
12,1,N,8.379373550415039
13,1,CA,8.24283218383789
14,1,CB,8.055717468261719
15,1,CG,7.756464958190918
16,1,CD1,7.457210540771484
17,1,CD2,7.157956123352051
18,1,CA,6.742398738861084
19,1,C,5.990178108215332
20,1,CB,5.2379560470581055
