atom_type,importance_sum
C,2.686852216720581
CA,2.686852216720581
CB,3.0648016929626465
CD,3.9151978492736816
CD1,4.765593528747559
CD2,5.61601448059082
CE,6.208671569824219
CE1,6.285796165466309
CE2,6.362977027893066
CE3,6.440155982971191
CG,6.568413257598877
CG1,6.875583171844482
CG2,7.182751655578613
CH2,7.489922046661377
CZ,7.812873363494873
CZ2,8.2620210647583
CZ3,8.711225509643555
O,9.160428047180176
OH,9.609630584716797
OD1,7.862607479095459
OD2,6.115528583526611
OE1,4.3684492111206055
OE2,2.6213717460632324
OG,2.487854480743408
OG1,2.5560333728790283
N,2.6242120265960693
NE,2.6923909187316895
NE1,3.388439178466797
NE2,4.263876914978027
ND1,5.139313697814941
ND2,6.014750003814697
NZ,6.122349739074707
NH1,5.846086502075195
NH2,5.569821357727051
SD,5.293564319610596
SG,5.170804977416992
UNKNOWN,5.170804977416992
