atom_index,is_real_atom,atom_type_from_onehot,importance
0,1,CG1,8.008503913879395
1,1,CD1,8.008503913879395
2,1,CE1,8.303529739379883
3,1,CE2,8.927297592163086
4,1,CZ,9.551065444946289
5,1,CA,10.174832344055176
6,1,O,10.442343711853027
7,1,CB,10.215692520141602
8,1,CA,9.989042282104492
9,1,C,9.762391090393066
10,1,O,9.62819766998291
11,1,CB,9.654939651489258
12,1,CG,9.681683540344238
13,1,SD,9.708425521850586
14,1,CE,9.635382652282715
15,1,N,9.341072082519531
16,1,CA,9.046760559082031
17,1,CB,8.752448081970215
18,1,CG,8.417572021484375
19,1,CD1,7.965272426605225
20,1,CD2,7.512970924377441
21,1,CD1,7.060672283172607
22,1,CE,6.572902202606201
