atom_type,importance_sum
C,5.878528594970703
CA,5.878528594970703
CB,6.200566291809082
CD,6.925127029418945
CD1,7.649686336517334
CD2,8.374298095703125
CE,9.012110710144043
CE1,9.476334571838379
CE2,9.940656661987305
CE3,10.404878616333008
CG,10.575088500976562
CG1,9.716004371643066
CG2,8.856913566589355
CH2,7.997829437255859
CZ,7.217466354370117
CZ2,7.066904544830322
CZ3,6.91633939743042
O,6.765777587890625
OH,6.615212440490723
OD1,6.189974784851074
OD2,5.764737129211426
OE1,5.339498996734619
OE2,4.914261341094971
OG,4.866920471191406
OG1,4.866816520690918
N,4.8667144775390625
NE,4.866608619689941
NE1,4.6701741218566895
NE2,4.417664527893066
ND1,4.165155410766602
ND2,3.9126222133636475
NZ,4.550600528717041
NH1,5.633810043334961
NH2,6.717020034790039
SD,7.800280570983887
SG,8.281699180603027
UNKNOWN,8.281699180603027
