atom_type,importance_sum
C,1.184278130531311
CA,1.184278130531311
CB,1.36715567111969
CD,1.778625249862671
CD1,2.190094232559204
CD2,2.601557493209839
CE,2.831620454788208
CE1,2.6988298892974854
CE2,2.566054582595825
CE3,2.4332785606384277
CG,2.7197396755218506
CG1,4.473573207855225
CG2,6.227397918701172
CH2,7.9812164306640625
CZ,9.826689720153809
CZ2,12.405369758605957
CZ3,14.984055519104004
O,17.562744140625
OH,20.141427993774414
OD1,17.732486724853516
OD2,15.323540687561035
OE1,12.91459846496582
OE2,10.505655288696289
OG,9.23013687133789
OG1,8.096291542053223
N,6.962452411651611
NE,5.828607559204102
NE1,5.385168075561523
NE2,5.1389875411987305
ND1,4.892776966094971
ND2,4.646597862243652
NZ,5.387436866760254
NH1,6.621773719787598
NH2,7.856135845184326
SD,9.090474128723145
SG,9.63907527923584
UNKNOWN,9.63907527923584
