atom_index,is_real_atom,atom_type_from_onehot,importance
0,1,CA,9.153875350952148
1,1,C,9.153875350952148
2,1,O,8.966401100158691
3,1,CB,8.570026397705078
4,1,CG,8.173650741577148
5,1,N,7.777275562286377
6,1,CA,7.670018672943115
7,1,CG2,7.9637980461120605
8,1,CA,8.257576942443848
9,1,C,8.55135726928711
10,1,O,8.850259780883789
11,1,CB,9.15808391571045
12,1,CG,9.46590805053711
13,1,CD,9.77373218536377
14,1,NE,9.897056579589844
15,1,CZ,9.611274719238281
16,1,NH1,9.32548999786377
17,1,NH2,9.039706230163574
18,1,CA,8.693949699401855
19,1,C,8.174591064453125
20,1,O,7.655231475830078
21,1,CB,7.1358723640441895
22,1,CG,6.643791675567627
23,1,CD,6.259009838104248
24,1,N,5.874227046966553
25,1,CA,5.489445209503174
26,1,C,5.139634132385254
27,1,O,4.990118026733398
28,1,CB,4.840599536895752
29,1,CG,4.69108247756958
30,1,CD1,4.566799163818359
31,1,CE1,4.684050559997559
32,1,CB,4.801300525665283
33,1,CA,4.918550491333008
34,1,C,5.046064853668213
35,1,O,5.416477680206299
36,1,CB,5.786889553070068
37,1,CG1,6.1573028564453125
38,1,CG2,6.527714252471924
39,1,CA,6.592313289642334
40,1,C,6.652721881866455
41,1,O,6.713130950927734
42,1,CB,6.773539066314697
43,1,CG,6.539271831512451
44,1,CD2,6.283651351928711
45,1,N,6.028029918670654
46,1,CA,5.772409915924072
47,1,CB,5.644387722015381
48,1,CG,5.534032821655273
49,1,CD1,5.423676490783691
50,1,CG,5.313320636749268
51,1,CD1,5.506354808807373
52,1,CD2,5.764043807983398
53,1,CB,6.021734714508057
54,1,CG1,6.279425144195557
55,1,CG2,6.304495811462402
56,1,CD1,6.260189056396484
57,1,CA,6.215882778167725
58,1,C,6.171576023101807
59,1,O,5.979803085327148
60,1,CB,5.729599952697754
61,1,CG,5.479395389556885
62,1,CD1,5.22919225692749
63,1,CD2,5.03801155090332
64,1,N,4.8769426345825195
65,1,CA,4.715874195098877
66,1,O,4.554805755615234
67,1,CB,4.290919303894043
68,1,CG,3.9607691764831543
69,1,CD1,3.6306211948394775
70,1,CE1,3.3004727363586426
71,1,CB,3.177711009979248
72,1,CG,3.221872568130493
73,1,CD1,3.2660341262817383
74,1,CD2,3.310195207595825
75,1,CE1,3.4397003650665283
76,1,CE2,3.654550790786743
77,1,CZ,3.869399309158325
78,1,CE2,4.0842485427856445
79,1,CZ,4.0261149406433105
