atom_index,is_real_atom,atom_type_from_onehot,importance
0,1,O,6.637672424316406
1,1,C,6.637672424316406
2,1,O,6.773101329803467
3,1,N,7.059441566467285
4,1,CA,7.345780849456787
5,1,CB,7.632119178771973
6,1,OG,8.091052055358887
7,1,CA,8.789385795593262
8,1,C,9.48771858215332
9,1,CB,10.186054229736328
10,1,CG,10.549832344055176
11,1,CD2,10.3312349319458
12,1,N,10.112637519836426
13,1,CA,9.89404010772705
14,1,CE,9.633136749267578
15,1,OE1,9.27842903137207
16,1,NE1,8.923720359802246
17,1,CG2,8.569010734558105
18,1,CG,8.299866676330566
19,1,CD1,8.27840518951416
20,1,CD2,8.256941795349121
21,1,CE1,8.235480308532715
22,1,CE2,8.1351900100708
23,1,CZ,7.724847316741943
24,1,OH,7.314504623413086
25,1,CE1,6.904162406921387
26,1,CE2,6.467370986938477
27,1,CZ,5.879108428955078
28,1,OH,5.290844917297363
