atom_type,importance
C,0.14499948918819427
CA,0.14499948918819427
CB,0.1505548655986786
CD,0.16305673122406006
CD1,0.17555855214595795
CD2,0.18806041777133942
CE,0.19532456994056702
CE1,0.19211454689502716
CE2,0.18890327215194702
CE3,0.1856919676065445
CG,0.18430961668491364
CG1,0.18932537734508514
CG2,0.19434110820293427
CH2,0.199356809258461
CZ,0.20383155345916748
CZ2,0.2039780467748642
CZ3,0.2041245847940445
O,0.2042711079120636
OH,0.2044176161289215
OD1,0.19123971462249756
OD2,0.17806178331375122
OE1,0.16488386690616608
OE2,0.15170596539974213
OG,0.15111392736434937
OG1,0.15209512412548065
N,0.15307627618312836
NE,0.15405748784542084
NE1,0.1596524864435196
NE2,0.16656585037708282
ND1,0.17347927391529083
ND2,0.18039263784885406
NZ,0.18473373353481293
NH1,0.1877867877483368
NH2,0.19084103405475616
SD,0.19389404356479645
SG,0.1952512413263321
UNKNOWN,0.1952512413263321
