atom_type,importance_sum
C,2.603308916091919
CA,2.603308916091919
CB,2.748835802078247
CD,3.076347589492798
CD1,3.4038290977478027
CD2,3.7313103675842285
CE,3.8768160343170166
CE1,3.6583714485168457
CE2,3.439896583557129
CE3,3.221452236175537
CG,3.057453155517578
CG1,3.083918809890747
CG2,3.110384464263916
CH2,3.1368508338928223
CZ,3.1853106021881104
CZ2,3.4097211360931396
CZ3,3.6341323852539062
O,3.8585429191589355
OH,4.08292293548584
OD1,3.3898937702178955
OD2,2.6968343257904053
OE1,2.0037591457366943
OE2,1.3106998205184937
OG,0.9800994396209717
OG1,0.6948062181472778
N,0.4095137417316437
NE,0.12422208487987518
NE1,0.055773813277482986
NE2,0.049280475825071335
ND1,0.04278702288866043
ND2,0.03629355505108833
NZ,0.5098615288734436
NH1,1.2234598398208618
NH2,1.9370585680007935
SD,2.6506507396698
SG,2.967806339263916
UNKNOWN,2.967806339263916
