atom_type,importance
C,0.05571400374174118
CA,0.05571400374174118
CB,0.06242593750357628
CD,0.07752776145935059
CD1,0.09262961149215698
CD2,0.10773145407438278
CE,0.11767340451478958
CE1,0.11729682981967926
CE2,0.11692142486572266
CE3,0.11654485017061234
CG,0.11718087643384933
CG1,0.12136352807283401
CG2,0.12554620206356049
CH2,0.12972886860370636
CZ,0.1345716416835785
CZ2,0.14469556510448456
CZ3,0.15481944382190704
O,0.16494330763816833
OH,0.17506718635559082
OD1,0.17121277749538422
OD2,0.16735835373401642
OE1,0.16350388526916504
OE2,0.15964943170547485
OG,0.1521299034357071
OG1,0.14415226876735687
N,0.13617463409900665
NE,0.12819701433181763
NE1,0.11970732361078262
NE2,0.11107102781534195
ND1,0.1024341732263565
ND2,0.09379788488149643
NZ,0.09250658005475998
NH1,0.09488718956708908
NH2,0.09726834297180176
SD,0.09964896738529205
SG,0.10070712864398956
UNKNOWN,0.10070712864398956
