atom_type,importance_sum
C,8.909467697143555
CA,8.909467697143555
CB,9.046783447265625
CD,9.35573959350586
CD1,9.664700508117676
CD2,9.973690032958984
CE,10.243619918823242
CE1,10.435519218444824
CE2,10.627325057983398
CE3,10.81922721862793
CG,11.154568672180176
CG1,11.99220085144043
CG2,12.829834938049316
CH2,13.667469024658203
CZ,14.350227355957031
CZ2,13.793986320495605
CZ3,13.237743377685547
O,12.681502342224121
OH,12.12525749206543
OD1,11.094478607177734
OD2,10.063701629638672
OE1,9.032922744750977
OE2,8.002144813537598
OG,7.279178619384766
OG1,6.5946879386901855
N,5.9101972579956055
NE,5.225708961486816
NE1,4.8601179122924805
NE2,4.585617542266846
ND1,4.311123847961426
ND2,4.036642551422119
NZ,4.358031749725342
NH1,4.977396011352539
NH2,5.596748352050781
SD,6.216096878051758
SG,6.4913716316223145
UNKNOWN,6.4913716316223145
