atom_type,importance_sum
C,5.355457305908203
CA,5.355457305908203
CB,6.412408351898193
CD,8.790583610534668
CD1,11.168671607971191
CD2,13.546846389770508
CE,14.781476974487305
CE1,13.729015350341797
CE2,12.676651954650879
CE3,11.62419319152832
CG,10.516059875488281
CG1,9.21292495727539
CG2,7.909790992736816
CH2,6.606655597686768
CZ,5.517436981201172
CZ2,6.139541149139404
CZ3,6.761641979217529
O,7.383744239807129
OH,8.00584602355957
OD1,7.877924919128418
OD2,7.750001907348633
OE1,7.622080326080322
OE2,7.494156360626221
OG,7.853921413421631
OG1,8.274649620056152
N,8.695375442504883
NE,9.116104125976562
NE1,9.041749000549316
NE2,8.82594108581543
ND1,8.610136032104492
ND2,8.394329071044922
NZ,8.145828247070312
NH1,7.8810272216796875
NH2,7.616173267364502
SD,7.3513617515563965
SG,7.2336745262146
UNKNOWN,7.2336745262146
