atom_type,importance
C,0.13364778459072113
CA,0.13364778459072113
CB,0.138019859790802
CD,0.1478557139635086
CD1,0.1576915681362152
CD2,0.16752740740776062
CE,0.17028403282165527
CE1,0.1588810533285141
CE2,0.14747799932956696
CE3,0.1360749751329422
CG,0.12998172640800476
CG1,0.1424749344587326
CG2,0.15496820211410522
CH2,0.16746143996715546
CZ,0.1805410385131836
CZ2,0.19831176102161407
CZ3,0.21608243882656097
O,0.23385322093963623
OH,0.2516239285469055
OD1,0.23248258233070374
OD2,0.21334126591682434
OE1,0.1941998451948166
OE2,0.175058513879776
OG,0.17637333273887634
OG1,0.18024522066116333
N,0.18411707878112793
NE,0.1879889816045761
NE1,0.18694186210632324
NE2,0.18449020385742188
ND1,0.18203730881214142
ND2,0.17958447337150574
NZ,0.17937132716178894
NH1,0.18027682602405548
NH2,0.18118353188037872
SD,0.18208900094032288
SG,0.18249188363552094
UNKNOWN,0.18249188363552094
