atom_type,importance_sum
C,2.4912850856781006
CA,2.4912850856781006
CB,2.5559587478637695
CD,2.701450824737549
CD1,2.8469531536102295
CD2,2.9924449920654297
CE,3.5109267234802246
CE1,4.775353908538818
CE2,6.0397796630859375
CE3,7.304206371307373
CG,8.207270622253418
CG1,7.845643997192383
CG2,7.483996391296387
CH2,7.122349739074707
CZ,6.773768424987793
CZ2,6.529717922210693
CZ3,6.285666465759277
O,6.041614055633545
OH,5.7975616455078125
OD1,5.389997959136963
OD2,4.9824347496032715
OE1,4.574872016906738
OE2,4.1673078536987305
OG,4.435351371765137
OG1,4.787847995758057
N,5.140340805053711
NE,5.49283504486084
NE1,6.04317569732666
NE2,6.650064468383789
ND1,7.256953239440918
ND2,7.863841533660889
NZ,9.649323463439941
NH1,12.024057388305664
NH2,14.398836135864258
SD,16.773571014404297
SG,17.829008102416992
UNKNOWN,17.829008102416992
