atom_index,is_real_atom,atom_type_from_onehot,importance
0,1,CG,8.635693550109863
1,1,CD2,8.635693550109863
2,1,CG,8.718679428100586
3,1,CD2,8.894135475158691
4,1,CE1,9.069591522216797
5,1,NE2,9.245048522949219
6,1,CB,9.39535903930664
7,1,CG1,9.510788917541504
8,1,CG2,9.626220703125
9,1,CG,9.741653442382812
10,1,CD2,9.909187316894531
11,1,CA,10.167413711547852
12,1,C,10.425642967224121
13,1,O,10.683871269226074
14,1,CB,10.837605476379395
15,1,CG1,10.759642601013184
16,1,CG2,10.681679725646973
17,1,N,10.603714942932129
18,1,CA,10.51637077331543
19,1,CB,10.401874542236328
20,1,CG,10.287375450134277
21,1,CD2,10.172880172729492
22,1,CG2,9.99539566040039
23,1,CD1,9.570165634155273
24,1,ND2,9.144936561584473
25,1,CB,8.719705581665039
26,1,CG,8.293054580688477
27,1,CD1,7.858275413513184
28,1,CD2,7.423495769500732
29,1,NE1,6.988715171813965
30,1,CE2,6.576889991760254
31,1,CE3,6.384771823883057
32,1,CZ2,6.192653179168701
33,1,CZ3,6.000534534454346
34,1,CH2,5.81496000289917
35,1,CD2,5.784267425537109
36,1,CE1,5.753575325012207
37,1,CE2,5.722882270812988
38,1,CZ,5.692190170288086
