atom_index,is_real_atom,atom_type_from_onehot,importance
0,1,NE,8.978948593139648
1,1,CZ,8.978948593139648
2,1,NH1,9.163453102111816
3,1,NH2,9.553546905517578
4,1,CE3,9.943642616271973
5,1,CZ3,10.333738327026367
6,1,CH2,10.507375717163086
7,1,CB,10.38076400756836
8,1,CG1,10.254151344299316
9,1,CD1,10.127541542053223
10,1,CA,9.951070785522461
11,1,CB,9.687811851501465
12,1,OG,9.424551010131836
13,1,CB,9.161291122436523
14,1,CG,8.96800708770752
15,1,CD1,8.929891586303711
16,1,CD2,8.891773223876953
17,1,CE1,8.853656768798828
18,1,CE2,8.884328842163086
19,1,CZ,9.114133834838867
20,1,OH,9.343941688537598
21,1,CA,9.573746681213379
22,1,CB,9.944750785827637
23,1,CG2,10.871131896972656
24,1,CB,11.797516822814941
25,1,CG,12.723899841308594
26,1,CD2,13.49905776977539
27,1,CE2,13.408123970031738
28,1,OH,13.31718635559082
29,1,CA,13.226249694824219
30,1,C,13.144329071044922
31,1,O,13.148695945739746
32,1,CB,13.153063774108887
33,1,CG,13.157431602478027
34,1,OE1,13.15105152130127
35,1,N,12.890378952026367
36,1,CA,12.629705429077148
37,1,CG,12.369032859802246
38,1,CD,12.108359336853027
39,1,CA,11.607287406921387
40,1,CB,11.102927207946777
41,1,CB,10.598560333251953
42,1,CG,10.094198226928711
43,1,CD2,8.967838287353516
44,1,CE2,7.796414375305176
