atom_type,importance_sum
C,12.259927749633789
CA,12.259927749633789
CB,12.901938438415527
CD,14.346396446228027
CD1,15.790776252746582
CD2,17.235309600830078
CE,18.156564712524414
CE1,18.031536102294922
CE2,17.906517028808594
CE3,17.781496047973633
CG,17.84318733215332
CG1,18.558225631713867
CG2,19.273269653320312
CH2,19.988311767578125
CZ,20.626482009887695
CZ2,20.649686813354492
CZ3,20.672893524169922
O,20.69610595703125
OH,20.71930694580078
OD1,19.707305908203125
OD2,18.695308685302734
OE1,17.683303833007812
OE2,16.67133140563965
OG,15.956886291503906
OG1,15.27956771850586
N,14.602253913879395
NE,13.924936294555664
NE1,12.782417297363281
NE2,11.507054328918457
ND1,10.23169231414795
ND2,8.956243515014648
NZ,8.882054328918457
NH1,9.408424377441406
NH2,9.934835433959961
SD,10.46120548248291
SG,10.695160865783691
UNKNOWN,10.695160865783691
