atom_type,importance_sum
C,1.6296641826629639
CA,1.6296641826629639
CB,1.945752739906311
CD,2.6569645404815674
CD1,3.368152141571045
CD2,4.079362392425537
CE,4.657094478607178
CE1,4.967883110046387
CE2,5.278670787811279
CE3,5.589507102966309
CG,6.004079341888428
CG1,6.782040119171143
CG2,7.560001850128174
CH2,8.33800983428955
CZ,9.20131778717041
CZ2,10.747384071350098
CZ3,12.29344654083252
O,13.839513778686523
OH,15.385578155517578
OD1,12.734037399291992
OD2,10.082496643066406
OE1,7.430907249450684
OE2,4.779364585876465
OG,3.8570988178253174
OG1,3.150965452194214
N,2.444833278656006
NE,1.7387006282806396
NE1,2.9232707023620605
NE2,4.648082256317139
ND1,6.372869968414307
ND2,8.097612380981445
NZ,8.3733549118042
NH1,7.924509525299072
NH2,7.475709438323975
SD,7.026864051818848
SG,6.827394485473633
UNKNOWN,6.827394485473633
