atom_type,importance
C,0.14432725310325623
CA,0.14432725310325623
CB,0.15566836297512054
CD,0.18118558824062347
CD1,0.2067027986049652
CD2,0.2322208732366562
CE,0.2462269812822342
CE1,0.2372104376554489
CE2,0.22819364070892334
CE3,0.21917659044265747
CG,0.21246547996997833
CG1,0.2138233482837677
CG2,0.21518105268478394
CH2,0.21653877198696136
CZ,0.22005175054073334
CZ2,0.24080726504325867
CZ3,0.261563241481781
O,0.2823193669319153
OH,0.3030754327774048
OD1,0.2790973484516144
OD2,0.25511929392814636
OE1,0.23114114999771118
OE2,0.20716416835784912
OG,0.20021818578243256
OG1,0.19540120661258698
N,0.19058427214622498
NE,0.18576721847057343
NE1,0.1836952567100525
NE2,0.18240831792354584
ND1,0.1811213493347168
ND2,0.17983441054821014
NZ,0.18160101771354675
NH1,0.18489593267440796
NH2,0.18819092214107513
SD,0.19148588180541992
SG,0.19294971227645874
UNKNOWN,0.19294971227645874
