atom_index,is_real_atom,atom_type_from_onehot,importance
0,1,CE3,6.482409477233887
1,1,CZ2,6.482409477233887
2,1,CZ3,6.425606727600098
3,1,CH2,6.305509567260742
4,1,CG2,6.1854119300842285
5,1,CB,6.065315246582031
6,1,CD2,5.9481120109558105
7,1,CE2,5.834924221038818
8,1,CZ,5.72173547744751
9,1,OH,5.608547210693359
10,1,CA,5.547203063964844
11,1,C,5.57610559463501
12,1,O,5.605007171630859
13,1,CB,5.633909702301025
14,1,CG,5.6021575927734375
15,1,C,5.435915946960449
16,1,O,5.2696733474731445
17,1,CB,5.103431701660156
18,1,CG,4.917430877685547
19,1,CD1,4.6742353439331055
20,1,CD2,4.431039810180664
21,1,NE1,4.187844276428223
22,1,CE2,4.015565872192383
23,1,CE3,4.122223377227783
24,1,CZ2,4.228881359100342
25,1,CZ3,4.335538864135742
26,1,CH2,4.471344947814941
27,1,CD1,4.774084568023682
28,1,CE1,5.076826095581055
29,1,CE2,5.379566669464111
30,1,CZ,5.690789699554443
31,1,CD1,6.083197116851807
32,1,CD2,6.4756059646606445
33,1,CE1,6.868013858795166
34,1,CE2,7.240411758422852
35,1,CZ,7.13925313949585
36,1,O,7.038095474243164
37,1,CA,6.936935901641846
38,1,C,6.835777282714844
39,1,O,6.8060832023620605
40,1,CB,6.777368545532227
41,1,CG1,6.748653888702393
42,1,N,6.7199387550354
43,1,CA,6.293819427490234
44,1,C,5.838903903961182
45,1,O,5.38398551940918
46,1,N,4.929069519042969
47,1,CA,4.884918689727783
48,1,CB,4.897641181945801
49,1,CG,4.910366535186768
50,1,CD1,4.923089981079102
51,1,CD2,4.99021577835083
52,1,CE1,5.06893253326416
53,1,CE2,5.147652626037598
54,1,CZ,5.226370334625244
