atom_type,importance_sum
C,8.909643173217773
CA,8.909643173217773
CB,8.6575288772583
CD,8.090325355529785
CD1,7.523083209991455
CD2,6.955878257751465
CE,6.975245475769043
CE1,8.167746543884277
CE2,9.360217094421387
CE3,10.552793502807617
CG,11.41795825958252
CG1,11.13745403289795
CG2,10.856948852539062
CH2,10.576441764831543
CZ,10.451728820800781
CZ2,11.573331832885742
CZ3,12.694934844970703
O,13.816535949707031
OH,14.938139915466309
OD1,14.853490829467773
OD2,14.768838882446289
OE1,14.684185028076172
OE2,14.59953784942627
OG,14.106637001037598
OG1,13.562698364257812
N,13.018760681152344
NE,12.474827766418457
NE1,12.141336441040039
NE2,11.867937088012695
ND1,11.594613075256348
ND2,11.321290016174316
NZ,11.040385246276855
NH1,10.755800247192383
NH2,10.471216201782227
SD,10.186633110046387
SG,10.060142517089844
UNKNOWN,10.060142517089844
