atom_type,importance
C,0.11156050115823746
CA,0.11156050115823746
CB,0.11923818290233612
CD,0.13651350140571594
CD1,0.15378990769386292
CD2,0.17106525599956512
CE,0.18008778989315033
CE1,0.1726047843694687
CE2,0.16512180864810944
CE3,0.15763774514198303
CG,0.15081936120986938
CG1,0.14632482826709747
CG2,0.1418302208185196
CH2,0.1373356431722641
CZ,0.1354307383298874
CZ2,0.1542428582906723
CZ3,0.17305497825145721
O,0.1918671429157257
OH,0.2106793075799942
OD1,0.20918245613574982
OD2,0.20768561959266663
OE1,0.20618875324726105
OE2,0.20469197630882263
OG,0.20481684803962708
OG1,0.20514443516731262
N,0.20547205209732056
NE,0.2057996690273285
NE1,0.20803958177566528
NE2,0.21082721650600433
ND1,0.21361380815505981
ND2,0.21640042960643768
NZ,0.21066714823246002
NH1,0.20067404210567474
NH2,0.19068090617656708
SD,0.18068769574165344
SG,0.1762465238571167
UNKNOWN,0.1762465238571167
