atom_type,importance
C,0.06553041189908981
CA,0.06553041189908981
CB,0.07429998368024826
CD,0.09403065592050552
CD1,0.11376135796308517
CD2,0.13349269330501556
CE,0.1460556983947754
CE1,0.14428205788135529
CE2,0.14250844717025757
CE3,0.14073479175567627
CG,0.13994495570659637
CG1,0.14259697496891022
CG2,0.14524899423122406
CH2,0.1479010283946991
CZ,0.15086646378040314
CZ2,0.15633907914161682
CZ3,0.1618117094039917
O,0.16728433966636658
OH,0.17275696992874146
OD1,0.16739609837532043
OD2,0.16203521192073822
OE1,0.1566743105649948
OE2,0.1513134241104126
OG,0.14476870000362396
OG1,0.13807596266269684
N,0.13138322532176971
NE,0.12469051033258438
NE1,0.11400845646858215
NE2,0.10218625515699387
ND1,0.0903647169470787
ND2,0.07854253053665161
NZ,0.076859250664711
NH1,0.08024411648511887
NH2,0.08362963050603867
SD,0.08701515942811966
SG,0.08851952850818634
UNKNOWN,0.08851952850818634
