atom_index,is_real_atom,atom_type_from_onehot,importance
0,1,CB,8.599027633666992
1,1,OG1,8.599027633666992
2,1,CG2,8.707663536071777
3,1,CG,8.937348365783691
4,1,CD1,9.167033195495605
5,1,CD2,9.396719932556152
6,1,CD1,9.539861679077148
7,1,CB,9.562958717346191
8,1,CG2,9.58605670928955
9,1,CG,9.609152793884277
10,1,CD1,9.713783264160156
11,1,CD2,9.960339546203613
12,1,CA,10.206897735595703
13,1,CB,10.45345401763916
14,1,CG1,10.785140037536621
15,1,CB,11.305588722229004
16,1,N,11.826037406921387
17,1,CA,12.346485137939453
18,1,CB,12.738483428955078
19,1,CG2,12.758645057678223
20,1,CB,12.77880573272705
21,1,CD1,12.798966407775879
22,1,CD1,12.803902626037598
23,1,O,12.748942375183105
24,1,CG2,12.693984985351562
25,1,CA,12.63902759552002
26,1,C,12.530271530151367
27,1,O,12.113414764404297
28,1,CB,11.696554183959961
29,1,N,11.279695510864258
30,1,CA,10.826652526855469
31,1,CB,10.027263641357422
32,1,CG,9.227874755859375
33,1,CD,8.428483009338379
