atom_index,is_real_atom,atom_type_from_onehot,importance
0,1,ND1,8.130609512329102
1,1,CE1,8.130609512329102
2,1,CG1,8.370234489440918
3,1,CG2,8.876873016357422
4,1,CD1,9.383508682250977
5,1,CG,9.890148162841797
6,1,CD2,10.138155937194824
7,1,CG,10.027420043945312
8,1,OD1,9.916683197021484
9,1,ND2,9.80594539642334
10,1,CB,9.81535530090332
11,1,CG1,10.033905029296875
12,1,CG2,10.252455711364746
13,1,SG,10.471006393432617
14,1,CD1,10.580513954162598
15,1,CG1,10.448229789733887
16,1,CG2,10.315943717956543
17,1,CD1,10.183656692504883
18,1,ND2,10.02731704711914
19,1,CG,9.801347732543945
20,1,CD,9.57537841796875
21,1,CE,9.349408149719238
22,1,NZ,9.072505950927734
23,1,CG2,8.595257759094238
24,1,CG,8.118010520935059
25,1,CD1,7.640764236450195
26,1,CD2,7.200115203857422
27,1,NE1,6.969067096710205
28,1,CE2,6.738018989562988
29,1,CE3,6.506970405578613
30,1,CZ2,6.2628326416015625
31,1,CZ3,5.893410682678223
32,1,CH2,5.523987770080566
