atom_type,importance
C,0.14642076194286346
CA,0.14642076194286346
CB,0.1607946902513504
CD,0.19313578307628632
CD1,0.22547578811645508
CD2,0.2578168511390686
CE,0.2723500430583954
CE1,0.2512718439102173
CE2,0.23019365966320038
CE3,0.20911341905593872
CG,0.1903069019317627
CG1,0.17945297062397003
CG2,0.1685989499092102
CH2,0.15774503350257874
CZ,0.14905673265457153
CZ2,0.15769433975219727
CZ3,0.16633185744285583
O,0.1749693751335144
OH,0.18360693752765656
OD1,0.17425298690795898
OD2,0.1648990362882614
OE1,0.15554505586624146
OE2,0.1461910754442215
OG,0.1399216651916504
OG1,0.13403776288032532
N,0.12815390527248383
NE,0.12227004766464233
NE1,0.12963031232357025
NE2,0.14077526330947876
ND1,0.15191924571990967
ND2,0.16306422650814056
NZ,0.164745032787323
NH1,0.16169476509094238
NH2,0.15864445269107819
SD,0.15559421479701996
SG,0.15423856675624847
UNKNOWN,0.15423856675624847
