atom_type,importance
C,0.1327555775642395
CA,0.1327555775642395
CB,0.13269656896591187
CD,0.13256490230560303
CD1,0.1324332356452942
CD2,0.13230259716510773
CE,0.13127270340919495
CE1,0.12844620645046234
CE2,0.1256207823753357
CE3,0.12279431521892548
CG,0.12303409725427628
CG1,0.13400143384933472
CG2,0.14496876299381256
CH2,0.1559360921382904
CZ,0.1689015030860901
CZ2,0.19785113632678986
CZ3,0.22679965198040009
O,0.255749374628067
OH,0.2846989333629608
OD1,0.2730870246887207
OD2,0.2614752948284149
OE1,0.24986335635185242
OE2,0.2382514923810959
OG,0.22074490785598755
OG1,0.20250245928764343
N,0.18425902724266052
NE,0.1660155951976776
NE1,0.16655731201171875
NE2,0.17246627807617188
ND1,0.17837519943714142
ND2,0.18428413569927216
NZ,0.1828535944223404
NH1,0.1777523010969162
NH2,0.17265209555625916
SD,0.16755187511444092
SG,0.1652844101190567
UNKNOWN,0.1652844101190567
