atom_index,is_real_atom,atom_type_from_onehot,importance
0,1,OG,5.46320915222168
1,1,CB,5.46320915222168
2,1,CG,5.623061656951904
3,1,CD1,5.9610395431518555
4,1,CD2,6.29901647567749
5,1,CE1,6.636992931365967
6,1,CE2,6.726912498474121
7,1,CZ,6.4727559089660645
8,1,CG,6.218598365783691
9,1,CD2,5.964440822601318
10,1,CB,5.894211292266846
11,1,OG1,6.144155502319336
12,1,CG2,6.394098281860352
13,1,CB,6.644042015075684
14,1,CG,6.846924781799316
15,1,CD1,6.945454120635986
16,1,CD2,7.043984413146973
17,1,CE1,7.142514228820801
18,1,CE2,7.247250080108643
19,1,CZ,7.3699493408203125
20,1,N,7.492648601531982
21,1,CA,7.615347862243652
22,1,O,7.7739577293396
23,1,CB,8.073811531066895
24,1,CG,8.373666763305664
25,1,CD2,8.67352294921875
26,1,CE2,8.90576171875
27,1,CG,8.750749588012695
28,1,CD,8.595736503601074
29,1,OE2,8.44072151184082
30,1,CG,8.256368637084961
31,1,CD2,7.791175842285156
32,1,CD2,7.325985431671143
