atom_type,importance
C,0.15165255963802338
CA,0.15165255963802338
CB,0.1528291255235672
CD,0.15547555685043335
CD1,0.158123180270195
CD2,0.16076958179473877
CE,0.1619599312543869
CE1,0.16023465991020203
CE2,0.15851059556007385
CE3,0.1567864567041397
CG,0.15972313284873962
CG1,0.1789710819721222
CG2,0.19821913540363312
CH2,0.21746714413166046
CZ,0.23384317755699158
CZ2,0.2272433489561081
CZ3,0.2206435203552246
O,0.21404363214969635
OH,0.20744375884532928
OD1,0.2017882913351059
OD2,0.1961328238248825
OE1,0.1904773712158203
OE2,0.1848219335079193
OG,0.17471303045749664
OG1,0.16404737532138824
N,0.153381809592247
NE,0.142716184258461
NE1,0.14467944204807281
NE2,0.15025126934051514
ND1,0.15582312643527985
ND2,0.16139495372772217
NZ,0.16932949423789978
NH1,0.17844602465629578
NH2,0.18756252527236938
SD,0.19668017327785492
SG,0.20073100924491882
UNKNOWN,0.20073100924491882
