atom_index,is_real_atom,atom_type_from_onehot,importance
0,1,CD2,8.519058227539062
1,1,CE3,8.519058227539062
2,1,CZ2,8.653729438781738
3,1,CZ3,8.938462257385254
4,1,CH2,9.223193168640137
5,1,CD2,9.507925033569336
6,1,CE2,9.777254104614258
7,1,CG,10.025219917297363
8,1,OD1,10.273185729980469
9,1,ND2,10.521151542663574
10,1,CD2,10.69789981842041
11,1,CE,10.750676155090332
12,1,NZ,10.803451538085938
13,1,O,10.856228828430176
14,1,CB,10.801234245300293
15,1,CG1,10.50727367401123
16,1,CG2,10.213311195373535
17,1,CD1,9.91934871673584
18,1,OG,9.601106643676758
19,1,N,9.212577819824219
20,1,CA,8.824048042297363
21,1,CB,8.435518264770508
22,1,CG1,8.08440113067627
23,1,CG2,7.880440711975098
24,1,C,7.676477909088135
25,1,CB,7.472517013549805
26,1,CG,7.285867214202881
27,1,CD1,7.198372840881348
28,1,CD2,7.110877513885498
29,1,NE1,7.023382663726807
30,1,CE2,6.924354553222656
31,1,CE3,6.714946269989014
32,1,CZ2,6.505537986755371
33,1,N,6.2961297035217285
34,1,CG,6.101980686187744
35,1,CD1,6.26896333694458
36,1,CB,6.435944080352783
37,1,CG1,6.602926254272461
38,1,CG2,6.769908428192139
