atom_index,is_real_atom,atom_type_from_onehot,importance
0,1,CG,9.589180946350098
1,1,CD2,9.589180946350098
2,1,CD1,9.817644119262695
3,1,CG,10.300670623779297
4,1,CD1,10.783699989318848
5,1,CD2,11.266728401184082
6,1,CB,11.552947044372559
7,1,CG1,11.566178321838379
8,1,N,11.579408645629883
9,1,CA,11.59263801574707
10,1,O,11.58468246459961
11,1,CB,11.539852142333984
12,1,CG,11.495019912719727
13,1,CD,11.450188636779785
14,1,CA,11.363027572631836
15,1,C,11.182011604309082
16,1,O,11.000993728637695
17,1,CB,10.819975852966309
18,1,N,10.70102596282959
19,1,CD1,10.761741638183594
20,1,CB,10.822457313537598
21,1,CG1,10.883172035217285
22,1,CG2,10.896660804748535
23,1,C,10.724396705627441
24,1,O,10.552130699157715
25,1,CG1,10.379866600036621
26,1,N,10.153514862060547
27,1,CA,9.617399215698242
28,1,CB,9.081284523010254
29,1,OG,8.54516887664795
