atom_index,is_real_atom,atom_type_from_onehot,importance
0,1,CG,10.232234001159668
1,1,CD2,10.232234001159668
2,1,O,10.233948707580566
3,1,CB,10.237573623657227
4,1,OG,10.241193771362305
5,1,N,10.244818687438965
6,1,CA,10.017577171325684
7,1,CB,9.470100402832031
8,1,CB,8.922623634338379
9,1,CG,8.375147819519043
10,1,CE1,8.004077911376953
11,1,CE2,7.940087795257568
12,1,CZ,7.876097679138184
13,1,OH,7.812107086181641
14,1,CG,7.877432346343994
15,1,CD1,8.229498863220215
16,1,CD2,8.581563949584961
17,1,O,8.933633804321289
18,1,CA,9.187819480895996
19,1,CB,9.158675193786621
20,1,OG1,9.12952995300293
21,1,CA,9.100383758544922
22,1,C,9.093079566955566
23,1,O,9.171679496765137
24,1,CD1,9.250276565551758
25,1,CE1,9.328875541687012
26,1,CZ,9.473443031311035
27,1,CA,9.995823860168457
28,1,CB,10.518209457397461
29,1,CB,11.040593147277832
30,1,CG2,11.509353637695312
31,1,CD,11.464855194091797
32,1,CE,11.420353889465332
33,1,NZ,11.3758544921875
34,1,C,11.32135009765625
35,1,O,11.0300874710083
36,1,CB,10.7388277053833
37,1,CG,10.447566986083984
38,1,CD2,10.156305313110352
39,1,CE2,9.645088195800781
40,1,N,9.130864143371582
41,1,CA,8.616636276245117
42,1,CG,8.10240650177002
43,1,CD1,8.052494049072266
44,1,CA,8.03622817993164
45,1,C,8.019962310791016
46,1,O,8.003695487976074
47,1,CB,7.85268497467041
48,1,N,7.68302059173584
49,1,CA,7.513354301452637
50,1,C,7.34368896484375
51,1,CB,7.102112293243408
52,1,CG,6.845211982727051
53,1,CD2,6.588310241699219
54,1,CE2,6.331409454345703
