atom_type,importance_sum
C,12.868490219116211
CA,12.868490219116211
CB,13.099344253540039
CD,13.618803977966309
CD1,14.138265609741211
CD2,14.65772819519043
CE,15.214051246643066
CE1,15.844101905822754
CE2,16.474212646484375
CE3,17.104238510131836
CG,17.67624282836914
CG1,18.04477882385254
CG2,18.41330909729004
CH2,18.78183937072754
CZ,19.15723991394043
CZ2,19.58768081665039
CZ3,20.01812171936035
O,20.448562622070312
OH,20.879009246826172
OD1,20.868349075317383
OD2,20.857696533203125
OE1,20.84705352783203
OE2,20.836395263671875
OG,20.406494140625
OG1,19.92418670654297
N,19.441871643066406
NE,18.959566116333008
NE1,18.455127716064453
NE2,17.944305419921875
ND1,17.43351936340332
ND2,16.922714233398438
NZ,16.453475952148438
NH1,16.00490951538086
NH2,15.556418418884277
SD,15.107851028442383
SG,14.908547401428223
UNKNOWN,14.908547401428223
