atom_type,importance
C,0.07845167070627213
CA,0.07845167070627213
CB,0.08396604657173157
CD,0.09637407213449478
CD1,0.10878174751996994
CD2,0.12118949741125107
CE,0.1409463882446289
CE1,0.1754017025232315
CE2,0.20985694229602814
CE3,0.2443123310804367
CG,0.27095893025398254
CG1,0.2702810764312744
CG2,0.2696031332015991
CH2,0.268925279378891
CZ,0.26785898208618164
CZ2,0.26368629932403564
CZ3,0.2595134973526001
O,0.2553408145904541
OH,0.2511681020259857
OD1,0.2413472980260849
OD2,0.23152650892734528
OE1,0.22170618176460266
OE2,0.2118857204914093
OG,0.22685572504997253
OG1,0.2449251264333725
N,0.2629944682121277
NE,0.2810640335083008
NE1,0.30018121004104614
NE2,0.3195972740650177
ND1,0.3390132784843445
ND2,0.35842928290367126
NZ,0.35911795496940613
NH1,0.35044220089912415
NH2,0.34176644682884216
SD,0.33309200406074524
SG,0.3292354643344879
UNKNOWN,0.3292354643344879
