atom_type,importance_sum
C,7.7511138916015625
CA,7.7511138916015625
CB,8.609288215637207
CD,10.540215492248535
CD1,12.471105575561523
CD2,14.402039527893066
CE,15.785026550292969
CE1,16.07217025756836
CE2,16.359317779541016
CE3,16.646501541137695
CG,16.241884231567383
CG1,13.416214942932129
CG2,10.590555191040039
CH2,7.764916896820068
CZ,5.489926815032959
CZ2,7.620242118835449
CZ3,9.750535011291504
O,11.880850791931152
OH,14.011167526245117
OD1,12.282280921936035
OD2,10.553398132324219
OE1,8.824515342712402
OE2,7.095647811889648
OG,9.865995407104492
OG1,13.198776245117188
N,16.531587600708008
NE,19.864370346069336
NE1,21.565404891967773
NE2,22.800268173217773
ND1,24.03514289855957
ND2,25.2700138092041
NZ,25.717323303222656
NH1,25.770875930786133
NH2,25.82435417175293
SD,25.877906799316406
SG,25.901735305786133
UNKNOWN,25.901735305786133
