atom_type,importance
C,0.09183845669031143
CA,0.09183845669031143
CB,0.098000168800354
CD,0.11186479032039642
CD1,0.12572845816612244
CD2,0.13959400355815887
CE,0.1474122554063797
CE1,0.1431414633989334
CE2,0.1388692557811737
CE3,0.1345985233783722
CG,0.1311333179473877
CG1,0.13049191236495972
CG2,0.12985049188137054
CH2,0.12920904159545898
CZ,0.12870734930038452
CZ2,0.129323348402977
CZ3,0.12993936240673065
O,0.13055536150932312
OH,0.1311713606119156
OD1,0.13004909455776215
OD2,0.1289268583059311
OE1,0.12780459225177765
OE2,0.12668238580226898
OG,0.12240836769342422
OG1,0.11774037778377533
N,0.11307241767644882
NE,0.10840445011854172
NE1,0.10989818722009659
NE2,0.1131531372666359
ND1,0.11640693992376328
ND2,0.11966213583946228
NZ,0.12613660097122192
NH1,0.13422001898288727
NH2,0.14230342209339142
SD,0.15038691461086273
SG,0.1539805382490158
UNKNOWN,0.1539805382490158
