atom_type,importance
C,0.11247725039720535
CA,0.11247725039720535
CB,0.12397472560405731
CD,0.14984174072742462
CD1,0.1757100224494934
CD2,0.20157836377620697
CE,0.21726621687412262
CE1,0.21259534358978271
CE2,0.20792549848556519
CE3,0.20325446128845215
CG,0.19589576125144958
CG1,0.17912903428077698
CG2,0.16236232221126556
CH2,0.14559568464756012
CZ,0.13176999986171722
CZ2,0.14147266745567322
CZ3,0.15117532014846802
O,0.16087797284126282
OH,0.17058056592941284
OD1,0.1649046689271927
OD2,0.15922874212265015
OE1,0.1535528004169464
OE2,0.1478768140077591
OG,0.1492319256067276
OG1,0.15146583318710327
N,0.15369977056980133
NE,0.15593373775482178
NE1,0.15960930287837982
NE2,0.16369536519050598
ND1,0.16778141260147095
ND2,0.1718674600124359
NZ,0.17573541402816772
NH1,0.17949368059635162
NH2,0.18325193226337433
SD,0.18701021373271942
SG,0.18868067860603333
UNKNOWN,0.18868067860603333
