atom_type,importance
C,0.07020782679319382
CA,0.07020782679319382
CB,0.0777398943901062
CD,0.09468663483858109
CD1,0.11163397133350372
CD2,0.128580704331398
CE,0.1427028328180313
CE1,0.15117578208446503
CE2,0.15964749455451965
CE3,0.16812042891979218
CG,0.17737945914268494
CG1,0.18939706683158875
CG2,0.20141476392745972
CH2,0.21343234181404114
CZ,0.22232350707054138
CZ2,0.20620253682136536
CZ3,0.19008155167102814
O,0.17396055161952972
OH,0.15783962607383728
OD1,0.14281420409679413
OD2,0.12778876721858978
OE1,0.11276333779096603
OE2,0.09773855656385422
OG,0.0931674987077713
OG1,0.08990328758955002
N,0.08663906157016754
NE,0.08337484300136566
NE1,0.08092951774597168
NE2,0.07871851325035095
ND1,0.07650689780712128
ND2,0.07429588586091995
NZ,0.07839000970125198
NH1,0.08563607186079025
NH2,0.09288212656974792
SD,0.10012821853160858
SG,0.1033492386341095
UNKNOWN,0.1033492386341095
