atom_type,importance
C,0.14305292069911957
CA,0.14305292069911957
CB,0.14979733526706696
CD,0.16497157514095306
CD1,0.18014667928218842
CD2,0.19532176852226257
CE,0.2049490511417389
CE1,0.20348232984542847
CE2,0.20201562345027924
CE3,0.2005489319562912
CG,0.2069961577653885
CG1,0.24114349484443665
CG2,0.27529090642929077
CH2,0.3094382584095001
CZ,0.34106385707855225
CZ2,0.35251548886299133
CZ3,0.36396700143814087
O,0.375418484210968
OH,0.3868700861930847
OD1,0.3746837079524994
OD2,0.3624974489212036
OE1,0.35031116008758545
OE2,0.3381249010562897
OG,0.3171669542789459
OG1,0.29511237144470215
N,0.2730579972267151
NE,0.25100359320640564
NE1,0.25453707575798035
NE2,0.2653801441192627
ND1,0.2762230336666107
ND2,0.2870679497718811
NZ,0.2872662842273712
NH1,0.2821451425552368
NH2,0.2770240306854248
SD,0.2719028890132904
SG,0.26962602138519287
UNKNOWN,0.26962605118751526
