atom_type,importance
C,0.1850743591785431
CA,0.1850743591785431
CB,0.1956266611814499
CD,0.21936924755573273
CD1,0.24311088025569916
CD2,0.2668536901473999
CE,0.2863394021987915
CE1,0.2973162829875946
CE2,0.30829179286956787
CE3,0.3192673921585083
CG,0.3305293619632721
CG1,0.3427940309047699
CG2,0.3550586402416229
CH2,0.3673234283924103
CZ,0.37503546476364136
CZ2,0.346328467130661
CZ3,0.31762149930000305
O,0.28891435265541077
OH,0.2602073550224304
OD1,0.2660199999809265
OD2,0.2718327045440674
OE1,0.27764543890953064
OE2,0.28345805406570435
OG,0.2694414556026459
OG1,0.252946138381958
N,0.23645098507404327
NE,0.21995559334754944
NE1,0.22874003648757935
NE2,0.2447470873594284
ND1,0.2607554495334625
ND2,0.2767625153064728
NZ,0.27173423767089844
NH1,0.25618717074394226
NH2,0.24063998460769653
SD,0.22509276866912842
SG,0.21818268299102783
UNKNOWN,0.21818268299102783
