atom_type,importance
C,0.06749561429023743
CA,0.06749561429023743
CB,0.07167688012123108
CD,0.08108332753181458
CD1,0.09049042314291
CD2,0.09989747405052185
CE,0.10461364686489105
CE1,0.09994872659444809
CE2,0.09528374671936035
CE3,0.09061881899833679
CG,0.08785879611968994
CG1,0.09176471084356308
CG2,0.09567063301801682
CH2,0.09957654029130936
CZ,0.10490021854639053
CZ2,0.12156607210636139
CZ3,0.13823194801807404
O,0.1548978090286255
OH,0.17156364023685455
OD1,0.17570604383945465
OD2,0.17984846234321594
OE1,0.18399085104465485
OE2,0.18813320994377136
OG,0.17638739943504333
OG1,0.16265545785427094
N,0.14892354607582092
NE,0.1351916342973709
NE1,0.12263906002044678
NE2,0.11042246222496033
ND1,0.0982065498828888
ND2,0.0859902948141098
NZ,0.08514619618654251
NH1,0.08998782187700272
NH2,0.09482942521572113
SD,0.09967104345560074
SG,0.10182281583547592
UNKNOWN,0.10182281583547592
