atom_type,importance_sum
C,4.783012866973877
CA,4.783012866973877
CB,5.253189563751221
CD,6.311006546020508
CD1,7.368823528289795
CD2,8.426651000976562
CE,9.244098663330078
CE1,9.580780982971191
CE2,9.917468070983887
CE3,10.254154205322266
CG,10.73304557800293
CG1,11.710075378417969
CG2,12.687105178833008
CH2,13.66413402557373
CZ,14.51640796661377
CZ2,14.370635032653809
CZ3,14.224857330322266
O,14.079085350036621
OH,13.933308601379395
OD1,12.319381713867188
OD2,10.705455780029297
OE1,9.091526985168457
OE2,7.477651119232178
OG,7.094693660736084
OG1,6.865606307983398
N,6.636519432067871
NE,6.407433032989502
NE1,6.729745864868164
NE2,7.209649562835693
ND1,7.689555644989014
ND2,8.169415473937988
NZ,8.60479736328125
NH1,9.017909049987793
NH2,9.431061744689941
SD,9.844171524047852
SG,10.0277738571167
UNKNOWN,10.0277738571167
