atom_type,importance_sum
C,14.848811149597168
CA,14.848811149597168
CB,15.624061584472656
CD,17.36844253540039
CD1,19.112747192382812
CD2,20.85721206665039
CE,21.836015701293945
CE1,21.283668518066406
CE2,20.73131561279297
CE3,20.178974151611328
CG,19.650127410888672
CG1,19.203283309936523
CG2,18.75644874572754
CH2,18.309600830078125
CZ,17.984821319580078
CZ2,18.636491775512695
CZ3,19.28816032409668
O,19.939834594726562
OH,20.591503143310547
OD1,20.31702423095703
OD2,20.042556762695312
OE1,19.768083572387695
OE2,19.493616104125977
OG,19.003501892089844
OG1,18.48644256591797
N,17.969379425048828
NE,17.45231819152832
NE1,16.325098037719727
NE2,15.023483276367188
ND1,13.721952438354492
ND2,12.420421600341797
NZ,11.539308547973633
NH1,10.868363380432129
NH2,10.197413444519043
SD,9.52643871307373
SG,9.228252410888672
UNKNOWN,9.228252410888672
