atom_type,importance_sum
C,9.685748100280762
CA,9.685748100280762
CB,9.773223876953125
CD,9.96993350982666
CD1,10.166691780090332
CD2,10.363462448120117
CE,10.262946128845215
CE1,9.567851066589355
CE2,8.872784614562988
CE3,8.177717208862305
CG,7.8809404373168945
CG1,8.978167533874512
CG2,10.075394630432129
CH2,11.17261791229248
CZ,12.235318183898926
CZ2,13.021838188171387
CZ3,13.808359146118164
O,14.594882011413574
OH,15.381403923034668
OD1,14.937305450439453
OD2,14.493204116821289
OE1,14.049105644226074
OE2,13.60500717163086
OG,12.942267417907715
OG1,12.252199172973633
N,11.56213092803955
NE,10.872062683105469
NE1,10.568696975708008
NE2,10.37585735321045
ND1,10.183019638061523
ND2,9.990180969238281
NZ,10.14797592163086
NH1,10.48108196258545
NH2,10.814188003540039
SD,11.147293090820312
SG,11.295340538024902
UNKNOWN,11.295340538024902
