atom_type,importance
C,0.15102006494998932
CA,0.15102006494998932
CB,0.1583196073770523
CD,0.1747443974018097
CD1,0.1911691129207611
CD2,0.20759326219558716
CE,0.2200663685798645
CE1,0.22463567554950714
CE2,0.22920501232147217
CE3,0.23377405107021332
CG,0.23978909850120544
CG1,0.250865638256073
CG2,0.26194217801094055
CH2,0.27301883697509766
CZ,0.28160110116004944
CZ2,0.27022939920425415
CZ3,0.25885769724845886
O,0.24748606979846954
OH,0.23611439764499664
OD1,0.24969111382961273
OD2,0.26326778531074524
OE1,0.27684447169303894
OE2,0.2904212176799774
OG,0.2833394706249237
OG1,0.27367547154426575
N,0.2640114724636078
NE,0.25434738397598267
NE1,0.2673344910144806
NE2,0.28679272532463074
ND1,0.3062509596347809
ND2,0.3257092237472534
NZ,0.31962260603904724
NH1,0.3007615804672241
NH2,0.28190040588378906
SD,0.26303932070732117
SG,0.25465670228004456
UNKNOWN,0.25465670228004456
