atom_index,is_real_atom,atom_type_from_onehot,importance
0,1,CZ3,7.501949310302734
1,1,CH2,7.501949310302734
2,1,CG2,7.42506217956543
3,1,CE1,7.2625017166137695
4,1,CE2,7.099942207336426
5,1,CZ,6.937381267547607
6,1,OH,6.66201639175415
7,1,N,6.2301812171936035
8,1,CA,5.798346042633057
9,1,C,5.366512298583984
10,1,O,5.069561004638672
11,1,CB,5.007406234741211
12,1,CG,4.94525146484375
13,1,O,4.8830976486206055
14,1,CB,4.786525726318359
15,1,CG,4.613637924194336
16,1,CD1,4.4407501220703125
17,1,CD2,4.267862319946289
18,1,NE1,4.107785701751709
19,1,CE2,3.984792709350586
20,1,CE3,3.861799716949463
21,1,CZ2,3.73880672454834
22,1,CZ3,3.7133708000183105
23,1,CH2,4.071656703948975
24,1,CD1,4.429943084716797
25,1,CE1,4.788228988647461
26,1,CE2,5.128957748413086
27,1,CZ,5.369129180908203
28,1,CD2,5.609301567077637
29,1,CE1,5.84947395324707
30,1,CE2,6.05897855758667
31,1,CZ,5.974956035614014
32,1,CA,5.890934467315674
33,1,C,5.806912899017334
34,1,O,5.724730014801025
35,1,CG,5.686095714569092
36,1,CD1,5.6474609375
37,1,N,5.60882568359375
38,1,CA,5.570191860198975
39,1,C,5.526700973510742
40,1,O,5.4831438064575195
41,1,CB,5.439587116241455
42,1,CG1,5.396030426025391
43,1,CG2,5.194702625274658
44,1,N,4.9819440841674805
45,1,CA,4.769184112548828
46,1,CB,4.556424617767334
47,1,CG1,4.7251787185668945
48,1,CG2,4.946756362915039
49,1,CD1,5.168334484100342
