atom_index,is_real_atom,atom_type_from_onehot,importance
0,1,CG1,7.241307258605957
1,1,CD1,7.241307258605957
2,1,CA,6.933003902435303
3,1,CB,6.28116512298584
4,1,OG,5.629326820373535
5,1,C,4.977487564086914
6,1,O,4.459038734436035
7,1,CG,4.125612735748291
8,1,CD1,3.792186975479126
9,1,CD2,3.458760976791382
10,1,CE1,3.1785104274749756
11,1,CE2,2.9908227920532227
12,1,CZ,2.8031349182128906
13,1,O,2.6154472827911377
14,1,CB,2.55926775932312
15,1,CG,2.7946932315826416
16,1,CD1,3.030118703842163
17,1,CE1,3.2655441761016846
18,1,CZ,3.4903407096862793
19,1,CG,3.6843678951263428
20,1,CD1,3.8783953189849854
21,1,CD2,4.072422981262207
22,1,CA,4.229184150695801
23,1,CB,4.239360809326172
24,1,OG1,4.249537467956543
25,1,CG,4.259714126586914
26,1,CD1,4.233824729919434
27,1,CD2,4.001372337341309
28,1,NE1,3.768920421600342
29,1,CE2,3.536468267440796
30,1,CE3,3.3465278148651123
31,1,CZ2,3.563478708267212
32,1,CZ3,3.7804298400878906
33,1,CH2,3.9973809719085693
34,1,CD2,4.215113162994385
35,1,CE2,4.451315879821777
36,1,CZ,4.687518119812012
37,1,CA,4.923720359802246
38,1,O,5.159923553466797
39,1,CB,5.166940212249756
40,1,OG,5.170816421508789
41,1,C,5.174694061279297
42,1,O,5.1785712242126465
43,1,CG1,5.035592555999756
44,1,CG2,4.881972789764404
45,1,N,4.728353023529053
46,1,CA,4.574732303619385
47,1,C,4.597011089324951
48,1,O,4.643645286560059
49,1,CB,4.690279006958008
50,1,CG2,4.736912727355957
51,1,CA,4.694690227508545
52,1,C,4.6335320472717285
53,1,O,4.572373390197754
54,1,CB,4.511214733123779
55,1,OG,4.520374774932861
56,1,N,4.550505638122559
57,1,CA,4.580636501312256
58,1,C,4.6107683181762695
59,1,O,4.631596088409424
60,1,CB,4.648736953735352
61,1,OG1,4.665877342224121
62,1,CG2,4.683018684387207
63,1,CB,4.944618225097656
64,1,CG1,5.330938816070557
65,1,CG2,5.717260837554932
66,1,CD1,6.103583335876465
67,1,CZ,6.3420610427856445
68,1,OH,6.4852614402771
69,1,CB,6.628461837768555
70,1,CG1,6.771661758422852
71,1,CG2,6.754247188568115
72,1,C,6.60755729675293
73,1,O,6.4608659744262695
74,1,CB,6.314176082611084
75,1,OG,6.312679767608643
76,1,N,6.456376075744629
77,1,CA,6.60007381439209
78,1,CG,6.74376916885376
79,1,CD,6.809205055236816
80,1,NE2,6.777403831481934
81,1,C,6.745603561401367
82,1,O,6.713804244995117
83,1,SD,6.694288730621338
84,1,CE,6.693836688995361
85,1,N,6.693384647369385
86,1,CA,6.69293212890625
87,1,C,6.589784622192383
88,1,O,6.285354137420654
