atom_type,importance_sum
C,8.950458526611328
CA,8.950458526611328
CB,9.093994140625
CD,9.41691780090332
CD1,9.739840507507324
CD2,10.062758445739746
CE,10.504748344421387
CE1,11.1848726272583
CE2,11.86500072479248
CE3,12.545125961303711
CG,12.914212226867676
CG1,12.194632530212402
CG2,11.47504997253418
CH2,10.75546932220459
CZ,10.262044906616211
CZ2,11.577858924865723
CZ3,12.89367389678955
O,14.209486961364746
OH,15.525300979614258
OD1,15.636384010314941
OD2,15.747457504272461
OE1,15.858538627624512
OE2,15.96961784362793
OG,17.28653907775879
OG1,18.75423240661621
N,20.221923828125
NE,21.689626693725586
NE1,21.61761474609375
NE2,21.10565948486328
ND1,20.593778610229492
ND2,20.081817626953125
NZ,19.864892959594727
NH1,19.795398712158203
NH2,19.72599220275879
SD,19.656585693359375
SG,19.625680923461914
UNKNOWN,19.625680923461914
