atom_type,importance
C,0.14400315284729004
CA,0.14400315284729004
CB,0.15574319660663605
CD,0.18215824663639069
CD1,0.20857425034046173
CD2,0.23499025404453278
CE,0.25063034892082214
CE1,0.2447206825017929
CE2,0.23881098628044128
CE3,0.2329014092683792
CG,0.223987877368927
CG1,0.20456020534038544
CG2,0.18513354659080505
CH2,0.16570693254470825
CZ,0.14939133822917938
CZ2,0.15796369314193726
CZ3,0.16653603315353394
O,0.17510835826396942
OH,0.1836807280778885
OD1,0.1762792468070984
OD2,0.1688777357339859
OE1,0.161476269364357
OE2,0.15407481789588928
OG,0.1539887636899948
OG1,0.154817134141922
N,0.15564559400081635
NE,0.15647391974925995
NE1,0.16605661809444427
NE2,0.17813974618911743
ND1,0.1902228444814682
ND2,0.20230597257614136
NZ,0.20492906868457794
NH1,0.2028227150440216
NH2,0.20071522891521454
SD,0.198608860373497
SG,0.19767197966575623
UNKNOWN,0.19767197966575623
