atom_index,is_real_atom,atom_type_from_onehot,importance
0,1,CG2,7.380574703216553
1,1,CB,7.380574703216553
2,1,CG1,7.680511474609375
3,1,CG2,8.31466007232666
4,1,CD1,8.948810577392578
5,1,CG2,9.582962036132812
6,1,CD1,10.086605072021484
7,1,CA,10.409220695495605
8,1,CB,10.731839179992676
9,1,CG2,11.05445384979248
10,1,CD1,11.401010513305664
11,1,CG,11.789233207702637
12,1,CD2,12.177458763122559
13,1,SD,12.565683364868164
14,1,CE,12.730314254760742
15,1,CE1,12.399153709411621
16,1,CA,12.067994117736816
17,1,C,11.736830711364746
18,1,O,11.434444427490234
19,1,CB,11.215349197387695
20,1,CG,10.996253967285156
21,1,CD1,10.777159690856934
22,1,N,10.563200950622559
23,1,CA,10.369444847106934
24,1,C,10.175687789916992
25,1,O,9.981931686401367
26,1,N,9.815691947937012
27,1,CA,9.80704402923584
28,1,SG,9.798395156860352
29,1,CD1,9.789746284484863
30,1,CE1,9.709126472473145
31,1,CE2,8.939655303955078
32,1,CZ,8.170184135437012
33,1,OH,7.400714874267578
