atom_type,importance_sum
C,4.360762119293213
CA,4.360762119293213
CB,5.101086616516113
CD,6.766807556152344
CD1,8.432527542114258
CD2,10.098292350769043
CE,11.560956954956055
CE1,12.617691993713379
CE2,13.674336433410645
CE3,14.730979919433594
CG,15.600921630859375
CG1,15.817233085632324
CG2,16.033544540405273
CH2,16.249855041503906
CZ,16.48974609375
CZ2,16.918251037597656
CZ3,17.346757888793945
O,17.7752628326416
OH,18.203767776489258
OD1,16.303733825683594
OD2,14.403705596923828
OE1,12.50367546081543
OE2,10.603643417358398
OG,10.5475435256958
OG1,10.721938133239746
N,10.896330833435059
NE,11.070725440979004
NE1,10.717952728271484
NE2,10.21469783782959
ND1,9.711349487304688
ND2,9.208093643188477
NZ,9.728049278259277
NH1,10.759605407714844
NH2,11.791254997253418
SD,12.822809219360352
SG,13.28133487701416
UNKNOWN,13.28133487701416
