atom_type,importance
C,0.1668531447649002
CA,0.1668531447649002
CB,0.18066395819187164
CD,0.2117384374141693
CD1,0.24281282722949982
CD2,0.27388712763786316
CE,0.3011239171028137
CE1,0.3206847012042999
CE2,0.3402456045150757
CE3,0.35980644822120667
CG,0.38053470849990845
CG1,0.4053488075733185
CG2,0.4301629066467285
CH2,0.4549769461154938
CZ,0.4774186313152313
CZ2,0.4808783531188965
CZ3,0.48433828353881836
O,0.4877980053424835
OH,0.4912578761577606
OD1,0.4860777258872986
OD2,0.48089727759361267
OE1,0.4757169187068939
OE2,0.47053655982017517
OG,0.48302942514419556
OG1,0.49773141741752625
N,0.5124333500862122
NE,0.5271353125572205
NE1,0.5044786334037781
NE2,0.47114843130111694
ND1,0.4378182590007782
ND2,0.4044882357120514
NZ,0.3899502456188202
NH1,0.3848083019256592
NH2,0.37966659665107727
SD,0.37452468276023865
SG,0.37223923206329346
UNKNOWN,0.37223923206329346
