atom_index,is_real_atom,atom_type_from_onehot,importance
0,1,CD2,6.0472846031188965
1,1,CE3,6.0472846031188965
2,1,CZ2,6.067198276519775
3,1,CZ3,6.10930061340332
4,1,CH2,6.151402950286865
5,1,CB,6.193506717681885
6,1,CG2,6.165280342102051
7,1,CB,6.0395026206970215
8,1,CD2,5.913724422454834
9,1,CE2,5.787947177886963
10,1,CZ,5.650032043457031
11,1,OH,5.490990161895752
12,1,CA,5.331947326660156
13,1,C,5.172905921936035
14,1,O,5.08091926574707
15,1,CB,5.1376214027404785
16,1,CG,5.194323539733887
17,1,C,5.251025199890137
18,1,O,5.238266468048096
19,1,CB,5.0244340896606445
20,1,CG,4.810601711273193
21,1,CD1,4.596770286560059
22,1,CD2,4.392838954925537
23,1,NE1,4.227854251861572
24,1,CE2,4.062870025634766
25,1,CE3,3.897885322570801
26,1,CZ2,3.7970643043518066
27,1,CZ3,4.06372594833374
28,1,CH2,4.330389022827148
29,1,CD1,4.597050189971924
30,1,CD2,4.892293930053711
31,1,CE1,5.461093902587891
32,1,CE2,6.029896259307861
33,1,CZ,6.598697185516357
34,1,CD2,7.145141124725342
35,1,CE1,7.162464618682861
36,1,CE2,7.179787635803223
37,1,CZ,7.197110652923584
38,1,O,7.214433670043945
39,1,CA,6.978299140930176
40,1,C,6.738693714141846
41,1,O,6.499087333679199
42,1,CB,6.2594804763793945
43,1,CG1,6.022724151611328
44,1,N,5.786175727844238
45,1,N,5.549625396728516
46,1,CA,5.313075065612793
47,1,C,5.147635459899902
48,1,O,4.992042064666748
49,1,N,4.836446762084961
50,1,CA,4.68085241317749
51,1,CB,4.726390838623047
52,1,CG,4.814791679382324
53,1,CD1,4.903194427490234
54,1,CD2,4.991596221923828
55,1,CE1,4.840532302856445
56,1,CE2,4.618049621582031
57,1,CZ,4.395565986633301
