atom_type,importance_sum
C,9.68323040008545
CA,9.68323040008545
CB,9.414557456970215
CD,8.810002326965332
CD1,8.205451011657715
CD2,7.600896835327148
CE,7.503931522369385
CE1,8.42214584350586
CE2,9.340330123901367
CE3,10.258576393127441
CG,10.933772087097168
CG1,10.758503913879395
CG2,10.583237648010254
CH2,10.407967567443848
CZ,10.417759895324707
CZ2,11.908034324645996
CZ3,13.398303985595703
O,14.888579368591309
OH,16.37883186340332
OD1,15.75497817993164
OD2,15.131105422973633
OE1,14.507232666015625
OE2,13.883359909057617
OG,13.42866325378418
OG1,12.99511432647705
N,12.561561584472656
NE,12.12801456451416
NE1,12.059830665588379
NE2,12.09598159790039
ND1,12.132213592529297
ND2,12.168439865112305
NZ,11.980755805969238
NH1,11.681148529052734
NH2,11.381543159484863
SD,11.08200454711914
SG,10.948816299438477
UNKNOWN,10.948816299438477
