atom_index,is_real_atom,atom_type_from_onehot,importance
0,1,O,10.06743335723877
1,1,CB,10.06743335723877
2,1,CG,10.172745704650879
3,1,CD,10.395411491394043
4,1,OE1,10.61807632446289
5,1,OE2,10.840742111206055
6,1,CB,11.003698348999023
7,1,CB,11.083830833435059
8,1,CG,11.163966178894043
9,1,CD1,11.244099617004395
10,1,CD2,11.291958808898926
11,1,CE2,11.283635139465332
12,1,NH2,11.275311470031738
13,1,CE3,11.266986846923828
14,1,CZ3,11.241545677185059
15,1,CH2,11.17814826965332
16,1,C,11.114752769470215
17,1,O,11.051359176635742
18,1,CB,10.947415351867676
19,1,CG1,10.726097106933594
20,1,CG2,10.504779815673828
21,1,N,10.283462524414062
22,1,CA,9.978163719177246
23,1,C,9.342549324035645
24,1,O,8.706930160522461
25,1,CB,8.071313858032227
26,1,OG,7.5323076248168945
27,1,CB,7.5466132164001465
28,1,CG,7.560918807983398
29,1,CD1,7.575224876403809
30,1,CD2,7.6026763916015625
31,1,CE1,7.755948066711426
32,1,CE2,7.9092206954956055
33,1,CZ,8.062492370605469
34,1,OH,8.205042839050293
35,1,N,8.093855857849121
36,1,CA,7.982668399810791
37,1,CB,7.871479511260986
38,1,CG2,7.760292053222656
39,1,CD2,7.068871021270752
40,1,CE2,6.369503974914551
