atom_type,importance_sum
C,13.658076286315918
CA,13.658076286315918
CB,13.763805389404297
CD,14.001848220825195
CD1,14.23980712890625
CD2,14.477757453918457
CE,14.498661994934082
CE1,14.085373878479004
CE2,13.672089576721191
CE3,13.25879955291748
CG,13.005871772766113
CG1,13.3140230178833
CG2,13.622171401977539
CH2,13.930320739746094
CZ,14.270670890808105
CZ2,14.868597030639648
CZ3,15.466527938842773
O,16.064456939697266
OH,16.662384033203125
OD1,16.183507919311523
OD2,15.704634666442871
OE1,15.22575569152832
OE2,14.746880531311035
OG,14.532336235046387
OG1,14.350834846496582
N,14.169333457946777
NE,13.987825393676758
NE1,13.65369701385498
NE2,13.27602767944336
ND1,12.898269653320312
ND2,12.520598411560059
NZ,12.13971996307373
NH1,11.757187843322754
NH2,11.374746322631836
SD,10.992298126220703
SG,10.822272300720215
UNKNOWN,10.822272300720215
