atom_index,is_real_atom,atom_type_from_onehot,importance
0,1,CD1,9.798174858093262
1,1,CD2,9.798174858093262
2,1,CE1,10.213744163513184
3,1,CZ,11.09238052368164
4,1,CA,11.971016883850098
5,1,C,12.849650382995605
6,1,O,13.388287544250488
7,1,CB,13.455307960510254
8,1,CG,13.522331237792969
9,1,CD2,13.589350700378418
10,1,C,13.462357521057129
11,1,O,12.997632026672363
12,1,CB,12.532907485961914
13,1,CG2,12.068183898925781
14,1,N,11.511167526245117
15,1,CA,10.749499320983887
16,1,C,9.987828254699707
17,1,O,9.226164817810059
18,1,CB,8.562145233154297
19,1,CG,8.180795669555664
20,1,CD1,7.799445152282715
21,1,CE1,7.418096542358398
22,1,CB,7.166942596435547
23,1,CG,7.4278950691223145
24,1,CD1,7.68884801864624
25,1,CD2,7.949798107147217
26,1,CE1,8.08819580078125
27,1,CE2,7.524688243865967
28,1,CZ,6.961180210113525
29,1,OH,6.397672653198242
