atom_type,importance_sum
C,5.1119585037231445
CA,5.1119585037231445
CB,5.772708892822266
CD,7.259350299835205
CD1,8.745990753173828
CD2,10.232681274414062
CE,11.172264099121094
CE1,11.017935752868652
CE2,10.863508224487305
CE3,10.709177017211914
CG,10.684399604797363
CG1,11.1133451461792
CG2,11.542290687561035
CH2,11.971236228942871
CZ,12.554879188537598
CZ2,14.376069068908691
CZ3,16.19725799560547
O,18.018354415893555
OH,19.839550018310547
OD1,18.851911544799805
OD2,17.86427116394043
OE1,16.876678466796875
OE2,15.889093399047852
OG,14.88068962097168
OG1,13.869686126708984
N,12.858689308166504
NE,11.847692489624023
NE1,10.763530731201172
NE2,9.65850830078125
ND1,8.553394317626953
ND2,7.448373317718506
NZ,7.422144412994385
NH1,7.9353156089782715
NH2,8.448482513427734
SD,8.961662292480469
SG,9.18974494934082
UNKNOWN,9.18974494934082
