atom_type,importance_sum
C,7.790676593780518
CA,7.790676593780518
CB,8.007737159729004
CD,8.496097564697266
CD1,8.984447479248047
CD2,9.47279167175293
CE,9.795970916748047
CE1,9.788873672485352
CE2,9.781672477722168
CE3,9.774575233459473
CG,9.773835182189941
CG1,9.795124053955078
CG2,9.816411018371582
CH2,9.837697982788086
CZ,9.884452819824219
CZ2,10.134947776794434
CZ3,10.385442733764648
O,10.635934829711914
OH,10.886427879333496
OD1,10.4746675491333
OD2,10.062909126281738
OE1,9.651147842407227
OE2,9.239380836486816
OG,8.56444263458252
OG1,7.85661506652832
N,7.1488118171691895
NE,6.441007137298584
NE1,5.9256744384765625
NE2,5.465395450592041
ND1,5.005051136016846
ND2,4.544727325439453
NZ,4.639226913452148
NH1,5.011124610900879
NH2,5.383016109466553
SD,5.7549147605896
SG,5.920222282409668
UNKNOWN,5.920222282409668
