atom_index,is_real_atom,atom_type_from_onehot,importance
0,1,CA,7.635573387145996
1,1,C,7.635573387145996
2,1,O,7.789592266082764
3,1,CB,8.115232467651367
4,1,CD1,8.440873146057129
5,1,CA,8.766514778137207
6,1,C,8.88906478881836
7,1,O,8.729904174804688
8,1,CB,8.570743560791016
9,1,CD1,8.411584854125977
10,1,N,8.432415962219238
11,1,CA,8.766560554504395
12,1,C,9.1007080078125
13,1,CB,9.434853553771973
14,1,CG,9.606396675109863
15,1,CD,9.417384147644043
16,1,NE,9.228367805480957
17,1,CZ,9.03935432434082
18,1,NH1,8.915544509887695
19,1,CB,8.980483055114746
20,1,CG,9.045419692993164
21,1,CD1,9.110356330871582
22,1,CD2,9.118925094604492
23,1,CE1,8.905771255493164
24,1,CE2,8.69261646270752
25,1,CZ,8.479463577270508
26,1,O,8.324749946594238
27,1,OG1,8.504742622375488
28,1,CG2,8.684737205505371
29,1,CB,8.864730834960938
30,1,CG,8.992932319641113
31,1,CD1,8.625399589538574
32,1,CA,8.257868766784668
33,1,CB,7.890336513519287
