atom_type,importance_sum
C,7.496490955352783
CA,7.496490955352783
CB,7.911200046539307
CD,8.844239234924316
CD1,9.777371406555176
CD2,10.71041202545166
CE,11.421835899353027
CE1,11.689750671386719
CE2,11.957755088806152
CE3,12.22575855255127
CG,12.264404296875
CG1,11.500565528869629
CG2,10.736726760864258
CH2,9.972886085510254
CZ,9.309871673583984
CZ2,9.453446388244629
CZ3,9.59702205657959
O,9.740595817565918
OH,9.884172439575195
OD1,9.651156425476074
OD2,9.418147087097168
OE1,9.18513298034668
OE2,8.952122688293457
OG,9.005684852600098
OG1,9.095073699951172
N,9.18445873260498
NE,9.273848533630371
NE1,8.908761978149414
NE2,8.413809776306152
ND1,7.918909072875977
ND2,7.4239583015441895
NZ,7.534195899963379
NH1,7.947024345397949
NH2,8.359864234924316
SD,8.772684097290039
SG,8.956144332885742
UNKNOWN,8.956144332885742
