atom_index,is_real_atom,atom_type_from_onehot,importance
0,1,CG1,5.538271903991699
1,1,CG2,5.538271903991699
2,1,CB,5.682618618011475
3,1,CG,5.987809658050537
4,1,CD1,6.2930006980896
5,1,CG,6.598191738128662
6,1,CD2,6.640032768249512
7,1,CG1,6.316582679748535
8,1,CD1,5.993133068084717
9,1,CD2,5.669683456420898
10,1,CA,5.47788143157959
11,1,C,5.51524543762207
12,1,O,5.552608489990234
13,1,CB,5.589970588684082
14,1,CG,5.6050262451171875
15,1,CD1,5.570617198944092
16,1,CD2,5.5362067222595215
17,1,CE1,5.501796245574951
18,1,CE2,5.549377918243408
19,1,CZ,5.8343024253845215
20,1,OH,6.119227409362793
21,1,CA,6.404154300689697
22,1,C,6.661347389221191
23,1,CB,6.80946159362793
24,1,CD1,6.95757532119751
25,1,N,7.10568904876709
26,1,CA,7.17019510269165
27,1,CB,6.755859375
28,1,CG,6.341523170471191
29,1,CD1,5.927187919616699
30,1,CD2,5.537222385406494
31,1,CD2,5.3805251121521
32,1,CB,5.223826885223389
33,1,CG1,5.067130088806152
34,1,CG2,4.909012794494629
35,1,CD1,4.717292308807373
36,1,CG1,4.525572299957275
37,1,CG2,4.333852291107178
38,1,CD1,4.14213228225708
