atom_type,importance_sum
C,10.401105880737305
CA,10.401105880737305
CB,10.97995662689209
CD,12.28248405456543
CD1,13.585003852844238
CD2,14.887527465820312
CE,15.672802925109863
CE1,15.42357349395752
CE2,15.174347877502441
CE3,14.92512035369873
CG,14.732165336608887
CG1,14.736239433288574
CG2,14.740310668945312
CH2,14.744390487670898
CZ,14.857669830322266
CZ2,15.844585418701172
CZ3,16.83150863647461
O,17.81842803955078
OH,18.80534553527832
OD1,18.85216522216797
OD2,18.89898109436035
OE1,18.9457950592041
OE2,18.992612838745117
OG,18.928791046142578
OG1,18.851139068603516
N,18.773488998413086
NE,18.695833206176758
NE1,18.81283950805664
NE2,18.985292434692383
ND1,19.15791130065918
ND2,19.330530166625977
NZ,19.04135513305664
NH1,18.521453857421875
NH2,18.00143051147461
SD,17.481487274169922
SG,17.250396728515625
UNKNOWN,17.250396728515625
