atom_type,importance
C,0.09580224752426147
CA,0.09580224752426147
CB,0.09924910962581635
CD,0.10700371116399765
CD1,0.11475905030965805
CD2,0.12251362949609756
CE,0.12833963334560394
CE1,0.13030429184436798
CE2,0.13227032124996185
CE3,0.1342363804578781
CG,0.1374790221452713
CG1,0.14519602060317993
CG2,0.15291312336921692
CH2,0.16063015162944794
CZ,0.16717906296253204
CZ2,0.16438333690166473
CZ3,0.16158758103847504
O,0.15879185497760773
OH,0.15599609911441803
OD1,0.14549694955348969
OD2,0.13499779999256134
OE1,0.124498650431633
OE2,0.11399944126605988
OG,0.10401391983032227
OG1,0.0940917581319809
N,0.08416960388422012
NE,0.07424749433994293
NE1,0.07660651206970215
NE2,0.08247507363557816
ND1,0.08834297209978104
ND2,0.09421154856681824
NZ,0.09916545450687408
NH1,0.10366310924291611
NH2,0.10816075652837753
SD,0.1126582995057106
SG,0.11465723812580109
UNKNOWN,0.11465723812580109
