atom_type,importance
C,0.09490062296390533
CA,0.09490062296390533
CB,0.10141177475452423
CD,0.11606130003929138
CD1,0.13071079552173615
CD2,0.14535990357398987
CE,0.15011188387870789
CE1,0.13507108390331268
CE2,0.12002872675657272
CE3,0.10498788207769394
CG,0.09449360519647598
CG1,0.09991452842950821
CG2,0.10533545911312103
CH2,0.11075638979673386
CZ,0.11580651253461838
CZ2,0.11789039522409439
CZ3,0.1199742779135704
O,0.12205813080072403
OH,0.12414202094078064
OD1,0.1194770559668541
OD2,0.11481209099292755
OE1,0.1101471483707428
OE2,0.10548216849565506
OG,0.10834436118602753
OG1,0.11214745789766312
N,0.11595054715871811
NE,0.11975360661745071
NE1,0.11975979059934616
NE2,0.11868108063936234
ND1,0.1176023855805397
ND2,0.11652516573667526
NZ,0.1201627254486084
NH1,0.12615840137004852
NH2,0.13215409219264984
SD,0.13815121352672577
SG,0.14081548154354095
UNKNOWN,0.14081548154354095
