atom_index,is_real_atom,atom_type_from_onehot,importance
0,1,C,9.893183708190918
1,1,O,9.893183708190918
2,1,CG,10.071516036987305
3,1,CD1,10.448558807373047
4,1,CD2,10.825601577758789
5,1,CA,11.202644348144531
6,1,C,11.28475284576416
7,1,O,10.957761764526367
8,1,N,10.630767822265625
9,1,CB,10.303775787353516
10,1,CG2,10.085331916809082
11,1,CD1,10.055840492248535
12,1,CG,10.026348114013672
13,1,CD1,9.996857643127441
14,1,CD2,9.884720802307129
15,1,CB,9.58932876586914
16,1,CG1,9.293937683105469
17,1,CD1,8.998540878295898
18,1,CG1,8.643375396728516
19,1,CG2,8.115178108215332
20,1,CD1,7.586979866027832
21,1,CD2,7.05878210067749
22,1,CB,6.593482971191406
23,1,CG,6.37558650970459
24,1,CD1,6.157689571380615
25,1,CD2,5.939793586730957
26,1,CE1,5.711100101470947
27,1,CE2,5.42057466506958
28,1,CZ,5.130049705505371
29,1,CD1,4.839524269104004
30,1,CD1,4.592598915100098
