atom_index,is_real_atom,atom_type_from_onehot,importance
0,1,CA,7.527555465698242
1,1,C,7.527555465698242
2,1,O,7.138141632080078
3,1,CB,6.314809799194336
4,1,CG,5.491476058959961
5,1,CD2,4.668143272399902
6,1,N,4.272784233093262
7,1,CA,4.471063137054443
8,1,C,4.669342517852783
9,1,O,4.867622375488281
10,1,CB,5.024395942687988
11,1,CG,5.108920097351074
12,1,CD,5.19344425201416
13,1,NE,5.277967929840088
14,1,CZ,5.273433685302734
15,1,NH1,5.071422576904297
16,1,NH2,4.869411468505859
17,1,CA,4.667401313781738
18,1,CB,4.451212406158447
19,1,CG,4.193981170654297
20,1,CD,3.9367494583129883
21,1,N,3.6795175075531006
22,1,CA,3.442136287689209
23,1,O,3.282832145690918
24,1,CB,3.1235275268554688
25,1,CG,2.964223623275757
26,1,CD1,2.831123113632202
27,1,CE1,2.848099946975708
28,1,CB,2.8650760650634766
29,1,CD1,2.8820528984069824
30,1,CD2,2.8952066898345947
31,1,N,2.8717777729034424
32,1,CA,2.848348617553711
33,1,C,2.8249194622039795
34,1,O,2.8093490600585938
35,1,CB,2.979764938354492
36,1,CG1,3.1501805782318115
37,1,CG2,3.320596218109131
38,1,CA,3.4910123348236084
39,1,C,3.64083194732666
40,1,CB,3.7903690338134766
41,1,CG,3.9399073123931885
42,1,CD2,4.089445114135742
43,1,N,4.075526714324951
44,1,CA,4.049765586853027
45,1,CB,4.024003505706787
46,1,CG,3.998241901397705
47,1,CD1,4.032839298248291
48,1,CD2,4.075794696807861
49,1,CG,4.118749618530273
50,1,CB,4.161705017089844
51,1,CG1,4.135078430175781
52,1,CG2,4.09362268447876
53,1,CD1,4.052166938781738
54,1,CA,4.010711669921875
55,1,C,3.773982286453247
56,1,O,3.4790143966674805
57,1,CB,3.1840460300445557
58,1,CG,2.8890774250030518
59,1,CD1,2.7472667694091797
60,1,CD2,2.6661412715911865
61,1,N,2.585014820098877
62,1,CA,2.5038886070251465
63,1,O,2.389390707015991
64,1,CB,2.2578673362731934
65,1,CG,2.1263434886932373
66,1,CD1,1.9948196411132812
67,1,CE1,2.0566155910491943
68,1,CB,2.2429964542388916
69,1,CG,2.429375648498535
70,1,CD1,2.615755081176758
71,1,CD2,2.649998188018799
72,1,CE1,2.5617897510528564
73,1,CE2,2.473580837249756
74,1,CZ,2.3853724002838135
75,1,OH,2.169950485229492
76,1,CE2,1.8273108005523682
