atom_index,is_real_atom,atom_type_from_onehot,importance
0,1,CB,11.6470947265625
1,1,SD,11.6470947265625
2,1,CE,11.812053680419922
3,1,CG2,12.160826683044434
4,1,CD2,12.509600639343262
5,1,CE2,12.85837173461914
6,1,CG,12.968597412109375
7,1,OD1,12.747940063476562
8,1,CD2,12.527280807495117
9,1,CD1,12.306622505187988
10,1,CD2,12.137903213500977
11,1,CE2,12.059597969055176
12,1,CZ,11.981291770935059
13,1,OH,11.902987480163574
14,1,CA,11.965116500854492
15,1,O,12.338645935058594
16,1,CB,12.712172508239746
17,1,CG,13.085700988769531
18,1,CD,13.212702751159668
19,1,CE,12.626087188720703
20,1,NZ,12.039467811584473
21,1,CG2,11.452852249145508
22,1,CB,10.885540962219238
23,1,CG,10.394179344177246
24,1,CD1,9.902815818786621
25,1,CD2,9.411453247070312
26,1,NE1,8.917455673217773
27,1,CE2,8.408378601074219
28,1,CE3,7.899299144744873
29,1,CZ2,7.390221118927002
30,1,CZ3,6.880675792694092
31,1,CH2,6.366665363311768
