atom_type,importance
C,0.1722460389137268
CA,0.1722460389137268
CB,0.1802949160337448
CD,0.19840474426746368
CD1,0.21651463210582733
CD2,0.23462417721748352
CE,0.24318033456802368
CE1,0.23263071477413177
CE2,0.2220795899629593
CE3,0.21152926981449127
CG,0.20145921409130096
CG1,0.19307097792625427
CG2,0.18468278646469116
CH2,0.17629462480545044
CZ,0.17128479480743408
CZ2,0.19330185651779175
CZ3,0.2153187096118927
O,0.23733516037464142
OH,0.25935226678848267
OD1,0.27077823877334595
OD2,0.28220444917678833
OE1,0.2936305105686188
OE2,0.3050564229488373
OG,0.2984626591205597
OG1,0.28961634635925293
N,0.28077006340026855
NE,0.271923691034317
NE1,0.2950167953968048
NE2,0.3272349238395691
ND1,0.3594530522823334
ND2,0.3916712701320648
NZ,0.3895937204360962
NH1,0.3703690469264984
NH2,0.3511442542076111
SD,0.33191806077957153
SG,0.3233747184276581
UNKNOWN,0.3233747184276581
