atom_index,is_real_atom,atom_type_from_onehot,importance
0,1,CD,7.734303951263428
1,1,NH1,7.734303951263428
2,1,CB,7.878434181213379
3,1,CG1,8.18316650390625
4,1,CG2,8.487899780273438
5,1,CD1,8.792633056640625
6,1,N,9.053255081176758
7,1,CG,9.252689361572266
8,1,CD,9.45212459564209
9,1,CD1,9.651559829711914
10,1,CG,9.740903854370117
11,1,CD2,9.638615608215332
12,1,CB,9.536325454711914
13,1,OG,9.43403434753418
14,1,CD1,9.290458679199219
15,1,CB,9.055342674255371
16,1,CG1,8.820225715637207
17,1,CG2,8.585107803344727
18,1,CB,8.33117389678955
19,1,CG,8.022771835327148
20,1,CD2,7.714369773864746
21,1,CB,7.40596866607666
22,1,CG,7.088459014892578
23,1,CD1,6.735126972198486
24,1,CD2,6.3817949295043945
25,1,NE1,6.0284624099731445
26,1,CE2,5.669400691986084
27,1,CE3,5.277528285980225
28,1,CZ2,4.885654449462891
29,1,CZ3,4.493782043457031
30,1,CH2,4.1208882331848145
