atom_type,importance_sum
C,2.989312171936035
CA,2.989312171936035
CB,3.676344394683838
CD,5.222186088562012
CD1,6.76802396774292
CD2,8.31381607055664
CE,9.262786865234375
CE1,9.018011093139648
CE2,8.773335456848145
CE3,8.528559684753418
CG,8.678267478942871
CG1,10.208651542663574
CG2,11.739034652709961
CH2,13.269418716430664
CZ,14.499070167541504
CZ2,13.322871208190918
CZ3,12.146673202514648
O,10.970475196838379
OH,9.79427433013916
OD1,8.293371200561523
OD2,6.79246711730957
OE1,5.291563987731934
OE2,3.7906606197357178
OG,4.087714195251465
OG1,4.609513759613037
N,5.131309986114502
NE,5.653108596801758
NE1,5.973362922668457
NE2,6.235971450805664
ND1,6.498630523681641
ND2,6.7612409591674805
NZ,6.8840460777282715
NH1,6.936948776245117
NH2,6.989803314208984
SD,7.042705059051514
SG,7.066184997558594
UNKNOWN,7.066184997558594
