atom_index,is_real_atom,atom_type_from_onehot,importance
0,1,CB,8.6812162399292
1,1,CG1,8.6812162399292
2,1,CG2,9.052713394165039
3,1,CD1,9.838166236877441
4,1,CD2,10.623619079589844
5,1,CE2,11.409070014953613
6,1,CZ,11.743861198425293
7,1,CG,11.45354175567627
8,1,CD,11.16322135925293
9,1,NE2,10.87289810180664
10,1,CA,10.58484172821045
11,1,O,10.300727844238281
12,1,CB,10.016613006591797
13,1,CG1,9.732499122619629
14,1,CG2,9.474743843078613
15,1,CD1,9.275439262390137
16,1,CA,9.076131820678711
17,1,C,8.876827239990234
18,1,O,8.670537948608398
19,1,CB,8.444040298461914
20,1,CG,8.217540740966797
21,1,CD1,7.991041660308838
22,1,N,7.8159284591674805
23,1,CA,7.84293794631958
24,1,O,7.86994743347168
25,1,CB,7.896957874298096
26,1,CG1,7.875716209411621
27,1,CD1,7.578131198883057
28,1,CB,7.280546188354492
29,1,CG1,6.982961177825928
30,1,CG2,6.678475856781006
31,1,SG,6.307950019836426
