atom_type,importance_sum
C,8.06285572052002
CA,8.06285572052002
CB,8.25199031829834
CD,8.677651405334473
CD1,9.103217124938965
CD2,9.52878189086914
CE,9.800633430480957
CE1,9.76495361328125
CE2,9.729272842407227
CE3,9.693599700927734
CG,9.602285385131836
CG1,9.315991401672363
CG2,9.029696464538574
CH2,8.743401527404785
CZ,8.561277389526367
CZ2,9.212485313415527
CZ3,9.863691329956055
O,10.514900207519531
OH,11.166107177734375
OD1,10.457965850830078
OD2,9.749828338623047
OE1,9.041687965393066
OE2,8.333549499511719
OG,8.41373348236084
OG1,8.592456817626953
N,8.7711820602417
NE,8.949908256530762
NE1,8.851978302001953
NE2,8.675031661987305
ND1,8.498085021972656
ND2,8.321138381958008
NZ,8.498616218566895
NH1,8.853215217590332
NH2,9.207900047302246
SD,9.56250286102295
SG,9.720172882080078
UNKNOWN,9.720172882080078
