atom_type,importance
C,0.04146869480609894
CA,0.04146869480609894
CB,0.04676176235079765
CD,0.05867202207446098
CD1,0.07058189809322357
CD2,0.08249176293611526
CE,0.09005352854728699
CE1,0.08891677111387253
CE2,0.08778080344200134
CE3,0.08664404600858688
CG,0.08629460632801056
CG1,0.08870040625333786
CG2,0.09110622107982635
CH2,0.09351202100515366
CZ,0.09490109235048294
CZ2,0.08815648406744003
CZ3,0.08141184598207474
O,0.07466722279787064
OH,0.06792258471250534
OD1,0.05957518145442009
OD2,0.051228154450654984
OE1,0.04288074001669884
OE2,0.03453332558274269
OG,0.03564706817269325
OG1,0.037943460047245026
N,0.040239837020635605
NE,0.04253622144460678
NE1,0.04585518687963486
NE2,0.049466323107481
ND1,0.05307784304022789
ND2,0.05668896436691284
NZ,0.06807532906532288
NH1,0.08334986120462418
NH2,0.09862364828586578
SD,0.1138981282711029
SG,0.12068617343902588
UNKNOWN,0.12068617343902588
