atom_type,importance
C,0.10029657930135727
CA,0.10029657930135727
CB,0.10220097005367279
CD,0.10648598521947861
CD1,0.11077150702476501
CD2,0.11505677551031113
CE,0.11899054050445557
CE1,0.12222205847501755
CE2,0.12545356154441833
CE3,0.12868502736091614
CG,0.13580308854579926
CG1,0.15652261674404144
CG2,0.17724213004112244
CH2,0.19796161353588104
CZ,0.21794305741786957
CZ2,0.23201581835746765
CZ3,0.2460881620645523
O,0.260160356760025
OH,0.2742326855659485
OD1,0.2753678262233734
OD2,0.27650317549705505
OE1,0.27763843536376953
OE2,0.27877363562583923
OG,0.2587200999259949
OG1,0.23601806163787842
N,0.213314950466156
NE,0.19061283767223358
NE1,0.1776396483182907
NE2,0.16744720935821533
ND1,0.15725374221801758
ND2,0.14706024527549744
NZ,0.14086802303791046
NH1,0.13667498528957367
NH2,0.13248290121555328
SD,0.1282905638217926
SG,0.12642696499824524
UNKNOWN,0.12642696499824524
