atom_type,importance_sum
C,5.588957786560059
CA,5.588957786560059
CB,5.896604537963867
CD,6.588817119598389
CD1,7.280993938446045
CD2,7.973208427429199
CE,8.631985664367676
CE1,9.223949432373047
CE2,9.815892219543457
CE3,10.407879829406738
CG,11.215876579284668
CG1,12.780099868774414
CG2,14.344319343566895
CH2,15.90854549407959
CZ,17.423625946044922
CZ2,18.545244216918945
CZ3,19.666824340820312
O,20.788406372070312
OH,21.909990310668945
OD1,21.40298080444336
OD2,20.895971298217773
OE1,20.388967514038086
OE2,19.881959915161133
OG,19.248964309692383
OG1,18.6002140045166
N,17.951444625854492
NE,17.302675247192383
NE1,17.120803833007812
NE2,17.072399139404297
ND1,17.023948669433594
ND2,16.975500106811523
NZ,16.413436889648438
NH1,15.594497680664062
NH2,14.77556037902832
SD,13.95669937133789
SG,13.592689514160156
UNKNOWN,13.592689514160156
