atom_type,importance
C,0.13988327980041504
CA,0.13988327980041504
CB,0.1512606292963028
CD,0.1768592894077301
CD1,0.20245905220508575
CD2,0.2280588001012802
CE,0.24294382333755493
CE1,0.23640146851539612
CE2,0.2298612743616104
CE3,0.2233189195394516
CG,0.21525871753692627
CG1,0.20188069343566895
CG2,0.18850235641002655
CH2,0.17512403428554535
CZ,0.1647247076034546
CZ2,0.17815668880939484
CZ3,0.19158869981765747
O,0.20502068102359772
OH,0.21845179796218872
OD1,0.21272370219230652
OD2,0.20699478685855865
OE1,0.20126578211784363
OE2,0.195536807179451
OG,0.18849484622478485
OG1,0.18128877878189087
N,0.1740827113389969
NE,0.1668766289949417
NE1,0.1740398406982422
NE2,0.18530882894992828
ND1,0.1965789943933487
ND2,0.2078479528427124
NZ,0.20993085205554962
NH1,0.20742003619670868
NH2,0.20491038262844086
SD,0.2023995965719223
SG,0.20128333568572998
UNKNOWN,0.20128333568572998
