atom_index,is_real_atom,atom_type_from_onehot,importance
0,1,CZ,8.865474700927734
1,1,NH1,8.865474700927734
2,1,NH2,9.237858772277832
3,1,CB,10.025186538696289
4,1,CG1,10.812514305114746
5,1,CG,11.599842071533203
6,1,CD2,11.970340728759766
7,1,CB,11.762664794921875
8,1,CG1,11.554985046386719
9,1,CG2,11.347307205200195
10,1,CA,11.007462501525879
11,1,C,10.437555313110352
12,1,O,9.867644309997559
13,1,CB,9.297736167907715
14,1,CD2,8.779706001281738
15,1,N,8.376712799072266
16,1,CA,7.973719120025635
17,1,CB,7.570725917816162
18,1,CG,7.203195571899414
19,1,CD1,6.938323020935059
20,1,CD2,6.673450469970703
21,1,NE1,6.408578872680664
22,1,CE2,6.183793067932129
23,1,CE3,6.116680145263672
24,1,CZ2,6.049567699432373
25,1,CZ3,5.982455253601074
26,1,CH2,5.8785834312438965
