atom_type,importance
C,0.1259327530860901
CA,0.1259327530860901
CB,0.1331518590450287
CD,0.14939448237419128
CD1,0.16563765704631805
CD2,0.1818801313638687
CE,0.19411399960517883
CE1,0.19832928478717804
CE2,0.20254382491111755
CE3,0.20675911009311676
CG,0.21005608141422272
CG1,0.21013778448104858
CG2,0.21021950244903564
CH2,0.21030114591121674
CZ,0.20987370610237122
CZ2,0.20537319779396057
CZ3,0.20087279379367828
O,0.19637230038642883
OH,0.19187182188034058
OD1,0.20768482983112335
OD2,0.2234971672296524
OE1,0.23931017518043518
OE2,0.25512316823005676
OG,0.26462987065315247
OG1,0.27334845066070557
N,0.2820669412612915
NE,0.29078540205955505
NE1,0.2824208736419678
NE2,0.2691739797592163
ND1,0.25592827796936035
ND2,0.24268142879009247
NZ,0.22684864699840546
NH1,0.20972369611263275
NH2,0.19259804487228394
SD,0.17547239363193512
SG,0.16786134243011475
UNKNOWN,0.16786134243011475
