atom_type,importance
C,0.10861686617136002
CA,0.10861686617136002
CB,0.11258555203676224
CD,0.12151594460010529
CD1,0.13044503331184387
CD2,0.1393754631280899
CE,0.14236652851104736
CE1,0.13348285853862762
CE2,0.12459787726402283
CE3,0.11571288108825684
CG,0.10804534703493118
CG1,0.10463801771402359
CG2,0.101230688393116
CH2,0.0978233814239502
CZ,0.09723500907421112
CZ2,0.11919789761304855
CZ3,0.1411607414484024
O,0.16312362253665924
OH,0.1850864738225937
OD1,0.17661957442760468
OD2,0.16815267503261566
OE1,0.15968579053878784
OE2,0.15121889114379883
OG,0.15027965605258942
OG1,0.15028142929077148
N,0.15028315782546997
NE,0.15028496086597443
NE1,0.15989096462726593
NE2,0.17224079370498657
ND1,0.18459196388721466
ND2,0.19694183766841888
NZ,0.19973860681056976
NH1,0.19775940477848053
NH2,0.19577892124652863
SD,0.193799689412117
SG,0.19291995465755463
UNKNOWN,0.19291995465755463
