atom_type,importance
C,0.06698495149612427
CA,0.06698495149612427
CB,0.0721665769815445
CD,0.08382556587457657
CD1,0.09548389166593552
CD2,0.10714221745729446
CE,0.11310030519962311
CE1,0.10765626281499863
CE2,0.10221312195062637
CE3,0.09676933288574219
CG,0.09242784231901169
CG1,0.09194342792034149
CG2,0.09145902097225189
CH2,0.09097462892532349
CZ,0.09185867011547089
CZ2,0.10369038581848145
CZ3,0.11552143096923828
O,0.12735314667224884
OH,0.1391848772764206
OD1,0.14503081142902374
OD2,0.15087682008743286
OE1,0.15672273933887482
OE2,0.16256873309612274
OG,0.15616706013679504
OG1,0.14823444187641144
N,0.14030183851718903
NE,0.1323692351579666
NE1,0.13199307024478912
NE2,0.1337764859199524
ND1,0.1355585753917694
ND2,0.1373419612646103
NZ,0.14086739718914032
NH1,0.14526249468326569
NH2,0.1496589183807373
SD,0.15405531227588654
SG,0.15600885450839996
UNKNOWN,0.15600885450839996
