atom_type,importance_sum
C,6.930897235870361
CA,6.930897235870361
CB,7.187027931213379
CD,7.763238906860352
CD1,8.339456558227539
CD2,8.915687561035156
CE,9.266912460327148
CE1,9.168267250061035
CE2,9.069625854492188
CE3,8.971077919006348
CG,8.92335319519043
CG1,9.054082870483398
CG2,9.184815406799316
CH2,9.315546989440918
CZ,9.355020523071289
CZ2,8.664449691772461
CZ3,7.973877429962158
O,7.283304214477539
OH,6.592731475830078
OD1,6.123399257659912
OD2,5.654068946838379
OE1,5.184737682342529
OE2,4.71540641784668
OG,4.60885763168335
OG1,4.547657012939453
N,4.486455917358398
NE,4.425255298614502
NE1,4.185823440551758
NE2,3.895439386367798
ND1,3.605056047439575
ND2,3.3147008419036865
NZ,3.442394256591797
NH1,3.7791495323181152
NH2,4.115906238555908
SD,4.452657222747803
SG,4.602310657501221
UNKNOWN,4.602310657501221
