atom_type,importance_sum
C,15.014167785644531
CA,15.014167785644531
CB,15.881271362304688
CD,17.83222770690918
CD1,19.783191680908203
CD2,21.734153747558594
CE,22.495866775512695
CE1,20.87925910949707
CE2,19.262651443481445
CE3,17.646041870117188
CG,16.3055477142334
CG1,15.93185806274414
CG2,15.558167457580566
CH2,15.184478759765625
CZ,14.862394332885742
CZ2,14.953169822692871
CZ3,15.04394817352295
O,15.134729385375977
OH,15.225502967834473
OD1,14.891988754272461
OD2,14.558467864990234
OE1,14.22495174407959
OE2,13.891434669494629
OG,13.6571683883667
OG1,13.435310363769531
N,13.213448524475098
NE,12.991591453552246
NE1,12.269518852233887
NE2,11.404483795166016
ND1,10.53952407836914
ND2,9.674490928649902
NZ,9.167853355407715
NH1,8.840412139892578
NH2,8.512956619262695
SD,8.1854829788208
SG,8.03995418548584
UNKNOWN,8.03995418548584
