atom_type,importance
C,0.161635622382164
CA,0.161635622382164
CB,0.16831545531749725
CD,0.18334585428237915
CD1,0.19837550818920135
CD2,0.21340583264827728
CE,0.21636967360973358
CE1,0.19520050287246704
CE2,0.1740313470363617
CE3,0.15286293625831604
CG,0.13987497985363007
CG1,0.15552175045013428
CG2,0.17116862535476685
CH2,0.18681536614894867
CZ,0.2046777456998825
CZ2,0.2402646392583847
CZ3,0.2758514881134033
O,0.3114384710788727
OH,0.3470253646373749
OD1,0.33250692486763
OD2,0.31798863410949707
OE1,0.303470253944397
OE2,0.28895190358161926
OG,0.27810904383659363
OG1,0.2677254378795624
N,0.25734198093414307
NE,0.24695846438407898
NE1,0.2675703763961792
NE2,0.2970370948314667
ND1,0.32650384306907654
ND2,0.3559705317020416
NZ,0.3640241324901581
NH1,0.36137253046035767
NH2,0.3587208092212677
SD,0.3560691773891449
SG,0.3548901081085205
UNKNOWN,0.3548901081085205
