atom_index,is_real_atom,atom_type_from_onehot,importance
0,1,O,7.8807525634765625
1,1,CA,7.8807525634765625
2,1,O,7.8055901527404785
3,1,CD1,7.646673679351807
4,1,CE1,7.487757682800293
5,1,CD2,7.328841686248779
6,1,CD1,7.0255560874938965
7,1,CD2,6.522018909454346
8,1,CE2,6.01848030090332
9,1,CZ,5.514941215515137
10,1,CD1,5.173702239990234
11,1,CD2,5.11498498916626
12,1,CE1,5.056268215179443
13,1,CE2,4.997551441192627
14,1,CZ,5.095898151397705
15,1,CG1,5.5425124168396
16,1,CG2,5.989129066467285
17,1,CD1,6.435743808746338
18,1,CG,6.920034408569336
19,1,CD1,7.51338005065918
20,1,CD2,8.106725692749023
21,1,C,8.700072288513184
22,1,O,9.270962715148926
23,1,CB,9.753520965576172
24,1,CG,10.236077308654785
25,1,CD,10.718636512756348
26,1,OE2,11.128122329711914
27,1,CA,11.11909008026123
28,1,C,11.11005687713623
29,1,O,11.101027488708496
30,1,CD2,11.040685653686523
31,1,CB,10.489230155944824
32,1,CG2,9.937775611877441
33,1,CD1,9.386320114135742
34,1,N,8.838635444641113
35,1,CA,8.380213737487793
36,1,C,7.9217915534973145
37,1,O,7.463366985321045
38,1,CB,7.004943370819092
39,1,CG,6.760943412780762
40,1,CD1,6.5198798179626465
41,1,CE1,6.2788166999816895
42,1,CB,6.037753582000732
43,1,CG1,5.896954536437988
44,1,CG2,5.763421058654785
45,1,CG2,5.629889011383057
