atom_type,importance_sum
C,2.5170795917510986
CA,2.5170795917510986
CB,3.267611265182495
CD,4.9562859535217285
CD1,6.644958972930908
CD2,8.333649635314941
CE,9.34628677368164
CE1,9.006647109985352
CE2,8.667084693908691
CE3,8.32752799987793
CG,8.306715965270996
CG1,9.40164566040039
CG2,10.496578216552734
CH2,11.591508865356445
CZ,12.694500923156738
CZ2,13.861998558044434
CZ3,15.029499053955078
O,16.19692611694336
OH,17.364408493041992
OD1,15.448247909545898
OD2,13.532000541687012
OE1,11.615750312805176
OE2,9.699505805969238
OG,8.72912883758545
OG1,7.876985549926758
N,7.024841785430908
NE,6.172699451446533
NE1,5.380581378936768
NE2,4.605626106262207
ND1,3.830672025680542
ND2,3.0557174682617188
NZ,2.806243658065796
NH1,2.819509983062744
NH2,2.8327760696411133
SD,2.846041440963745
SG,2.851930856704712
UNKNOWN,2.851930856704712
