atom_type,importance
C,0.08447790890932083
CA,0.08447790890932083
CB,0.09124129265546799
CD,0.106458380818367
CD1,0.12167546898126602
CD2,0.1368936151266098
CE,0.14819583296775818
CE1,0.15166939795017242
CE2,0.15514397621154785
CE3,0.1586175262928009
CG,0.1648961752653122
CG1,0.18099528551101685
CG2,0.19709433615207672
CH2,0.21319341659545898
CZ,0.2276356816291809
CZ2,0.2288229614496231
CZ3,0.2300102263689041
O,0.2311975657939911
OH,0.23238494992256165
OD1,0.21569308638572693
OD2,0.19900117814540863
OE1,0.18230928480625153
OE2,0.16561734676361084
OG,0.15004344284534454
OG1,0.13460922241210938
N,0.11917504668235779
NE,0.10374140739440918
NE1,0.09581038355827332
NE2,0.09002301096916199
ND1,0.08423560112714767
ND2,0.07844818383455276
NZ,0.07909698784351349
NH1,0.08296333253383636
NH2,0.08682968467473984
SD,0.0906965583562851
SG,0.09241492301225662
UNKNOWN,0.09241492301225662
