atom_type,importance
C,0.18860024213790894
CA,0.18860024213790894
CB,0.19260567426681519
CD,0.2016160935163498
CD1,0.21062660217285156
CD2,0.21963809430599213
CE,0.22492897510528564
CE1,0.2227802723646164
CE2,0.22063122689723969
CE3,0.21848221123218536
CG,0.21690040826797485
CG1,0.2173042595386505
CG2,0.21770800650119781
CH2,0.2181117981672287
CZ,0.2198852300643921
CZ2,0.23261664807796478
CZ3,0.24534843862056732
O,0.25808021426200867
OH,0.27081194519996643
OD1,0.2710809111595154
OD2,0.2713497281074524
OE1,0.27161869406700134
OE2,0.2718876004219055
OG,0.2701543867588043
OG1,0.2681710124015808
N,0.2661875784397125
NE,0.2642041742801666
NE1,0.2576438784599304
NE2,0.24977633357048035
ND1,0.24190866947174072
ND2,0.23403917253017426
NZ,0.23310506343841553
NH1,0.2356366664171219
NH2,0.23816825449466705
SD,0.2406999170780182
SG,0.24182558059692383
UNKNOWN,0.24182558059692383
