atom_index,is_real_atom,atom_type_from_onehot,importance
0,1,CE2,6.6562418937683105
1,1,CZ,6.6562418937683105
2,1,CE1,6.964512348175049
3,1,CZ,7.616283416748047
4,1,CG,8.268056869506836
5,1,CD1,8.919827461242676
6,1,CD2,9.253028869628906
7,1,CG,9.144342422485352
8,1,CD1,9.03565502166748
9,1,CD2,8.926970481872559
10,1,CA,8.96662712097168
11,1,O,9.264505386352539
12,1,CB,9.562383651733398
13,1,CG1,9.860261917114258
14,1,CG2,10.062000274658203
15,1,CD1,10.050561904907227
16,1,CA,10.039122581481934
17,1,C,10.02768325805664
18,1,O,9.842577934265137
19,1,CB,9.154754638671875
20,1,SG,8.466930389404297
21,1,N,7.779109001159668
22,1,CA,7.259547710418701
23,1,C,7.401820659637451
24,1,CB,7.544093132019043
25,1,CG,7.686366558074951
26,1,CD1,7.856253623962402
27,1,CD2,8.184296607971191
28,1,CE1,8.512340545654297
29,1,CE2,8.840384483337402
30,1,CZ,9.18537712097168
31,1,CA,9.692586898803711
32,1,C,10.199798583984375
33,1,O,10.707011222839355
34,1,CB,11.185140609741211
35,1,CG,10.975008964538574
36,1,CD2,10.764877319335938
37,1,CE2,10.554746627807617
38,1,N,10.344615936279297
39,1,CA,9.611841201782227
40,1,CB,8.871912002563477
41,1,SG,8.131982803344727
