atom_index,is_real_atom,atom_type_from_onehot,importance
0,1,CZ2,7.0159993171691895
1,1,CZ3,7.0159993171691895
2,1,CH2,7.005969524383545
3,1,CG2,6.984761714935303
4,1,CE1,6.963554382324219
5,1,CE2,6.942347049713135
6,1,CZ,6.844069004058838
7,1,OH,6.6388840675354
8,1,CA,6.433701038360596
9,1,C,6.228516578674316
10,1,O,6.053829193115234
11,1,CB,5.932226181030273
12,1,CG,5.810624599456787
13,1,O,5.689020156860352
14,1,CB,5.5385823249816895
15,1,CG,5.324202537536621
16,1,CD1,5.1098222732543945
17,1,CD2,4.895441055297852
18,1,NE1,4.762148857116699
19,1,CE2,4.863584041595459
20,1,CE3,4.965020656585693
21,1,CD1,5.066457748413086
22,1,CE1,5.2296624183654785
23,1,CE2,5.635827541351318
24,1,CZ,6.041993141174316
25,1,CD2,6.448157787322998
26,1,CE1,6.7854485511779785
27,1,CE2,6.728277206420898
28,1,CZ,6.67110538482666
29,1,CA,6.61393404006958
30,1,C,6.586302757263184
31,1,O,6.841416835784912
32,1,CG,7.096530914306641
33,1,CD1,7.351644992828369
34,1,CA,7.5903801918029785
35,1,C,7.441485404968262
36,1,O,7.292591571807861
37,1,CB,7.143697261810303
38,1,CG1,6.994803428649902
39,1,N,6.785459041595459
40,1,CA,6.575286865234375
41,1,CB,6.365114688873291
42,1,CG1,6.154942035675049
43,1,CG2,5.844893932342529
44,1,CD1,5.527609348297119
