atom_type,importance_sum
C,5.8757548332214355
CA,5.8757548332214355
CB,6.041818618774414
CD,6.415521144866943
CD1,6.789178848266602
CD2,7.16283655166626
CE,7.681899547576904
CE1,8.491642951965332
CE2,9.301385879516602
CE3,10.111128807067871
CG,10.662336349487305
CG1,10.308509826660156
CG2,9.954682350158691
CH2,9.600851058959961
CZ,9.340983390808105
CZ2,9.832788467407227
CZ3,10.324585914611816
O,10.816391944885254
OH,11.308191299438477
OD1,11.426175117492676
OD2,11.54415512084961
OE1,11.662139892578125
OE2,11.780119895935059
OG,11.374459266662598
OG1,10.903338432312012
N,10.432220458984375
NE,9.961100578308105
NE1,9.357000350952148
NE2,8.714873313903809
ND1,8.072829246520996
ND2,7.43074369430542
NZ,7.114298343658447
NH1,6.960698127746582
NH2,6.807097911834717
SD,6.653497219085693
SG,6.5852460861206055
UNKNOWN,6.5852460861206055
