atom_index,is_real_atom,atom_type_from_onehot,importance
0,1,CA,7.011277675628662
1,1,CB,7.011277675628662
2,1,CG1,7.137189865112305
3,1,CG2,7.40340518951416
4,1,CB,7.669620990753174
5,1,CG,7.9358344078063965
6,1,CD1,8.043792724609375
7,1,CG,7.932231903076172
8,1,CD2,7.820669651031494
9,1,CG1,7.709108352661133
10,1,CD2,7.509737491607666
11,1,CA,7.157514572143555
12,1,C,6.805291175842285
13,1,O,6.453067302703857
14,1,CB,6.227546691894531
15,1,CG,6.2829742431640625
16,1,CD1,6.33840274810791
17,1,CD2,6.3938307762146
18,1,CE1,6.473348617553711
19,1,CE2,6.622600078582764
20,1,CZ,6.771851062774658
21,1,OH,6.921103000640869
22,1,CA,7.118041038513184
23,1,C,7.502544403076172
24,1,O,7.887048721313477
25,1,CB,8.271553039550781
26,1,N,8.602272987365723
27,1,CA,8.624948501586914
28,1,CB,8.647626876831055
29,1,CG,8.670305252075195
30,1,CD1,8.668158531188965
31,1,CD2,8.428413391113281
32,1,CD2,8.188668251037598
33,1,CB,7.948923110961914
34,1,CG1,7.708395481109619
35,1,CG2,7.449349880218506
36,1,CD1,7.190305709838867
37,1,CB,6.9312591552734375
38,1,CG1,6.672214031219482
39,1,CG2,6.100064754486084
40,1,CD1,5.523630142211914
