atom_type,importance_sum
C,9.014582633972168
CA,9.014582633972168
CB,9.452448844909668
CD,10.437749862670898
CD1,11.422985076904297
CD2,12.408308029174805
CE,12.868919372558594
CE1,12.280369758605957
CE2,11.691906929016113
CE3,11.103358268737793
CG,10.990692138671875
CG1,12.543445587158203
CG2,14.09620189666748
CH2,15.648954391479492
CZ,16.99736785888672
CZ2,16.71150779724121
CZ3,16.425649642944336
O,16.139787673950195
OH,15.853915214538574
OD1,15.200098037719727
OD2,14.546283721923828
OE1,13.892468452453613
OE2,13.238656044006348
OG,12.204906463623047
OG1,11.12366771697998
N,10.04242992401123
NE,8.961172103881836
NE1,8.403556823730469
NE2,7.995561599731445
ND1,7.587573528289795
ND2,7.179588317871094
NZ,7.153846263885498
NH1,7.319207668304443
NH2,7.484567642211914
SD,7.649930000305176
SG,7.723433017730713
UNKNOWN,7.723433017730713
