atom_type,importance
C,0.08294029533863068
CA,0.08294029533863068
CB,0.08676739782094955
CD,0.09537801891565323
CD1,0.10398868471384048
CD2,0.11259933561086655
CE,0.1168477013707161
CE1,0.11237221956253052
CE2,0.10789685696363449
CE3,0.10342118889093399
CG,0.10011176764965057
CG1,0.10088393092155457
CG2,0.10165606439113617
CH2,0.10242822021245956
CZ,0.10532307624816895
CZ2,0.12519963085651398
CZ3,0.1450762152671814
O,0.16495274007320404
OH,0.18482927978038788
OD1,0.18490703403949738
OD2,0.18498481810092926
OE1,0.18506261706352234
OE2,0.18514037132263184
OG,0.18263258039951324
OG1,0.17980153858661652
N,0.1769704818725586
NE,0.17413941025733948
NE1,0.18842358887195587
NE2,0.2075989544391632
ND1,0.22677426040172577
ND2,0.24594736099243164
NZ,0.24551935493946075
NH1,0.2352868914604187
NH2,0.22505436837673187
SD,0.21482205390930176
SG,0.21027503907680511
UNKNOWN,0.21027503907680511
