atom_index,is_real_atom,atom_type_from_onehot,importance
0,1,CZ,8.318751335144043
1,1,CA,8.318751335144043
2,1,CB,8.50710391998291
3,1,OG,8.905336380004883
4,1,CD2,9.303565979003906
5,1,CE2,9.701797485351562
6,1,CA,9.860819816589355
7,1,C,9.68803596496582
8,1,O,9.515252113342285
9,1,CB,9.342467308044434
10,1,CG,9.218620300292969
11,1,CD1,9.179965019226074
12,1,CD2,9.141305923461914
13,1,C,9.10264778137207
14,1,CB,9.205114364624023
15,1,CG1,9.620513916015625
16,1,CG2,10.035917282104492
17,1,N,10.451316833496094
18,1,CA,10.796469688415527
19,1,CB,10.938283920288086
20,1,CG,11.080095291137695
21,1,CD,11.221907615661621
22,1,NE,11.282567977905273
23,1,CZ,11.024025917053223
24,1,NH2,10.765486717224121
25,1,CD1,10.506945610046387
26,1,CD2,10.185843467712402
27,1,CZ,9.506434440612793
