atom_type,importance_sum
C,5.507413864135742
CA,5.507413864135742
CB,5.856749534606934
CD,6.642654895782471
CD1,7.428610801696777
CD2,8.214542388916016
CE,8.90403938293457
CE1,9.400399208068848
CE2,9.896859169006348
CE3,10.393312454223633
CG,10.910325050354004
CG1,11.499518394470215
CG2,12.088714599609375
CH2,12.677908897399902
CZ,13.156501770019531
CZ2,12.750283241271973
CZ3,12.344063758850098
O,11.937844276428223
OH,11.53162956237793
OD1,10.682046890258789
OD2,9.832462310791016
OE1,8.982879638671875
OE2,8.133296966552734
OG,8.152885437011719
OG1,8.281121253967285
N,8.409356117248535
NE,8.537590980529785
NE1,8.327435493469238
NE2,8.020634651184082
ND1,7.713833332061768
ND2,7.40703010559082
NZ,7.498710632324219
NH1,7.789706707000732
NH2,8.08070182800293
SD,8.371652603149414
SG,8.500977516174316
UNKNOWN,8.500977516174316
