atom_type,importance_sum
C,8.452507972717285
CA,8.452507972717285
CB,8.579740524291992
CD,8.866063117980957
CD1,9.152400016784668
CD2,9.438702583312988
CE,9.761503219604492
CE1,10.157296180725098
CE2,10.552998542785645
CE3,10.948796272277832
CG,11.553077697753906
CG1,12.887164115905762
CG2,14.22125244140625
CH2,15.555339813232422
CZ,16.69893455505371
CZ2,16.31894874572754
CZ3,15.93895149230957
O,15.558938980102539
OH,15.17893123626709
OD1,14.600747108459473
OD2,14.022561073303223
OE1,13.444375038146973
OE2,12.866192817687988
OG,12.333233833312988
OG1,11.805925369262695
N,11.278615951538086
NE,10.751310348510742
NE1,11.110671043395996
NE2,11.723272323608398
ND1,12.335959434509277
ND2,12.948649406433105
NZ,13.14880084991455
NH1,13.142638206481934
NH2,13.136566162109375
SD,13.130409240722656
SG,13.127745628356934
UNKNOWN,13.127745628356934
