atom_index,is_real_atom,atom_type_from_onehot,importance
0,1,N,8.77872085571289
1,1,CA,8.77872085571289
2,1,C,8.865623474121094
3,1,O,9.049354553222656
4,1,CB,9.233091354370117
5,1,CG1,9.416825294494629
6,1,CG2,9.55403995513916
7,1,O,9.62672233581543
8,1,CB,9.699406623840332
9,1,CG1,9.772089004516602
10,1,CG2,9.834929466247559
11,1,CA,9.880632400512695
12,1,C,9.926335334777832
13,1,O,9.972036361694336
14,1,CB,9.944642066955566
15,1,CG,9.755160331726074
16,1,CD,9.565680503845215
17,1,CE2,9.376199722290039
18,1,CZ,9.32722282409668
19,1,OH,9.684972763061523
20,1,CA,10.042718887329102
21,1,C,10.400466918945312
22,1,O,10.6474027633667
23,1,CB,10.458457946777344
24,1,OG,10.269515037536621
25,1,C,10.080572128295898
26,1,O,9.888178825378418
27,1,CB,9.676030158996582
28,1,CG2,9.463882446289062
29,1,N,9.251733779907227
30,1,CA,9.043740272521973
31,1,C,8.87553596496582
32,1,O,8.7073335647583
33,1,CB,8.539130210876465
34,1,CG,8.35697078704834
35,1,CD1,7.844538688659668
36,1,CE1,7.332108020782471
37,1,CB,6.819676399230957
38,1,SG,6.307244777679443
