atom_type,importance_sum
C,4.189932823181152
CA,4.189932823181152
CB,4.830995559692383
CD,6.273340225219727
CD1,7.71568489074707
CD2,9.157984733581543
CE,10.156436920166016
CE1,10.267102241516113
CE2,10.377771377563477
CE3,10.488344192504883
CG,10.453213691711426
CG1,9.907702445983887
CG2,9.362190246582031
CH2,8.816680908203125
CZ,8.293610572814941
CZ2,7.95005989074707
CZ3,7.606509208679199
O,7.262959003448486
OH,6.919407844543457
OD1,6.013986587524414
OD2,5.10856294631958
OE1,4.2031402587890625
OE2,3.297717809677124
OG,4.188640594482422
OG1,5.304109573364258
N,6.4195756912231445
NE,7.535043716430664
NE1,8.816368103027344
NE2,10.145030975341797
ND1,11.473690032958984
ND2,12.802350044250488
NZ,12.330708503723145
NH1,10.95887279510498
NH2,9.587032318115234
SD,8.215238571166992
SG,7.605551719665527
UNKNOWN,7.605551719665527
