atom_type,importance
C,0.06983555108308792
CA,0.06983555108308792
CB,0.07043623924255371
CD,0.07178770005702972
CD1,0.0731392353773117
CD2,0.07449083030223846
CE,0.07619404792785645
CE1,0.07860064506530762
CE2,0.08100802451372147
CE3,0.08341459184885025
CG,0.08513802289962769
CG1,0.0844692513346672
CG2,0.08380046486854553
CH2,0.08313167840242386
CZ,0.08182939141988754
CZ2,0.07545898854732513
CZ3,0.06908860802650452
O,0.06271819770336151
OH,0.0563477948307991
OD1,0.047422073781490326
OD2,0.038496360182762146
OE1,0.02957063913345337
OE2,0.02064492367208004
OG,0.01625778153538704
OG1,0.012437954545021057
N,0.008618135005235672
NE,0.004798316862434149
NE1,0.006609123665839434
NE2,0.010028698481619358
ND1,0.013448227196931839
ND2,0.016867749392986298
NZ,0.02998581901192665
NH1,0.04795309528708458
NH2,0.06592050194740295
SD,0.08388777822256088
SG,0.09187319129705429
UNKNOWN,0.09187319129705429
