atom_index,is_real_atom,atom_type_from_onehot,importance
0,1,CG2,8.26684284210205
1,1,CB,8.26684284210205
2,1,OG,8.497632026672363
3,1,SD,8.985581398010254
4,1,CE,9.473532676696777
5,1,CG1,9.961483001708984
6,1,CG2,10.164142608642578
7,1,CD1,9.971076011657715
8,1,CE,9.778009414672852
9,1,CG,9.584939956665039
10,1,CD1,9.301891326904297
11,1,CD2,8.862208366394043
12,1,CD1,8.42252254486084
13,1,CD2,7.9828362464904785
14,1,NH1,7.57717752456665
15,1,CZ,7.2469706535339355
