atom_type,importance
C,0.07150593400001526
CA,0.07150593400001526
CB,0.07793378829956055
CD,0.0923967957496643
CD1,0.10685983300209045
CD2,0.12132356315851212
CE,0.13214753568172455
CE1,0.1356935352087021
CE2,0.13923947513103485
CE3,0.1427869349718094
CG,0.14485646784305573
CG1,0.1417613923549652
CG2,0.1386663168668747
CH2,0.13557124137878418
CZ,0.13196659088134766
CZ2,0.12428554892539978
CZ3,0.11660449951887131
O,0.10892355442047119
OH,0.10124313086271286
OD1,0.09469901770353317
OD2,0.08815491199493408
OE1,0.081610769033432
OE2,0.07506667077541351
OG,0.07254287600517273
OG1,0.07052162289619446
N,0.06850039213895798
NE,0.0664791390299797
NE1,0.06955857574939728
NE2,0.0740952417254448
ND1,0.07863263040781021
ND2,0.08316928893327713
NZ,0.09190566837787628
NH1,0.1027408316731453
NH2,0.1135760098695755
SD,0.12441170960664749
SG,0.12922757863998413
UNKNOWN,0.12922757863998413
