atom_type,importance
C,0.10597937554121017
CA,0.10597937554121017
CB,0.11823051422834396
CD,0.14579595625400543
CD1,0.17336149513721466
CD2,0.2009269893169403
CE,0.21589307487010956
CE1,0.20566295087337494
CE2,0.19543279707431793
CE3,0.18520134687423706
CG,0.17311541736125946
CG1,0.1545354127883911
CG2,0.13595542311668396
CH2,0.11737542599439621
CZ,0.10240005701780319
CZ2,0.11626135557889938
CZ3,0.13012264668941498
O,0.14398397505283356
OH,0.15784527361392975
OD1,0.16313853859901428
OD2,0.1684318482875824
OE1,0.17372511327266693
OE2,0.17901840806007385
OG,0.17325615882873535
OG1,0.16611190140247345
N,0.15896762907505035
NE,0.15182338654994965
NE1,0.14276456832885742
NE2,0.13315925002098083
ND1,0.12355394661426544
ND2,0.11394893378019333
NZ,0.11555641144514084
NH1,0.12276972085237503
NH2,0.12998327612876892
SD,0.1371966153383255
SG,0.1404024362564087
UNKNOWN,0.1404024362564087
