atom_type,importance
C,0.0742858424782753
CA,0.0742858424782753
CB,0.0810089036822319
CD,0.09613533318042755
CD1,0.11126162111759186
CD2,0.12638752162456512
CE,0.13777130842208862
CE1,0.1416684091091156
CE2,0.14556553959846497
CE3,0.14946134388446808
CG,0.15444570779800415
CG1,0.16323302686214447
CG2,0.1720203310251236
CH2,0.18080759048461914
CZ,0.18680450320243835
CZ2,0.17047841846942902
CZ3,0.15415221452713013
O,0.13782604038715363
OH,0.12149988859891891
OD1,0.11802547425031662
OD2,0.11455107480287552
OE1,0.11107664555311203
OE2,0.10760224610567093
OG,0.09987454861402512
OG1,0.09161514043807983
N,0.08335579186677933
NE,0.07509641349315643
NE1,0.07914935052394867
NE2,0.0867200568318367
ND1,0.09429080039262772
ND2,0.10186152160167694
NZ,0.11208813637495041
NH1,0.12364335358142853
NH2,0.13519860804080963
SD,0.14675383269786835
SG,0.15188917517662048
UNKNOWN,0.15188917517662048
