atom_index,is_real_atom,atom_type_from_onehot,importance
0,1,CD2,10.031339645385742
1,1,CE2,10.031339645385742
2,1,CZ,9.99338150024414
3,1,CG,9.913127899169922
4,1,CD,9.832874298095703
5,1,OE1,9.7526216506958
6,1,NE2,9.543008804321289
7,1,O,9.153962135314941
8,1,CA,8.76491641998291
9,1,O,8.375869750976562
10,1,CB,8.06014347076416
11,1,CG1,7.872053146362305
12,1,CG2,7.683961391448975
13,1,CD1,7.495870590209961
14,1,CA,7.303403854370117
15,1,C,7.101234436035156
16,1,O,6.899065017700195
17,1,CB,6.696895122528076
18,1,OG1,6.477614402770996
19,1,CG2,6.208802700042725
20,1,N,5.939990997314453
21,1,CA,5.67117977142334
22,1,O,5.5011186599731445
23,1,CB,5.719470500946045
24,1,CG1,5.9378228187561035
25,1,CG2,6.15617561340332
26,1,CB,6.339206218719482
27,1,CG1,6.319931983947754
28,1,CG2,6.300658226013184
29,1,N,6.281384468078613
30,1,CA,6.260554790496826
31,1,CB,6.224832534790039
32,1,OD1,6.189108848571777
33,1,CE2,6.15338659286499
34,1,CG,6.1263427734375
35,1,CD1,6.304696083068848
36,1,CD2,6.4830474853515625
37,1,CG,6.66140079498291
38,1,CD1,6.839752674102783
39,1,CD2,7.217952251434326
40,1,CG1,7.598886489868164
41,1,CG2,7.979822635650635
42,1,CD1,8.360758781433105
43,1,CD1,8.664427757263184
44,1,CG,8.962495803833008
45,1,C,9.260564804077148
46,1,O,9.558637619018555
47,1,CG,9.415878295898438
48,1,CD2,9.212081909179688
49,1,N,9.008288383483887
50,1,CA,8.804491996765137
51,1,CB,8.48002815246582
52,1,CD2,8.129852294921875
53,1,CG,7.779671669006348
54,1,CD,7.429492473602295
55,1,CD1,7.011814594268799
