atom_type,importance
C,0.14381767809391022
CA,0.14381767809391022
CB,0.1550845205783844
CD,0.18043479323387146
CD1,0.205783873796463
CD2,0.2311340868473053
CE,0.24186623096466064
CE1,0.223361998796463
CE2,0.20485776662826538
CE3,0.18635351955890656
CG,0.17130468785762787
CG1,0.1683550328016281
CG2,0.16540531814098358
CH2,0.16245564818382263
CZ,0.16103117167949677
CZ2,0.1718083769083023
CZ3,0.18258552253246307
O,0.19336271286010742
OH,0.2041398137807846
OD1,0.20077672600746155
OD2,0.1974136233329773
OE1,0.19405055046081543
OE2,0.19068750739097595
OG,0.18317098915576935
OG1,0.17513523995876312
N,0.1670994758605957
NE,0.15906372666358948
NE1,0.15125681459903717
NE2,0.14351493120193481
ND1,0.13577310740947723
ND2,0.12803122401237488
NZ,0.12699531018733978
NH1,0.12931238114833832
NH2,0.13162940740585327
SD,0.1339465230703354
SG,0.134976327419281
UNKNOWN,0.134976327419281
