atom_index,is_real_atom,atom_type_from_onehot,importance
0,1,CG2,8.67734146118164
1,1,O,8.67734146118164
2,1,OE1,8.833560943603516
3,1,C,9.163847923278809
4,1,O,9.494136810302734
5,1,CG2,9.824424743652344
6,1,N,9.947839736938477
7,1,CA,9.784300804138184
8,1,CB,9.620759963989258
9,1,OG,9.457221984863281
10,1,C,9.351278305053711
11,1,O,9.345599174499512
12,1,CB,9.339919090270996
13,1,CA,9.33423900604248
14,1,C,9.33955192565918
15,1,O,9.369243621826172
16,1,SD,9.39893627166748
17,1,CE,9.428628921508789
18,1,NE,9.387198448181152
19,1,CZ,9.139899253845215
20,1,NH1,8.892597198486328
21,1,NH2,8.645297050476074
22,1,CG2,8.328874588012695
23,1,CD1,7.740573406219482
24,1,CG,7.1522722244262695
25,1,CD1,6.563971996307373
26,1,CD2,6.05799674987793
27,1,CE1,6.023526191711426
28,1,CE2,5.989056587219238
29,1,CZ,5.954585552215576
30,1,OH,5.920977592468262
31,1,CD2,5.895620346069336
32,1,CE1,5.8702616691589355
33,1,CE2,5.84490442276001
34,1,CZ,5.812561511993408
35,1,OH,5.614902496337891
