atom_type,importance_sum
C,5.627516269683838
CA,5.627516269683838
CB,5.854423999786377
CD,6.364975929260254
CD1,6.875528335571289
CD2,7.386083602905273
CE,7.807210922241211
CE1,8.049485206604004
CE2,8.291704177856445
CE3,8.533974647521973
CG,8.672689437866211
CG1,8.448766708374023
CG2,8.224844932556152
CH2,8.000923156738281
CZ,7.906766891479492
CZ2,8.850738525390625
CZ3,9.794710159301758
O,10.738678932189941
OH,11.682649612426758
OD1,11.82988166809082
OD2,11.97711181640625
OE1,12.124345779418945
OE2,12.271577835083008
OG,12.142931938171387
OG1,11.97980785369873
N,11.816680908203125
NE,11.653554916381836
NE1,10.927973747253418
NE2,10.041783332824707
ND1,9.155498504638672
ND2,8.269308090209961
NZ,8.202154159545898
NH1,8.544515609741211
NH2,8.8869047164917
SD,9.229304313659668
SG,9.381426811218262
UNKNOWN,9.381426811218262
