atom_index,is_real_atom,atom_type_from_onehot,importance
0,1,CD2,5.091644763946533
1,1,CE1,5.091644763946533
2,1,CE2,4.891986846923828
3,1,CZ,4.469852924346924
4,1,CD1,4.047718524932861
5,1,CE1,3.625584125518799
6,1,CZ,3.5677084922790527
7,1,CG,4.015092849731445
8,1,CD1,4.462477207183838
9,1,CD2,4.909861087799072
10,1,CD2,5.116416931152344
11,1,CB,4.903753280639648
12,1,CG,4.691088676452637
13,1,CD1,4.478424549102783
14,1,CD2,4.326127052307129
15,1,O,4.307684898376465
16,1,CA,4.289244174957275
17,1,C,4.270801544189453
18,1,O,4.317053318023682
19,1,CB,4.550573348999023
20,1,CG1,4.784092903137207
21,1,CG2,5.017612934112549
22,1,CD1,5.12325382232666
23,1,CA,4.725903511047363
24,1,C,4.328553676605225
25,1,O,3.931204319000244
26,1,CB,3.5451111793518066
27,1,SG,3.223491907119751
28,1,N,2.9018726348876953
29,1,CA,2.5802528858184814
30,1,C,2.3188962936401367
31,1,O,2.634340286254883
32,1,CB,2.9497854709625244
33,1,CG,3.2652294635772705
34,1,CD1,3.564817428588867
35,1,CD2,3.489140748977661
36,1,CE1,3.4134647846221924
37,1,CE2,3.3377885818481445
38,1,CZ,3.262112617492676
39,1,N,3.360611915588379
40,1,CA,3.461496353149414
41,1,C,3.5623815059661865
42,1,O,3.663266897201538
43,1,CB,3.7502894401550293
44,1,CG,3.8363070487976074
45,1,CD1,3.9223246574401855
46,1,CD2,4.008342742919922
47,1,CE2,3.9699251651763916
48,1,CZ,3.9142794609069824
49,1,N,3.8586323261260986
50,1,CA,3.8029861450195312
51,1,C,3.5978751182556152
52,1,CB,3.360912322998047
53,1,SG,3.1239490509033203
54,1,SG,2.8869853019714355
