atom_type,importance
C,0.08822326362133026
CA,0.08822326362133026
CB,0.09700950980186462
CD,0.11678006500005722
CD1,0.13655062019824982
CD2,0.15631990134716034
CE,0.17066854238510132
CE1,0.17417459189891815
CE2,0.1776794046163559
CE3,0.18118415772914886
CG,0.1815340220928192
CG1,0.17084184288978577
CG2,0.16014960408210754
CH2,0.1494574397802353
CZ,0.1402088701725006
CZ2,0.1425093114376068
CZ3,0.1448097676038742
O,0.1471102237701416
OH,0.1494106948375702
OD1,0.14063020050525665
OD2,0.1318497508764267
OE1,0.12306922674179077
OE2,0.11428874731063843
OG,0.10964678227901459
OG1,0.10552209615707397
N,0.10139744728803635
NE,0.09727276116609573
NE1,0.09956873953342438
NE2,0.10369850695133209
ND1,0.10782884061336517
ND2,0.11195866763591766
NZ,0.1150679662823677
NH1,0.11766605079174042
NH2,0.12026455998420715
SD,0.12286266684532166
SG,0.12401769310235977
UNKNOWN,0.12401769310235977
