atom_type,importance_sum
C,16.872474670410156
CA,16.872474670410156
CB,17.375356674194336
CD,18.506717681884766
CD1,19.638195037841797
CD2,20.769506454467773
CE,21.287574768066406
CE1,20.57881736755371
CE2,19.870227813720703
CE3,19.16147804260254
CG,18.62177085876465
CG1,18.673995971679688
CG2,18.726215362548828
CH2,18.778438568115234
CZ,18.84463882446289
CZ2,19.02264404296875
CZ3,19.20066261291504
O,19.378671646118164
OH,19.556682586669922
OD1,19.067075729370117
OD2,18.577472686767578
OE1,18.08788299560547
OE2,17.59829330444336
OG,16.934070587158203
OG1,16.248016357421875
N,15.561943054199219
NE,14.875865936279297
NE1,14.357295036315918
NE2,13.886581420898438
ND1,13.415867805480957
ND2,12.945151329040527
NZ,12.567258834838867
NH1,12.235815048217773
NH2,11.904291152954102
SD,11.572850227355957
SG,11.425536155700684
UNKNOWN,11.425536155700684
