atom_index,is_real_atom,atom_type_from_onehot,importance
0,1,CE1,8.356324195861816
1,1,CD,8.356324195861816
2,1,NE,8.636431694030762
3,1,CZ,9.228657722473145
4,1,NH2,9.820883750915527
5,1,CD2,10.41310977935791
6,1,CE1,10.738945007324219
7,1,CE2,10.695269584655762
8,1,CZ,10.651593208312988
9,1,CD1,10.607917785644531
10,1,O,10.459590911865234
11,1,CB,10.129087448120117
12,1,CA,9.798587799072266
13,1,C,9.468086242675781
14,1,CB,9.262529373168945
15,1,CG,9.334025382995605
16,1,CD2,9.40552043914795
17,1,CE2,9.477012634277344
18,1,CZ,9.490242958068848
19,1,N,9.33481502532959
20,1,CA,9.1793851852417
21,1,CB,9.023956298828125
22,1,CG,8.79228401184082
23,1,ND2,8.260721206665039
