atom_index,is_real_atom,atom_type_from_onehot,importance
0,1,CB,8.574816703796387
1,1,CG,8.574816703796387
2,1,CD1,8.854961395263672
3,1,CD2,9.44726848602295
4,1,NE1,10.039578437805176
5,1,CE2,10.631885528564453
6,1,CE3,10.948847770690918
7,1,CZ2,10.883880615234375
8,1,CZ3,10.818914413452148
9,1,CH2,10.753947257995605
10,1,C,10.727294921875
11,1,CG2,10.767348289489746
12,1,N,10.807400703430176
13,1,CA,10.847453117370605
14,1,CB,10.752972602844238
15,1,CG,10.360186576843262
16,1,CD1,9.967402458190918
17,1,CD2,9.574617385864258
18,1,CA,9.064680099487305
19,1,C,8.215635299682617
20,1,CB,7.366586685180664
