atom_type,importance_sum
C,4.242774963378906
CA,4.242774963378906
CB,4.82031774520874
CD,6.119765758514404
CD1,7.419203758239746
CD2,8.718642234802246
CE,9.511082649230957
CE1,9.289538383483887
CE2,9.068075180053711
CE3,8.846540451049805
CG,8.855056762695312
CG1,9.668657302856445
CG2,10.482257843017578
CH2,11.295860290527344
CZ,11.984415054321289
CZ2,11.672616958618164
CZ3,11.360811233520508
O,11.049009323120117
OH,10.73720645904541
OD1,9.465770721435547
OD2,8.194339752197266
OE1,6.922904968261719
OE2,5.651471138000488
OG,5.56937837600708
OG1,5.635952472686768
N,5.702526569366455
NE,5.769102096557617
NE1,6.292275428771973
NE2,6.945914268493652
ND1,7.599552154541016
ND2,8.253137588500977
NZ,8.859410285949707
NH1,9.442008972167969
NH2,10.024578094482422
SD,10.607178688049316
SG,10.866144180297852
UNKNOWN,10.866144180297852
