atom_index,is_real_atom,atom_type_from_onehot,importance
0,1,O,7.552839756011963
1,1,CB,7.552839756011963
2,1,CG,7.78873872756958
3,1,CD1,8.287494659423828
4,1,CD2,8.786251068115234
5,1,CD2,9.28500747680664
6,1,CD1,9.458108901977539
7,1,C,9.179496765136719
8,1,O,8.900882720947266
9,1,CG,8.622271537780762
10,1,CD1,8.63879680633545
11,1,CD2,9.169081687927246
12,1,CA,9.699365615844727
13,1,CB,10.229652404785156
14,1,CG,10.582058906555176
15,1,CD1,10.54004192352295
16,1,CE1,10.498024940490723
17,1,N,10.45600700378418
18,1,CG,10.45447063446045
19,1,CD,10.570114135742188
20,1,CD1,10.685757637023926
21,1,C,10.801403045654297
22,1,O,10.849845886230469
23,1,CB,10.633963584899902
24,1,CG,10.41808032989502
25,1,CD1,10.202197074890137
26,1,CD2,10.002058982849121
27,1,N,9.892098426818848
28,1,CA,9.782135009765625
29,1,C,9.672172546386719
30,1,O,9.587395668029785
31,1,CB,9.74368667602539
32,1,CG1,9.899977684020996
33,1,CG2,10.056266784667969
34,1,CG,10.185711860656738
35,1,CD2,9.679803848266602
36,1,CB,9.173897743225098
37,1,CG,8.667988777160645
38,1,CD,8.162080764770508
