atom_type,importance_sum
C,4.079098224639893
CA,4.079098224639893
CB,4.697274208068848
CD,6.088215351104736
CD1,7.4791083335876465
CD2,8.870047569274902
CE,10.721855163574219
CE1,13.495471954345703
CE2,16.269001007080078
CE3,19.042539596557617
CG,21.269710540771484
CG1,21.58389663696289
CG2,21.898090362548828
CH2,22.2122802734375
CZ,22.393320083618164
CZ2,21.509170532226562
CZ3,20.625024795532227
O,19.740875244140625
OH,18.856725692749023
OD1,17.4604549407959
OD2,16.064186096191406
OE1,14.667919158935547
OE2,13.271647453308105
OG,12.867974281311035
OG1,12.58837604522705
N,12.308778762817383
NE,12.029178619384766
NE1,11.292400360107422
NE2,10.425040245056152
ND1,9.557677268981934
ND2,8.690340042114258
NZ,8.432454109191895
NH1,8.479256629943848
NH2,8.52609634399414
SD,8.57290267944336
SG,8.593706130981445
UNKNOWN,8.593706130981445
