atom_type,importance_sum
C,5.568048000335693
CA,5.568048000335693
CB,6.224841117858887
CD,7.702555179595947
CD1,9.180267333984375
CD2,10.65803050994873
CE,11.866768836975098
CE1,12.537759780883789
CE2,13.208653450012207
CE3,13.879642486572266
CG,14.448606491088867
CG1,14.660849571228027
CG2,14.873090744018555
CH2,15.085334777832031
CZ,15.253008842468262
CZ2,15.064188003540039
CZ3,14.875373840332031
O,14.686553001403809
OH,14.49773120880127
OD1,14.09577465057373
OD2,13.693818092346191
OE1,13.291857719421387
OE2,12.889902114868164
OG,12.949180603027344
OG1,13.066119194030762
N,13.18305778503418
NE,13.299993515014648
NE1,12.304425239562988
NE2,10.991066932678223
ND1,9.677603721618652
ND2,8.364180564880371
NZ,8.234901428222656
NH1,8.697671890258789
NH2,9.160443305969238
SD,9.62321662902832
SG,9.828901290893555
UNKNOWN,9.828901290893555
