atom_type,importance
C,0.11094563454389572
CA,0.11094563454389572
CB,0.11966370791196823
CD,0.13927845656871796
CD1,0.1588931530714035
CD2,0.17850784957408905
CE,0.18907491862773895
CE1,0.18154536187648773
CE2,0.17401453852653503
CE3,0.1664850115776062
CG,0.16057723760604858
CG1,0.1603468805551529
CG2,0.1601165533065796
CH2,0.1598862111568451
CZ,0.16045676171779633
CZ2,0.16743463277816772
CZ3,0.17441239953041077
O,0.1813901960849762
OH,0.1883680522441864
OD1,0.1876472681760788
OD2,0.18692654371261597
OE1,0.18620578944683075
OE2,0.1854850798845291
OG,0.17868652939796448
OG1,0.17112833261489868
N,0.16357013583183289
NE,0.1560118943452835
NE1,0.15676437318325043
NE2,0.15989236533641815
ND1,0.16301901638507843
ND2,0.16614700853824615
NZ,0.16744430363178253
NH1,0.16782832145690918
NH2,0.16821102797985077
SD,0.16859374940395355
SG,0.16876459121704102
UNKNOWN,0.16876459121704102
