atom_index,is_real_atom,atom_type_from_onehot,importance
0,1,CD1,10.181952476501465
1,1,CD2,10.181952476501465
2,1,CD2,10.51954174041748
3,1,NH1,11.233304977416992
4,1,CG,11.947066307067871
5,1,CD1,12.66082763671875
6,1,CD2,13.174276351928711
7,1,CB,13.409867286682129
8,1,CG1,13.645461082458496
9,1,CG2,13.881053924560547
10,1,CA,13.84681510925293
11,1,C,13.342873573303223
12,1,O,12.838932037353516
13,1,CB,12.334989547729492
14,1,N,11.762123107910156
15,1,CB,11.036422729492188
16,1,CG,10.310718536376953
17,1,CD1,9.585020065307617
18,1,CD2,8.822884559631348
