atom_type,importance_sum
C,6.264361381530762
CA,6.264361381530762
CB,6.960995674133301
CD,8.528411865234375
CD1,10.095846176147461
CD2,11.663328170776367
CE,12.766541481018066
CE1,12.94133186340332
CE2,13.116120338439941
CE3,13.290911674499512
CG,13.393790245056152
CG1,13.244806289672852
CG2,13.0958251953125
CH2,12.946839332580566
CZ,12.73961067199707
CZ2,12.066422462463379
CZ3,11.393239974975586
O,10.720052719116211
OH,10.046869277954102
OD1,9.348774909973145
OD2,8.650683403015137
OE1,7.9525885581970215
OE2,7.2544941902160645
OG,7.1695170402526855
OG1,7.1611762046813965
N,7.152838706970215
NE,7.144498825073242
NE1,7.263859272003174
NE2,7.419704914093018
ND1,7.57549524307251
ND2,7.7313408851623535
NZ,8.18917465209961
NH1,8.79796028137207
NH2,9.406758308410645
SD,10.01555061340332
SG,10.286148071289062
UNKNOWN,10.286148071289062
