atom_type,importance
C,0.09715347737073898
CA,0.09715347737073898
CB,0.10244181007146835
CD,0.11433982849121094
CD1,0.12623845040798187
CD2,0.1381373554468155
CE,0.14395835995674133
CE1,0.1376270353794098
CE2,0.13129457831382751
CE3,0.12496322393417358
CG,0.11999069154262543
CG1,0.11977861821651459
CG2,0.11956661194562912
CH2,0.11935455352067947
CZ,0.1211128756403923
CZ2,0.1386343240737915
CZ3,0.1561557501554489
O,0.1736772060394287
OH,0.19119861721992493
OD1,0.18838141858577728
OD2,0.18556417524814606
OE1,0.18274691700935364
OE2,0.1799296736717224
OG,0.17946180701255798
OG1,0.1792876124382019
N,0.17911343276500702
NE,0.17893922328948975
NE1,0.18861818313598633
NE2,0.20111209154129028
ND1,0.21360592544078827
ND2,0.2260999232530594
NZ,0.2255713939666748
NH1,0.21853166818618774
NH2,0.21149186789989471
SD,0.20445215702056885
SG,0.2013235241174698
UNKNOWN,0.2013235241174698
