atom_type,importance
C,0.06211469694972038
CA,0.06211469694972038
CB,0.0696125477552414
CD,0.08648154884576797
CD1,0.1033511608839035
CD2,0.12022074311971664
CE,0.13543103635311127
CE1,0.14732138812541962
CE2,0.15921179950237274
CE3,0.1711033582687378
CG,0.18045730888843536
CG1,0.1809353232383728
CG2,0.18141335248947144
CH2,0.18189139664173126
CZ,0.18281491100788116
CZ2,0.18730175495147705
CZ3,0.19178861379623413
O,0.1962755173444748
OH,0.20076236128807068
OD1,0.18399375677108765
OD2,0.16722524166107178
OE1,0.15045668184757233
OE2,0.13368812203407288
OG,0.13188621401786804
OG1,0.1319551020860672
N,0.13202404975891113
NE,0.1320929080247879
NE1,0.1472400426864624
NE2,0.1666940301656723
ND1,0.18614798784255981
ND2,0.2056019902229309
NZ,0.20822738111019135
NH1,0.20243850350379944
NH2,0.19664959609508514
SD,0.19086068868637085
SG,0.1882876306772232
UNKNOWN,0.1882876306772232
