atom_index,is_real_atom,atom_type_from_onehot,importance
0,1,OH,6.867616176605225
1,1,CB,6.867616176605225
2,1,CG,6.9731597900390625
3,1,CD1,7.1963114738464355
4,1,CD2,7.41946268081665
5,1,NE1,7.642612457275391
6,1,CE2,7.779876708984375
7,1,CE3,7.798007965087891
8,1,CZ2,7.816138744354248
9,1,CZ3,7.8342695236206055
10,1,CH2,7.88620662689209
11,1,CG2,7.996990203857422
12,1,N,8.107773780822754
13,1,CA,8.218557357788086
14,1,CB,8.206403732299805
15,1,CG,7.921653747558594
16,1,CD1,7.636902809143066
17,1,CD2,7.3521528244018555
18,1,CA,6.96358585357666
19,1,CB,6.274504661560059
