atom_type,importance_sum
C,2.611589193344116
CA,2.611589193344116
CB,3.023118257522583
CD,3.9490716457366943
CD1,4.875024318695068
CD2,5.8009233474731445
CE,6.3813323974609375
CE1,6.270599365234375
CE2,6.1598663330078125
CE3,6.049132347106934
CG,6.017178535461426
CG1,6.260944843292236
CG2,6.504712104797363
CH2,6.748477458953857
CZ,7.0137810707092285
CZ2,7.451366901397705
CZ3,7.888954162597656
O,8.326539993286133
OH,8.764127731323242
OD1,7.335820198059082
OD2,5.907511234283447
OE1,4.4792022705078125
OE2,3.050920248031616
OG,2.8611791133880615
OG1,2.826259136199951
N,2.791339635848999
NE,2.7564198970794678
NE1,3.391171932220459
NE2,4.2172770500183105
ND1,5.043382167816162
ND2,5.869487762451172
NZ,5.972579002380371
NH1,5.714136600494385
NH2,5.455695152282715
SD,5.197246074676514
SG,5.082351207733154
UNKNOWN,5.082351207733154
