atom_index,is_real_atom,atom_type_from_onehot,importance
0,1,CA,6.626714706420898
1,1,C,6.626714706420898
2,1,O,6.907336235046387
3,1,CB,7.500650882720947
4,1,CG,8.093965530395508
5,1,CD1,8.68727970123291
6,1,CD2,9.139410018920898
7,1,CE1,9.395709991455078
8,1,CE2,9.652005195617676
9,1,CZ,9.908302307128906
10,1,OH,10.143394470214844
11,1,CA,10.341577529907227
12,1,C,10.53976058959961
13,1,O,10.737939834594727
14,1,CB,10.877419471740723
15,1,CG2,10.886733055114746
16,1,N,10.896045684814453
17,1,CA,10.905359268188477
18,1,C,10.78633975982666
19,1,O,10.295838356018066
20,1,CB,9.805335998535156
21,1,OG,9.314833641052246
22,1,CB,8.994824409484863
23,1,SG,9.345425605773926
24,1,CG1,9.696025848388672
25,1,CG2,10.046625137329102
26,1,CG1,10.386453628540039
27,1,CG2,10.66459846496582
28,1,CD1,10.94274616241455
29,1,CD2,11.220891952514648
30,1,CA,11.461645126342773
31,1,C,11.344474792480469
32,1,O,11.22730541229248
33,1,CB,11.110135078430176
34,1,CG,10.993127822875977
35,1,CD,10.879969596862793
36,1,NE,10.766813278198242
37,1,CB,10.653656005859375
38,1,CG1,10.540495872497559
39,1,CG2,10.089631080627441
40,1,CD1,9.634140968322754
41,1,N,9.178650856018066
42,1,CA,8.723159790039062
43,1,CD1,8.522668838500977
44,1,CB,8.340652465820312
45,1,CG,8.158638000488281
46,1,CD1,7.976624011993408
47,1,CD2,7.582213401794434
48,1,NE1,7.158395290374756
49,1,CE2,6.7345757484436035
50,1,CE3,6.310756683349609
51,1,CZ2,6.007672309875488
52,1,CZ3,5.730320930480957
53,1,CH2,5.452967166900635
