atom_type,importance_sum
C,18.05167007446289
CA,18.05167007446289
CB,18.33271598815918
CD,18.965267181396484
CD1,19.597665786743164
CD2,20.23021125793457
CE,20.901891708374023
CE1,21.651968002319336
CE2,22.402034759521484
CE3,23.15196990966797
CG,23.18855094909668
CG1,20.72779083251953
CG2,18.26702880859375
CH2,15.806268692016602
CZ,13.64011287689209
CZ2,13.830806732177734
CZ3,14.021507263183594
O,14.212202072143555
OH,14.402899742126465
OD1,13.840044021606445
OD2,13.27718734741211
OE1,12.714336395263672
OE2,12.151484489440918
OG,12.347527503967285
OG1,12.63843822479248
N,12.929347038269043
NE,13.220254898071289
NE1,13.6536283493042
NE2,14.12769603729248
ND1,14.601764678955078
ND2,15.07590389251709
NZ,14.870884895324707
NH1,14.326325416564941
NH2,13.781759262084961
SD,13.237198829650879
SG,12.995224952697754
UNKNOWN,12.995224952697754
