atom_type,importance
C,0.1300051510334015
CA,0.1300051510334015
CB,0.1277388483285904
CD,0.12264062464237213
CD1,0.11754241585731506
CD2,0.11244426667690277
CE,0.11448296904563904
CE1,0.13079513609409332
CE2,0.14710675179958344
CE3,0.16341911256313324
CG,0.1817167103290558
CG1,0.20696453750133514
CG2,0.23221293091773987
CH2,0.25746122002601624
CZ,0.2811439633369446
CZ2,0.29230669140815735
CZ3,0.303469181060791
O,0.31463193893432617
OH,0.3257945775985718
OD1,0.3238244354724884
OD2,0.32185444235801697
OE1,0.319884330034256
OE2,0.31791436672210693
OG,0.30382904410362244
OG1,0.2882295250892639
N,0.27262991666793823
NE,0.2570303678512573
NE1,0.25210702419281006
NE2,0.25023725628852844
ND1,0.24836726486682892
ND2,0.2464955896139145
NZ,0.24281740188598633
NH1,0.23823446035385132
NH2,0.23365232348442078
SD,0.22906962037086487
SG,0.22703227400779724
UNKNOWN,0.22703227400779724
