atom_index,is_real_atom,atom_type_from_onehot,importance
0,1,CE3,6.234299182891846
1,1,CZ2,6.234299182891846
2,1,CZ3,6.2988667488098145
3,1,CH2,6.43538236618042
4,1,CG2,6.571897983551025
5,1,CB,6.708414554595947
6,1,CD2,6.7572174072265625
7,1,CE1,6.684354782104492
8,1,CE2,6.6114935874938965
9,1,CZ,6.538630962371826
10,1,OH,6.48233699798584
11,1,CA,6.454884052276611
12,1,C,6.427430152893066
13,1,O,6.39997673034668
14,1,CB,6.370394706726074
15,1,CG,6.336091041564941
16,1,CA,6.301788806915283
17,1,C,6.267485618591309
18,1,O,6.2018585205078125
19,1,CB,6.045553684234619
20,1,CG,5.8892502784729
21,1,CD1,5.732946395874023
22,1,CD2,5.608949661254883
23,1,NE1,5.612026214599609
24,1,CE2,5.615102767944336
25,1,CE3,5.6181793212890625
26,1,CZ2,5.668618679046631
27,1,CZ3,5.9903154373168945
28,1,CH2,6.312011241912842
29,1,CD1,6.633707523345947
30,1,CE1,6.951981544494629
31,1,CE2,7.237499237060547
32,1,CZ,7.523017406463623
33,1,CD1,7.808534622192383
34,1,CD2,8.088956832885742
35,1,CE1,8.248748779296875
36,1,CE2,8.408541679382324
37,1,CZ,8.56833553314209
38,1,O,8.728129386901855
39,1,CA,8.590350151062012
40,1,C,8.448494911193848
41,1,O,8.306639671325684
42,1,CB,8.164785385131836
43,1,CG1,7.842044830322266
44,1,N,7.506199836730957
45,1,CA,7.170352935791016
46,1,C,6.834505558013916
47,1,O,6.677178382873535
48,1,N,6.544568061828613
49,1,CA,6.411958694458008
50,1,CB,6.279347896575928
51,1,CG,6.586455821990967
52,1,CD1,6.987270832061768
53,1,CD2,7.388087272644043
54,1,CE1,7.788904190063477
55,1,CE2,7.2501749992370605
56,1,CZ,6.431235313415527
