atom_index,is_real_atom,atom_type_from_onehot,importance
0,1,CG2,11.60254955291748
1,1,CD1,11.60254955291748
2,1,CA,11.943257331848145
3,1,C,12.663610458374023
4,1,O,13.383964538574219
5,1,CB,14.104316711425781
6,1,CG,14.365285873413086
7,1,CD,13.98904037475586
8,1,C,13.612797737121582
9,1,O,13.236556053161621
10,1,CB,12.890338897705078
11,1,CG2,12.596395492553711
12,1,N,12.302451133728027
13,1,CA,12.008506774902344
14,1,CB,11.835067749023438
15,1,OG,11.928825378417969
16,1,C,12.02258586883545
17,1,O,12.116344451904297
18,1,CB,12.159960746765137
19,1,N,12.05842399597168
20,1,CA,11.956888198852539
21,1,SD,11.855352401733398
22,1,CE,11.808000564575195
23,1,CD,11.973776817321777
24,1,NE,12.139555931091309
25,1,CZ,12.30533218383789
26,1,NH1,12.337435722351074
27,1,NH2,11.603947639465332
28,1,CZ3,10.870457649230957
29,1,CH2,10.136970520019531
30,1,CB,9.417159080505371
31,1,CG1,8.828246116638184
32,1,CG2,8.239334106445312
33,1,CD1,7.650421619415283
34,1,CG,7.078250408172607
35,1,CD1,6.902310371398926
36,1,CD2,6.726369857788086
37,1,CE1,6.550429344177246
38,1,CE2,6.37448787689209
39,1,CZ,6.489352226257324
40,1,OH,6.608198165893555
41,1,CE1,6.727045059204102
42,1,CZ,6.845892429351807
43,1,OH,6.714496612548828
