atom_type,importance
C,0.05553995817899704
CA,0.05553995817899704
CB,0.057473041117191315
CD,0.061822559684515
CD1,0.06617183238267899
CD2,0.07052101194858551
CE,0.07442633807659149
CE1,0.07744249701499939
CE2,0.0804586410522461
CE3,0.08347481489181519
CG,0.09210339933633804
CG1,0.12037517875432968
CG2,0.14864696562290192
CH2,0.17691875994205475
CZ,0.2035026252269745
CZ2,0.21658363938331604
CZ3,0.2296651005744934
O,0.24274569749832153
OH,0.25582635402679443
OD1,0.23922769725322723
OD2,0.22262896597385406
OE1,0.2060292661190033
OE2,0.1894306242465973
OG,0.17411117255687714
OG1,0.158951535820961
N,0.14379194378852844
NE,0.1286323368549347
NE1,0.1203317642211914
NE2,0.11399150639772415
ND1,0.10765057802200317
ND2,0.10130999982357025
NZ,0.10328008234500885
NH1,0.10940515995025635
NH2,0.1155303418636322
SD,0.12165585905313492
SG,0.12437818944454193
UNKNOWN,0.12437818944454193
