atom_type,importance
C,0.09016238152980804
CA,0.09016238152980804
CB,0.09522837400436401
CD,0.10662691295146942
CD1,0.1180260106921196
CD2,0.12942394614219666
CE,0.1372595727443695
CE1,0.1379682868719101
CE2,0.1386781632900238
CE3,0.1393868625164032
CG,0.14198003709316254
CG1,0.1511683464050293
CG2,0.16035662591457367
CH2,0.16954492032527924
CZ,0.17872174084186554
CZ2,0.18780674040317535
CZ3,0.19689175486564636
O,0.20597676932811737
OH,0.2150617241859436
OD1,0.2027875930070877
OD2,0.19051332771778107
OE1,0.178239107131958
OE2,0.16596488654613495
OG,0.1597917079925537
OG1,0.1543811559677124
N,0.1489706188440323
NE,0.14356011152267456
NE1,0.14171934127807617
NE2,0.14089961349964142
ND1,0.140078604221344
ND2,0.13925878703594208
NZ,0.1445838212966919
NH1,0.15298233926296234
NH2,0.16138097643852234
SD,0.16977952420711517
SG,0.1735125035047531
UNKNOWN,0.1735125035047531
