atom_type,importance
C,0.15765725076198578
CA,0.15765725076198578
CB,0.17177559435367584
CD,0.20354384183883667
CD1,0.23531219363212585
CD2,0.2670815885066986
CE,0.2848413586616516
CE1,0.27458617091178894
CE2,0.26432883739471436
CE3,0.25407376885414124
CG,0.24110229313373566
CG1,0.21862347424030304
CG2,0.19614462554454803
CH2,0.17366577684879303
CZ,0.15524177253246307
CZ2,0.1692560464143753
CZ3,0.18327024579048157
O,0.19728447496891022
OH,0.21129870414733887
OD1,0.21070748567581177
OD2,0.21011632680892944
OE1,0.20952507853507996
OE2,0.20893388986587524
OG,0.20066598057746887
OG1,0.1914384961128235
N,0.18221108615398407
NE,0.1729835718870163
NE1,0.18228112161159515
NE2,0.19687074422836304
ND1,0.21146047115325928
ND2,0.22605013847351074
NZ,0.22739702463150024
NH1,0.22211937606334686
NH2,0.2168426811695099
SD,0.211565762758255
SG,0.20922033488750458
UNKNOWN,0.20922033488750458
