atom_index,is_real_atom,atom_type_from_onehot,importance
0,1,CD1,10.301218032836914
1,1,O,10.301218032836914
2,1,CB,10.686970710754395
3,1,CG2,11.502557754516602
4,1,CD1,12.318146705627441
5,1,N,13.133734703063965
6,1,CA,13.670515060424805
7,1,CB,13.820561408996582
8,1,CG1,13.97060775756836
9,1,C,14.120654106140137
10,1,O,14.167193412780762
11,1,CB,14.03355884552002
12,1,OG,13.899922370910645
13,1,N,13.76628589630127
14,1,CB,13.506094932556152
15,1,CE1,12.965280532836914
16,1,NE2,12.424468040466309
17,1,CB,11.88365364074707
18,1,OG1,11.345620155334473
19,1,CD2,10.815632820129395
20,1,CE2,10.28564453125
21,1,CG,9.755658149719238
22,1,CD1,9.194974899291992
23,1,CD2,8.51355266571045
24,1,CG,7.83212947845459
25,1,CD1,7.1507086753845215
26,1,CD2,6.49554967880249
