atom_index,is_real_atom,atom_type_from_onehot,importance
0,1,CZ3,8.561868667602539
1,1,CH2,8.561868667602539
2,1,CD1,8.48251724243164
3,1,CG2,8.31474494934082
4,1,CD1,8.14697265625
