atom_type,importance_sum
C,2.123591423034668
CA,2.123591423034668
CB,2.46889066696167
CD,3.245823383331299
CD1,4.022757053375244
CD2,4.799718379974365
CE,5.217176914215088
CE1,4.915740013122559
CE2,4.614243507385254
CE3,4.312804222106934
CG,4.066529750823975
CG1,4.013319969177246
CG2,3.960113048553467
CH2,3.9069058895111084
CZ,3.911299467086792
CZ2,4.376522541046143
CZ3,4.841726303100586
O,5.3069233894348145
OH,5.772121429443359
OD1,4.992059707641602
OD2,4.21198034286499
OE1,3.431906223297119
OE2,2.6518449783325195
OG,2.1245055198669434
OG1,1.6287550926208496
N,1.1330056190490723
NE,0.637258768081665
NE1,0.5154893398284912
NE2,0.5005719661712646
ND1,0.4856545627117157
ND2,0.4707372188568115
NZ,1.5237833261489868
NH1,3.110808849334717
NH2,4.697824001312256
SD,6.284853458404541
SG,6.9901838302612305
UNKNOWN,6.9901838302612305
