atom_index,is_real_atom,atom_type_from_onehot,importance
0,1,CD1,9.710506439208984
1,1,CD1,9.710506439208984
2,1,CA,9.905206680297852
3,1,O,10.316853523254395
4,1,CB,10.72850227355957
5,1,CG2,11.140149116516113
6,1,CA,11.266302108764648
7,1,C,10.996448516845703
8,1,O,10.726591110229492
9,1,CB,10.456733703613281
10,1,OG,10.251202583312988
11,1,N,10.157648086547852
12,1,CA,10.064091682434082
13,1,CB,9.970534324645996
14,1,CG,9.864384651184082
15,1,CD1,9.730310440063477
16,1,CE1,9.596235275268555
17,1,CZ,9.462159156799316
18,1,CB,9.340083122253418
19,1,OG,9.252745628356934
20,1,CD2,9.165406227111816
21,1,CD2,9.078065872192383
22,1,CE2,8.874001502990723
23,1,CZ,8.210811614990234
