atom_type,importance_sum
C,9.68140983581543
CA,9.68140983581543
CB,10.02999210357666
CD,10.81418514251709
CD1,11.598475456237793
CD2,12.382767677307129
CE,12.837632179260254
CE1,12.633645057678223
CE2,12.429656028747559
CE3,12.225668907165527
CG,11.970422744750977
CG1,11.536080360412598
CG2,11.10173511505127
CH2,10.667394638061523
CZ,10.304858207702637
CZ2,10.516764640808105
CZ3,10.72867202758789
O,10.940582275390625
OH,11.152488708496094
OD1,10.726381301879883
OD2,10.300271987915039
OE1,9.874164581298828
OE2,9.448066711425781
OG,9.452681541442871
OG1,9.511134147644043
N,9.569587707519531
NE,9.628040313720703
NE1,9.274261474609375
NE2,8.80271053314209
ND1,8.331133842468262
ND2,7.85952615737915
NZ,7.668475151062012
NH1,7.617698669433594
NH2,7.566924095153809
SD,7.516143321990967
SG,7.493569374084473
UNKNOWN,7.493569374084473
