atom_index,is_real_atom,atom_type_from_onehot,importance
0,1,CD1,6.699393272399902
1,1,CB,6.699393272399902
2,1,CG,6.749390125274658
3,1,CD1,6.855100154876709
4,1,CD2,6.960809230804443
5,1,CE1,7.066519260406494
6,1,CE2,7.104142189025879
7,1,CZ,7.047323703765869
8,1,OH,6.990503787994385
9,1,CG,6.933685302734375
10,1,SD,6.9319610595703125
11,1,CE,7.026147365570068
12,1,O,7.120333194732666
13,1,N,7.214517593383789
14,1,CA,7.361474990844727
15,1,C,7.625445365905762
16,1,O,7.88941764831543
17,1,CB,8.153388023376465
18,1,OG,8.262015342712402
19,1,CB,7.920958518981934
20,1,OG,7.579901695251465
21,1,CG1,7.2388458251953125
22,1,CD1,6.947414398193359
23,1,CE2,6.851177215576172
24,1,CG2,6.75493860244751
25,1,CB,6.658701419830322
26,1,CG1,6.616326808929443
27,1,CG2,6.882439136505127
28,1,CD1,7.148553848266602
29,1,CD2,7.414666652679443
30,1,CE1,7.693552494049072
31,1,CE2,8.094673156738281
32,1,CZ,8.495793342590332
33,1,CG,8.896913528442383
34,1,SD,9.277730941772461
35,1,CE,9.178009986877441
36,1,CD,9.078290939331055
37,1,OE1,8.978569984436035
38,1,NE2,8.878849029541016
39,1,CD,9.038476943969727
40,1,NE,9.201654434204102
41,1,CZ,9.364834785461426
42,1,NH1,9.528013229370117
43,1,NH2,9.337516784667969
44,1,CA,9.121389389038086
45,1,C,8.905263900756836
46,1,O,8.689138412475586
47,1,CB,8.788910865783691
48,1,OG,8.932417869567871
49,1,CB,9.075925827026367
50,1,CG,9.219436645507812
51,1,SD,9.02927017211914
52,1,CE,8.767991065979004
53,1,N,8.506715774536133
54,1,CB,8.245439529418945
55,1,CG,7.645864963531494
56,1,CD,6.945399284362793
57,1,OE1,6.244931221008301
