atom_type,importance_sum
C,6.636077404022217
CA,6.636077404022217
CB,6.878089427947998
CD,7.422734260559082
CD1,7.9673261642456055
CD2,8.511961936950684
CE,9.053729057312012
CE1,9.589773178100586
CE2,10.125814437866211
CE3,10.661859512329102
CG,11.231647491455078
CG1,11.919658660888672
CG2,12.607666015625
CH2,13.295671463012695
CZ,13.874868392944336
CZ2,13.583565711975098
CZ3,13.29226303100586
O,13.000960350036621
OH,12.7096586227417
OD1,11.99868106842041
OD2,11.287702560424805
OE1,10.576723098754883
OE2,9.865744590759277
OG,9.22381591796875
OG1,8.590517044067383
N,7.95721960067749
NE,7.323923587799072
NE1,7.494930744171143
NE2,7.895719051361084
ND1,8.2965087890625
ND2,8.69726276397705
NZ,9.027703285217285
NH1,9.322993278503418
NH2,9.618270874023438
SD,9.913558006286621
SG,10.044776916503906
UNKNOWN,10.044776916503906
