atom_index,is_real_atom,atom_type_from_onehot,importance
0,1,O,8.201607704162598
1,1,CB,8.201607704162598
2,1,CG,8.398716926574707
3,1,CD1,8.815463066101074
4,1,CD2,9.232208251953125
5,1,CD2,9.648954391479492
6,1,CD1,9.853639602661133
7,1,C,9.764176368713379
8,1,O,9.674714088439941
9,1,CG,9.585251808166504
10,1,CD1,9.584197044372559
11,1,CD2,9.737028121948242
12,1,CA,9.889862060546875
13,1,CB,10.042696952819824
14,1,CG,10.208349227905273
15,1,CD1,10.402435302734375
16,1,CE1,10.596516609191895
17,1,N,10.790600776672363
18,1,CG,10.93739128112793
19,1,CD,10.947277069091797
20,1,CD1,10.95716381072998
21,1,C,10.96705150604248
22,1,O,10.975127220153809
23,1,CB,10.976065635681152
24,1,CG,10.977005958557129
25,1,CD1,10.977944374084473
26,1,CD2,10.969219207763672
27,1,N,10.905128479003906
28,1,CA,10.84104061126709
29,1,C,10.776951789855957
30,1,O,10.715126991271973
31,1,CB,10.675007820129395
32,1,CG1,10.634883880615234
33,1,CG2,10.594761848449707
34,1,CG,10.538263320922852
35,1,CD2,10.094270706176758
36,1,CB,9.65027904510498
37,1,CG,9.206284523010254
38,1,CD,8.762290000915527
