atom_type,importance_sum
C,6.604928493499756
CA,6.604928493499756
CB,7.5058369636535645
CD,9.532902717590332
CD1,11.559927940368652
CD2,13.587038040161133
CE,15.354180335998535
CE1,16.60157585144043
CE2,17.848928451538086
CE3,19.096393585205078
CG,20.16849708557129
CG1,20.627634048461914
CG2,21.08677864074707
CH2,21.545915603637695
CZ,21.891756057739258
CZ2,21.33118438720703
CZ3,20.770610809326172
O,20.210037231445312
OH,19.649465560913086
OD1,18.968490600585938
OD2,18.28752326965332
OE1,17.606555938720703
OE2,16.925582885742188
OG,15.993950843811035
OG1,15.03098201751709
N,14.068015098571777
NE,13.105045318603516
NE1,12.3175630569458
NE2,11.580215454101562
ND1,10.842782020568848
ND2,10.105436325073242
NZ,9.626689910888672
NH1,9.277323722839355
NH2,8.927925109863281
SD,8.578548431396484
SG,8.42324161529541
UNKNOWN,8.42324161529541
