atom_index,is_real_atom,atom_type_from_onehot,importance
0,1,CZ,9.028691291809082
1,1,NH2,9.028691291809082
2,1,CE2,9.311802864074707
3,1,CZ2,9.910381317138672
4,1,CZ3,10.508957862854004
5,1,CH2,11.107535362243652
6,1,CE1,11.299819946289062
7,1,CZ,10.92854118347168
8,1,CA,10.557262420654297
9,1,O,10.185981750488281
10,1,CB,9.968854904174805
11,1,CG1,10.02007007598877
12,1,CG2,10.071283340454102
13,1,CD1,10.12249755859375
14,1,CB,10.185521125793457
15,1,CG2,10.274721145629883
16,1,N,10.363922119140625
17,1,CA,10.453125
18,1,O,10.469514846801758
19,1,CB,10.27513313293457
20,1,OG,10.080748558044434
21,1,C,9.886366844177246
22,1,O,9.588330268859863
23,1,CB,8.882590293884277
24,1,SG,8.176849365234375
