atom_index,is_real_atom,atom_type_from_onehot,importance
0,1,CD2,8.681356430053711
1,1,CE2,8.681356430053711
2,1,CZ,8.68947696685791
3,1,OH,8.70664119720459
4,1,O,8.723807334899902
5,1,CB,8.740974426269531
6,1,CG1,8.735665321350098
7,1,CG2,8.699185371398926
8,1,CD1,8.662705421447754
9,1,C,8.626225471496582
10,1,O,8.596139907836914
11,1,CB,8.577177047729492
12,1,CG1,8.558215141296387
13,1,N,8.539253234863281
14,1,CA,8.585978507995605
15,1,O,8.778364181518555
16,1,CB,8.970749855041504
17,1,CG,9.16313648223877
18,1,CD1,9.347335815429688
19,1,CA,9.507840156555176
20,1,C,9.668346405029297
21,1,O,9.828850746154785
22,1,CB,9.86744213104248
23,1,CG,9.426508903503418
24,1,CD2,8.98557186126709
25,1,N,8.544636726379395
26,1,CA,8.157716751098633
27,1,C,8.08016586303711
28,1,O,8.002614974975586
29,1,N,7.92506217956543
30,1,CA,7.83857536315918
31,1,CB,7.666560649871826
32,1,CG,7.494545936584473
33,1,CD,7.322531700134277
34,1,NE2,7.153361797332764
35,1,CB,7.051509857177734
36,1,CA,6.949658393859863
37,1,C,6.847805976867676
38,1,O,6.745954513549805
39,1,CB,6.967301845550537
40,1,CG,7.193075180053711
41,1,CD1,7.418848514556885
42,1,CD2,7.644623756408691
43,1,CE1,7.507568359375
44,1,CE2,7.344222068786621
45,1,CZ,7.180874824523926
46,1,C,7.017528057098389
47,1,O,7.296354293823242
48,1,CB,7.636401176452637
49,1,CG2,7.976451396942139
50,1,N,8.316499710083008
51,1,CA,8.354310989379883
52,1,CB,8.327712059020996
53,1,CD1,8.30111312866211
54,1,CE3,8.274513244628906
55,1,CZ3,7.985238075256348
56,1,N,7.617622375488281
57,1,CA,7.250004768371582
58,1,CB,6.882388114929199
59,1,CG,6.758937358856201
60,1,CD1,6.7322306632995605
61,1,CD2,6.705524921417236
62,1,CE1,6.678818225860596
63,1,CE2,6.208512783050537
64,1,CZ,5.5118865966796875
