atom_type,importance_sum
C,8.925371170043945
CA,8.925371170043945
CB,9.597430229187012
CD,11.109668731689453
CD1,12.621840476989746
CD2,14.13400650024414
CE,15.145556449890137
CE1,15.155715942382812
CE2,15.165881156921387
CE3,15.17611026763916
CG,15.079216957092285
CG1,14.607708930969238
CG2,14.136204719543457
CH2,13.664700508117676
CZ,13.513962745666504
CZ2,15.929377555847168
CZ3,18.344860076904297
O,20.760271072387695
OH,23.175687789916992
OD1,21.066797256469727
OD2,18.957916259765625
OE1,16.849000930786133
OE2,14.740079879760742
OG,16.052541732788086
OG1,17.792747497558594
N,19.532882690429688
NE,21.273019790649414
NE1,21.533174514770508
NE2,21.370609283447266
ND1,21.20792007446289
ND2,21.04534912109375
NZ,20.3548641204834
NH1,19.40035629272461
NH2,18.445985794067383
SD,17.491512298583984
SG,17.067350387573242
UNKNOWN,17.067350387573242
