atom_type,importance
C,0.09219908714294434
CA,0.09219908714294434
CB,0.09724367409944534
CD,0.10859417170286179
CD1,0.11994452029466629
CD2,0.13129550218582153
CE,0.1423107087612152
CE1,0.15265651047229767
CE2,0.16300342977046967
CE3,0.17334918677806854
CG,0.17988495528697968
CG1,0.1730821430683136
CG2,0.16627933084964752
CH2,0.15947656333446503
CZ,0.15506453812122345
CZ2,0.16977857053279877
CZ3,0.18449260294437408
O,0.1992066502571106
OH,0.2139206975698471
OD1,0.22254270315170288
OD2,0.2311648577451706
OE1,0.2397867888212204
OE2,0.24840883910655975
OG,0.23412200808525085
OG1,0.21697162091732025
N,0.19982123374938965
NE,0.18267080187797546
NE1,0.17292799055576324
NE2,0.16530248522758484
ND1,0.1576758176088333
ND2,0.1500503420829773
NZ,0.1455998420715332
NH1,0.14273686707019806
NH2,0.13987389206886292
SD,0.13701200485229492
SG,0.13573969900608063
UNKNOWN,0.13573969900608063
