atom_type,importance
C,0.12035341560840607
CA,0.12035341560840607
CB,0.13367895781993866
CD,0.16365928947925568
CD1,0.19363956153392792
CD2,0.22362039983272552
CE,0.24965108931064606
CE1,0.26778095960617065
CE2,0.2859109044075012
CE3,0.3040407598018646
CG,0.3164241909980774
CG1,0.30869126319885254
CG2,0.3009582757949829
CH2,0.2932252585887909
CZ,0.2851663827896118
CZ2,0.27450019121170044
CZ3,0.2638339698314667
O,0.2531678080558777
OH,0.24250160157680511
OD1,0.23510093986988068
OD2,0.22770032286643982
OE1,0.22029952704906464
OE2,0.21289807558059692
OG,0.21744990348815918
OG1,0.22349584102630615
N,0.2295411229133606
NE,0.23558659851551056
NE1,0.2447669506072998
NE2,0.254842609167099
ND1,0.26491835713386536
ND2,0.2749941051006317
NZ,0.27441170811653137
NH1,0.2685004770755768
NH2,0.26258909702301025
SD,0.2566777169704437
SG,0.2540493905544281
UNKNOWN,0.2540493905544281
