atom_type,importance
C,0.12000265717506409
CA,0.12000265717506409
CB,0.12613414227962494
CD,0.13993048667907715
CD1,0.1537267118692398
CD2,0.1675230711698532
CE,0.1730969250202179
CE1,0.16222572326660156
CE2,0.15135467052459717
CE3,0.1404835283756256
CG,0.13164064288139343
CG1,0.12989464402198792
CG2,0.12814870476722717
CH2,0.12640272080898285
CZ,0.1269703060388565
CZ2,0.1460462510585785
CZ3,0.1651221662759781
O,0.18419808149337769
OH,0.20327402651309967
OD1,0.20020481944084167
OD2,0.1971355825662613
OE1,0.1940663605928421
OE2,0.1909971535205841
OG,0.19013844430446625
OG1,0.1895560920238495
N,0.18897368013858795
NE,0.1883912980556488
NE1,0.18692940473556519
NE2,0.1852165013551712
ND1,0.18350368738174438
ND2,0.18179091811180115
NZ,0.17654123902320862
NH1,0.16952432692050934
NH2,0.16250623762607574
SD,0.15548934042453766
SG,0.15237092971801758
UNKNOWN,0.15237092971801758
