atom_index,is_real_atom,atom_type_from_onehot,importance
0,1,CE2,6.072751522064209
1,1,CZ,6.072751522064209
2,1,CE1,6.120283126831055
3,1,CG,6.2207794189453125
4,1,CD1,6.321275234222412
5,1,CD2,6.421771049499512
6,1,CD2,6.4094743728637695
7,1,CD2,6.24072265625
8,1,CA,6.071969509124756
9,1,C,5.9032182693481445
10,1,O,5.932182788848877
11,1,CB,6.305319786071777
12,1,CG1,6.678456783294678
13,1,CG2,7.051594257354736
14,1,CD1,7.187355041503906
15,1,CA,6.79675817489624
16,1,C,6.406161308288574
17,1,O,6.015566349029541
18,1,CB,5.609683036804199
19,1,SG,5.159551620483398
20,1,N,4.709418296813965
21,1,CA,4.259287357330322
22,1,C,3.935237407684326
23,1,O,4.107112407684326
24,1,CB,4.278987884521484
25,1,CG,4.450862407684326
26,1,CD1,4.598160266876221
27,1,CD2,4.604698181152344
28,1,CE1,4.6112380027771
29,1,CE2,4.617776393890381
30,1,CZ,4.659859657287598
31,1,CA,5.042144298553467
32,1,C,5.424429416656494
33,1,O,5.806714057922363
34,1,CB,6.170265197753906
35,1,CG,6.090483665466309
36,1,CD2,6.010702133178711
37,1,CE2,5.930920600891113
38,1,N,5.851138114929199
39,1,CA,5.331557273864746
40,1,CB,4.8059539794921875
41,1,SG,4.280348777770996
42,1,SG,3.754743814468384
