atom_type,importance_sum
C,2.6425533294677734
CA,2.6425533294677734
CB,2.9374399185180664
CD,3.600928783416748
CD1,4.264429569244385
CD2,4.927886486053467
CE,5.43180513381958
CE1,5.616582870483398
CE2,5.801320552825928
CE3,5.986100673675537
CG,6.082460880279541
CG1,5.869444847106934
CG2,5.656428813934326
CH2,5.443410873413086
CZ,5.446652889251709
CZ2,7.179928302764893
CZ3,8.913249015808105
O,10.646523475646973
OH,12.379803657531738
OD1,11.607186317443848
OD2,10.834569931030273
OE1,10.0619535446167
OE2,9.289339065551758
OG,9.076480865478516
OG1,8.933592796325684
N,8.790703773498535
NE,8.64781665802002
NE1,8.402067184448242
NE2,8.126863479614258
ND1,7.851747512817383
ND2,7.5765910148620605
NZ,7.98374080657959
NH1,8.73202896118164
NH2,9.480350494384766
SD,10.228673934936523
SG,10.56125545501709
UNKNOWN,10.56125545501709
