atom_index,is_real_atom,atom_type_from_onehot,importance
0,1,NZ,11.697595596313477
1,1,CG1,11.697595596313477
2,1,CG2,11.792116165161133
3,1,CD1,11.991960525512695
4,1,CG,12.191804885864258
5,1,CD2,12.391648292541504
6,1,CG,12.210525512695312
7,1,OD1,11.500964164733887
8,1,ND2,10.791400909423828
9,1,CB,10.081839561462402
10,1,CG1,9.671502113342285
11,1,CG2,9.782033920288086
12,1,CD1,9.892568588256836
13,1,CG,10.003101348876953
14,1,CD1,10.079336166381836
15,1,CD2,10.079512596130371
16,1,CD1,10.079689979553223
17,1,CE1,10.079869270324707
18,1,CZ,10.214701652526855
19,1,CB,10.739324569702148
20,1,OG1,11.263946533203125
21,1,CG2,11.788569450378418
22,1,CB,12.219358444213867
23,1,CG1,12.28105640411377
24,1,CG2,12.342754364013672
25,1,CB,12.40445327758789
26,1,OG,12.360333442687988
27,1,CG1,11.71016788482666
28,1,CD1,11.0600004196167
29,1,CB,10.409834861755371
30,1,CG,9.757674217224121
31,1,CD1,9.086463928222656
32,1,CD2,8.415250778198242
33,1,NE1,7.744040012359619
34,1,CE2,7.099603652954102
35,1,CE3,7.088863849639893
36,1,CZ2,7.078122138977051
37,1,CZ3,7.067380905151367
38,1,CH2,7.056641578674316
39,1,CG1,6.779436111450195
40,1,CD1,6.49858283996582
