atom_type,importance_sum
C,7.456198692321777
CA,7.456198692321777
CB,8.10745620727539
CD,9.572757720947266
CD1,11.038064002990723
CD2,12.503395080566406
CE,13.52587890625
CE1,13.662589073181152
CE2,13.799300193786621
CE3,13.936098098754883
CG,14.303415298461914
CG1,15.477694511413574
CG2,16.651954650878906
CH2,17.826183319091797
CZ,18.882659912109375
CZ2,18.99691390991211
CZ3,19.11116600036621
O,19.225418090820312
OH,19.33966827392578
OD1,18.950864791870117
OD2,18.562061309814453
OE1,18.17325782775879
OE2,17.784469604492188
OG,17.467878341674805
OG1,17.16031265258789
N,16.852746963500977
NE,16.545181274414062
NE1,16.206506729125977
NE2,15.85891056060791
ND1,15.511314392089844
ND2,15.163712501525879
NZ,14.84654426574707
NH1,14.544634819030762
NH2,14.242632865905762
SD,13.940719604492188
SG,13.806537628173828
UNKNOWN,13.806537628173828
