atom_type,importance
C,0.09697245806455612
CA,0.09697245806455612
CB,0.09529367834329605
CD,0.0915171429514885
CD1,0.08774061501026154
CD2,0.08396410942077637
CE,0.08266943693161011
CE1,0.08633722364902496
CE2,0.09000504016876221
CE3,0.09367342293262482
CG,0.0961628183722496
CG1,0.09452705830335617
CG2,0.09289131313562393
CH2,0.09125557541847229
CZ,0.09163715690374374
CZ2,0.10815705358982086
CZ3,0.12467709928750992
O,0.14119739830493927
OH,0.15771763026714325
OD1,0.155692920088768
OD2,0.15366822481155396
OE1,0.1516435295343399
OE2,0.14961880445480347
OG,0.1445903182029724
OG1,0.1391863375902176
N,0.13378238677978516
NE,0.12837842106819153
NE1,0.13895727694034576
NE2,0.1541018933057785
ND1,0.1692475825548172
ND2,0.18439213931560516
NZ,0.18223856389522552
NH1,0.17143429815769196
NH2,0.1606311798095703
SD,0.1498280018568039
SG,0.14502635598182678
UNKNOWN,0.14502635598182678
