atom_index,is_real_atom,atom_type_from_onehot,importance
0,1,CD2,5.672213077545166
1,1,CE3,5.672213077545166
2,1,CZ2,5.638035774230957
3,1,CZ3,5.565772533416748
4,1,CH2,5.493508338928223
5,1,CB,5.4212446212768555
6,1,CG2,5.257721424102783
7,1,CB,4.9676103591918945
8,1,CD2,4.677499294281006
9,1,CE2,4.387387275695801
10,1,CZ,4.21240234375
11,1,OH,4.23782205581665
12,1,CA,4.263240814208984
13,1,C,4.288660526275635
14,1,O,4.305327415466309
15,1,CB,4.302586555480957
16,1,CG,4.299844741821289
17,1,C,4.297103404998779
18,1,O,4.250855445861816
19,1,CB,4.078670978546143
20,1,CG,3.9064853191375732
21,1,CD1,3.7343006134033203
22,1,CD2,3.5997610092163086
23,1,NE1,3.613292694091797
24,1,CE2,3.626824378967285
25,1,CE3,3.6403565406799316
26,1,CZ2,3.6790995597839355
27,1,CZ3,3.8622329235076904
28,1,CH2,4.045368194580078
29,1,CD1,4.2285027503967285
30,1,CD2,4.413046836853027
31,1,CE1,4.611085414886475
32,1,CE2,4.8091254234313965
33,1,CZ,5.00716495513916
34,1,CD2,5.202946186065674
35,1,CE1,5.345259189605713
36,1,CE2,5.487572193145752
37,1,CZ,5.629885673522949
38,1,O,5.772198677062988
39,1,CA,5.508123397827148
40,1,C,5.238481521606445
41,1,O,4.968841075897217
42,1,CB,4.699198246002197
43,1,CG1,4.404762268066406
44,1,N,4.108530044555664
45,1,N,3.8122966289520264
46,1,CA,3.5160634517669678
47,1,C,3.4252686500549316
48,1,O,3.3629190921783447
49,1,N,3.300570011138916
50,1,CA,3.23822021484375
51,1,CB,3.33809757232666
52,1,CG,3.4725468158721924
53,1,CD1,3.606997489929199
54,1,CD2,3.7414467334747314
55,1,CE1,3.903775453567505
56,1,CE2,4.074418067932129
57,1,CZ,4.245061874389648
