atom_type,importance_sum
C,2.1365346908569336
CA,2.1365346908569336
CB,2.344970941543579
CD,2.8139970302581787
CD1,3.283022403717041
CD2,3.7520198822021484
CE,4.1805596351623535
CE1,4.528213024139404
CE2,4.875810146331787
CE3,5.223464488983154
CG,5.614603519439697
CG1,6.15803337097168
CG2,6.701463222503662
CH2,7.244892597198486
CZ,7.636711120605469
CZ2,6.815637588500977
CZ3,5.994564533233643
O,5.173491954803467
OH,4.352418899536133
OD1,3.720843553543091
OD2,3.0892691612243652
OE1,2.4576942920684814
OE2,1.8261196613311768
OG,1.7595477104187012
OG1,1.763601303100586
N,1.7676547765731812
NE,1.7717082500457764
NE1,2.0013582706451416
NE2,2.295437812805176
ND1,2.5895330905914307
ND2,2.883627414703369
NZ,3.6551640033721924
NH1,4.66539192199707
NH2,5.675649166107178
SD,6.685848236083984
SG,7.13486385345459
UNKNOWN,7.13486385345459
