atom_index,is_real_atom,atom_type_from_onehot,importance
0,1,CG,7.128985404968262
1,1,CD,7.128985404968262
2,1,NE,6.790646076202393
3,1,CZ,6.075300216674805
4,1,NH1,5.359953880310059
5,1,N,4.644607067108154
6,1,CA,4.1456804275512695
7,1,C,3.9469499588012695
8,1,O,3.7482190132141113
9,1,CB,3.5494885444641113
10,1,CG,3.398580551147461
11,1,CD2,3.330918788909912
12,1,CE2,3.2632575035095215
13,1,CG1,3.1955957412719727
14,1,CD1,3.1727194786071777
15,1,CE3,3.2491488456726074
16,1,CZ3,3.3255789279937744
17,1,CH2,3.402008533477783
18,1,CG,3.5230512619018555
19,1,CD1,3.773235321044922
20,1,CD2,4.023420333862305
21,1,CE,4.273604869842529
22,1,CE1,4.492233753204346
23,1,CE2,4.586744785308838
24,1,CZ,4.681256294250488
25,1,CG,4.775768280029297
26,1,CD2,4.861634254455566
27,1,CH2,4.897982120513916
28,1,CA,4.934330463409424
29,1,C,4.970677852630615
30,1,O,5.028166770935059
31,1,CB,5.28800106048584
32,1,CG,5.547835826873779
33,1,CD,5.807670593261719
34,1,CA,6.054246425628662
35,1,C,5.98701810836792
36,1,O,5.9197916984558105
37,1,CB,5.852565288543701
38,1,N,5.785337448120117
39,1,CA,5.6315765380859375
40,1,CG2,5.476632595062256
41,1,CG2,5.3216872215271
42,1,CA,5.166741847991943
43,1,C,4.9893693923950195
44,1,CB,4.810374736785889
45,1,OG,4.631377220153809
46,1,N,4.452380180358887
47,1,CA,4.361319065093994
48,1,C,4.2824320793151855
49,1,CB,4.203545093536377
50,1,CG1,4.124659061431885
51,1,N,3.913816452026367
52,1,CA,3.674853801727295
53,1,C,3.435889720916748
54,1,O,3.1969258785247803
55,1,OG1,3.286101818084717
56,1,CG,3.4731428623199463
57,1,CD,3.6601850986480713
58,1,OE1,3.847226858139038
59,1,NE2,3.854151725769043
60,1,CD,3.7897098064422607
61,1,OE1,3.7252678871154785
62,1,NE2,3.6608259677886963
63,1,CE1,3.5933539867401123
64,1,CZ,3.5243375301361084
65,1,C,3.45531964302063
66,1,O,3.3863022327423096
67,1,CG,3.2427687644958496
68,1,CD1,3.0512125492095947
69,1,CD2,2.8596577644348145
70,1,CG2,2.668102264404297
