atom_type,importance_sum
C,3.813312530517578
CA,3.813312530517578
CB,3.936797857284546
CD,4.214676380157471
CD1,4.492539882659912
CD2,4.770374774932861
CE,5.114450454711914
CE1,5.590914726257324
CE2,6.067383766174316
CE3,6.543877601623535
CG,7.288924217224121
CG1,8.974031448364258
CG2,10.659135818481445
CH2,12.344240188598633
CZ,13.826136589050293
CZ2,13.682340621948242
CZ3,13.538543701171875
O,13.394745826721191
OH,13.25094985961914
OD1,11.885347366333008
OD2,10.519747734069824
OE1,9.154142379760742
OE2,7.788540363311768
OG,8.066564559936523
OG1,8.550046920776367
N,9.033526420593262
NE,9.517004013061523
NE1,9.802191734313965
NE2,10.03074836730957
ND1,10.259245872497559
ND2,10.487808227539062
NZ,10.811169624328613
NH1,11.181962013244629
NH2,11.552814483642578
SD,11.92361068725586
SG,12.088394165039062
UNKNOWN,12.088394165039062
