atom_type,importance
C,0.09511373192071915
CA,0.09511373192071915
CB,0.09985671937465668
CD,0.11052988469600677
CD1,0.12120302766561508
CD2,0.131876140832901
CE,0.14055590331554413
CE1,0.145247682929039
CE2,0.1499406099319458
CE3,0.15463361144065857
CG,0.16009046137332916
CG1,0.16822277009487152
CG2,0.17635512351989746
CH2,0.18448741734027863
CZ,0.19092194736003876
CZ2,0.18377403914928436
CZ3,0.17662622034549713
O,0.16947829723358154
OH,0.16233043372631073
OD1,0.16300790011882782
OD2,0.1636853963136673
OE1,0.1643628180027008
OE2,0.16504023969173431
OG,0.1573367565870285
OG1,0.14858561754226685
N,0.1398344486951828
NE,0.13108332455158234
NE1,0.1315455436706543
NE2,0.13464193046092987
ND1,0.13773714005947113
ND2,0.14083237946033478
NZ,0.14569199085235596
NH1,0.151432603597641
NH2,0.15717318654060364
SD,0.16291376948356628
SG,0.1654655784368515
UNKNOWN,0.1654655784368515
