atom_index,is_real_atom,atom_type_from_onehot,importance
0,1,CD2,9.34214973449707
1,1,CE3,9.34214973449707
2,1,CZ2,9.680338859558105
3,1,CZ3,10.395366668701172
4,1,CH2,11.110397338867188
5,1,CD2,11.825427055358887
6,1,CE2,12.306655883789062
7,1,CG,12.463576316833496
8,1,OD1,12.620499610900879
9,1,ND2,12.777423858642578
10,1,CD2,12.87490177154541
11,1,CE,12.868903160095215
12,1,NZ,12.862907409667969
13,1,O,12.856908798217773
14,1,CB,12.709394454956055
15,1,CG1,12.248085975646973
16,1,CG2,11.786778450012207
17,1,CD1,11.325470924377441
18,1,OG,10.846739768981934
19,1,N,10.317583084106445
20,1,CA,9.788421630859375
21,1,CB,9.259261131286621
22,1,CG1,8.790955543518066
23,1,CG2,8.56200885772705
24,1,C,8.333061218261719
25,1,CB,8.10411548614502
26,1,CG,7.913852214813232
27,1,CD1,7.945133686065674
28,1,CD2,7.976415634155273
29,1,NE1,8.007699012756348
30,1,CE2,8.031241416931152
31,1,CE3,7.980713844299316
32,1,CZ2,7.930185317993164
33,1,N,7.879657745361328
34,1,CG,7.827159404754639
35,1,CD1,7.728070259094238
36,1,CB,7.628981590270996
37,1,CG1,7.529892444610596
38,1,CG2,7.430802345275879
