atom_index,is_real_atom,atom_type_from_onehot,importance
0,1,CG,11.56595516204834
1,1,CD,11.56595516204834
2,1,NE,11.514304161071777
3,1,NH1,11.405099868774414
4,1,CA,11.295897483825684
5,1,C,11.186692237854004
6,1,O,10.77741527557373
7,1,CB,9.951906204223633
8,1,CG,9.12639331817627
9,1,CD1,8.300883293151855
10,1,CD2,7.576242446899414
11,1,CE1,7.027190208435059
12,1,CE2,6.478135585784912
13,1,CZ,5.929082870483398
14,1,CB,5.788540363311768
15,1,CG1,6.553823947906494
16,1,CD1,7.319109916687012
17,1,CA,8.084394454956055
18,1,CB,8.832681655883789
19,1,CB,9.531758308410645
20,1,CG1,10.230836868286133
21,1,CG2,10.929917335510254
22,1,CD1,11.492707252502441
23,1,CG,11.519438743591309
24,1,SD,11.54616928100586
25,1,CE,11.572898864746094
26,1,CD1,11.552983283996582
27,1,CE1,11.265931129455566
28,1,CZ,10.978877067565918
29,1,CB,10.691823959350586
30,1,CG2,10.397089958190918
31,1,CD1,10.02885913848877
32,1,CB,9.660630226135254
33,1,CG,9.292400360107422
34,1,CD1,8.920591354370117
35,1,CD2,8.46410846710205
36,1,NE1,8.007624626159668
37,1,CE2,7.551140308380127
38,1,CE3,7.094655990600586
39,1,CZ2,6.848108291625977
40,1,CZ3,6.604437828063965
41,1,CH2,6.360764980316162
