atom_type,importance_sum
C,7.666069984436035
CA,7.666069984436035
CB,7.8343377113342285
CD,8.212993621826172
CD1,8.591642379760742
CD2,8.970293998718262
CE,9.22734260559082
CE1,9.241212844848633
CE2,9.255084037780762
CE3,9.268951416015625
CG,9.739842414855957
CG1,11.810310363769531
CG2,13.880784034729004
CH2,15.951250076293945
CZ,17.902597427368164
CZ2,18.900480270385742
CZ3,19.898338317871094
O,20.896196365356445
OH,21.89405059814453
OD1,21.72496223449707
OD2,21.555877685546875
OE1,21.386791229248047
OE2,21.217702865600586
OG,20.435911178588867
OG1,19.577529907226562
N,18.719148635864258
NE,17.860734939575195
NE1,16.854928970336914
NE2,15.8070707321167
ND1,14.759223937988281
ND2,13.711298942565918
NZ,13.070796966552734
NH1,12.634004592895508
NH2,12.19721508026123
SD,11.76035213470459
SG,11.566248893737793
UNKNOWN,11.566248893737793
