atom_index,is_real_atom,atom_type_from_onehot,importance
0,1,CE1,8.408490180969238
1,1,CE2,8.408490180969238
2,1,CZ,8.754079818725586
3,1,CA,9.48475456237793
4,1,C,10.215431213378906
5,1,O,10.94610595703125
6,1,CB,11.38582992553711
7,1,CB,11.421979904174805
8,1,SG,11.458126068115234
9,1,CG2,11.494274139404297
10,1,CZ,11.42534351348877
11,1,OH,11.173502922058105
12,1,CZ,10.921661376953125
13,1,OH,10.669817924499512
14,1,CD1,10.300494194030762
15,1,CE1,9.670674324035645
16,1,CZ,9.040849685668945
17,1,CD1,8.411029815673828
18,1,OG1,7.804254055023193
