atom_type,importance
C,0.229472354054451
CA,0.229472354054451
CB,0.22201161086559296
CD,0.20522546768188477
CD1,0.1884385347366333
CD2,0.17165227234363556
CE,0.15781766176223755
CE1,0.1498856246471405
CE2,0.14195437729358673
CE3,0.1340223252773285
CG,0.1339513659477234
CG1,0.16139182448387146
CG2,0.1888323277235031
CH2,0.2162727564573288
CZ,0.2450411170721054
CZ2,0.28443270921707153
CZ3,0.3238241970539093
O,0.3632156252861023
OH,0.4026070833206177
OD1,0.389553964138031
OD2,0.37650078535079956
OE1,0.3634474575519562
OE2,0.3503943085670471
OG,0.3261624872684479
OG1,0.30053311586380005
N,0.2749039828777313
NE,0.24927473068237305
NE1,0.25047987699508667
NE2,0.2593521177768707
ND1,0.26822441816329956
ND2,0.2770966589450836
NZ,0.27187666296958923
NH1,0.25960806012153625
NH2,0.24734123051166534
SD,0.23507392406463623
SG,0.2296220362186432
UNKNOWN,0.2296220362186432
