atom_type,importance
C,0.078050896525383
CA,0.078050896525383
CB,0.08062273263931274
CD,0.0864090770483017
CD1,0.09219598770141602
CD2,0.09798289835453033
CE,0.10103949159383774
CE1,0.09863658249378204
CE2,0.09623308479785919
CE3,0.09382962435483932
CG,0.09344328194856644
CG1,0.1001170426607132
CG2,0.10679077357053757
CH2,0.11346494406461716
CZ,0.12114281952381134
CZ2,0.13685259222984314
CZ3,0.15256240963935852
O,0.1682721972465515
OH,0.1839819699525833
OD1,0.18419812619686127
OD2,0.18441428244113922
OE1,0.18463043868541718
OE2,0.18484658002853394
OG,0.18119166791439056
OG1,0.17705273628234863
N,0.17291392385959625
NE,0.1687750667333603
NE1,0.18477237224578857
NE2,0.20652331411838531
ND1,0.22827425599098206
ND2,0.25002411007881165
NZ,0.24978148937225342
NH1,0.2385425567626953
NH2,0.22730298340320587
SD,0.2160637378692627
SG,0.21106886863708496
UNKNOWN,0.21106886863708496
