atom_type,importance_sum
C,6.018198490142822
CA,6.018198490142822
CB,6.670798301696777
CD,8.139202117919922
CD1,9.607556343078613
CD2,11.075908660888672
CE,12.214588165283203
CE1,12.69371509552002
CE2,13.172738075256348
CE3,13.651863098144531
CG,13.6883544921875
CG1,12.175664901733398
CG2,10.662969589233398
CH2,9.15027904510498
CZ,7.87578010559082
CZ2,8.50728702545166
CZ3,9.138802528381348
O,9.770289421081543
OH,10.401774406433105
OD1,10.281004905700684
OD2,10.160234451293945
OE1,10.03946304321289
OE2,9.918693542480469
OG,10.884626388549805
OG1,11.986398696899414
N,13.088171005249023
NE,14.189942359924316
NE1,13.831730842590332
NE2,13.056441307067871
ND1,12.28115177154541
ND2,11.505860328674316
NZ,11.262421607971191
NH1,11.284904479980469
NH2,11.307378768920898
SD,11.329784393310547
SG,11.33978271484375
UNKNOWN,11.33978271484375
