atom_type,importance
C,0.08121848106384277
CA,0.08121848106384277
CB,0.08824530988931656
CD,0.10405602306127548
CD1,0.11986733973026276
CD2,0.13567739725112915
CE,0.14441485702991486
CE1,0.13900436460971832
CE2,0.13359525799751282
CE3,0.12818476557731628
CG,0.1250961422920227
CG1,0.1301298588514328
CG2,0.13516360521316528
CH2,0.140197291970253
CZ,0.14434941112995148
CZ2,0.1414487510919571
CZ3,0.1385481208562851
O,0.13564741611480713
OH,0.13274677097797394
OD1,0.12431418150663376
OD2,0.11588161438703537
OE1,0.107449010014534
OE2,0.09901643544435501
OG,0.09474218636751175
OG1,0.09098776429891586
N,0.08723332732915878
NE,0.0834788829088211
NE1,0.08716009557247162
NE2,0.09296644479036331
ND1,0.09877277165651321
ND2,0.10457845777273178
NZ,0.11106584966182709
NH1,0.11789339780807495
NH2,0.12472129613161087
SD,0.13154888153076172
SG,0.13458362221717834
UNKNOWN,0.13458362221717834
