atom_type,importance_sum
C,2.8745219707489014
CA,2.8745219707489014
CB,3.0642170906066895
CD,3.49100923538208
CD1,3.9178009033203125
CD2,4.344614505767822
CE,4.916899681091309
CE1,5.7802653312683105
CE2,6.643584251403809
CE3,7.506945610046387
CG,8.356993675231934
CG1,9.16057014465332
CG2,9.964147567749023
CH2,10.767720222473145
CZ,11.488252639770508
CZ2,11.544408798217773
CZ3,11.600566864013672
O,11.65672492980957
OH,11.712886810302734
OD1,10.494955062866211
OD2,9.277017593383789
OE1,8.059082984924316
OE2,6.841149806976318
OG,6.624555587768555
OG1,6.533132553100586
N,6.441707134246826
NE,6.350282669067383
NE1,6.21188497543335
NE2,6.060055255889893
ND1,5.908272743225098
ND2,5.756444454193115
NZ,6.01057243347168
NH1,6.467612266540527
NH2,6.924696445465088
SD,7.381779670715332
SG,7.584929943084717
UNKNOWN,7.584929943084717
