atom_index,is_real_atom,atom_type_from_onehot,importance
0,1,O,11.067479133605957
1,1,CD1,11.067479133605957
2,1,CB,11.21308422088623
3,1,CG,11.520936965942383
4,1,CD1,11.828788757324219
5,1,N,12.136642456054688
6,1,CA,12.194583892822266
7,1,C,11.905878067016602
8,1,O,11.617171287536621
9,1,CB,11.328465461730957
10,1,CG,11.02035903930664
11,1,CD,10.678486824035645
12,1,CB,10.336612701416016
13,1,CG2,9.994738578796387
14,1,CD1,9.536417007446289
15,1,N,8.819880485534668
16,1,CA,8.103343963623047
17,1,CB,7.386809349060059
18,1,CG1,6.911874771118164
19,1,CD1,7.136312484741211
20,1,CB,7.360750198364258
21,1,CG,7.585187911987305
22,1,CD1,7.831751823425293
23,1,CD2,8.165345191955566
24,1,CE1,8.49893856048584
25,1,CE2,8.832533836364746
26,1,CZ,9.156795501708984
27,1,CA,9.427611351013184
28,1,C,9.698431968688965
29,1,O,9.96924877166748
30,1,CB,10.211868286132812
31,1,SG,10.18458366394043
32,1,N,10.157299995422363
33,1,CA,10.130016326904297
34,1,C,10.086883544921875
35,1,O,9.66871166229248
36,1,CB,9.250541687011719
37,1,OG,8.832366943359375
38,1,N,8.414193153381348
39,1,C,8.452826499938965
40,1,N,8.49771785736084
41,1,CA,8.542609214782715
42,1,CB,8.587501525878906
43,1,CD,8.402698516845703
44,1,CG,8.201251983642578
45,1,CD1,7.999804496765137
46,1,CD2,7.7983574867248535
