atom_type,importance
C,0.09729121625423431
CA,0.09729121625423431
CB,0.10567030310630798
CD,0.1245235726237297
CD1,0.14337684214115143
CD2,0.16223002970218658
CE,0.17755858600139618
CE1,0.18583627045154572
CE2,0.19411402940750122
CE3,0.20239177346229553
CG,0.20666849613189697
CG1,0.19694139063358307
CG2,0.1872142106294632
CH2,0.1774871051311493
CZ,0.16798706352710724
CZ2,0.16030368208885193
CZ3,0.15262025594711304
O,0.14493684470653534
OH,0.13725344836711884
OD1,0.12608394026756287
OD2,0.11491448432207108
OE1,0.10374560207128525
OE2,0.09257609397172928
OG,0.091643787920475
OG1,0.0919911339879036
N,0.09233848750591278
NE,0.09268582612276077
NE1,0.100443996489048
NE2,0.110319122672081
ND1,0.12019500881433487
ND2,0.13006991147994995
NZ,0.13299813866615295
NH1,0.13245245814323425
NH2,0.13190677762031555
SD,0.13135989010334015
SG,0.13111743330955505
UNKNOWN,0.13111743330955505
