atom_type,importance_sum
C,7.454364776611328
CA,7.454364776611328
CB,7.790648937225342
CD,8.547270774841309
CD1,9.303858757019043
CD2,10.060487747192383
CE,10.724803924560547
CE1,11.204543113708496
CE2,11.684178352355957
CE3,12.163908958435059
CG,12.794044494628906
CG1,13.950506210327148
CG2,15.10697078704834
CH2,16.263437271118164
CZ,17.2559814453125
CZ2,16.936843872070312
CZ3,16.617704391479492
O,16.29856300354004
OH,15.97943115234375
OD1,15.645390510559082
OD2,15.311349868774414
OE1,14.977311134338379
OE2,14.643271446228027
OG,14.589189529418945
OG1,14.570101737976074
N,14.551010131835938
NE,14.5319242477417
NE1,13.917490005493164
NE2,13.132923126220703
ND1,12.348349571228027
ND2,11.563776969909668
NZ,11.02182388305664
NH1,10.601318359375
NH2,10.180814743041992
SD,9.760276794433594
SG,9.573382377624512
UNKNOWN,9.573382377624512
