atom_index,is_real_atom,atom_type_from_onehot,importance
0,1,CA,9.337203025817871
1,1,O,9.337203025817871
2,1,CB,9.680145263671875
3,1,CG1,10.405224800109863
4,1,CG2,11.130303382873535
5,1,CG,11.85538101196289
6,1,CD1,12.318328857421875
7,1,CD2,12.417671203613281
8,1,CG2,12.517013549804688
9,1,CB,12.616354942321777
10,1,CG,12.68384075164795
11,1,CD,12.695863723754883
12,1,C,12.707887649536133
13,1,CB,12.7199125289917
14,1,CG,12.502582550048828
15,1,N,11.776690483093262
16,1,CA,11.050795555114746
17,1,CB,10.324905395507812
