atom_type,importance
C,0.0901125818490982
CA,0.0901125818490982
CB,0.09082938730716705
CD,0.09244353324174881
CD1,0.09405706077814102
CD2,0.0956711620092392
CE,0.1027970016002655
CE1,0.12094846367835999
CE2,0.13909882307052612
CE3,0.15724915266036987
CG,0.1722095012664795
CG1,0.17599833011627197
CG2,0.17978715896606445
CH2,0.18357594311237335
CZ,0.18843382596969604
CZ2,0.2018442004919052
CZ3,0.21525456011295319
O,0.22866497933864594
OH,0.2420753538608551
OD1,0.2329564392566681
OD2,0.22383758425712585
OE1,0.21471865475177765
OE2,0.2055997997522354
OG,0.1929231584072113
OG1,0.17980171740055084
N,0.16668038070201874
NE,0.15355896949768066
NE1,0.15123771131038666
NE2,0.15200366079807281
ND1,0.1527695506811142
ND2,0.15353436768054962
NZ,0.14907021820545197
NH1,0.14199209213256836
NH2,0.1349128931760788
SD,0.12783370912075043
SG,0.12468741089105606
UNKNOWN,0.12468741089105606
