atom_index,is_real_atom,atom_type_from_onehot,importance
0,1,CD2,11.666988372802734
1,1,CD1,11.666988372802734
2,1,CB,11.98470401763916
3,1,CG1,12.656444549560547
4,1,N,13.328184127807617
5,1,CA,13.999923706054688
6,1,O,14.175506591796875
7,1,CB,13.662879943847656
8,1,CG,13.150251388549805
9,1,CD,12.637622833251953
10,1,CA,12.357656478881836
11,1,C,12.482702255249023
12,1,CB,12.607747077941895
13,1,CG1,12.732793807983398
14,1,CD1,12.808963775634766
15,1,CB,12.776759147644043
16,1,CG1,12.74455451965332
17,1,CG2,12.712349891662598
18,1,CG1,12.572795867919922
19,1,O,12.122490882873535
20,1,CB,11.672184944152832
21,1,OG,11.221881866455078
