atom_type,importance_sum
C,10.846013069152832
CA,10.846013069152832
CB,11.431315422058105
CD,12.748329162597656
CD1,14.06534194946289
CD2,15.382250785827637
CE,16.0389347076416
CE1,15.374634742736816
CE2,14.71044635772705
CE3,14.046148300170898
CG,13.480262756347656
CG1,13.258176803588867
CG2,13.036087036132812
CH2,12.813997268676758
CZ,12.654833793640137
CZ2,12.999058723449707
CZ3,13.343278884887695
O,13.687503814697266
OH,14.031725883483887
OD1,13.418513298034668
OD2,12.805301666259766
OE1,12.192087173461914
OE2,11.578875541687012
OG,11.393865585327148
OG1,11.262377738952637
N,11.130891799926758
NE,10.99940299987793
NE1,10.4911527633667
NE2,9.87540340423584
ND1,9.259574890136719
ND2,8.643802642822266
NZ,8.359930038452148
NH1,8.241997718811035
NH2,8.124116897583008
SD,8.006230354309082
SG,7.9538092613220215
UNKNOWN,7.9538092613220215
