atom_type,importance
C,0.0893225446343422
CA,0.0893225446343422
CB,0.09533669799566269
CD,0.10886821895837784
CD1,0.1223994791507721
CD2,0.13593144714832306
CE,0.14347964525222778
CE1,0.1390637755393982
CE2,0.1346466839313507
CE3,0.13022960722446442
CG,0.1263429820537567
CG1,0.12431340664625168
CG2,0.12228380888700485
CH2,0.12025423347949982
CZ,0.12031009793281555
CZ2,0.13704925775527954
CZ3,0.15378841757774353
O,0.17052757740020752
OH,0.18726670742034912
OD1,0.18307672441005707
OD2,0.17888683080673218
OE1,0.17469686269760132
OE2,0.17050690948963165
OG,0.17019417881965637
OG1,0.1703660935163498
N,0.1705380082130432
NE,0.17070995271205902
NE1,0.1733289510011673
NE2,0.1766486018896103
ND1,0.17996709048748016
ND2,0.18328556418418884
NZ,0.17939212918281555
NH1,0.17189207673072815
NH2,0.16439320147037506
SD,0.15689320862293243
SG,0.15355990827083588
UNKNOWN,0.15355990827083588
