atom_type,importance
C,0.04624060168862343
CA,0.04624060168862343
CB,0.05211712419986725
CD,0.0653391107916832
CD1,0.07856150716543198
CD2,0.0917830690741539
CE,0.0983591303229332
CE1,0.09164169430732727
CE2,0.08492425084114075
CE3,0.07820682227611542
CG,0.07317491620779037
CG1,0.07403994351625443
CG2,0.07490498572587967
CH2,0.07577001303434372
CZ,0.07599993050098419
CZ2,0.07114898413419724
CZ3,0.06629806011915207
O,0.06144711747765541
OH,0.056596189737319946
OD1,0.043203238397836685
OD2,0.029810281470417976
OE1,0.01641734130680561
OE2,0.003024391131475568
OG,0.0015362793346866965
OG1,0.0015362793346866965
N,0.0015362793346866965
NE,0.0015362793346866965
NE1,0.0021345766726881266
NE2,0.0029038097709417343
ND1,0.003673035651445389
ND2,0.004442283418029547
NZ,0.018219269812107086
NH1,0.03850012645125389
NH2,0.05878093093633652
SD,0.07906166464090347
SG,0.08807557076215744
UNKNOWN,0.08807557076215744
