atom_index,is_real_atom,atom_type_from_onehot,importance
0,1,CE2,5.653546333312988
1,1,CZ,5.653546333312988
2,1,CE1,5.743041038513184
3,1,CZ,5.9322590827941895
4,1,CG,6.121477127075195
5,1,CG,6.310695171356201
6,1,CD1,6.293457984924316
7,1,CD1,5.989847183227539
8,1,CD2,5.68623685836792
9,1,CD2,5.382625579833984
10,1,CD2,5.305722713470459
11,1,CD2,5.623456001281738
12,1,CA,5.941190719604492
13,1,C,6.258924961090088
14,1,O,6.483049392700195
15,1,CB,6.49960470199585
16,1,CG1,6.516159534454346
17,1,CG2,6.53271484375
18,1,CA,6.464939594268799
19,1,C,6.153049945831299
20,1,O,5.841158390045166
21,1,CB,5.529268264770508
22,1,SG,5.254667282104492
23,1,N,5.126742839813232
24,1,CA,4.9988179206848145
25,1,C,4.870893478393555
26,1,CB,4.7698845863342285
27,1,CG,4.823034286499023
28,1,CD1,4.87618350982666
29,1,CD2,4.929332733154297
30,1,CE1,5.000260353088379
31,1,CE2,5.2413649559021
32,1,CZ,5.482469081878662
33,1,CA,5.723573207855225
34,1,C,5.962316513061523
35,1,O,6.145200252532959
36,1,CB,6.328083515167236
37,1,CG,6.510966777801514
38,1,CD2,6.693850994110107
39,1,CE2,6.5234222412109375
40,1,N,6.348153114318848
41,1,CA,6.172884941101074
42,1,CB,5.997617244720459
43,1,SG,5.727083683013916
44,1,SG,5.449646949768066
