atom_type,importance
C,0.20530834794044495
CA,0.20530834794044495
CB,0.19239050149917603
CD,0.16332519054412842
CD1,0.1342598795890808
CD2,0.10519423335790634
CE,0.0881195217370987
CE1,0.09502634406089783
CE2,0.10193276405334473
CE3,0.10883966833353043
CG,0.11506152898073196
CG1,0.11888734251260757
CG2,0.1227131113409996
CH2,0.1265389323234558
CZ,0.13480013608932495
CZ2,0.17854489386081696
CZ3,0.2222902625799179
O,0.2660349905490875
OH,0.30977973341941833
OD1,0.3012085258960724
OD2,0.29263725876808167
OE1,0.2840659022331238
OE2,0.2754947543144226
OG,0.25755566358566284
OG1,0.23844553530216217
N,0.21933527290821075
NE,0.2002246379852295
NE1,0.19824360311031342
NE2,0.201156884431839
ND1,0.20407022535800934
ND2,0.2069828063249588
NZ,0.19994133710861206
NH1,0.18792204558849335
NH2,0.17590273916721344
SD,0.1638842672109604
SG,0.15854217112064362
UNKNOWN,0.15854217112064362
