atom_type,importance
C,0.08406879007816315
CA,0.08406879007816315
CB,0.08604784309864044
CD,0.09050042927265167
CD1,0.09495297819375992
CD2,0.09940558671951294
CE,0.1029563844203949
CE1,0.10470430552959442
CE2,0.10645288228988647
CE3,0.10820050537586212
CG,0.10995269566774368
CG1,0.1117171123623848
CG2,0.1134815365076065
CH2,0.11524596810340881
CZ,0.1175139844417572
CZ2,0.1238110363483429
CZ3,0.13010793924331665
O,0.13640499114990234
OH,0.14270198345184326
OD1,0.1282658576965332
OD2,0.11382972449064255
OE1,0.09939301013946533
OE2,0.08495689928531647
OG,0.08502038568258286
OG1,0.08689633011817932
N,0.08877226710319519
NE,0.09064820408821106
NE1,0.09408371895551682
NE2,0.09796379506587982
ND1,0.10184453427791595
ND2,0.1057252287864685
NZ,0.10394790023565292
NH1,0.0993424579501152
NH2,0.09473702311515808
SD,0.09013097733259201
SG,0.08808395266532898
UNKNOWN,0.08808395266532898
