atom_index,is_real_atom,atom_type_from_onehot,importance
0,1,CB,9.610713958740234
1,1,CG,9.610713958740234
2,1,CD1,9.672568321228027
3,1,CD2,9.8033447265625
4,1,CD1,9.934121131896973
5,1,CG2,10.064895629882812
6,1,CB,10.050929069519043
7,1,OG1,9.836186408996582
8,1,CG2,9.621443748474121
9,1,O,9.40670108795166
10,1,CA,9.239794731140137
11,1,C,9.156153678894043
12,1,O,9.072515487670898
13,1,CB,8.988875389099121
14,1,CG,8.924246788024902
15,1,CD1,8.901771545410156
16,1,N,8.879297256469727
17,1,CA,8.85682201385498
18,1,C,8.877235412597656
19,1,CB,9.021796226501465
20,1,CB,9.166357040405273
21,1,CG1,9.310918807983398
22,1,CG2,9.399198532104492
23,1,CD1,9.266106605529785
24,1,CA,9.133010864257812
25,1,C,8.999918937683105
26,1,O,8.864114761352539
27,1,CB,8.71279239654541
28,1,N,8.561470031738281
29,1,CA,8.410147666931152
30,1,C,8.273709297180176
31,1,O,8.279727935791016
32,1,CB,8.285747528076172
33,1,CG,8.291767120361328
34,1,CD2,8.288110733032227
35,1,CE2,8.055464744567871
36,1,CZ,7.822819709777832
37,1,N,7.590173721313477
38,1,CA,7.357526779174805
39,1,C,7.009732246398926
40,1,O,6.660362243652344
41,1,N,6.3109893798828125
42,1,CA,5.961616516113281
43,1,CB,5.7469305992126465
44,1,SG,5.5420026779174805
45,1,CB,5.3370747566223145
46,1,CG,5.132146835327148
47,1,CD1,5.298626899719238
48,1,CD2,5.5165324211120605
49,1,CE1,5.734438419342041
50,1,CE2,5.95234489440918
51,1,CZ,5.670720100402832
52,1,CG1,5.2826409339904785
53,1,CD1,4.894559860229492
