atom_type,importance_sum
C,6.582883834838867
CA,6.582883834838867
CB,7.627682685852051
CD,9.978416442871094
CD1,12.329145431518555
CD2,14.679878234863281
CE,16.261625289916992
CE1,16.305530548095703
CE2,16.34951400756836
CE3,16.393413543701172
CG,16.339601516723633
CG1,15.943680763244629
CG2,15.547752380371094
CH2,15.151834487915039
CZ,14.90933609008789
CZ2,15.89420223236084
CZ3,16.87907600402832
O,17.86394691467285
OH,18.848819732666016
OD1,16.664499282836914
OD2,14.480186462402344
OE1,12.295867919921875
OE2,10.111550331115723
OG,11.352850914001465
OG1,13.022356033325195
N,14.691858291625977
NE,16.361360549926758
NE1,16.69515609741211
NE2,16.647253036499023
ND1,16.599403381347656
ND2,16.551551818847656
NZ,16.363676071166992
NH1,16.10573959350586
NH2,15.84787368774414
SD,15.589935302734375
SG,15.475320816040039
UNKNOWN,15.475320816040039
