atom_index,is_real_atom,atom_type_from_onehot,importance
0,1,CB,7.910567283630371
1,1,CD1,7.910567283630371
2,1,SD,7.995334625244141
3,1,CB,8.174556732177734
4,1,CG1,8.353778839111328
5,1,CG2,8.533001899719238
6,1,CD1,8.654267311096191
7,1,CE1,8.695138931274414
8,1,CE2,8.736013412475586
9,1,CZ,8.776884078979492
10,1,CG,8.864968299865723
11,1,CD1,9.03524112701416
12,1,CD2,9.205509185791016
13,1,CA,9.375781059265137
14,1,O,9.453925132751465
15,1,CB,9.327794075012207
16,1,CA,9.201663970947266
17,1,C,9.075531959533691
18,1,O,8.907995223999023
19,1,CB,8.620596885681152
20,1,CG,8.333197593688965
21,1,N,8.045799255371094
22,1,CA,7.738137722015381
23,1,CB,7.350773811340332
24,1,CG,6.963409423828125
25,1,CD1,6.576045513153076
26,1,CE1,6.1454620361328125
27,1,CB,5.46735143661499
28,1,CD2,4.78924036026001
