atom_type,importance_sum
C,3.5564820766448975
CA,3.5564820766448975
CB,4.2102556228637695
CD,5.681180000305176
CD1,7.152151584625244
CD2,8.623124122619629
CE,9.708915710449219
CE1,10.024543762207031
CE2,10.340170860290527
CE3,10.655797958374023
CG,10.901268005371094
CG1,10.901278495788574
CG2,10.901289939880371
CH2,10.901298522949219
CZ,10.891219139099121
CZ2,10.80045223236084
CZ3,10.709678649902344
O,10.61890697479248
OH,10.528135299682617
OD1,9.312454223632812
OD2,8.096745491027832
OE1,6.881035804748535
OE2,5.665353775024414
OG,5.294455528259277
OG1,5.0291571617126465
N,4.763856410980225
NE,4.498556137084961
NE1,4.461084365844727
NE2,4.4886908531188965
ND1,4.51629638671875
ND2,4.5439534187316895
NZ,4.918991565704346
NH1,5.467744827270508
NH2,6.016547679901123
SD,6.565300464630127
SG,6.8092360496521
UNKNOWN,6.8092360496521
