atom_index,is_real_atom,atom_type_from_onehot,importance
0,1,C,8.392805099487305
1,1,O,8.392805099487305
2,1,N,8.249849319458008
3,1,CA,7.947598457336426
4,1,C,7.64534854888916
5,1,O,7.343098163604736
6,1,CB,7.2863922119140625
7,1,CG,7.570276737213135
8,1,SD,7.854161739349365
9,1,CB,8.138046264648438
10,1,CG1,8.312798500061035
11,1,CG2,8.29758071899414
12,1,CD1,8.282362937927246
13,1,CG,8.267144203186035
14,1,CD2,8.33455753326416
15,1,O,8.58519172668457
16,1,CB,8.83582878112793
17,1,OG1,9.086464881896973
18,1,CG2,9.16585922241211
19,1,CG2,8.749564170837402
20,1,C,8.333267211914062
21,1,O,7.9169721603393555
22,1,CB,7.522972583770752
23,1,CG,7.216681957244873
24,1,N,6.910390377044678
25,1,CA,6.604098320007324
26,1,C,6.322165012359619
27,1,O,6.179736614227295
28,1,N,6.037308216094971
29,1,CA,5.894881248474121
30,1,CB,5.747740268707275
31,1,CD1,5.555492877960205
32,1,OG,5.363245010375977
33,1,CG,5.1709980964660645
34,1,CD1,4.974289417266846
35,1,CD2,4.672015190124512
