atom_index,is_real_atom,atom_type_from_onehot,importance
0,1,CE3,7.425837516784668
1,1,CZ3,7.425837516784668
2,1,CH2,7.440020561218262
3,1,CG2,7.470005989074707
4,1,CD2,7.499991416931152
5,1,CE2,7.529977321624756
6,1,CZ,7.426357269287109
7,1,OH,7.137414932250977
8,1,N,6.848472595214844
9,1,CA,6.559531211853027
10,1,C,6.38212251663208
11,1,O,6.398866653442383
12,1,CB,6.4156107902526855
13,1,CG,6.4323554039001465
14,1,CA,6.454640865325928
15,1,C,6.489213943481445
16,1,CB,6.52378511428833
17,1,CG,6.558358192443848
18,1,CD1,6.50871467590332
19,1,CD2,6.215286731719971
20,1,NE1,5.921857833862305
21,1,CE2,5.628429412841797
22,1,CE3,5.392914295196533
23,1,CZ2,5.385189533233643
24,1,CZ3,5.377464771270752
25,1,CH2,5.369739055633545
26,1,CG,5.507957935333252
27,1,CD1,6.482032775878906
28,1,CD2,7.456108570098877
29,1,CE1,8.430182456970215
30,1,CE2,9.312366485595703
31,1,CZ,9.31501293182373
32,1,CE1,9.317658424377441
33,1,CE2,9.320303916931152
34,1,CZ,9.314358711242676
35,1,O,9.10505485534668
36,1,N,8.895751953125
37,1,CA,8.686447143554688
38,1,C,8.477142333984375
39,1,O,8.011297225952148
40,1,CB,7.541939735412598
41,1,CG1,7.072578430175781
42,1,CG2,6.603219509124756
43,1,N,6.65203332901001
44,1,N,6.7383952140808105
45,1,CA,6.824758052825928
46,1,C,6.91111946105957
47,1,O,7.025123119354248
48,1,N,7.142953395843506
49,1,CA,7.260783672332764
50,1,CB,7.378612995147705
51,1,CG,7.404254913330078
52,1,CD2,7.410251140594482
53,1,CE1,7.41624641418457
54,1,CE2,7.4222412109375
55,1,CZ,6.911590099334717
