atom_type,importance_sum
C,9.011787414550781
CA,9.011787414550781
CB,9.322159767150879
CD,10.020493507385254
CD1,10.7188720703125
CD2,11.417197227478027
CE,11.852173805236816
CE1,11.760552406311035
CE2,11.668928146362305
CE3,11.577223777770996
CG,11.496054649353027
CG1,11.451322555541992
CG2,11.406595230102539
CH2,11.361865997314453
CZ,11.462937355041504
CZ2,12.730420112609863
CZ3,13.99790096282959
O,15.26538372039795
OH,16.53286361694336
OD1,17.103302001953125
OD2,17.673742294311523
OE1,18.24418067932129
OE2,18.814620971679688
OG,18.640819549560547
OG1,18.373991012573242
N,18.107152938842773
NE,17.840320587158203
NE1,18.208972930908203
NE2,18.759166717529297
ND1,19.30936050415039
ND2,19.859718322753906
NZ,19.905973434448242
NH1,19.700246810913086
NH2,19.494548797607422
SD,19.288949966430664
SG,19.197500228881836
UNKNOWN,19.197500228881836
