atom_index,is_real_atom,atom_type_from_onehot,importance
0,1,CG1,10.642400741577148
1,1,CB,10.642400741577148
2,1,CG1,10.636382102966309
3,1,CG2,10.623659133911133
4,1,O,10.610936164855957
5,1,CA,10.598214149475098
6,1,C,10.544920921325684
7,1,O,10.435357093811035
8,1,CB,10.325790405273438
9,1,CG,10.21622371673584
10,1,CD1,10.186152458190918
11,1,CD2,10.294451713562012
12,1,CE1,10.402752876281738
13,1,CD1,10.511053085327148
14,1,C,10.67303466796875
15,1,O,10.954041481018066
16,1,CB,11.235047340393066
17,1,CG,11.5160551071167
18,1,CD2,11.595423698425293
19,1,N,11.09111213684082
20,1,CA,10.586796760559082
21,1,CB,10.082484245300293
22,1,CD1,9.66967487335205
23,1,CG,9.61679458618164
24,1,CD1,9.56391429901123
25,1,CD2,9.511032104492188
26,1,CE1,9.4874849319458
27,1,CE2,9.631924629211426
28,1,CZ,9.7763671875
29,1,OH,9.920805931091309
30,1,C,10.0465087890625
31,1,O,9.9928560256958
32,1,N,9.939201354980469
33,1,CA,9.885547637939453
34,1,CB,9.816317558288574
