atom_type,importance_sum
C,4.47382926940918
CA,4.47382926940918
CB,5.218782901763916
CD,6.894900798797607
CD1,8.571049690246582
CD2,10.247194290161133
CE,11.485112190246582
CE1,11.846413612365723
CE2,12.20782470703125
CE3,12.569231033325195
CG,12.89712905883789
CG1,13.108099937438965
CG2,13.319079399108887
CH2,13.53005313873291
CZ,13.587291717529297
CZ2,12.414618492126465
CZ3,11.241944313049316
O,10.0692720413208
OH,8.896599769592285
OD1,7.478951454162598
OD2,6.061303615570068
OE1,4.643662452697754
OE2,3.2260334491729736
OG,2.779980421066284
OG1,2.455376148223877
N,2.130772590637207
NE,1.8061686754226685
NE1,1.7638874053955078
NE2,1.8022764921188354
ND1,1.8406659364700317
ND2,1.8790425062179565
NZ,3.479381799697876
NH1,5.860660076141357
NH2,8.241963386535645
SD,10.623271942138672
SG,11.68161678314209
UNKNOWN,11.68161678314209
