atom_index,is_real_atom,atom_type_from_onehot,importance
0,1,C,9.215849876403809
1,1,O,9.215849876403809
2,1,N,9.261730194091797
3,1,CA,9.358736991882324
4,1,C,9.455743789672852
5,1,O,9.552751541137695
6,1,CB,9.59348201751709
7,1,CG,9.55614948272705
8,1,CD,9.518817901611328
9,1,CA,9.48148250579834
10,1,C,9.497274398803711
11,1,O,9.60554027557373
12,1,CB,9.713808059692383
13,1,CG1,9.82207202911377
14,1,CG2,9.939191818237305
15,1,CD1,10.075933456420898
16,1,N,10.212674140930176
17,1,CA,10.349414825439453
18,1,CB,10.499926567077637
19,1,OG1,10.690303802490234
20,1,CG2,10.880681991577148
21,1,CB,11.071059226989746
22,1,CG,11.282876968383789
23,1,SG,11.579028129577637
24,1,CA,11.8751802444458
25,1,C,12.171331405639648
26,1,CB,12.3731689453125
27,1,SG,12.034849166870117
28,1,N,11.696525573730469
29,1,CA,11.358205795288086
30,1,C,11.006715774536133
31,1,O,10.529184341430664
32,1,CB,10.051648139953613
33,1,CB,9.574116706848145
34,1,CG1,9.115530014038086
35,1,CG1,9.105406761169434
36,1,CD1,9.095279693603516
37,1,CD1,9.08515453338623
38,1,CD2,9.075029373168945
39,1,CE1,8.309147834777832
40,1,CE2,7.53291654586792
41,1,CZ,6.7566819190979
