atom_index,is_real_atom,atom_type_from_onehot,importance
0,1,CA,8.42889404296875
1,1,O,8.42889404296875
2,1,CB,8.481934547424316
3,1,CG,8.59407901763916
4,1,CB,8.706223487854004
5,1,CD1,8.818367958068848
6,1,CB,8.611336708068848
7,1,CG,7.961581707000732
8,1,CD1,7.311824798583984
9,1,CD2,6.662068843841553
10,1,NE1,6.329102993011475
11,1,CE2,6.547584056854248
12,1,CE3,6.766066074371338
13,1,CZ2,6.984548568725586
14,1,CZ3,7.21117639541626
15,1,CH2,7.455867767333984
16,1,CG1,7.700558185577393
17,1,CD1,7.945248603820801
18,1,CG,8.122243881225586
19,1,CD2,8.103275299072266
20,1,OG1,8.084304809570312
21,1,CA,8.065336227416992
22,1,C,8.057184219360352
23,1,CB,8.09158706665039
24,1,CG1,8.125988960266113
25,1,CG2,8.160390853881836
26,1,CD1,8.17952823638916
27,1,N,8.111233711242676
28,1,CA,8.042939186096191
29,1,CG1,7.974645137786865
30,1,CG1,7.885334014892578
31,1,CE,7.5948615074157715
32,1,CA,7.304388999938965
33,1,C,7.013916969299316
34,1,O,6.740664482116699
35,1,CB,6.87495231628418
36,1,CB,7.009241104125977
37,1,CG,7.143529891967773
38,1,CD1,7.27781867980957
39,1,CD2,7.669721603393555
40,1,CE2,8.06515121459961
41,1,CD2,8.460582733154297
42,1,CB,8.856014251708984
43,1,CG,8.97616195678711
44,1,CD,9.076363563537598
45,1,OE1,9.17656421661377
46,1,NE2,9.276765823364258
47,1,CB,8.847854614257812
48,1,OG,8.345685958862305
49,1,CA,7.843515396118164
50,1,CB,7.341343879699707
51,1,CG,7.085081100463867
52,1,CD1,6.881225109100342
53,1,CD2,6.677366256713867
54,1,CE1,6.473508834838867
55,1,CE2,6.205870151519775
56,1,CZ,5.919211387634277
57,1,CE1,5.6325507164001465
58,1,CZ,5.345889091491699
59,1,OH,5.604487895965576
60,1,CG1,6.079129219055176
61,1,CG2,6.55377197265625
62,1,CE2,7.028415679931641
63,1,CZ,6.945150852203369
64,1,OH,6.577240467071533
