atom_type,importance_sum
C,8.2120943069458
CA,8.2120943069458
CB,8.379786491394043
CD,8.757124900817871
CD1,9.134449005126953
CD2,9.511815071105957
CE,9.800671577453613
CE1,9.912589073181152
CE2,10.024548530578613
CE3,10.136458396911621
CG,10.622167587280273
CG1,12.415919303894043
CG2,14.209671020507812
CH2,16.0034236907959
CZ,17.782901763916016
CZ2,19.448230743408203
CZ3,21.113563537597656
O,22.778884887695312
OH,24.444210052490234
OD1,25.22440528869629
OD2,26.004600524902344
OE1,26.784786224365234
OE2,27.56498146057129
OG,26.757511138916016
OG1,25.751596450805664
N,24.745681762695312
NE,23.739761352539062
NE1,22.668807983398438
NE2,21.579383850097656
ND1,20.489835739135742
ND2,19.400407791137695
NZ,18.343175888061523
NH1,17.302013397216797
NH2,16.260906219482422
SD,15.219720840454102
SG,14.757033348083496
UNKNOWN,14.757033348083496
