atom_index,is_real_atom,atom_type_from_onehot,importance
0,1,NH1,9.302984237670898
1,1,NH2,9.302984237670898
2,1,CE1,9.42097282409668
3,1,CE2,9.670435905456543
4,1,CZ,9.919897079467773
5,1,CD1,10.169357299804688
6,1,CD2,10.334162712097168
7,1,CA,10.381543159484863
8,1,C,10.42892074584961
9,1,O,10.476302146911621
10,1,CB,10.49459457397461
11,1,CG,10.462261199951172
12,1,CD1,10.429926872253418
13,1,CD2,10.397588729858398
14,1,N,10.384479522705078
15,1,CA,10.413994789123535
16,1,CB,10.443511009216309
17,1,CG,10.473027229309082
18,1,SD,10.426989555358887
19,1,CA,10.162238121032715
20,1,C,9.89748764038086
21,1,O,9.632737159729004
22,1,CB,9.423073768615723
23,1,N,9.430076599121094
24,1,CA,9.437074661254883
25,1,CB,9.44407844543457
26,1,CG,9.448339462280273
27,1,CD1,9.436910629272461
28,1,CD2,9.425480842590332
29,1,CB,9.41405200958252
30,1,CG1,9.433456420898438
31,1,N,9.747978210449219
32,1,CA,10.062496185302734
33,1,C,10.377018928527832
34,1,O,10.682642936706543
35,1,CB,10.777759552001953
36,1,CG,10.872876167297363
37,1,CA,10.96799087524414
38,1,C,11.063109397888184
39,1,O,10.883116722106934
40,1,CB,10.699357032775879
41,1,CG,10.515595436096191
42,1,CD,10.331835746765137
43,1,OE1,10.025629997253418
44,1,N,9.710555076599121
45,1,CA,9.395477294921875
46,1,CB,9.080400466918945
47,1,OG1,8.76294994354248
48,1,CG2,8.445172309875488
49,1,CB,8.127391815185547
50,1,CG,7.8096137046813965
51,1,CD1,7.80431604385376
52,1,CD2,7.865612030029297
53,1,NE1,7.926908493041992
54,1,CE2,7.988204479217529
55,1,CE3,7.715523719787598
56,1,CZ2,7.343236446380615
57,1,CZ3,6.970948219299316
58,1,CH2,6.598659515380859
