atom_type,importance_sum
C,8.931364059448242
CA,8.931364059448242
CB,9.492709159851074
CD,10.755731582641602
CD1,12.018826484680176
CD2,13.281851768493652
CE,14.84160327911377
CE1,16.994794845581055
CE2,19.14789581298828
CE3,21.301124572753906
CG,23.13190269470215
CG1,23.834205627441406
CG2,24.536516189575195
CH2,25.238815307617188
CZ,25.724796295166016
CZ2,24.480165481567383
CZ3,23.23554229736328
O,21.99091911315918
OH,20.746292114257812
OD1,18.538055419921875
OD2,16.32975196838379
OE1,14.121499061584473
OE2,11.913262367248535
OG,13.104040145874023
OG1,14.719709396362305
N,16.33538246154785
NE,17.95110321044922
NE1,18.626588821411133
NE2,19.033601760864258
ND1,19.440465927124023
ND2,19.84747886657715
NZ,20.320951461791992
NH1,20.827863693237305
NH2,21.334632873535156
SD,21.841407775878906
SG,22.066682815551758
UNKNOWN,22.066682815551758
