atom_type,importance_sum
C,13.348440170288086
CA,13.348440170288086
CB,14.067834854125977
CD,15.686427116394043
CD1,17.30506706237793
CD2,18.92363166809082
CE,19.75862693786621
CE1,19.026418685913086
CE2,18.294038772583008
CE3,17.56183433532715
CG,17.0140323638916
CG1,17.112010955810547
CG2,17.20998764038086
CH2,17.307964324951172
CZ,17.38375473022461
CZ2,17.28203582763672
CZ3,17.180316925048828
O,17.078598022460938
OH,16.976877212524414
OD1,16.77094841003418
OD2,16.565019607543945
OE1,16.35909080505371
OE2,16.153160095214844
OG,15.645589828491211
OG1,15.100314140319824
N,14.555036544799805
NE,14.009757995605469
NE1,14.220404624938965
NE2,14.64686393737793
ND1,15.07341480255127
ND2,15.499968528747559
NZ,15.64555835723877
NH1,15.650717735290527
NH2,15.65587329864502
SD,15.661026954650879
SG,15.663315773010254
UNKNOWN,15.663315773010254
