atom_type,importance
C,0.11237254738807678
CA,0.11237254738807678
CB,0.12023470550775528
CD,0.1379271149635315
CD1,0.15561828017234802
CD2,0.17330950498580933
CE,0.18186213076114655
CE1,0.17213653028011322
CE2,0.16241207718849182
CE3,0.1526864767074585
CG,0.14809200167655945
CG1,0.16145111620426178
CG2,0.1748102456331253
CH2,0.18816937506198883
CZ,0.20072542130947113
CZ2,0.20685617625713348
CZ3,0.2129870057106018
O,0.2191178947687149
OH,0.22524869441986084
OD1,0.2102244645357132
OD2,0.19520026445388794
OE1,0.1801760196685791
OE2,0.16515181958675385
OG,0.15794692933559418
OG1,0.15171948075294495
N,0.1454920470714569
NE,0.1392645686864853
NE1,0.1373380571603775
NE2,0.13663911819458008
ND1,0.13594141602516174
ND2,0.1352425068616867
NZ,0.13690076768398285
NH1,0.1397363841533661
NH2,0.14257192611694336
SD,0.1454075276851654
SG,0.14666748046875
UNKNOWN,0.14666748046875
