atom_type,importance
C,0.24811920523643494
CA,0.24811920523643494
CB,0.24685829877853394
CD,0.24402041733264923
CD1,0.24118372797966003
CD2,0.2383469194173813
CE,0.22788915038108826
CE1,0.2021893560886383
CE2,0.17648953199386597
CE3,0.15078967809677124
CG,0.13053755462169647
CG1,0.12935270369052887
CG2,0.12816788256168365
CH2,0.12698304653167725
CZ,0.1282762736082077
CZ2,0.14939375221729279
CZ3,0.17051133513450623
O,0.19162875413894653
OH,0.21274633705615997
OD1,0.228583425283432
OD2,0.24442043900489807
OE1,0.26025742292404175
OE2,0.2760944366455078
OG,0.3131438195705414
OG1,0.35284489393234253
N,0.3925458788871765
NE,0.4322468638420105
NE1,0.4089016914367676
NE2,0.3675435185432434
ND1,0.32618415355682373
ND2,0.28482601046562195
NZ,0.25891411304473877
NH1,0.24072471261024475
NH2,0.22253522276878357
SD,0.20434583723545074
SG,0.19626158475875854
UNKNOWN,0.19626158475875854
