atom_index,is_real_atom,atom_type_from_onehot,importance
0,1,C,10.588996887207031
1,1,O,10.588996887207031
2,1,N,10.70281982421875
3,1,CA,10.943473815917969
4,1,C,11.184125900268555
5,1,O,11.42478084564209
6,1,CB,11.652050971984863
7,1,CG,11.860755920410156
8,1,SD,12.069459915161133
9,1,CB,12.278164863586426
10,1,CG1,12.384309768676758
11,1,CG2,12.311919212341309
12,1,CD1,12.239529609680176
13,1,CG,12.167142868041992
14,1,CD2,12.190034866333008
15,1,O,12.424201011657715
16,1,CB,12.658369064331055
17,1,OG1,12.892536163330078
18,1,CG2,12.998427391052246
19,1,CG2,12.732988357543945
20,1,C,12.467550277709961
21,1,O,12.202112197875977
22,1,CB,11.907519340515137
23,1,CG,11.498250961303711
24,1,N,11.088979721069336
25,1,CA,10.679712295532227
26,1,C,10.282702445983887
27,1,O,9.955916404724121
28,1,N,9.629127502441406
29,1,CA,9.302338600158691
30,1,CB,8.989418983459473
31,1,CD1,8.8092622756958
32,1,OG,8.629103660583496
33,1,CG,8.448946952819824
34,1,CD1,8.246862411499023
35,1,CD2,7.525931358337402
