atom_type,importance_sum
C,5.315190315246582
CA,5.315190315246582
CB,5.0488667488098145
CD,4.449632167816162
CD1,3.850400686264038
CD2,3.2511684894561768
CE,3.1735684871673584
CE1,4.1392316818237305
CE2,5.104890823364258
CE3,6.070556163787842
CG,6.568849563598633
CG1,5.431352138519287
CG2,4.293854236602783
CH2,3.1563594341278076
CZ,2.185279130935669
CZ2,2.5455329418182373
CZ3,2.9057865142822266
O,3.2660410404205322
OH,3.626295328140259
OD1,3.031170129776001
OD2,2.4360439777374268
OE1,1.840918779373169
OE2,1.2457941770553589
OG,1.2078534364700317
OG1,1.2395621538162231
N,1.271270990371704
NE,1.302978754043579
NE1,1.3454792499542236
NE2,1.3910633325576782
ND1,1.4366464614868164
ND2,1.482230305671692
NZ,2.6422691345214844
NH1,4.359533786773682
NH2,6.076799392700195
SD,7.794065475463867
SG,8.557295799255371
UNKNOWN,8.557295799255371
