atom_type,importance_sum
C,8.625675201416016
CA,8.625675201416016
CB,8.733991622924805
CD,8.977682113647461
CD1,9.221402168273926
CD2,9.465124130249023
CE,9.657739639282227
CE1,9.74820327758789
CE2,9.8386869430542
CE3,9.929109573364258
CG,10.121469497680664
CG1,10.670249938964844
CG2,11.219022750854492
CH2,11.767796516418457
CZ,12.36929702758789
CZ2,13.392623901367188
CZ3,14.415955543518066
O,15.439284324645996
OH,16.462604522705078
OD1,16.687908172607422
OD2,16.913211822509766
OE1,17.13850975036621
OE2,17.36380958557129
OG,17.155790328979492
OG1,16.893604278564453
N,16.631418228149414
NE,16.369232177734375
NE1,17.07863426208496
NE2,18.06578254699707
ND1,19.052810668945312
ND2,20.039813995361328
NZ,20.19770622253418
NH1,19.941036224365234
NH2,19.684368133544922
SD,19.427703857421875
SG,19.31361961364746
UNKNOWN,19.31361961364746
