atom_type,importance
C,0.13013243675231934
CA,0.13013243675231934
CB,0.13532643020153046
CD,0.14701403677463531
CD1,0.15870164334774017
CD2,0.1703881025314331
CE,0.17591643333435059
CE1,0.16912616789340973
CE2,0.1623358279466629
CE3,0.15554556250572205
CG,0.15475483238697052
CG1,0.17496442794799805
CG2,0.19517405331134796
CH2,0.21538370847702026
CZ,0.23206333816051483
CZ2,0.2205028533935547
CZ3,0.20894232392311096
O,0.19738183915615082
OH,0.18582136929035187
OD1,0.20496325194835663
OD2,0.2241051197052002
OE1,0.24324701726436615
OE2,0.26238900423049927
OG,0.250320166349411
OG1,0.23434995114803314
N,0.21837987005710602
NE,0.2024097889661789
NE1,0.20162348449230194
NE2,0.20517489314079285
ND1,0.20872630178928375
ND2,0.21227768063545227
NZ,0.22085510194301605
NH1,0.23194542527198792
NH2,0.24303558468818665
SD,0.2541256546974182
SG,0.2590544819831848
UNKNOWN,0.2590544819831848
