atom_type,importance
C,0.08402877300977707
CA,0.08402877300977707
CB,0.0889895036816597
CD,0.10014969855546951
CD1,0.11131059378385544
CD2,0.12247148901224136
CE,0.1290205717086792
CE1,0.1263473778963089
CE2,0.1236756294965744
CE3,0.12100248038768768
CG,0.11985509097576141
CG1,0.12404738366603851
CG2,0.12823966145515442
CH2,0.13243193924427032
CZ,0.1350099891424179
CZ2,0.12467429786920547
CZ3,0.11433859169483185
O,0.1040036603808403
OH,0.09366795420646667
OD1,0.0780148059129715
OD2,0.06236167252063751
OE1,0.046708159148693085
OE2,0.031055014580488205
OG,0.02889198623597622
OG1,0.028415193781256676
N,0.02793840318918228
NE,0.02746160514652729
NE1,0.031308501958847046
NE2,0.03639080375432968
ND1,0.041472747921943665
ND2,0.0465550534427166
NZ,0.06410715728998184
NH1,0.08789333701133728
NH2,0.11168017238378525
SD,0.13546693325042725
SG,0.14603881537914276
UNKNOWN,0.14603881537914276
