atom_index,is_real_atom,atom_type_from_onehot,importance
0,1,CZ2,8.252988815307617
1,1,CZ3,8.252988815307617
2,1,CH2,8.241593360900879
3,1,CG2,8.217503547668457
4,1,CE1,8.193411827087402
5,1,CE2,8.169321060180664
6,1,CZ,8.100274085998535
7,1,OH,7.968868732452393
8,1,CA,7.837461948394775
9,1,C,7.706057071685791
10,1,O,7.544477939605713
11,1,CB,7.330376625061035
12,1,CG,7.116275787353516
13,1,O,6.902175426483154
14,1,CB,6.700254917144775
15,1,CG,6.525345325469971
16,1,CD1,6.35043478012085
17,1,CD2,6.175525665283203
18,1,NE1,6.062985420227051
19,1,CE2,6.130992412567139
20,1,CE3,6.198998928070068
21,1,CD1,6.26700496673584
22,1,CE1,6.384186744689941
23,1,CE2,6.6947808265686035
24,1,CZ,7.005375385284424
25,1,CD2,7.315971374511719
26,1,CE1,7.630730152130127
27,1,CE2,7.9693379402160645
28,1,CZ,8.30794620513916
29,1,CA,8.646553993225098
30,1,C,8.97419548034668
31,1,O,9.196892738342285
32,1,CG,9.41958999633789
33,1,CD1,9.642285346984863
34,1,CA,9.860334396362305
35,1,C,9.968419075012207
36,1,O,10.076506614685059
37,1,CB,10.184593200683594
38,1,CG1,10.292678833007812
39,1,N,9.9368314743042
40,1,CA,9.57463264465332
41,1,CB,9.212432861328125
42,1,CG1,8.850231170654297
43,1,CG2,8.317931175231934
44,1,CD1,7.773309707641602
