atom_type,importance_sum
C,8.135826110839844
CA,8.135826110839844
CB,8.467170715332031
CD,9.212679862976074
CD1,9.958165168762207
CD2,10.703699111938477
CE,11.368165016174316
CE1,11.870692253112793
CE2,12.373130798339844
CE3,12.875659942626953
CG,13.307099342346191
CG1,13.490074157714844
CG2,13.673049926757812
CH2,13.856022834777832
CZ,14.100288391113281
CZ2,14.834881782531738
CZ3,15.569478034973145
O,16.3040771484375
OH,17.038673400878906
OD1,17.380687713623047
OD2,17.722707748413086
OE1,18.064725875854492
OE2,18.4067440032959
OG,18.037546157836914
OG1,17.57944679260254
N,17.12134552001953
NE,16.66324234008789
NE1,16.06020736694336
NE2,15.415668487548828
ND1,14.771211624145508
ND2,14.126672744750977
NZ,13.577252388000488
NH1,13.075356483459473
NH2,12.573458671569824
SD,12.071555137634277
SG,11.84847354888916
UNKNOWN,11.84847354888916
