atom_index,is_real_atom,atom_type_from_onehot,importance
0,1,CG,9.35170841217041
1,1,CD2,9.35170841217041
2,1,CD1,9.583187103271484
3,1,CG,10.072589874267578
4,1,CD1,10.561994552612305
5,1,CD2,11.051400184631348
6,1,CB,11.387064933776855
7,1,CG1,11.509477615356445
8,1,N,11.631890296936035
9,1,CA,11.754302978515625
10,1,O,11.820569038391113
11,1,CB,11.789101600646973
12,1,CG,11.757633209228516
13,1,CD,11.726163864135742
14,1,CA,11.529062271118164
15,1,C,10.964692115783691
16,1,O,10.40031909942627
17,1,CB,9.83594799041748
18,1,N,9.492448806762695
19,1,CA,9.78831672668457
20,1,CG1,10.084187507629395
21,1,CD1,10.380054473876953
22,1,CB,10.611989974975586
23,1,CG1,10.592456817626953
24,1,CG2,10.57292366027832
25,1,CG1,10.553390502929688
26,1,CA,10.44899845123291
27,1,O,9.858600616455078
28,1,CB,9.268200874328613
29,1,OG,8.677803039550781
