atom_type,importance_sum
C,12.953900337219238
CA,12.953900337219238
CB,13.630475044250488
CD,15.152755737304688
CD1,16.67511558532715
CD2,18.197341918945312
CE,18.663816452026367
CE1,17.018522262573242
CE2,15.373231887817383
CE3,13.727941513061523
CG,12.49053955078125
CG1,12.680797576904297
CG2,12.871055603027344
CH2,13.06131362915039
CZ,13.232590675354004
CZ2,13.251997947692871
CZ3,13.271407127380371
O,13.290818214416504
OH,13.310227394104004
OD1,12.937358856201172
OD2,12.564485549926758
OE1,12.191614151000977
OE2,11.818741798400879
OG,11.599899291992188
OG1,11.400313377380371
N,11.200726509094238
NE,11.001139640808105
NE1,10.798591613769531
NE2,10.59508991241455
ND1,10.391683578491211
ND2,10.188185691833496
NZ,9.918615341186523
NH1,9.615974426269531
NH2,9.313287734985352
SD,9.01063060760498
SG,8.876100540161133
UNKNOWN,8.876100540161133
