atom_type,importance_sum
C,4.8092217445373535
CA,4.8092217445373535
CB,5.377744674682617
CD,6.65690279006958
CD1,7.936062812805176
CD2,9.215180397033691
CE,9.903556823730469
CE1,9.410212516784668
CE2,8.916936874389648
CE3,8.423667907714844
CG,8.011748313903809
CG1,7.884706497192383
CG2,7.757663249969482
CH2,7.630620002746582
CZ,7.804543972015381
CZ2,10.386197090148926
CZ3,12.967853546142578
O,15.549507141113281
OH,18.13123321533203
OD1,17.08840560913086
OD2,16.045516967773438
OE1,15.002666473388672
OE2,13.959837913513184
OG,13.28925895690918
OG1,12.66520881652832
N,12.041162490844727
NE,11.417116165161133
NE1,10.349916458129883
NE2,9.156103134155273
ND1,7.962328910827637
ND2,6.768516540527344
NZ,7.0353498458862305
NH1,8.03244686126709
NH2,9.02954387664795
SD,10.026680946350098
SG,10.46988582611084
UNKNOWN,10.46988582611084
