atom_type,importance_sum
C,12.43134593963623
CA,12.43134593963623
CB,12.761177062988281
CD,13.503478050231934
CD1,14.24569320678711
CD2,14.987915992736816
CE,15.117919921875
CE1,14.023332595825195
CE2,12.928749084472656
CE3,11.834158897399902
CG,11.097474098205566
CG1,11.613184928894043
CG2,12.128898620605469
CH2,12.644611358642578
CZ,13.176009178161621
CZ2,13.83288860321045
CZ3,14.48976993560791
O,15.146650314331055
OH,15.803532600402832
OD1,16.212636947631836
OD2,16.62175750732422
OE1,17.03087615966797
OE2,17.44000244140625
OG,16.750831604003906
OG1,15.924379348754883
N,15.097963333129883
NE,14.271553039550781
NE1,14.261059761047363
NE2,14.483603477478027
ND1,14.7062349319458
ND2,14.928775787353516
NZ,14.464594841003418
NH1,13.657007217407227
NH2,12.849501609802246
SD,12.041915893554688
SG,11.6830472946167
UNKNOWN,11.6830472946167
