atom_type,importance
C,0.09794598817825317
CA,0.09794598817825317
CB,0.10281143337488174
CD,0.11375787109136581
CD1,0.12470433861017227
CD2,0.13565175235271454
CE,0.1445116400718689
CE1,0.1491965800523758
CE2,0.15388278663158417
CE3,0.15856899321079254
CG,0.164809912443161
CG1,0.17649248242378235
CG2,0.1881750375032425
CH2,0.19985760748386383
CZ,0.20925705134868622
CZ2,0.2003917098045349
CZ3,0.19152633845806122
O,0.1826609969139099
OH,0.1737956553697586
OD1,0.15954867005348206
OD2,0.14530165493488312
OE1,0.13105465471744537
OE2,0.11680763214826584
OG,0.10677889734506607
OG1,0.09727743268013
N,0.08777598291635513
NE,0.07827453315258026
NE1,0.07553885132074356
NE2,0.07473698258399963
ND1,0.0739351436495781
ND2,0.07313327491283417
NZ,0.07968530803918839
NH1,0.08991459012031555
NH2,0.10014386475086212
SD,0.1103731319308281
SG,0.11491940915584564
UNKNOWN,0.11491940915584564
