atom_type,importance
C,0.18200139701366425
CA,0.18200139701366425
CB,0.1887076497077942
CD,0.203795924782753
CD1,0.21888338029384613
CD2,0.23397168517112732
CE,0.24457043409347534
CE1,0.2461901605129242
CE2,0.24780982732772827
CE3,0.24943122267723083
CG,0.24608147144317627
CG1,0.2253412902355194
CG2,0.20460109412670135
CH2,0.1838609129190445
CZ,0.16586270928382874
CZ2,0.16979967057704926
CZ3,0.17373661696910858
O,0.1776735633611679
OH,0.18161050975322723
OD1,0.1852225661277771
OD2,0.1888345628976822
OE1,0.19244666397571564
OE2,0.19605876505374908
OG,0.21674169600009918
OG1,0.23955851793289185
N,0.26237547397613525
NE,0.2851923406124115
NE1,0.27390795946121216
NE2,0.2528819143772125
ND1,0.23185394704341888
ND2,0.21082782745361328
NZ,0.21007104218006134
NH1,0.21944862604141235
NH2,0.22882674634456635
SD,0.23820538818836212
SG,0.24237246811389923
UNKNOWN,0.24237246811389923
