atom_type,importance
C,0.08880632370710373
CA,0.08880632370710373
CB,0.08893261849880219
CD,0.08921597898006439
CD1,0.08949870616197586
CD2,0.08978208899497986
CE,0.08973032981157303
CE1,0.08900894969701767
CE2,0.08828694373369217
CE3,0.08756554871797562
CG,0.0866817757487297
CG1,0.08523119986057281
CG2,0.08378061652183533
CH2,0.08232999593019485
CZ,0.08320368826389313
CZ2,0.10267134010791779
CZ3,0.12213841825723648
O,0.14160606265068054
OH,0.16107375919818878
OD1,0.15616324543952942
OD2,0.1512526422739029
OE1,0.14634215831756592
OE2,0.14143165946006775
OG,0.13818933069705963
OG1,0.1351555734872818
N,0.13212178647518158
NE,0.12908801436424255
NE1,0.13390862941741943
NE2,0.14097192883491516
ND1,0.1480364352464676
ND2,0.1550997495651245
NZ,0.1522931605577469
NH1,0.14455099403858185
NH2,0.1368088573217392
SD,0.12906669080257416
SG,0.125625878572464
UNKNOWN,0.125625878572464
