atom_type,importance_sum
C,3.542539358139038
CA,3.542539358139038
CB,3.826662302017212
CD,4.465995788574219
CD1,5.105329513549805
CD2,5.744663238525391
CE,6.2746195793151855
CE1,6.585821628570557
CE2,6.897022247314453
CE3,7.20822286605835
CG,7.5225911140441895
CG1,7.847986221313477
CG2,8.173380851745605
CH2,8.49877643585205
CZ,8.67255687713623
CZ2,7.633427143096924
CZ3,6.594295501708984
O,5.555163860321045
OH,4.5160322189331055
OD1,3.677064895629883
OD2,2.8380956649780273
OE1,1.9991270303726196
OE2,1.160158395767212
OG,0.9850245118141174
OG1,0.892870306968689
N,0.8007165193557739
NE,0.7085626125335693
NE1,0.8316652774810791
NE2,1.0162684917449951
ND1,1.2008681297302246
ND2,1.385473370552063
NZ,2.2992467880249023
NH1,3.577590227127075
NH2,4.855944633483887
SD,6.134305000305176
SG,6.702451705932617
UNKNOWN,6.702451705932617
