atom_type,importance
C,0.06961022317409515
CA,0.06961022317409515
CB,0.07462932914495468
CD,0.08592137694358826
CD1,0.09721405059099197
CD2,0.10850607603788376
CE,0.1156492605805397
CE1,0.11449343711137772
CE2,0.1133376806974411
CE3,0.11218130588531494
CG,0.11440669000148773
CG1,0.12846794724464417
CG2,0.1425292193889618
CH2,0.1565905064344406
CZ,0.16868725419044495
CZ2,0.16506768763065338
CZ3,0.1614481657743454
O,0.15782861411571503
OH,0.15420909225940704
OD1,0.14529548585414886
OD2,0.1363818645477295
OE1,0.1274682879447937
OE2,0.11855467408895493
OG,0.11922468990087509
OG1,0.12109264731407166
N,0.12296058982610703
NE,0.12482853978872299
NE1,0.11846750974655151
NE2,0.1097557544708252
ND1,0.1010434627532959
ND2,0.09233138710260391
NZ,0.09229008108377457
NH1,0.09658511728048325
NH2,0.1008794829249382
SD,0.10517390072345734
SG,0.10708270967006683
UNKNOWN,0.10708270967006683
