atom_index,is_real_atom,atom_type_from_onehot,importance
0,1,NE,8.219380378723145
1,1,CZ,8.219380378723145
2,1,NH1,8.149686813354492
3,1,NH2,8.002333641052246
4,1,CZ3,7.854981899261475
5,1,CB,7.707629203796387
6,1,CG,7.584383487701416
7,1,CD1,7.494575500488281
8,1,CD2,7.40476655960083
9,1,NE1,7.314957618713379
10,1,CE2,7.270410537719727
11,1,CE3,7.304649829864502
12,1,CZ2,7.338890075683594
13,1,CZ3,7.373129367828369
14,1,CH2,7.563970565795898
15,1,CG1,8.102049827575684
16,1,CD1,8.640130043029785
17,1,CD2,9.17820930480957
18,1,CE1,9.591038703918457
19,1,CE2,9.641301155090332
20,1,CZ,9.691564559936523
21,1,SD,9.741826057434082
22,1,O,9.785490036010742
23,1,CG2,9.80319595336914
24,1,CA,9.820902824401855
25,1,C,9.838608741760254
26,1,O,9.835152626037598
27,1,CB,9.710495948791504
28,1,CG,9.585840225219727
29,1,CD1,9.461180686950684
30,1,CD2,9.345767974853516
31,1,N,9.318819046020508
32,1,CA,9.291869163513184
33,1,CB,9.264917373657227
34,1,CG,9.229461669921875
35,1,CD2,8.992669105529785
36,1,CA,8.755876541137695
37,1,CB,8.519083976745605
38,1,OG1,8.2822904586792
39,1,CG2,8.203728675842285
40,1,CB,8.127335548400879
41,1,CG1,8.050941467285156
42,1,CG2,7.974547386169434
43,1,CD1,7.6555867195129395
44,1,CG,7.3190507888793945
45,1,CD1,6.982512474060059
46,1,CD2,6.6459760665893555
