atom_type,importance_sum
C,3.959213972091675
CA,3.959213972091675
CB,4.610030651092529
CD,6.074373722076416
CD1,7.538729190826416
CD2,9.003066062927246
CE,10.2794828414917
CE1,11.179974555969238
CE2,12.080548286437988
CE3,12.981122016906738
CG,14.122840881347656
CG1,16.10857582092285
CG2,18.09430694580078
CH2,20.08003807067871
CZ,21.81592559814453
CZ2,21.553041458129883
CZ3,21.290157318115234
O,21.027280807495117
OH,20.764389038085938
OD1,18.464672088623047
OD2,16.164953231811523
OE1,13.865236282348633
OE2,11.565519332885742
OG,11.378461837768555
OG1,11.455490112304688
N,11.532517433166504
NE,11.60954475402832
NE1,11.710402488708496
NE2,11.818063735961914
ND1,11.925724029541016
ND2,12.033465385437012
NZ,12.946420669555664
NH1,14.262064933776855
NH2,15.577630996704102
SD,16.893285751342773
SG,17.478010177612305
UNKNOWN,17.478010177612305
