atom_index,is_real_atom,atom_type_from_onehot,importance
0,1,CD1,9.529879570007324
1,1,CD2,9.529879570007324
2,1,CD2,9.716564178466797
3,1,CE2,10.111268043518066
4,1,CA,10.505972862243652
5,1,O,10.900678634643555
6,1,C,11.003564834594727
7,1,CB,10.701671600341797
8,1,CG,10.399778366088867
9,1,CD2,10.097884178161621
10,1,N,9.990540504455566
11,1,CA,10.221848487854004
12,1,O,10.45315933227539
13,1,CB,10.684470176696777
14,1,CD1,10.889841079711914
15,1,OH,11.037688255310059
16,1,CD2,11.185535430908203
17,1,CA,11.33338451385498
18,1,CB,11.424053192138672
19,1,CD1,11.349202156066895
20,1,CE1,11.274348258972168
21,1,C,11.19949722290039
22,1,O,11.046600341796875
23,1,CB,10.58673095703125
24,1,OG,10.126861572265625
25,1,N,9.6669921875
26,1,CA,9.259102821350098
27,1,CB,9.148932456970215
28,1,CB,9.038762092590332
29,1,CG,8.928589820861816
30,1,CD1,8.837568283081055
31,1,CD2,8.929841995239258
32,1,CG,9.022117614746094
33,1,CD2,9.114391326904297
34,1,CE1,9.20108699798584
35,1,CE2,9.155766487121582
36,1,CZ,9.110445022583008
37,1,OH,9.065125465393066
38,1,NE1,9.019804000854492
39,1,CE2,8.773938179016113
40,1,CZ2,8.5253267288208
41,1,CZ3,8.276712417602539
42,1,CH2,8.028099060058594
