atom_type,importance_sum
C,7.541934967041016
CA,7.541934967041016
CB,7.947383880615234
CD,8.859604835510254
CD1,9.771862030029297
CD2,10.684115409851074
CE,11.56020450592041
CE1,12.363931655883789
CE2,13.167745590209961
CE3,13.97147274017334
CG,14.91495132446289
CG1,16.347278594970703
CG2,17.77956771850586
CH2,19.21187400817871
CZ,20.483171463012695
CZ2,20.466161727905273
CZ3,20.449146270751953
O,20.43213653564453
OH,20.415119171142578
OD1,20.654579162597656
OD2,20.89404296875
OE1,21.133501052856445
OE2,21.372955322265625
OG,20.756759643554688
OG1,20.033611297607422
N,19.310461044311523
NE,18.58730697631836
NE1,17.986228942871094
NE2,17.419841766357422
ND1,16.853530883789062
ND2,16.28717803955078
NZ,15.706266403198242
NH1,15.118130683898926
NH2,14.529987335205078
SD,13.941761016845703
SG,13.680357933044434
UNKNOWN,13.680357933044434
