atom_index,is_real_atom,atom_type_from_onehot,importance
0,1,CB,6.720872402191162
1,1,CG,6.720872402191162
2,1,CD1,6.902336120605469
3,1,CD2,7.286003112792969
4,1,CE1,7.669670104980469
5,1,CE2,8.053337097167969
6,1,CZ,8.311609268188477
7,1,OH,8.395946502685547
8,1,CG2,8.480284690856934
9,1,CG,8.564621925354004
10,1,OD1,8.660866737365723
11,1,ND2,8.777840614318848
12,1,CB,8.894813537597656
13,1,OG1,9.011785507202148
14,1,CG2,9.106185913085938
15,1,CD1,9.150529861450195
16,1,CD2,9.194876670837402
17,1,CE2,9.239222526550293
18,1,CZ,9.141717910766602
19,1,OH,8.633598327636719
20,1,CG,8.12547779083252
21,1,CD1,7.617356777191162
22,1,CD2,7.162974834442139
23,1,CG,6.919968605041504
24,1,CD1,6.676961421966553
25,1,CD2,6.433956146240234
26,1,NE1,6.1722283363342285
27,1,CE2,5.803291320800781
28,1,CE3,5.434353351593018
29,1,CZ2,5.065415382385254
30,1,CZ3,4.693165302276611
31,1,CH2,4.289214134216309
