atom_type,importance_sum
C,1.1633111238479614
CA,1.1633111238479614
CB,1.3920629024505615
CD,1.9067291021347046
CD1,2.4214065074920654
CD2,2.9360733032226562
CE,3.4143800735473633
CE1,3.819946527481079
CE2,4.225520133972168
CE3,4.631127834320068
CG,5.235270977020264
CG1,6.534430503845215
CG2,7.833589553833008
CH2,9.132749557495117
CZ,10.351902961730957
CZ2,10.931029319763184
CZ3,11.510159492492676
O,12.089284896850586
OH,12.668410301208496
OD1,12.081802368164062
OD2,11.495192527770996
OE1,10.908583641052246
OE2,10.321971893310547
OG,9.3552827835083
OG1,8.341080665588379
N,7.326879024505615
NE,6.31267786026001
NE1,6.611936569213867
NE2,7.286470890045166
ND1,7.961005687713623
ND2,8.635589599609375
NZ,9.072392463684082
NH1,9.390259742736816
NH2,9.708224296569824
SD,10.026185989379883
SG,10.167469024658203
UNKNOWN,10.167469024658203
