atom_type,importance
C,0.06934550404548645
CA,0.06934550404548645
CB,0.07115652412176132
CD,0.07523181289434433
CD1,0.07930656522512436
CD2,0.08338184654712677
CE,0.0861903727054596
CE1,0.08646640181541443
CE2,0.08674295991659164
CE3,0.08701898902654648
CG,0.08957318961620331
CG1,0.10010109841823578
CG2,0.11062905937433243
CH2,0.12115693092346191
CZ,0.13225620985031128
CZ2,0.14792636036872864
CZ3,0.16359654068946838
O,0.17926667630672455
OH,0.19493688642978668
OD1,0.19530430436134338
OD2,0.19567176699638367
OE1,0.19603924453258514
OE2,0.19640670716762543
OG,0.19182373583316803
OG1,0.18662196397781372
N,0.18142016232013702
NE,0.17621839046478271
NE1,0.19115909934043884
NE2,0.21185535192489624
ND1,0.23255272209644318
ND2,0.25324898958206177
NZ,0.2529217004776001
NH1,0.24208159744739532
NH2,0.23124346137046814
SD,0.22040453553199768
SG,0.21558807790279388
UNKNOWN,0.21558807790279388
