atom_index,is_real_atom,atom_type_from_onehot,importance
0,1,CG,10.509771347045898
1,1,SD,10.509771347045898
2,1,CE,10.691818237304688
3,1,C,11.076717376708984
4,1,O,11.461617469787598
5,1,CB,11.846518516540527
6,1,N,11.903608322143555
7,1,CA,11.505996704101562
8,1,C,11.108386993408203
9,1,O,10.710775375366211
10,1,CB,10.555771827697754
11,1,CG1,10.82308292388916
12,1,CD1,11.090397834777832
13,1,O,11.357707977294922
14,1,CB,11.54520320892334
15,1,SG,11.555713653564453
16,1,CA,11.566224098205566
17,1,C,11.576737403869629
18,1,O,11.477953910827637
19,1,CB,11.062799453735352
20,1,CG,10.647644996643066
21,1,N,10.232490539550781
22,1,CA,9.846455574035645
23,1,CB,9.574959754943848
24,1,CG,9.303465843200684
25,1,CE,9.031968116760254
26,1,CB,8.780061721801758
27,1,CG,8.640356063842773
28,1,CD2,8.500651359558105
29,1,CE2,8.360945701599121
30,1,C,8.261067390441895
31,1,O,8.542369842529297
32,1,CB,8.823673248291016
33,1,CG,9.104976654052734
34,1,CD1,9.38665771484375
35,1,CD2,9.677303314208984
36,1,CA,9.967945098876953
37,1,C,10.258588790893555
38,1,O,10.549233436584473
39,1,CB,10.437665939331055
40,1,CG,10.320584297180176
41,1,N,10.203508377075195
42,1,CA,10.086429595947266
43,1,CB,10.141107559204102
44,1,OG,10.208230972290039
45,1,CD1,10.27535629272461
46,1,CE1,10.342480659484863
47,1,CZ,10.284712791442871
48,1,CG2,10.209650039672852
49,1,CD1,10.134588241577148
50,1,CG,10.059525489807129
51,1,CD,9.725736618041992
52,1,CE,9.336811065673828
53,1,NZ,8.947882652282715
