atom_type,importance_sum
C,11.679521560668945
CA,11.679521560668945
CB,12.330455780029297
CD,13.795018196105957
CD1,15.259663581848145
CD2,16.724231719970703
CE,18.051912307739258
CE1,19.105546951293945
CE2,20.15932273864746
CE3,21.213106155395508
CG,21.932300567626953
CG1,21.48076820373535
CG2,21.029237747192383
CH2,20.57770538330078
CZ,20.187013626098633
CZ2,20.282997131347656
CZ3,20.37898826599121
O,20.4749698638916
OH,20.570960998535156
OD1,20.604604721069336
OD2,20.638248443603516
OE1,20.67189598083496
OE2,20.705543518066406
OG,20.599760055541992
OG1,20.476552963256836
N,20.353347778320312
NE,20.230140686035156
NE1,20.413421630859375
NE2,20.684162139892578
ND1,20.954912185668945
ND2,21.225801467895508
NZ,20.930192947387695
NH1,20.35132598876953
NH2,19.7724666595459
SD,19.193601608276367
SG,18.936264038085938
UNKNOWN,18.936264038085938
