atom_index,is_real_atom,atom_type_from_onehot,importance
0,1,OH,9.166470527648926
1,1,CB,9.166470527648926
2,1,CG,9.214058876037598
3,1,CD1,9.314678192138672
4,1,CD2,9.41529369354248
5,1,NE1,9.515913009643555
6,1,CE2,9.56994915008545
7,1,CE3,9.559370994567871
8,1,CZ2,9.548789978027344
9,1,CZ3,9.538212776184082
10,1,CH2,9.586651802062988
11,1,C,9.737829208374023
12,1,CG2,9.889006614685059
13,1,CD1,10.040184020996094
14,1,N,10.1106538772583
15,1,CA,10.002166748046875
16,1,CB,9.893675804138184
17,1,CG,9.785189628601074
18,1,CD1,9.555314064025879
19,1,CD2,8.9740571975708
20,1,CA,8.392797470092773
21,1,CB,7.811540126800537
