atom_index,is_real_atom,atom_type_from_onehot,importance
0,1,CA,9.593927383422852
1,1,C,9.593927383422852
2,1,O,9.50892162322998
3,1,CB,9.329195022583008
4,1,CG,9.149466514587402
5,1,CD2,8.969738006591797
6,1,N,8.883698463439941
7,1,CA,8.927613258361816
8,1,C,8.971527099609375
9,1,O,9.015443801879883
10,1,CB,9.004396438598633
11,1,CG,8.89767837524414
12,1,CD,8.790958404541016
13,1,NE,8.68424129486084
14,1,CZ,8.629684448242188
15,1,NH1,8.690789222717285
16,1,NH2,8.751893043518066
17,1,CA,8.812997817993164
18,1,CB,8.74515438079834
19,1,CG,8.30404281616211
20,1,CD,7.862930774688721
21,1,N,7.421820163726807
22,1,CA,7.037720680236816
23,1,O,6.877866268157959
24,1,CB,6.718010902404785
25,1,CG,6.558154582977295
26,1,CD1,6.423130989074707
27,1,CE1,6.430318832397461
28,1,CB,6.437506198883057
29,1,CD1,6.444694519042969
30,1,CD2,6.4475226402282715
31,1,N,6.408628463745117
32,1,CA,6.3697357177734375
33,1,C,6.330841541290283
34,1,O,6.297156810760498
35,1,CB,6.386755466461182
36,1,CG1,6.476353645324707
37,1,CG2,6.565950870513916
38,1,CA,6.655549049377441
39,1,C,6.6773681640625
40,1,CB,6.698258399963379
41,1,CG,6.7191481590271
42,1,CD2,6.740039825439453
43,1,N,6.675546169281006
44,1,CA,6.604864597320557
45,1,CB,6.534183502197266
46,1,CG,6.463502883911133
47,1,CD1,6.610495567321777
48,1,CD2,6.787625312805176
49,1,CG,6.964756011962891
50,1,CB,7.14188814163208
51,1,CG1,7.088531017303467
52,1,CG2,6.986055850982666
53,1,CD1,6.883579730987549
54,1,CA,6.781103134155273
55,1,C,6.767394065856934
56,1,O,6.780157566070557
57,1,CB,6.792923450469971
58,1,CG,6.805687427520752
59,1,CD1,6.7640581130981445
60,1,CD2,6.700877666473389
61,1,N,6.637696266174316
62,1,CA,6.574516773223877
63,1,O,6.177713394165039
64,1,CB,5.610695838928223
65,1,CG,5.04367733001709
66,1,CD1,4.476658821105957
67,1,CE1,4.385689735412598
68,1,CB,4.601510047912598
69,1,CG,4.81732702255249
70,1,CD1,5.033144950866699
71,1,CD2,5.14027738571167
72,1,CE1,5.1599321365356445
73,1,CE2,5.179586410522461
74,1,CZ,5.199239730834961
75,1,OH,4.961179256439209
76,1,CE2,4.4654011726379395
