atom_type,importance
C,0.07739483565092087
CA,0.07739483565092087
CB,0.08504577726125717
CD,0.10225993394851685
CD1,0.11947404593229294
CD2,0.1366882026195526
CE,0.1492609977722168
CE1,0.15255214273929596
CE2,0.155842125415802
CE3,0.15913207828998566
CG,0.16340604424476624
CG1,0.1711203157901764
CG2,0.17883463203907013
CH2,0.1865488439798355
CZ,0.1928556263446808
CZ2,0.1879028081893921
CZ3,0.18294991552829742
O,0.17799708247184753
OH,0.17304424941539764
OD1,0.1682112067937851
OD2,0.16337816417217255
OE1,0.15854512155056
OE2,0.15371209383010864
OG,0.14291557669639587
OG1,0.1313735544681549
N,0.11983159184455872
NE,0.10828960686922073
NE1,0.10566702485084534
NE2,0.10559281706809998
ND1,0.10551795363426208
ND2,0.10544373095035553
NZ,0.10702646523714066
NH1,0.10943733155727386
NH2,0.11184883117675781
SD,0.11425980925559998
SG,0.11533145606517792
UNKNOWN,0.11533145606517792
