atom_index,is_real_atom,atom_type_from_onehot,importance
0,1,CZ2,7.570244312286377
1,1,CZ3,7.570244312286377
2,1,CH2,7.635138988494873
3,1,CG2,7.772343635559082
4,1,CE1,7.909546852111816
5,1,CE2,8.046751022338867
6,1,CZ,8.01000690460205
7,1,OH,7.731977939605713
8,1,CA,7.4539475440979
9,1,C,7.175919055938721
10,1,O,7.000102996826172
11,1,CB,7.0022125244140625
12,1,CG,7.004322052001953
13,1,CB,7.006431579589844
14,1,CG,7.014394283294678
15,1,CD1,7.035330295562744
16,1,CD2,7.056267738342285
17,1,NE1,7.077205657958984
18,1,CE2,7.13993501663208
19,1,CE3,7.323642253875732
20,1,CZ3,7.507349014282227
21,1,CD1,7.6910552978515625
22,1,CE1,7.94119930267334
23,1,CE2,8.452661514282227
24,1,CZ,8.964123725891113
25,1,CE1,9.47558307647705
26,1,CE2,9.91569709777832
27,1,CZ,9.947185516357422
28,1,CA,9.97867488861084
29,1,C,10.010163307189941
30,1,O,10.030755043029785
31,1,CG,9.947067260742188
32,1,CD1,9.86337661743164
33,1,CA,9.779687881469727
34,1,C,9.693631172180176
35,1,O,9.551636695861816
36,1,CB,9.409639358520508
37,1,CG1,9.267643928527832
38,1,N,9.125646591186523
39,1,CA,8.732407569885254
40,1,O,8.33572769165039
41,1,CB,7.939046859741211
42,1,CG1,7.542366027832031
43,1,CG2,7.004988193511963
44,1,CD1,6.457417964935303
