atom_type,importance_sum
C,4.226094722747803
CA,4.226094722747803
CB,4.80998420715332
CD,6.1237640380859375
CD1,7.437553882598877
CD2,8.751346588134766
CE,9.762767791748047
CE1,10.169304847717285
CE2,10.575839042663574
CE3,10.98245906829834
CG,11.393381118774414
CG1,11.819726943969727
CG2,12.246078491210938
CH2,12.67242431640625
CZ,13.295489311218262
CZ2,15.492293357849121
CZ3,17.689178466796875
O,19.885984420776367
OH,22.08278465270996
OD1,20.693986892700195
OD2,19.305185317993164
OE1,17.9163818359375
OE2,16.52752685546875
OG,15.743074417114258
OG1,15.034198760986328
N,14.32532787322998
NE,13.616453170776367
NE1,13.17696475982666
NE2,12.81437873840332
ND1,12.45179271697998
ND2,12.089207649230957
NZ,11.863125801086426
NH1,11.705170631408691
NH2,11.547215461730957
SD,11.389254570007324
SG,11.319022178649902
UNKNOWN,11.319022178649902
