atom_type,importance_sum
C,6.241943836212158
CA,6.241943836212158
CB,6.285094261169434
CD,6.382140159606934
CD1,6.47924280166626
CD2,6.576287746429443
CE,6.698590278625488
CE1,6.871467113494873
CE2,7.044285297393799
CE3,7.217160701751709
CG,7.340909957885742
CG1,7.292879581451416
CG2,7.2448506355285645
CH2,7.196820259094238
CZ,7.103292942047119
CZ2,6.645787239074707
CZ3,6.188282489776611
O,5.730778217315674
OH,5.273272514343262
OD1,4.632264137268066
OD2,3.9912593364715576
OE1,3.35023832321167
OE2,2.709217071533203
OG,2.394144296646118
OG1,2.119814872741699
N,1.8454843759536743
NE,1.5711530447006226
NE1,1.7011960744857788
NE2,1.9467774629592896
ND1,2.19236159324646
ND2,2.4379477500915527
NZ,3.380042552947998
NH1,4.670405864715576
NH2,5.960773944854736
SD,7.2511396408081055
SG,7.824621677398682
UNKNOWN,7.824621677398682
