atom_type,importance
C,0.14397075772285461
CA,0.14397075772285461
CB,0.1619570106267929
CD,0.20242704451084137
CD1,0.24289534986019135
CD2,0.28336453437805176
CE,0.31743744015693665
CE1,0.3387164771556854
CE2,0.3599936366081238
CE3,0.3812725841999054
CG,0.38820579648017883
CG1,0.3449307382106781
CG2,0.3016555905342102
CH2,0.258380651473999
CZ,0.21923324465751648
CZ2,0.21310639381408691
CZ3,0.20697957277297974
O,0.20085275173187256
OH,0.19472597539424896
OD1,0.20576812326908112
OD2,0.21681036055088043
OE1,0.22785258293151855
OE2,0.2388947755098343
OG,0.23472800850868225
OG1,0.22866012156009674
N,0.22259223461151123
NE,0.2165243774652481
NE1,0.22080767154693604
NE2,0.22804903984069824
ND1,0.2352903038263321
ND2,0.24253150820732117
NZ,0.24428756535053253
NH1,0.24330273270606995
NH2,0.24231623113155365
SD,0.24133135378360748
SG,0.24089305102825165
UNKNOWN,0.24089305102825165
