atom_type,importance
C,0.09064581245183945
CA,0.09064581245183945
CB,0.09650220721960068
CD,0.10967878997325897
CD1,0.12285516411066055
CD2,0.13603220880031586
CE,0.14665114879608154
CE1,0.15215380489826202
CE2,0.15765638649463654
CE3,0.16315898299217224
CG,0.16890893876552582
CG1,0.1755220741033554
CG2,0.1821352243423462
CH2,0.18874840438365936
CZ,0.1958063840866089
CZ2,0.20642273128032684
CZ3,0.2170391082763672
O,0.22765544056892395
OH,0.2382717877626419
OD1,0.2393696904182434
OD2,0.24046768248081207
OE1,0.24156560003757477
OE2,0.24266347289085388
OG,0.23050546646118164
OG1,0.21669034659862518
N,0.2028752714395523
NE,0.189060240983963
NE1,0.17145033180713654
NE2,0.1527564823627472
ND1,0.13406267762184143
ND2,0.11536795645952225
NZ,0.10748489201068878
NH1,0.10500705987215042
NH2,0.1025286540389061
SD,0.10005080699920654
SG,0.09894974529743195
UNKNOWN,0.09894974529743195
