atom_type,importance
C,0.09955227375030518
CA,0.09955227375030518
CB,0.10834679007530212
CD,0.12813468277454376
CD1,0.1479218453168869
CD2,0.1677103191614151
CE,0.17833691835403442
CE1,0.1706424355506897
CE2,0.16294656693935394
CE3,0.15525206923484802
CG,0.14762142300605774
CG1,0.1402130126953125
CG2,0.13280455768108368
CH2,0.12539613246917725
CZ,0.119254469871521
CZ2,0.12324678152799606
CZ3,0.12723909318447113
O,0.131231427192688
OH,0.13522374629974365
OD1,0.14064589142799377
OD2,0.1460680067539215
OE1,0.15149013698101044
OE2,0.15691228210926056
OG,0.1558670848608017
OG1,0.1540134847164154
N,0.15215986967086792
NE,0.15030623972415924
NE1,0.15284328162670135
NE2,0.15663565695285797
ND1,0.1604279726743698
ND2,0.16422024369239807
NZ,0.16893593966960907
NH1,0.17411130666732788
NH2,0.17928799986839294
SD,0.18446336686611176
SG,0.18676386773586273
UNKNOWN,0.18676386773586273
