atom_index,is_real_atom,atom_type_from_onehot,importance
0,1,CZ2,7.418704509735107
1,1,CZ3,7.418704509735107
2,1,CH2,7.4998884201049805
3,1,CG2,7.671535968780518
4,1,CE1,7.843183517456055
5,1,CE2,8.014830589294434
6,1,CZ,8.093352317810059
7,1,OH,8.04269790649414
8,1,CA,7.992044448852539
9,1,C,7.941390514373779
10,1,O,7.863564491271973
11,1,CB,7.73844051361084
12,1,CG,7.613315582275391
13,1,O,7.488192081451416
14,1,CB,7.386053562164307
15,1,CG,7.3348846435546875
16,1,CD1,7.283715724945068
17,1,CD2,7.232546806335449
18,1,NE1,7.2215962409973145
19,1,CE2,7.327065467834473
20,1,CE3,7.432534217834473
21,1,CD1,7.5380024909973145
22,1,CE1,7.687779426574707
23,1,CE2,8.011833190917969
24,1,CZ,8.335886001586914
25,1,CD2,8.65993881225586
26,1,CE1,8.958117485046387
27,1,CE2,9.108111381530762
28,1,CZ,9.258105278015137
29,1,CA,9.408100128173828
30,1,C,9.55936050415039
31,1,O,9.722731590270996
32,1,CG,9.886100769042969
33,1,CD1,10.04947280883789
34,1,CA,10.189518928527832
35,1,C,9.777581214904785
36,1,O,9.365645408630371
37,1,CB,8.953706741333008
38,1,CG1,8.541770935058594
39,1,N,8.324600219726562
40,1,CA,8.11009693145752
41,1,CB,7.895595073699951
42,1,CG1,7.681091785430908
43,1,CG2,7.0515594482421875
44,1,CD1,6.391956329345703
