atom_type,importance
C,0.10075824707746506
CA,0.10075824707746506
CB,0.10160134732723236
CD,0.10349878668785095
CD1,0.10539627820253372
CD2,0.10729437321424484
CE,0.11078264564275742
CE1,0.1174544021487236
CE2,0.1241261288523674
CE3,0.13079656660556793
CG,0.13785023987293243
CG1,0.1462424397468567
CG2,0.15463462471961975
CH2,0.1630268543958664
CZ,0.17029446363449097
CZ2,0.16856561601161957
CZ3,0.16683675348758698
O,0.16510790586471558
OH,0.16337905824184418
OD1,0.1481524258852005
OD2,0.13292571902275085
OE1,0.11769907921552658
OE2,0.10247302055358887
OG,0.09059948474168777
OG1,0.07914505153894424
N,0.0676906630396843
NE,0.05623627454042435
NE1,0.05066937953233719
NE2,0.04678444191813469
ND1,0.04289982095360756
ND2,0.03901489078998566
NZ,0.040173690766096115
NH1,0.043854549527168274
NH2,0.04753540828824043
SD,0.05121646821498871
SG,0.052852317690849304
UNKNOWN,0.052852317690849304
