atom_index,is_real_atom,atom_type_from_onehot,importance
0,1,CZ,7.170023441314697
1,1,NH1,7.170023441314697
2,1,NH2,7.268558979034424
3,1,CA,7.476891040802002
4,1,O,7.6852216720581055
5,1,CB,7.893554210662842
6,1,CG1,8.031475067138672
7,1,CG2,8.07172966003418
8,1,CB,8.111985206604004
9,1,CG,8.152239799499512
10,1,CD2,8.207804679870605
11,1,CA,8.29002571105957
12,1,CB,8.372245788574219
13,1,CD2,8.45446491241455
14,1,CA,8.597970962524414
15,1,O,8.877366065979004
16,1,CB,9.156758308410645
17,1,CB,9.43615436553955
18,1,SG,9.502829551696777
19,1,O,8.95373821258545
20,1,CB,8.404647827148438
21,1,CG1,7.855557441711426
22,1,CA,7.32048225402832
23,1,C,6.840534687042236
24,1,O,6.360588073730469
25,1,CB,5.880640983581543
26,1,CG,5.4648942947387695
27,1,CD1,5.416844844818115
28,1,CD2,5.368794918060303
29,1,NE1,5.320745468139648
30,1,CE2,5.292652606964111
31,1,CE3,5.4555840492248535
32,1,CZ2,5.618515968322754
33,1,CZ3,5.781448841094971
34,1,CH2,5.938226699829102
35,1,N,5.949367046356201
36,1,CA,5.960507392883301
37,1,CB,5.971647262573242
38,1,CB,5.9827880859375
39,1,CG,5.273552417755127
40,1,CD2,4.554453372955322
