atom_type,importance_sum
C,5.84335994720459
CA,5.84335994720459
CB,7.107373237609863
CD,9.951505661010742
CD1,12.795551300048828
CD2,15.639678955078125
CE,17.093982696533203
CE1,15.768732070922852
CE2,14.44348430633545
CE3,13.118324279785156
CG,11.89404296875
CG1,11.023322105407715
CG2,10.15260124206543
CH2,9.281877517700195
CZ,8.534998893737793
CZ2,8.778843879699707
CZ3,9.022690773010254
O,9.266538619995117
OH,9.510382652282715
OD1,8.980415344238281
OD2,8.45044994354248
OE1,7.920481204986572
OE2,7.390515327453613
OG,6.650944232940674
OG1,5.885173320770264
N,5.119404315948486
NE,4.353634357452393
NE1,4.469724655151367
NE2,4.837724208831787
ND1,5.205769062042236
ND2,5.5737690925598145
NZ,6.099140167236328
NH1,6.703104496002197
NH2,7.307114124298096
SD,7.911125183105469
SG,8.179556846618652
UNKNOWN,8.179556846618652
