atom_index,is_real_atom,atom_type_from_onehot,importance
0,1,OD1,7.679899215698242
1,1,ND2,7.679899215698242
2,1,CG1,8.026737213134766
3,1,CD1,8.760053634643555
4,1,CG,9.493371963500977
5,1,CD1,10.226688385009766
6,1,CD2,10.5665864944458
7,1,CG,10.3607759475708
8,1,CD1,10.1549654006958
9,1,CG1,9.949155807495117
10,1,CD1,9.864629745483398
11,1,CD1,9.991229057312012
12,1,N,10.117825508117676
13,1,CA,10.244425773620605
14,1,C,10.336482048034668
15,1,O,10.351940155029297
16,1,CB,10.367396354675293
17,1,CG,10.382852554321289
18,1,CD,10.297511100769043
19,1,CE,9.920382499694824
20,1,NZ,9.543254852294922
21,1,CA,9.166126251220703
22,1,C,8.821857452392578
23,1,O,8.606842041015625
24,1,CB,8.391824722290039
25,1,SG,8.176809310913086
26,1,N,7.949162483215332
27,1,CA,7.649186611175537
28,1,CB,7.349209785461426
29,1,CD1,7.049232482910156
30,1,CB,6.771655082702637
31,1,CG,6.708474636077881
32,1,CD1,6.64529275894165
33,1,CD2,6.5821123123168945
34,1,NE1,6.506894588470459
35,1,CE2,6.14683198928833
36,1,CE3,5.786770343780518
37,1,CZ2,5.4267072677612305
38,1,CZ3,5.066644668579102
39,1,CH2,4.84454345703125
