atom_type,importance_sum
C,7.480637550354004
CA,7.480637550354004
CB,7.448073387145996
CD,7.374844551086426
CD1,7.3016133308410645
CD2,7.2283830642700195
CE,7.402582168579102
CE1,8.07169246673584
CE2,8.740859985351562
CE3,9.40992259979248
CG,9.960545539855957
CG1,10.096199989318848
CG2,10.231858253479004
CH2,10.36751651763916
CZ,10.531159400939941
CZ2,10.918701171875
CZ3,11.306248664855957
O,11.693790435791016
OH,12.081335067749023
OD1,11.567741394042969
OD2,11.054146766662598
OE1,10.540552139282227
OE2,10.026962280273438
OG,9.227010726928711
OG1,8.391263008117676
N,7.555517196655273
NE,6.719772815704346
NE1,7.261969089508057
NE2,8.197924613952637
ND1,9.133835792541504
ND2,10.06979751586914
NZ,10.67336654663086
NH1,11.110846519470215
NH2,11.548324584960938
SD,11.98580551147461
SG,12.18030071258545
UNKNOWN,12.18030071258545
