atom_index,is_real_atom,atom_type_from_onehot,importance
0,1,CE1,11.052739143371582
1,1,CD,11.052739143371582
2,1,NE,11.331188201904297
3,1,CZ,11.91990852355957
4,1,NH2,12.508627891540527
5,1,CD2,13.097349166870117
6,1,CE1,13.396982192993164
7,1,CE2,13.295621871948242
8,1,CZ,13.194262504577637
9,1,CD1,13.092902183532715
10,1,O,13.068105697631836
11,1,CB,13.17658519744873
12,1,CA,13.285065650939941
13,1,C,13.39354419708252
14,1,CB,13.433873176574707
15,1,CG,13.323088645935059
16,1,CD2,13.212302207946777
17,1,CE2,13.101516723632812
18,1,CZ,12.904855728149414
19,1,N,12.459606170654297
20,1,CA,12.01435661315918
21,1,CB,11.569108963012695
22,1,CG,10.990966796875
23,1,ND2,9.890120506286621
