atom_type,importance
C,0.07305827736854553
CA,0.07305827736854553
CB,0.0777449831366539
CD,0.08828994631767273
CD1,0.0988343209028244
CD2,0.10937926173210144
CE,0.11880849301815033
CE1,0.12600621581077576
CE2,0.13320395350456238
CE3,0.14040173590183258
CG,0.14657141268253326
CG1,0.14914551377296448
CG2,0.1517195701599121
CH2,0.15429367125034332
CZ,0.15769313275814056
CZ2,0.16769614815711975
CZ3,0.17769905924797058
O,0.1877020299434662
OH,0.1977049559354782
OD1,0.1950962394475937
OD2,0.19248756766319275
OE1,0.18987883627414703
OE2,0.1872701197862625
OG,0.18010959029197693
OG1,0.17238005995750427
N,0.1646505445241928
NE,0.15692099928855896
NE1,0.14678196609020233
NE2,0.13595376908779144
ND1,0.12512558698654175
ND2,0.11429736763238907
NZ,0.11798804253339767
NH1,0.12893810868263245
NH2,0.13988851010799408
SD,0.15083914995193481
SG,0.1557057946920395
UNKNOWN,0.1557057946920395
