atom_index,is_real_atom,atom_type_from_onehot,importance
0,1,O,8.70848560333252
1,1,CB,8.70848560333252
2,1,CG2,8.86115550994873
3,1,N,9.183945655822754
4,1,CA,9.506734848022461
5,1,O,9.829523086547852
6,1,CB,9.836835861206055
7,1,CG,9.406549453735352
8,1,CD,8.976263999938965
9,1,CA,8.545978546142578
10,1,C,8.171845436096191
11,1,O,7.895455360412598
12,1,N,7.619065284729004
13,1,CA,7.342674255371094
14,1,O,7.079493999481201
15,1,CB,6.845603942871094
16,1,CG1,6.6117143630981445
17,1,CG2,6.377823829650879
18,1,CD1,6.222751617431641
19,1,N,6.295835494995117
20,1,CA,6.368920803070068
21,1,C,6.442004680633545
22,1,O,6.530279159545898
23,1,N,6.678301811218262
24,1,CA,6.826324939727783
25,1,C,6.974348068237305
26,1,O,7.1184515953063965
27,1,CB,7.240109443664551
28,1,CG1,7.361767768859863
29,1,CD1,7.483425617218018
30,1,SG,7.56299352645874
31,1,CG1,7.23969841003418
32,1,CD1,6.916403293609619
