atom_type,importance_sum
C,7.909306049346924
CA,7.909306049346924
CB,8.143647193908691
CD,8.67098331451416
CD1,9.198323249816895
CD2,9.725658416748047
CE,10.217799186706543
CE1,10.639739990234375
CE2,11.061583518981934
CE3,11.483430862426758
CG,11.474104881286621
CG1,9.955286026000977
CG2,8.436470985412598
CH2,6.917652130126953
CZ,5.654353618621826
CZ2,6.435198783874512
CZ3,7.216044902801514
O,7.996891021728516
OH,8.77773666381836
OD1,7.83953857421875
OD2,6.901339530944824
OE1,5.963141441345215
OE2,5.02494478225708
OG,5.479221343994141
OG1,6.107561111450195
N,6.735898017883301
NE,7.364234924316406
NE1,7.44255256652832
NE2,7.363763332366943
ND1,7.284973621368408
ND2,7.206182956695557
NZ,7.827971935272217
NH1,8.799975395202637
NH2,9.77197551727295
SD,10.744071960449219
SG,11.176071166992188
UNKNOWN,11.176071166992188
