atom_type,importance_sum
C,6.3957624435424805
CA,6.3957624435424805
CB,7.095009803771973
CD,8.668330192565918
CD1,10.241601943969727
CD2,11.814875602722168
CE,13.090445518493652
CE1,13.770317077636719
CE2,14.4501953125
CE3,15.130069732666016
CG,15.65598201751709
CG1,15.64261245727539
CG2,15.629241943359375
CH2,15.615875244140625
CZ,15.661653518676758
CZ2,16.18059730529785
CZ3,16.699512481689453
O,17.21843147277832
OH,17.737382888793945
OD1,16.384050369262695
OD2,15.030672073364258
OE1,13.677270889282227
OE2,12.323869705200195
OG,12.175090789794922
OG1,12.176896095275879
N,12.17870044708252
NE,12.180501937866211
NE1,11.550372123718262
NE2,10.739648818969727
ND1,9.929018020629883
ND2,9.118297576904297
NZ,10.38890266418457
NH1,12.700174331665039
NH2,15.011351585388184
SD,17.32259178161621
SG,18.349838256835938
UNKNOWN,18.349838256835938
