atom_index,is_real_atom,atom_type_from_onehot,importance
0,1,CA,10.962270736694336
1,1,C,10.962270736694336
2,1,O,11.3551607131958
3,1,CB,12.185842514038086
4,1,CG,13.016519546508789
5,1,CD2,13.847201347351074
6,1,N,14.271358489990234
7,1,O,14.13162612915039
8,1,CG,13.991897583007812
9,1,CD2,13.852167129516602
10,1,CG,13.599136352539062
11,1,CD,13.148886680603027
12,1,NE,12.698634147644043
13,1,CZ,12.248384475708008
14,1,NH1,11.700594902038574
15,1,NH2,10.936535835266113
16,1,CG,10.172476768493652
17,1,CD1,9.408417701721191
18,1,CD2,8.670867919921875
