atom_type,importance_sum
C,3.098308801651001
CA,3.098308801651001
CB,3.505481243133545
CD,4.4215898513793945
CD1,5.337705135345459
CD2,6.253804683685303
CE,7.372961521148682
CE1,8.89809513092041
CE2,10.423295021057129
CE3,11.948518753051758
CG,13.190640449523926
CG1,13.441981315612793
CG2,13.693314552307129
CH2,13.944650650024414
CZ,14.07905387878418
CZ2,13.277944564819336
CZ3,12.476835250854492
O,11.675724983215332
OH,10.874614715576172
OD1,9.778998374938965
OD2,8.683363914489746
OE1,7.587708950042725
OE2,6.492091178894043
OG,6.636511325836182
OG1,6.935937881469727
N,7.235363483428955
NE,7.534788131713867
NE1,7.447062015533447
NE2,7.248688697814941
ND1,7.050365447998047
ND2,6.85198974609375
NZ,7.7490010261535645
NH1,9.193628311157227
NH2,10.638248443603516
SD,12.082901000976562
SG,12.724934577941895
UNKNOWN,12.724934577941895
