atom_index,is_real_atom,atom_type_from_onehot,importance
0,1,CD1,6.658186435699463
1,1,CE1,6.658186435699463
2,1,CZ,6.6156325340271
3,1,CD2,6.525663375854492
4,1,CE2,6.435694694519043
5,1,CZ,6.345725059509277
6,1,OH,6.215900421142578
7,1,CG,6.030794143676758
8,1,CD,5.845686912536621
9,1,CG1,5.660579681396484
10,1,CD1,5.553213119506836
11,1,CD1,5.581171035766602
12,1,CB,5.609130382537842
13,1,N,5.637088298797607
14,1,CA,5.653735637664795
15,1,C,5.645306587219238
16,1,CB,5.636876583099365
17,1,CE,5.628445148468018
18,1,N,5.649938583374023
19,1,CB,5.758052349090576
20,1,CG,5.866166591644287
21,1,CD1,5.97428035736084
22,1,CD2,6.046057224273682
23,1,SD,5.974907875061035
24,1,CE,5.903758525848389
25,1,C,5.832608699798584
26,1,O,5.785263538360596
27,1,CB,5.8742523193359375
28,1,CG1,5.963241100311279
29,1,N,6.052228927612305
30,1,CA,6.13027811050415
31,1,CB,6.10361909866333
32,1,CG1,6.07696008682251
33,1,CA,6.050301551818848
34,1,C,6.031894683837891
35,1,O,6.2087812423706055
36,1,CB,6.385666847229004
37,1,OG,6.562553882598877
38,1,N,6.739440441131592
39,1,CA,6.6654486656188965
40,1,CB,6.588020324707031
41,1,CG,6.510591983795166
42,1,CD2,6.433163642883301
43,1,C,6.437885761260986
44,1,O,6.448559761047363
45,1,CG,6.459234714508057
46,1,CD2,6.469909191131592
47,1,CE2,6.17287540435791
48,1,CZ,5.8332390785217285
49,1,N,5.493600368499756
50,1,CA,5.153961658477783
51,1,CB,5.285435199737549
52,1,O,5.517306804656982
53,1,CG2,5.749180793762207
54,1,CB,5.981053829193115
55,1,CG1,5.98726749420166
56,1,CG2,5.926178932189941
57,1,C,5.865090847015381
58,1,O,5.804001808166504
59,1,CD1,5.849740505218506
60,1,CD2,5.937806606292725
61,1,CE1,6.025871276855469
62,1,CE2,6.1139373779296875
63,1,CZ,5.922883987426758
64,1,N,5.589423656463623
65,1,CA,5.25596284866333
66,1,CD2,4.922501564025879
67,1,CG,4.903410911560059
68,1,ND1,5.0869140625
69,1,CD2,5.270415782928467
70,1,CE1,5.453917026519775
71,1,NE2,5.502251625061035
72,1,CB,5.44179105758667
73,1,CG,5.381330490112305
74,1,N,5.320870399475098
75,1,CA,5.292479991912842
