atom_type,importance_sum
C,8.419538497924805
CA,8.419538497924805
CB,8.457338333129883
CD,8.542388916015625
CD1,8.627446174621582
CD2,8.712492942810059
CE,8.709664344787598
CE1,8.531115531921387
CE2,8.352544784545898
CE3,8.173973083496094
CG,8.287457466125488
CG1,9.423089027404785
CG2,10.558720588684082
CH2,11.694353103637695
CZ,12.915308952331543
CZ2,14.818869590759277
CZ3,16.722427368164062
O,18.62598991394043
OH,20.529552459716797
OD1,19.783050537109375
OD2,19.036556243896484
OE1,18.290061950683594
OE2,17.543567657470703
OG,17.795345306396484
OG1,18.171924591064453
N,18.548490524291992
NE,18.925060272216797
NE1,19.87189292907715
NE2,20.981666564941406
ND1,22.09143829345703
ND2,23.20110511779785
NZ,23.510662078857422
NH1,23.420024871826172
NH2,23.329381942749023
SD,23.238733291625977
SG,23.198360443115234
UNKNOWN,23.198360443115234
