atom_type,importance_sum
C,2.319094657897949
CA,2.319094657897949
CB,2.4797353744506836
CD,2.841155529022217
CD1,3.202592372894287
CD2,3.564011812210083
CE,3.8914377689361572
CE1,4.150871753692627
CE2,4.4103217124938965
CE3,4.669745445251465
CG,5.085652828216553
CG1,6.049246311187744
CG2,7.012839317321777
CH2,7.976431369781494
CZ,9.008330345153809
CZ2,10.586702346801758
CZ3,12.165069580078125
O,13.743437767028809
OH,15.321807861328125
OD1,13.902084350585938
OD2,12.482365608215332
OE1,11.062646865844727
OE2,9.642924308776855
OG,9.390412330627441
OG1,9.283796310424805
N,9.177186012268066
NE,9.070572853088379
NE1,8.43504524230957
NE2,7.648472309112549
ND1,6.861861705780029
ND2,6.07525110244751
NZ,5.386666297912598
NH1,4.747132301330566
NH2,4.107596397399902
SD,3.468043804168701
SG,3.183809280395508
UNKNOWN,3.183809280395508
