atom_type,importance
C,0.13914786279201508
CA,0.13914786279201508
CB,0.14637817442417145
CD,0.1626461297273636
CD1,0.1789151132106781
CD2,0.19518311321735382
CE,0.20163701474666595
CE1,0.1884598731994629
CE2,0.1752825677394867
CE3,0.16210542619228363
CG,0.1528574824333191
CG1,0.15736471116542816
CG2,0.16187191009521484
CH2,0.1663791388273239
CZ,0.17150773108005524
CZ2,0.18160761892795563
CZ3,0.19170750677585602
O,0.2018074244260788
OH,0.21190737187862396
OD1,0.21788668632507324
OD2,0.2238660454750061
OE1,0.22984540462493896
OE2,0.2358247935771942
OG,0.2290339469909668
OG1,0.2206467241048813
N,0.21225962042808533
NE,0.2038724720478058
NE1,0.20231249928474426
NE2,0.20270322263240814
ND1,0.20309391617774963
ND2,0.20348462462425232
NZ,0.19768337905406952
NH1,0.18878602981567383
NH2,0.17988872528076172
SD,0.17099036276340485
SG,0.16703662276268005
UNKNOWN,0.16703662276268005
