atom_index,is_real_atom,atom_type_from_onehot,importance
0,1,CB,5.643671035766602
1,1,CD2,5.643671035766602
2,1,CB,5.604001045227051
3,1,CG1,5.520126819610596
4,1,CG2,5.436254024505615
5,1,CD1,5.352380752563477
6,1,CE2,5.275911331176758
7,1,CZ,5.209712982177734
8,1,CG1,5.143514156341553
9,1,CG2,5.077315807342529
10,1,CB,5.1073784828186035
11,1,CG,5.305006504058838
12,1,CD1,5.502634048461914
13,1,CD2,5.700262069702148
14,1,CE1,5.775628566741943
15,1,CE2,5.579892158508301
16,1,CZ,5.384156227111816
17,1,CA,5.188420295715332
18,1,C,5.1092329025268555
19,1,O,5.367417335510254
20,1,CB,5.625601768493652
21,1,N,5.883785724639893
22,1,CA,6.054079055786133
23,1,CG1,5.878665924072266
24,1,CD1,5.703253269195557
25,1,C,5.527841091156006
26,1,O,5.365322589874268
27,1,CB,5.2766499519348145
28,1,CG2,5.187979698181152
29,1,N,5.099307537078857
30,1,CA,5.0241169929504395
31,1,CB,5.077945709228516
32,1,CG,5.131777286529541
33,1,CD1,5.185606956481934
34,1,CD2,5.238858699798584
35,1,CB,5.278421878814697
36,1,CG1,5.317984104156494
37,1,CG2,5.357547760009766
38,1,CG2,5.397110462188721
39,1,CG1,4.897342681884766
40,1,CD1,4.390189170837402
