atom_type,importance_sum
C,2.835073471069336
CA,2.835073471069336
CB,3.2670373916625977
CD,4.238955974578857
CD1,5.210875034332275
CD2,6.182784080505371
CE,6.777194976806641
CE1,6.61657190322876
CE2,6.455948829650879
CE3,6.29532527923584
CG,6.585899353027344
CG1,8.455551147460938
CG2,10.325206756591797
CH2,12.19485855102539
CZ,13.85213851928711
CZ2,13.810476303100586
CZ3,13.768815040588379
O,13.727149963378906
OH,13.6854887008667
OD1,11.586793899536133
OD2,9.488096237182617
OE1,7.389400005340576
OE2,5.290703296661377
OG,5.087567329406738
OG1,5.121375560760498
N,5.155182838439941
NE,5.188992500305176
NE1,5.3676958084106445
NE2,5.587808132171631
ND1,5.807963848114014
ND2,6.028073310852051
NZ,5.747983932495117
NH1,5.217790126800537
NH2,4.6875996589660645
SD,4.157407760620117
SG,3.92175555229187
UNKNOWN,3.92175555229187
