atom_index,is_real_atom,atom_type_from_onehot,importance
0,1,CG2,4.834663391113281
1,1,CA,4.834663391113281
2,1,O,4.902831554412842
3,1,CB,5.046958923339844
4,1,CB,5.191085338592529
5,1,CG,5.335211753845215
6,1,CD1,5.350811004638672
7,1,CE1,5.188132286071777
8,1,CZ,5.025453090667725
9,1,CG,4.86277437210083
10,1,CD,4.853322982788086
11,1,O,5.110598564147949
12,1,CB,5.367873668670654
13,1,CG,5.62515115737915
14,1,CD1,5.864475250244141
15,1,CD2,6.063997268676758
16,1,CE1,6.26352071762085
17,1,CE2,6.46304178237915
18,1,CZ,6.605645179748535
19,1,OH,6.583485126495361
20,1,C,6.5613250732421875
21,1,O,6.5391645431518555
22,1,CB,6.532240867614746
23,1,SG,6.585247039794922
24,1,N,6.638253211975098
25,1,CA,6.691258430480957
26,1,CB,6.717350959777832
27,1,CB,6.589302062988281
28,1,CG,6.461253643035889
29,1,CD,6.333205699920654
30,1,OE2,6.187337875366211
31,1,CE2,5.870912075042725
32,1,CZ,5.554485321044922
33,1,CD2,5.2380595207214355
34,1,CE2,4.926482677459717
35,1,CZ,4.729684352874756
36,1,CB,4.532886505126953
37,1,CG1,4.336086273193359
38,1,CG2,4.139287948608398
39,1,CB,4.134137153625488
40,1,CG,4.131610870361328
41,1,CD1,4.129085540771484
42,1,CD2,4.126559257507324
43,1,CE1,4.145456314086914
44,1,CE2,4.165905952453613
45,1,CZ,4.1863555908203125
46,1,CE1,4.20680570602417
47,1,CE2,3.901137351989746
48,1,CZ,3.550316095352173
