atom_index,is_real_atom,atom_type_from_onehot,importance
0,1,CA,8.388092994689941
1,1,NZ,8.388092994689941
2,1,CA,8.422263145446777
3,1,C,8.49450969696045
4,1,O,8.566756248474121
5,1,CB,8.639002799987793
6,1,CG,8.74790096282959
7,1,CD1,8.90764331817627
8,1,CD2,9.067386627197266
9,1,CE3,9.227128982543945
10,1,CZ3,9.344459533691406
11,1,N,9.387964248657227
12,1,CA,9.43146800994873
13,1,CD1,9.47497272491455
14,1,CE1,9.551116943359375
15,1,CB,9.699638366699219
16,1,CG,9.84815788269043
17,1,CD1,9.99668025970459
18,1,CD2,9.99959659576416
19,1,N,9.581032752990723
20,1,CA,9.162467956542969
21,1,CB,8.743901252746582
22,1,CG,8.341925621032715
23,1,OD1,8.005203247070312
24,1,OD2,7.668479919433594
25,1,CA,7.331757545471191
26,1,CB,7.127864360809326
27,1,CG,7.684712886810303
28,1,CD1,8.241562843322754
29,1,CD2,8.798412322998047
30,1,CE1,9.3041353225708
31,1,CE2,9.320490837097168
32,1,CZ,9.336849212646484
33,1,OH,9.353204727172852
34,1,CA,9.376209259033203
35,1,C,9.556607246398926
36,1,O,9.7370023727417
37,1,CB,9.917398452758789
38,1,CG,10.097796440124512
39,1,N,9.853499412536621
40,1,CD,9.603385925292969
41,1,NE,9.35327434539795
42,1,CZ,9.103160858154297
43,1,NH1,9.16342830657959
44,1,NH2,9.246183395385742
45,1,CB,9.328940391540527
46,1,CG1,9.411699295043945
47,1,CG2,9.075807571411133
48,1,CD1,8.681950569152832
49,1,CZ,8.288093566894531
50,1,NH1,7.894235610961914
51,1,NH2,7.396439552307129
