atom_type,importance_sum
C,4.788902759552002
CA,4.788902759552002
CB,5.25449800491333
CD,6.302079200744629
CD1,7.349658489227295
CD2,8.39722728729248
CE,9.42641830444336
CE1,10.41889476776123
CE2,11.41137409210205
CE3,12.403854370117188
CG,13.7268648147583
CG1,16.206878662109375
CG2,18.686952590942383
CH2,21.16696548461914
CZ,23.332056045532227
CZ2,22.977792739868164
CZ3,22.623533248901367
O,22.269283294677734
OH,21.915021896362305
OD1,19.753463745117188
OD2,17.591907501220703
OE1,15.430268287658691
OE2,13.268710136413574
OG,13.827678680419922
OG1,14.726712226867676
N,15.625754356384277
NE,16.524824142456055
NE1,16.19095802307129
NE2,15.504883766174316
ND1,14.818737030029297
ND2,14.132659912109375
NZ,15.00550365447998
NH1,16.65778923034668
NH2,18.310142517089844
SD,19.962369918823242
SG,20.696731567382812
UNKNOWN,20.696731567382812
