atom_type,importance
C,0.13142845034599304
CA,0.13142845034599304
CB,0.13332395255565643
CD,0.1375882774591446
CD1,0.14185267686843872
CD2,0.14611810445785522
CE,0.1455291360616684
CE1,0.13523253798484802
CE2,0.12493599206209183
CE3,0.11463960260152817
CG,0.11273148655891418
CG1,0.14018148183822632
CG2,0.16763117909431458
CH2,0.19508080184459686
CZ,0.2211853563785553
CZ2,0.23653271794319153
CZ3,0.25188055634498596
O,0.26722845435142517
OH,0.2825762927532196
OD1,0.2661145031452179
OD2,0.24965278804302216
OE1,0.23319104313850403
OE2,0.21673008799552917
OG,0.20820197463035583
OG1,0.20066533982753754
N,0.193128764629364
NE,0.18559212982654572
NE1,0.18380874395370483
NE2,0.18366897106170654
ND1,0.18352922797203064
ND2,0.18338946998119354
NZ,0.18169718980789185
NH1,0.17922855913639069
NH2,0.17675992846488953
SD,0.17429128289222717
SG,0.17319394648075104
UNKNOWN,0.17319394648075104
