atom_type,importance_sum
C,14.100607872009277
CA,14.100607872009277
CB,14.403337478637695
CD,15.084552764892578
CD1,15.765767097473145
CD2,16.446983337402344
CE,16.783870697021484
CE1,16.43204689025879
CE2,16.080223083496094
CE3,15.728342056274414
CG,15.480400085449219
CG1,15.59582805633545
CG2,15.711248397827148
CH2,15.82667064666748
CZ,15.897165298461914
CZ2,15.608237266540527
CZ3,15.319307327270508
O,15.030377388000488
OH,14.741447448730469
OD1,13.569872856140137
OD2,12.398296356201172
OE1,11.226720809936523
OE2,10.055145263671875
OG,9.993589401245117
OG1,10.070786476135254
N,10.147981643676758
NE,10.225179672241211
NE1,11.51987361907959
NE2,13.162481307983398
ND1,14.805087089538574
ND2,16.44768714904785
NZ,16.73534393310547
NH1,16.3455810546875
NH2,15.955763816833496
SD,15.566027641296387
SG,15.392788887023926
UNKNOWN,15.392788887023926
