atom_type,importance_sum
C,2.75728702545166
CA,2.75728702545166
CB,3.2162694931030273
CD,4.24898099899292
CD1,5.281670570373535
CD2,6.314403533935547
CE,7.067819595336914
CE1,7.2627363204956055
CE2,7.457652568817139
CE3,7.652572154998779
CG,8.397774696350098
CG1,11.06890869140625
CG2,13.740010261535645
CH2,16.41110610961914
CZ,18.75954818725586
CZ2,18.52674102783203
CZ3,18.293930053710938
O,18.06111717224121
OH,17.828306198120117
OD1,16.571516036987305
OD2,15.31472110748291
OE1,14.057930946350098
OE2,12.80113697052002
OG,12.151060104370117
OG1,11.576823234558105
N,11.002585411071777
NE,10.428352355957031
NE1,10.742793083190918
NE2,11.31125259399414
ND1,11.879707336425781
ND2,12.44807243347168
NZ,12.605850219726562
NH1,12.558341026306152
NH2,12.510830879211426
SD,12.463229179382324
SG,12.442164421081543
UNKNOWN,12.442164421081543
