atom_type,importance_sum
C,2.1496102809906006
CA,2.1496102809906006
CB,2.4835762977600098
CD,3.234970808029175
CD1,3.9863648414611816
CD2,4.737759113311768
CE,5.121453285217285
CE1,4.769701957702637
CE2,4.417996406555176
CE3,4.0662455558776855
CG,4.124138832092285
CG1,5.615749359130859
CG2,7.107373237609863
CH2,8.599042892456055
CZ,10.09070873260498
CZ2,11.582710266113281
CZ3,13.074714660644531
O,14.566718101501465
OH,16.05870246887207
OD1,14.32165241241455
OD2,12.58458423614502
OE1,10.847519874572754
OE2,9.110448837280273
OG,8.159029960632324
OG1,7.305803298950195
N,6.45260763168335
NE,5.599412441253662
NE1,5.020875930786133
NE2,4.520786285400391
ND1,4.020671367645264
ND2,3.520582675933838
NZ,4.187262535095215
NH1,5.43732213973999
NH2,6.687353610992432
SD,7.937427997589111
SG,8.493021965026855
UNKNOWN,8.493021965026855
