atom_index,is_real_atom,atom_type_from_onehot,importance
0,1,C,7.678860664367676
1,1,O,7.678860664367676
2,1,CB,7.550908088684082
3,1,CG1,7.2803826332092285
4,1,CG2,7.0098557472229
5,1,CD1,6.7393293380737305
6,1,O,6.4181718826293945
7,1,CG2,6.0267815589904785
8,1,N,5.6353936195373535
9,1,CA,5.244004726409912
10,1,C,5.019249439239502
11,1,O,5.084556579589844
12,1,CB,5.149864673614502
13,1,CG,5.215171813964844
14,1,CD,5.332111358642578
15,1,OE1,5.563539981842041
16,1,OE2,5.794968128204346
17,1,CA,6.026396751403809
18,1,C,6.239786624908447
19,1,CB,6.400961399078369
20,1,OG1,6.562138080596924
21,1,CG2,6.723312854766846
22,1,N,6.950921535491943
23,1,CG,7.4398274421691895
24,1,CD1,7.928733825683594
25,1,CD2,8.417640686035156
26,1,OG1,8.846829414367676
27,1,CG,8.934005737304688
28,1,CD,9.02117919921875
29,1,NE,9.108353614807129
30,1,CZ,9.123770713806152
31,1,NH1,8.45236873626709
32,1,NH2,7.780966281890869
33,1,CD2,7.109564781188965
34,1,CB,6.472909450531006
35,1,CG1,6.658597469329834
36,1,CG2,6.8442840576171875
37,1,CD1,7.029972076416016
38,1,CD1,7.215660095214844
39,1,CE1,7.2787556648254395
40,1,CA,7.340170860290527
41,1,O,7.401586055755615
42,1,CB,7.463002681732178
43,1,CG,7.639864921569824
44,1,OD1,7.825092315673828
45,1,OD2,8.010321617126465
46,1,C,8.195549964904785
47,1,O,7.943965911865234
48,1,CB,7.631900787353516
49,1,CG1,7.319835662841797
50,1,N,7.007769584655762
51,1,CA,6.758058547973633
52,1,CB,6.521636962890625
53,1,CG,6.285214424133301
54,1,CD1,6.048791885375977
55,1,C,5.711427211761475
56,1,O,5.343958854675293
57,1,CG1,4.976487636566162
58,1,CG2,4.609017848968506
59,1,N,4.323697090148926
60,1,CA,4.070925712585449
61,1,CB,3.8181545734405518
62,1,CD1,3.565382719039917
63,1,CE1,3.4435014724731445
64,1,CB,3.388401508331299
65,1,CG,3.333301305770874
66,1,CD1,3.278201103210449
67,1,CD2,3.227111577987671
68,1,CE1,3.1786062717437744
69,1,CE2,3.130101442337036
70,1,CZ,3.0815963745117188
