atom_index,is_real_atom,atom_type_from_onehot,importance
0,1,C,7.04337215423584
1,1,O,7.04337215423584
2,1,CA,7.0061726570129395
3,1,C,6.927525520324707
4,1,O,6.848878383636475
5,1,CB,6.770230293273926
6,1,O,6.877872943878174
7,1,CA,7.243921756744385
8,1,C,7.609969615936279
9,1,O,7.976017951965332
10,1,CB,8.216851234436035
11,1,CG,8.239716529846191
12,1,OD1,8.262581825256348
13,1,C,8.285447120666504
14,1,CB,8.382609367370605
15,1,CG,8.644518852233887
16,1,CD1,8.906426429748535
17,1,N,9.16833209991455
18,1,CA,9.286314010620117
19,1,CB,8.987651824951172
20,1,OH,8.688992500305176
21,1,CE1,8.390334129333496
22,1,CZ,8.119627952575684
23,1,C,7.958877086639404
24,1,O,7.798125743865967
25,1,N,7.637374401092529
26,1,CA,7.466065406799316
27,1,C,7.234284400939941
28,1,O,7.002505302429199
29,1,CB,6.770724773406982
30,1,CG2,6.578614711761475
31,1,CA,6.766209125518799
32,1,C,6.953803539276123
33,1,O,7.141397476196289
34,1,CB,7.334670066833496
35,1,CD1,7.662321090698242
36,1,CE1,7.98997163772583
37,1,CZ,8.31762409210205
38,1,CB,8.64527702331543
39,1,CG1,8.530451774597168
40,1,CG2,8.409566879272461
41,1,ND2,8.288680076599121
42,1,C,8.167795181274414
43,1,O,8.074122428894043
44,1,CG2,7.982422351837158
45,1,N,7.890721321105957
46,1,CA,7.799020290374756
47,1,C,7.795811176300049
48,1,O,7.804854869842529
49,1,CB,7.813898086547852
50,1,CD1,7.822940826416016
51,1,CB,7.17789363861084
52,1,OG,6.393454551696777
