atom_index,is_real_atom,atom_type_from_onehot,importance
0,1,CB,7.964566230773926
1,1,CG2,7.964566230773926
2,1,CE1,7.979402542114258
3,1,CE2,8.01076889038086
4,1,CZ,8.042137145996094
5,1,CD1,8.073504447937012
6,1,CE1,8.113808631896973
7,1,CE2,8.166509628295898
8,1,CZ,8.219210624694824
9,1,CB,8.271910667419434
10,1,CG,8.308436393737793
11,1,SD,8.316803932189941
12,1,CE,8.325172424316406
13,1,CG,8.333539962768555
14,1,CD1,8.28459358215332
15,1,CD2,8.108558654785156
16,1,C,7.932523727416992
17,1,O,7.756489276885986
18,1,N,7.5520548820495605
19,1,CA,7.265415191650391
20,1,C,6.978774070739746
21,1,O,6.692134857177734
22,1,CB,6.479393482208252
23,1,OG,6.557322978973389
24,1,N,6.635252475738525
25,1,CA,6.713181972503662
26,1,C,6.771059989929199
27,1,CB,6.7140984535217285
28,1,N,6.657137393951416
29,1,CA,6.600175857543945
30,1,C,6.581195831298828
31,1,O,6.925728797912598
32,1,CB,7.270263671875
33,1,CG,7.614796161651611
34,1,CD2,7.948004245758057
35,1,CE2,8.013138771057129
36,1,N,8.078271865844727
37,1,CA,8.14340591430664
38,1,O,8.208539962768555
39,1,CG,8.07490348815918
40,1,SD,7.9385457038879395
41,1,CE,7.802187442779541
42,1,CA,7.665828704833984
43,1,C,7.435198783874512
44,1,O,7.197740077972412
45,1,CB,6.960279941558838
46,1,CG2,6.7228193283081055
47,1,N,6.325498580932617
48,1,CA,5.906042098999023
49,1,C,5.486586570739746
50,1,O,5.067130088806152
51,1,CB,4.720490455627441
52,1,CG,4.389370918273926
53,1,CD1,4.0582499504089355
54,1,CE1,3.7271299362182617
55,1,CB,3.6698970794677734
56,1,CG,3.694349527359009
57,1,CD1,3.718801736831665
58,1,CD2,3.7432541847229004
59,1,CE1,3.7505624294281006
60,1,CE2,3.751077890396118
61,1,CZ,3.7515928745269775
62,1,CE2,3.752107858657837
