atom_type,importance_sum
C,9.092391014099121
CA,9.092391014099121
CB,9.065492630004883
CD,9.004961013793945
CD1,8.944428443908691
CD2,8.883893966674805
CE,9.139533996582031
CE1,10.02746295928955
CE2,10.915438652038574
CE3,11.803428649902344
CG,12.49522590637207
CG1,12.500649452209473
CG2,12.506072998046875
CH2,12.511499404907227
CZ,12.674588203430176
CZ2,14.098968505859375
CZ3,15.523350715637207
O,16.947734832763672
OH,18.372119903564453
OD1,17.38698387145996
OD2,16.4018611907959
OE1,15.41672420501709
OE2,14.431595802307129
OG,15.06877326965332
OG1,15.908743858337402
N,16.748714447021484
NE,17.58867835998535
NE1,18.56488800048828
NE2,19.57996940612793
ND1,20.595050811767578
ND2,21.610132217407227
NZ,22.021493911743164
NH1,22.131065368652344
NH2,22.240633010864258
SD,22.350202560424805
SG,22.39887046813965
UNKNOWN,22.39887046813965
