atom_index,is_real_atom,atom_type_from_onehot,importance
0,1,CG,7.355120658874512
1,1,CD,7.355120658874512
2,1,CG,7.335003852844238
3,1,CD1,7.292470932006836
4,1,CD2,7.249938011169434
5,1,CD,7.207404136657715
6,1,OE1,7.1366658210754395
7,1,CD2,7.026805877685547
8,1,CE2,6.916945457458496
9,1,CZ,6.807085037231445
10,1,OH,6.64337158203125
11,1,CD1,6.385915279388428
12,1,CD2,6.1284589767456055
13,1,O,5.871002197265625
14,1,CG2,5.6443867683410645
15,1,CG2,5.486159324645996
16,1,CD2,5.327931880950928
17,1,CE2,5.169704437255859
18,1,CZ,5.075049877166748
19,1,CA,5.164421081542969
20,1,CB,5.253792762756348
21,1,CG,5.343163013458252
22,1,CD1,5.417032718658447
23,1,CD2,5.429928779602051
24,1,CG,5.442824840545654
25,1,CD2,5.455720901489258
26,1,CD1,5.51114559173584
27,1,CG,5.810145378112793
28,1,CA,6.1091437339782715
29,1,O,6.408143520355225
30,1,CB,6.656383037567139
31,1,CB,6.418778896331787
32,1,CD,6.181175231933594
33,1,N,5.943570613861084
34,1,CA,5.712250232696533
35,1,O,5.6296868324279785
36,1,CB,5.547123432159424
37,1,CG,5.464559555053711
38,1,CD1,5.38199520111084
39,1,CE1,5.229226589202881
40,1,CZ,5.075496196746826
41,1,CA,4.9217658042907715
42,1,C,4.768035411834717
43,1,O,4.698134422302246
44,1,CB,4.634308815002441
45,1,CG,4.570483684539795
46,1,CD1,4.506657600402832
47,1,CD2,4.551158905029297
48,1,NE1,4.610658645629883
49,1,CE2,4.6701579093933105
50,1,CE3,4.7296576499938965
51,1,CZ2,4.906008243560791
52,1,CZ3,5.107260227203369
53,1,CH2,5.3085126876831055
54,1,CB,5.509765625
55,1,SG,5.509532451629639
56,1,OG,5.449209690093994
57,1,CD2,5.388885021209717
