atom_type,importance_sum
C,3.3475124835968018
CA,3.3475124835968018
CB,3.5563716888427734
CD,4.0263214111328125
CD1,4.496270179748535
CD2,4.966218948364258
CE,5.648040771484375
CE1,6.753579139709473
CE2,7.859116554260254
CE3,8.964653968811035
CG,10.071024894714355
CG1,11.180448532104492
CG2,12.289875984191895
CH2,13.399306297302246
CZ,14.406365394592285
CZ2,14.594559669494629
CZ3,14.782745361328125
O,14.970937728881836
OH,15.159120559692383
OD1,15.05627727508545
OD2,14.953431129455566
OE1,14.8505859375
OE2,14.7477388381958
OG,14.310818672180176
OG1,13.832139015197754
N,13.353460311889648
NE,12.874777793884277
NE1,12.142742156982422
NE2,11.338242530822754
ND1,10.533742904663086
ND2,9.7293119430542
NZ,9.115570068359375
NH1,8.597212791442871
NH2,8.078889846801758
SD,7.560566425323486
SG,7.330202102661133
UNKNOWN,7.330202102661133
