atom_index,is_real_atom,atom_type_from_onehot,importance
0,1,O,6.918581962585449
1,1,CD2,6.918581962585449
2,1,CB,6.868408203125
3,1,SD,6.762324810028076
4,1,CE,6.656243324279785
5,1,CG,6.550159931182861
6,1,CD1,6.488658428192139
7,1,CD2,6.4889960289001465
8,1,CE1,6.4893341064453125
9,1,CE2,6.4896721839904785
10,1,CZ,6.5998430252075195
11,1,CG2,6.901200771331787
12,1,CD1,7.202559471130371
13,1,CD1,7.5039167404174805
14,1,CD2,7.840391635894775
15,1,C,8.254728317260742
16,1,O,8.66906452178955
17,1,CB,9.083401679992676
18,1,CG,9.354192733764648
19,1,CD,9.209460258483887
20,1,OE2,9.064727783203125
21,1,CA,8.919995307922363
22,1,O,8.767024040222168
23,1,CG1,8.58164119720459
24,1,CD1,8.396259307861328
25,1,C,8.210877418518066
26,1,CB,7.993176460266113
27,1,CG2,7.590372562408447
28,1,N,7.187568187713623
29,1,CA,6.784764766693115
30,1,CB,6.402048110961914
31,1,CG,6.211597919464111
32,1,CD1,6.021148681640625
33,1,CE1,5.830699443817139
34,1,CG2,5.623973846435547
35,1,CD1,5.032064914703369
36,1,CD1,4.440157890319824
