atom_type,importance_sum
C,2.6388609409332275
CA,2.6388609409332275
CB,3.6411678791046143
CD,5.8963494300842285
CD1,8.151496887207031
CD2,10.406669616699219
CE,11.887526512145996
CE1,11.819731712341309
CE2,11.751851081848145
CE3,11.684060096740723
CG,11.646915435791016
CG1,11.717132568359375
CG2,11.787352561950684
CH2,11.857573509216309
CZ,11.920367240905762
CZ2,11.923752784729004
CZ3,11.927138328552246
O,11.93052864074707
OH,11.933913230895996
OD1,11.05842113494873
OD2,10.182928085327148
OE1,9.307435035705566
OE2,8.431941032409668
OG,8.06541919708252
OG1,7.762481212615967
N,7.459536552429199
NE,7.15659236907959
NE1,6.4900665283203125
NE2,5.719682693481445
ND1,4.94925594329834
ND2,4.1788740158081055
NZ,4.244266510009766
NH1,4.727545738220215
NH2,5.2108235359191895
SD,5.694102764129639
SG,5.908904075622559
UNKNOWN,5.908904075622559
