atom_type,importance
C,0.12184987217187881
CA,0.12184987217187881
CB,0.13384458422660828
CD,0.16083215177059174
CD1,0.1878196895122528
CD2,0.21480600535869598
CE,0.23117467761039734
CE1,0.22630104422569275
CE2,0.22142982482910156
CE3,0.21655799448490143
CG,0.2102867215871811
CG1,0.1991136074066162
CG2,0.1879405826330185
CH2,0.17676740884780884
CZ,0.16779175400733948
CZ2,0.17639519274234772
CZ3,0.18499863147735596
O,0.1936020851135254
OH,0.20220553874969482
OD1,0.20276273787021637
OD2,0.2033199667930603
OE1,0.20387719571590424
OE2,0.2044343650341034
OG,0.20369064807891846
OG1,0.20278429985046387
N,0.20187798142433167
NE,0.20097163319587708
NE1,0.1953909546136856
NE2,0.18847522139549255
ND1,0.1815606653690338
ND2,0.17464493215084076
NZ,0.1714390367269516
NH1,0.17008742690086365
NH2,0.16873696446418762
SD,0.16738536953926086
SG,0.16678494215011597
UNKNOWN,0.16678494215011597
