atom_index,is_real_atom,atom_type_from_onehot,importance
0,1,CB,10.844589233398438
1,1,CG,10.844589233398438
2,1,CD,10.637700080871582
3,1,CE,10.200277328491211
4,1,NZ,9.76285457611084
5,1,CA,9.325432777404785
6,1,C,8.962806701660156
7,1,O,8.703927040100098
8,1,CB,8.445047378540039
9,1,CG,8.186168670654297
10,1,CD1,8.002845764160156
11,1,CD2,7.951046943664551
12,1,CE2,7.899247169494629
13,1,N,7.847447872161865
14,1,CA,7.792141437530518
15,1,CG,7.729060649871826
16,1,CD1,7.665977954864502
17,1,CD2,7.6028971672058105
18,1,N,7.582558631896973
19,1,CA,7.685945987701416
20,1,C,7.789332389831543
21,1,O,7.892718315124512
22,1,CG,8.014524459838867
23,1,CD2,8.208781242370605
24,1,CE2,8.403038024902344
25,1,CG1,8.597293853759766
26,1,CD1,8.724117279052734
27,1,C,8.464737892150879
28,1,O,8.20535945892334
29,1,CB,7.945979595184326
30,1,N,7.743998050689697
31,1,CA,8.091384887695312
32,1,OG1,8.438770294189453
33,1,CA,8.786158561706543
34,1,C,9.121784210205078
35,1,O,9.179051399230957
36,1,CA,9.236315727233887
37,1,CB,9.293582916259766
38,1,CD1,9.350848197937012
39,1,O,9.21888542175293
40,1,C,9.084332466125488
41,1,O,8.949777603149414
42,1,CB,8.81522274017334
43,1,OG,8.496991157531738
44,1,N,8.165451049804688
45,1,CA,7.833908557891846
46,1,CB,7.50236701965332
47,1,C,7.203354835510254
48,1,O,6.908845901489258
49,1,CB,6.614336967468262
50,1,CG,6.319828033447266
51,1,CD1,6.4013895988464355
52,1,CD2,6.563096046447754
53,1,CE1,6.724802494049072
54,1,CE2,6.886510372161865
55,1,CZ,6.504186630249023
56,1,OH,5.9596123695373535
57,1,CB,5.415036201477051
