atom_type,importance_sum
C,5.297687530517578
CA,5.297687530517578
CB,6.220765590667725
CD,8.297650337219238
CD1,10.374532699584961
CD2,12.451417922973633
CE,13.85932731628418
CE1,13.929275512695312
CE2,13.99923038482666
CE3,14.069183349609375
CG,14.037553787231445
CG1,13.650552749633789
CG2,13.263551712036133
CH2,12.876551628112793
CZ,12.781291961669922
CZ2,15.019962310791016
CZ3,17.258697509765625
O,19.497358322143555
OH,21.736034393310547
OD1,20.722318649291992
OD2,19.708620071411133
OE1,18.69490623474121
OE2,17.681196212768555
OG,18.500410079956055
OG1,19.548742294311523
N,20.597078323364258
NE,21.645414352416992
NE1,21.033832550048828
NE2,19.94809341430664
ND1,18.862348556518555
ND2,17.776456832885742
NZ,17.25629234313965
NH1,17.01878547668457
NH2,16.78135871887207
SD,16.54389762878418
SG,16.438335418701172
UNKNOWN,16.438335418701172
