atom_type,importance_sum
C,1.9709348678588867
CA,1.9709348678588867
CB,2.500978469848633
CD,3.6935746669769287
CD1,4.886196613311768
CD2,6.078791618347168
CE,7.039970397949219
CE1,7.538315773010254
CE2,8.036616325378418
CE3,8.534960746765137
CG,9.135102272033691
CG1,10.09157657623291
CG2,11.04804801940918
CH2,12.004518508911133
CZ,12.73678207397461
CZ2,11.675369262695312
CZ3,10.613961219787598
O,9.552549362182617
OH,8.49113941192627
OD1,7.930505752563477
OD2,7.369874000549316
OE1,6.809239387512207
OE2,6.248605251312256
OG,6.6562957763671875
OG1,7.185026168823242
N,7.713756084442139
NE,8.242488861083984
NE1,7.992462158203125
NE2,7.5199503898620605
ND1,7.047440052032471
ND2,6.57492733001709
NZ,6.446722984313965
NH1,6.490695953369141
NH2,6.53466796875
SD,6.578590393066406
SG,6.598144054412842
UNKNOWN,6.598144054412842
