atom_type,importance
C,0.18087837100028992
CA,0.18087837100028992
CB,0.19032597541809082
CD,0.2115824669599533
CD1,0.23283793032169342
CD2,0.25409555435180664
CE,0.26279416680336
CE1,0.24637669324874878
CE2,0.22995920479297638
CE3,0.2135429084300995
CG,0.19919319450855255
CG1,0.1920807957649231
CG2,0.18496842682361603
CH2,0.17785602807998657
CZ,0.17279644310474396
CZ2,0.1841588318347931
CZ3,0.1955212652683258
O,0.2068837285041809
OH,0.2182462066411972
OD1,0.20833951234817505
OD2,0.19843287765979767
OE1,0.1885262429714203
OE2,0.1786196380853653
OG,0.167178675532341
OG1,0.15554586052894592
N,0.14391309022903442
NE,0.1322803497314453
NE1,0.12665092945098877
NE2,0.12273567169904709
ND1,0.11882144957780838
ND2,0.1149064227938652
NZ,0.11447413265705109
NH1,0.11578263342380524
NH2,0.11709112673997879
SD,0.11839958280324936
SG,0.11898099631071091
UNKNOWN,0.11898099631071091
