atom_type,importance
C,0.11560080200433731
CA,0.11560080200433731
CB,0.12181832641363144
CD,0.13580676913261414
CD1,0.1497952938079834
CD2,0.16378377377986908
CE,0.1763724833726883
CE1,0.186158686876297
CE2,0.1959449052810669
CE3,0.2057311236858368
CG,0.2113480120897293
CG1,0.2023686021566391
CG2,0.19338926672935486
CH2,0.18440988659858704
CZ,0.17698301374912262
CZ2,0.18197627365589142
CZ3,0.18696953356266022
O,0.19196271896362305
OH,0.19695597887039185
OD1,0.1963891237974167
OD2,0.19582223892211914
OE1,0.19525529444217682
OE2,0.19468848407268524
OG,0.20358788967132568
OG1,0.21367059648036957
N,0.22375233471393585
NE,0.23383507132530212
NE1,0.24074816703796387
NE2,0.24675236642360687
ND1,0.25275862216949463
ND2,0.25876280665397644
NZ,0.26287826895713806
NH1,0.2660452127456665
NH2,0.2692142426967621
SD,0.2723832130432129
SG,0.2737903594970703
UNKNOWN,0.2737903594970703
