atom_type,importance_sum
C,13.556425094604492
CA,13.556425094604492
CB,14.078034400939941
CD,15.251684188842773
CD1,16.425256729125977
CD2,17.598896026611328
CE,18.0643367767334
CE1,17.11379051208496
CE2,16.16316795349121
CE3,15.212554931640625
CG,14.332723617553711
CG1,13.700742721557617
CG2,13.068765640258789
CH2,12.436784744262695
CZ,11.919225692749023
CZ2,12.316995620727539
CZ3,12.714770317077637
O,13.112545013427734
OH,13.510316848754883
OD1,14.014344215393066
OD2,14.518372535705566
OE1,15.0223970413208
OE2,15.5264253616333
OG,15.429707527160645
OG1,15.257889747619629
N,15.086077690124512
NE,14.914258003234863
NE1,14.658185005187988
NE2,14.377978324890137
ND1,14.097772598266602
ND2,13.817645072937012
NZ,13.073468208312988
NH1,12.097296714782715
NH2,11.12112808227539
SD,10.145023345947266
SG,9.711170196533203
UNKNOWN,9.711170196533203
