atom_type,importance
C,0.10485231131315231
CA,0.10485231131315231
CB,0.10918264836072922
CD,0.11892611533403397
CD1,0.12866951525211334
CD2,0.1384129524230957
CE,0.14460012316703796
CE1,0.14367468655109406
CE2,0.1427483856678009
CE3,0.14182299375534058
CG,0.14567917585372925
CG1,0.16627323627471924
CG2,0.18686725199222565
CH2,0.20746126770973206
CZ,0.22738513350486755
CZ2,0.24194788932800293
CZ3,0.2565106153488159
O,0.2710733115673065
OH,0.28563594818115234
OD1,0.28938382863998413
OD2,0.29313164949417114
OE1,0.2968793511390686
OE2,0.30062711238861084
OG,0.29109618067741394
OG1,0.2799053490161896
N,0.2687145471572876
NE,0.2575237452983856
NE1,0.2461620271205902
NE2,0.23475103080272675
ND1,0.2233414649963379
ND2,0.21193087100982666
NZ,0.20435556769371033
NH1,0.19869904220104218
NH2,0.19304156303405762
SD,0.1873849779367447
SG,0.18487009406089783
UNKNOWN,0.18487009406089783
