atom_type,importance_sum
C,5.998281955718994
CA,5.998281955718994
CB,6.63922643661499
CD,8.081402778625488
CD1,9.523573875427246
CD2,10.965747833251953
CE,12.006049156188965
CE1,12.242291450500488
CE2,12.478639602661133
CE3,12.714987754821777
CG,12.958523750305176
CG1,13.227535247802734
CG2,13.496546745300293
CH2,13.765560150146484
CZ,13.894303321838379
CZ2,12.90090274810791
CZ3,11.907503128051758
O,10.914102554321289
OH,9.920701026916504
OD1,8.94579029083252
OD2,7.970902919769287
OE1,6.995979309082031
OE2,6.021054267883301
OG,7.08747673034668
OG1,8.409058570861816
N,9.730612754821777
NE,11.052204132080078
NE1,11.02843952178955
NE2,10.620203018188477
ND1,10.21207046508789
ND2,9.803836822509766
NZ,9.595301628112793
NH1,9.486454963684082
NH2,9.377689361572266
SD,9.26891803741455
SG,9.220545768737793
UNKNOWN,9.220545768737793
