atom_type,importance_sum
C,14.100253105163574
CA,14.100253105163574
CB,14.5564546585083
CD,15.582904815673828
CD1,16.609378814697266
CD2,17.635881423950195
CE,18.431222915649414
CE1,18.76434898376465
CE2,19.09745979309082
CE3,19.43072509765625
CG,19.366605758666992
CG1,17.91196060180664
CG2,16.457256317138672
CH2,15.002588272094727
CZ,13.657543182373047
CZ2,13.189375877380371
CZ3,12.721207618713379
O,12.253037452697754
OH,11.784868240356445
OD1,11.405815124511719
OD2,11.026764869689941
OE1,10.647709846496582
OE2,10.268658638000488
OG,10.598156929016113
OG1,11.016226768493652
N,11.434298515319824
NE,11.852365493774414
NE1,12.751251220703125
NE2,13.787444114685059
ND1,14.82357120513916
ND2,15.859769821166992
NZ,15.724393844604492
NH1,15.003304481506348
NH2,14.282145500183105
SD,13.560985565185547
SG,13.240493774414062
UNKNOWN,13.240493774414062
