atom_type,importance_sum
C,2.5801174640655518
CA,2.5801174640655518
CB,2.9041953086853027
CD,3.633380651473999
CD1,4.362581729888916
CD2,5.0917277336120605
CE,5.70745325088501
CE1,6.09630823135376
CE2,6.485115051269531
CE3,6.8739213943481445
CG,7.166708469390869
CG1,7.123379230499268
CG2,7.080050945281982
CH2,7.036722183227539
CZ,7.255117416381836
CZ2,9.567353248596191
CZ3,11.879537582397461
O,14.191727638244629
OH,16.503822326660156
OD1,15.514459609985352
OD2,14.52501106262207
OE1,13.535557746887207
OE2,12.546101570129395
OG,11.204950332641602
OG1,9.819839477539062
N,8.434727668762207
NE,7.0495710372924805
NE1,6.209383487701416
NE2,5.524906635284424
ND1,4.840382099151611
ND2,4.1558732986450195
NZ,3.8423044681549072
NH1,3.7141990661621094
NH2,3.586094379425049
SD,3.4579899311065674
SG,3.4010376930236816
UNKNOWN,3.4010376930236816
