atom_type,importance_sum
C,10.310410499572754
CA,10.310410499572754
CB,10.492622375488281
CD,10.902685165405273
CD1,11.31285572052002
CD2,11.722926139831543
CE,12.050079345703125
CE1,12.211496353149414
CE2,12.372912406921387
CE3,12.534423828125
CG,12.69577407836914
CG1,12.856898307800293
CG2,13.01801872253418
CH2,13.179142951965332
CZ,13.367300987243652
CZ2,13.77173900604248
CZ3,14.176177978515625
O,14.58061695098877
OH,14.985055923461914
OD1,14.491717338562012
OD2,13.99837875366211
OE1,13.50503921508789
OE2,13.011697769165039
OG,12.941490173339844
OG1,12.924177169799805
N,12.906864166259766
NE,12.889549255371094
NE1,12.798635482788086
NE2,12.686701774597168
ND1,12.5747709274292
ND2,12.462841987609863
NZ,11.958109855651855
NH1,11.256982803344727
NH2,10.555872917175293
SD,9.854793548583984
SG,9.543169975280762
UNKNOWN,9.543169975280762
