atom_index,is_real_atom,atom_type_from_onehot,importance
0,1,CZ,8.456639289855957
1,1,OH,8.456639289855957
2,1,CA,8.538087844848633
3,1,C,8.710290908813477
4,1,O,8.88249397277832
5,1,CB,9.054698944091797
6,1,CG,8.985733985900879
7,1,CD2,8.582239151000977
8,1,C,8.178749084472656
9,1,O,7.775254726409912
10,1,N,7.435799598693848
11,1,CA,7.2078166007995605
12,1,C,6.979834079742432
13,1,O,6.7518510818481445
14,1,CB,6.630215167999268
15,1,CG,6.744388580322266
16,1,CD1,6.85856294631958
17,1,N,6.972737789154053
18,1,CA,7.072873592376709
19,1,C,7.132371425628662
20,1,O,7.191869258880615
21,1,N,7.251368045806885
22,1,CA,7.368285655975342
23,1,CG,7.71105432510376
24,1,CD2,8.053824424743652
25,1,CE3,8.39659309387207
26,1,CZ3,8.659351348876953
27,1,CB,8.463862419128418
28,1,CG,8.268372535705566
29,1,CD,8.072884559631348
30,1,OE1,7.8358540534973145
31,1,OE2,7.201214790344238
