atom_type,importance_sum
C,5.499586582183838
CA,5.499586582183838
CB,5.780144691467285
CD,6.411502361297607
CD1,7.042859077453613
CD2,7.6742143630981445
CE,8.457019805908203
CE1,9.542819023132324
CE2,10.628616333007812
CE3,11.714412689208984
CG,12.349870681762695
CG1,11.408943176269531
CG2,10.468010902404785
CH2,9.527085304260254
CZ,8.714789390563965
CZ2,8.931567192077637
CZ3,9.148343086242676
O,9.365119934082031
OH,9.581899642944336
OD1,8.950271606445312
OD2,8.318644523620605
OE1,7.687017440795898
OE2,7.055391311645508
OG,7.307581424713135
OG1,7.670250415802002
N,8.032917976379395
NE,8.395586013793945
NE1,8.092900276184082
NE2,7.600171089172363
ND1,7.107446193695068
ND2,6.614719867706299
NZ,6.509566307067871
NH1,6.598242282867432
NH2,6.686873435974121
SD,6.7755022048950195
SG,6.814926624298096
UNKNOWN,6.814926624298096
