atom_type,importance_sum
C,10.088029861450195
CA,10.088029861450195
CB,10.409589767456055
CD,11.132858276367188
CD1,11.856207847595215
CD2,12.57947826385498
CE,13.077120780944824
CE1,13.123429298400879
CE2,13.169836044311523
CE3,13.216144561767578
CG,13.015013694763184
CG1,11.947702407836914
CG2,10.880385398864746
CH2,9.813071250915527
CZ,8.8933744430542
CZ2,9.154618263244629
CZ3,9.415863990783691
O,9.677109718322754
OH,9.938352584838867
OD1,9.726166725158691
OD2,9.513978958129883
OE1,9.30179214477539
OE2,9.089605331420898
OG,9.608052253723145
OG1,10.217828750610352
N,10.827606201171875
NE,11.437378883361816
NE1,11.580790519714355
NE2,11.591057777404785
ND1,11.601231575012207
ND2,11.611496925354004
NZ,11.624436378479004
NH1,11.638794898986816
NH2,11.653162002563477
SD,11.667526245117188
SG,11.67387866973877
UNKNOWN,11.67387866973877
