atom_type,importance
C,0.07277393341064453
CA,0.07277393341064453
CB,0.07820406556129456
CD,0.09042080491781235
CD1,0.10263753682374954
CD2,0.11485464870929718
CE,0.12223828583955765
CE1,0.11995916068553925
CE2,0.11768001317977905
CE3,0.11540088802576065
CG,0.11459710448980331
CG1,0.11895926296710968
CG2,0.12332142889499664
CH2,0.12768355011940002
CZ,0.13042069971561432
CZ2,0.12015749514102936
CZ3,0.10989425331354141
O,0.0996304452419281
OH,0.08936727792024612
OD1,0.07462866604328156
OD2,0.05989004671573639
OE1,0.04515179619193077
OE2,0.030413173139095306
OG,0.028545742854475975
OG1,0.02828729897737503
N,0.028028862550854683
NE,0.027770420536398888
NE1,0.031831059604883194
NE2,0.03712616115808487
ND1,0.042420897632837296
ND2,0.047715626657009125
NZ,0.06508656591176987
NH1,0.08849526196718216
NH2,0.11190466582775116
SD,0.1353130042552948
SG,0.145717054605484
UNKNOWN,0.145717054605484
