feature,mean,std
C,0.1000609,0.0032925843
CA,0.14918004,0.004935672
CB,0.21021478,0.0058210143
CD,0.024748985,0.0005034215
CD1,0.13664262,0.0031186708
CD2,0.10421655,0.0030592037
CE,0.010485218,0.00032790788
CE1,0.055564415,0.0019865779
CE2,0.05857458,0.0021436007
CE3,0.016564805,0.00097621186
CG,0.1321991,0.004048311
CG1,0.0608474,0.0009825215
CG2,0.07702562,0.0016323257
CH2,0.015632108,0.0007507029
CZ,0.058926653,0.0016738876
CZ2,0.013450585,0.00051610504
CZ3,0.017945241,0.0011339745
O,0.12685058,0.0039181216
OH,0.01920257,0.00057453447
OD1,0.003197141,6.2442756e-05
OD2,0.0012885414,3.1740026e-05
OE1,0.006800021,0.0001713775
OE2,0.00047654897,7.1009024e-05
OG,0.014740179,0.00030013127
OG1,0.009854428,0.0003103744
N,0.08331917,0.0027847295
NE,0.0066682897,0.00016557101
NE1,0.009864237,0.0007148101
NE2,0.0029293944,0.00012430876
ND1,0.0030110858,4.587769e-05
ND2,0.0031680013,7.888903e-05
NZ,0.0037766744,4.701061e-05
NH1,0.0057303067,0.0002361183
NH2,0.0059840367,0.00018521176
SD,0.00754504,0.00018916129
SG,0.0045754304,0.00021061217
OXT,0.0,0.0
