experiment,C,CA,CB,CD,CD1,CD2,CE,CE1,CE2,CE3,CG,CG1,CG2,CH2,CZ,CZ2,CZ3,O,OH,OD1,OD2,OE1,OE2,OG,OG1,N,NE,NE1,NE2,ND1,ND2,NZ,NH1,NH2,SD,SG,OXT
0,1.1696676,1.6235104,3.053554,0.29011384,2.6426175,1.9552205,0.27621552,0.86513305,1.0533686,0.16547456,2.0676363,1.1055866,1.4825577,0.27703288,1.086713,0.22166534,0.25662258,1.5701807,0.27003258,0.07848091,0.024301048,0.06492758,0.043557093,0.24250959,0.12627816,0.8942917,0.10983922,0.1636391,0.071188346,0.03519553,0.07042765,0.026132818,0.1191449,0.1249171,0.24459524,0.21479811,0.0
1,1.0009664,1.5644236,2.935492,0.3006326,2.4860296,1.9453883,0.23686633,0.78497374,0.986512,0.17613208,2.0616117,1.1301233,1.4768368,0.25513214,1.0316007,0.2378718,0.23823425,1.410936,0.24762905,0.10491011,0.016315984,0.07942603,0.03995657,0.22094963,0.16410556,0.8458032,0.10834536,0.17503184,0.11912553,0.036803916,0.13864034,0.04562522,0.08799743,0.11270895,0.17059036,0.15884452,0.0
2,1.1510273,1.6974716,3.0484052,0.28132907,2.4264293,1.9717921,0.24276938,0.75573605,0.97286737,0.20386459,2.021466,1.1344842,1.3670663,0.26677674,0.9740579,0.23504287,0.26054773,1.5445235,0.2683025,0.10940733,0.020513697,0.08677375,0.06302827,0.26025808,0.15030295,0.9488053,0.08026238,0.1888746,0.07530714,0.0330076,0.0978936,0.05511354,0.113334335,0.09354615,0.15056314,0.16775282,0.0
3,1.181182,1.6113526,3.0713475,0.33563197,2.550589,1.9455702,0.21721986,0.7892445,1.0732808,0.20330559,2.096199,1.1712871,1.4514936,0.2587865,1.0675536,0.2572987,0.2651244,1.521209,0.24346599,0.07517111,0.015216291,0.07774434,0.038065653,0.21487567,0.18241858,0.8946828,0.09648086,0.19443712,0.079419866,0.029079169,0.07536874,0.041028943,0.0975528,0.116431355,0.20067877,0.21839769,0.0
4,1.1149169,1.6022356,3.0608995,0.2954219,2.662733,2.030554,0.21426761,0.858981,1.0430036,0.19772011,2.0986762,1.055564,1.4443744,0.3042944,1.0586389,0.26961863,0.30143833,1.4491706,0.30996862,0.10213493,0.01321421,0.0674285,0.039759442,0.25055388,0.13078475,0.8802025,0.110506244,0.19573717,0.06798037,0.0461466,0.08493527,0.044618342,0.11681354,0.12231864,0.1681978,0.16482767,0.0
