atom_type,importance_sum
C,3.659069538116455
CA,3.659069538116455
CB,4.367055416107178
CD,5.960027694702148
CD1,7.552953243255615
CD2,9.145970344543457
CE,9.893437385559082
CE1,8.950160026550293
CE2,8.006885528564453
CE3,7.063609600067139
CG,6.337759017944336
CG1,6.373078346252441
CG2,6.408397197723389
CH2,6.443715572357178
CZ,6.720545768737793
CZ2,8.929462432861328
CZ3,11.138376235961914
O,13.347296714782715
OH,15.556209564208984
OD1,14.36280632019043
OD2,13.169398307800293
OE1,11.975993156433105
OE2,10.782587051391602
OG,10.88168716430664
OG1,11.142353057861328
N,11.4030179977417
NE,11.663683891296387
NE1,11.151143074035645
NE2,10.417611122131348
ND1,9.684078216552734
ND2,8.950634002685547
NZ,9.259068489074707
NH1,10.088394165039062
NH2,10.917807579040527
SD,11.74713134765625
SG,12.115818977355957
UNKNOWN,12.115818977355957
