atom_index,is_real_atom,atom_type_from_onehot,importance
0,1,C,10.685685157775879
1,1,CB,10.685685157775879
2,1,CG,11.027312278747559
3,1,CD2,11.749605178833008
4,1,N,12.471901893615723
5,1,CA,13.194196701049805
6,1,CB,13.414612770080566
7,1,CG,12.93886947631836
8,1,OD1,12.463128089904785
9,1,ND2,11.987386703491211
10,1,CB,11.567276000976562
11,1,CG1,11.244001388549805
12,1,CG2,10.92072582244873
13,1,CD2,10.597452163696289
14,1,CD2,10.340497970581055
15,1,CE1,10.230600357055664
16,1,CE2,10.120702743530273
17,1,CZ,10.010805130004883
18,1,CG,10.056452751159668
19,1,CD2,10.552352905273438
20,1,CG,11.04825496673584
21,1,CD2,11.544154167175293
22,1,NE2,12.00075912475586
23,1,CD1,12.302788734436035
24,1,CE1,12.604822158813477
25,1,CZ,12.906853675842285
26,1,OH,13.097867965698242
27,1,SD,12.653057098388672
28,1,CE,12.208243370056152
29,1,CB,11.763434410095215
30,1,CG,11.284645080566406
31,1,CD1,10.480661392211914
32,1,CD2,9.676673889160156
33,1,NE1,8.872690200805664
34,1,CE2,8.095486640930176
35,1,CE3,7.952148914337158
36,1,CZ2,7.808811187744141
37,1,CZ3,7.665473937988281
38,1,CH2,7.522135257720947
39,1,CD2,7.1883039474487305
40,1,CE2,6.85186243057251
