atom_type,importance_sum
C,8.94473934173584
CA,8.94473934173584
CB,9.521907806396484
CD,10.820582389831543
CD1,12.119256973266602
CD2,13.417928695678711
CE,14.377418518066406
CE1,14.658536911010742
CE2,14.939655303955078
CE3,15.220864295959473
CG,15.690081596374512
CG1,16.817594528198242
CG2,17.94508934020996
CH2,19.07259750366211
CZ,20.0563907623291
CZ2,19.890291213989258
CZ3,19.72418975830078
O,19.558086395263672
OH,19.391983032226562
OD1,18.838579177856445
OD2,18.28518295288086
OE1,17.73179054260254
OE2,17.178396224975586
OG,16.622217178344727
OG1,16.06568717956543
N,15.509138107299805
NE,14.952589988708496
NE1,15.383536338806152
NE2,16.096532821655273
ND1,16.80963706970215
ND2,17.522708892822266
NZ,18.00702476501465
NH1,18.37689781188965
NH2,18.746807098388672
SD,19.116682052612305
SG,19.281091690063477
UNKNOWN,19.281091690063477
