atom_type,importance_sum
C,8.701837539672852
CA,8.701837539672852
CB,9.347410202026367
CD,10.800003051757812
CD1,12.252490043640137
CD2,13.705082893371582
CE,14.670061111450195
CE1,14.660134315490723
CE2,14.650099754333496
CE3,14.640169143676758
CG,14.511820793151855
CG1,13.969106674194336
CG2,13.426389694213867
CH2,12.883672714233398
CZ,12.376616477966309
CZ2,12.154845237731934
CZ3,11.933074951171875
O,11.711302757263184
OH,11.489530563354492
OD1,11.477322578430176
OD2,11.465116500854492
OE1,11.452910423278809
OE2,11.440705299377441
OG,11.18968391418457
OG1,10.908809661865234
N,10.627936363220215
NE,10.347064018249512
NE1,10.289424896240234
NE2,10.2954740524292
ND1,10.301627159118652
ND2,10.307677268981934
NZ,10.740779876708984
NH1,11.387304306030273
NH2,12.033825874328613
SD,12.680352210998535
SG,12.96773910522461
UNKNOWN,12.96773910522461
