atom_type,importance
C,0.06513357162475586
CA,0.06513357162475586
CB,0.06963293254375458
CD,0.07975658774375916
CD1,0.08988027274608612
CD2,0.1000039279460907
CE,0.10819760710000992
CE1,0.11253000795841217
CE2,0.11686240136623383
CE3,0.12119482457637787
CG,0.12767340242862701
CG1,0.14165851473808289
CG2,0.15564364194869995
CH2,0.16962876915931702
CZ,0.18157100677490234
CZ2,0.17717061936855316
CZ3,0.17277014255523682
O,0.16836969554424286
OH,0.1639692187309265
OD1,0.15685543417930603
OD2,0.14974160492420197
OE1,0.1426278054714203
OE2,0.13551397621631622
OG,0.13667897880077362
OG1,0.13887877762317657
N,0.1410786509513855
NE,0.14327846467494965
NE1,0.1335507184267044
NE2,0.12041539698839188
ND1,0.10728008300065994
ND2,0.0941447988152504
NZ,0.09053497016429901
NH1,0.09168846905231476
NH2,0.09284264594316483
SD,0.09399612247943878
SG,0.09450851380825043
UNKNOWN,0.09450851380825043
