atom_index,is_real_atom,atom_type_from_onehot,importance
0,1,O,7.314692974090576
1,1,CG,7.314692974090576
2,1,CD1,7.485684871673584
3,1,CD2,7.847211837768555
4,1,CE1,8.208739280700684
5,1,CE2,8.570265769958496
6,1,CZ,8.786097526550293
7,1,OH,8.799837112426758
8,1,C,8.813575744628906
9,1,O,8.827314376831055
10,1,CB,8.917130470275879
11,1,CG2,9.139376640319824
12,1,N,9.36162281036377
13,1,CA,9.583868980407715
14,1,O,9.681079864501953
15,1,CB,9.501028060913086
16,1,CB,9.320977210998535
17,1,SG,9.140928268432617
18,1,CB,9.059915542602539
19,1,CG1,9.265589714050293
20,1,CG2,9.471261978149414
21,1,CG1,9.676935195922852
22,1,CD2,9.910398483276367
23,1,CA,10.253159523010254
24,1,C,10.595922470092773
25,1,O,10.938684463500977
26,1,CB,11.199949264526367
27,1,CG,10.994463920593262
28,1,CD,10.788976669311523
29,1,NE,10.583489418029785
30,1,CZ,10.345208168029785
31,1,NH2,9.793046951293945
32,1,CB,9.240882873535156
33,1,CG1,8.688720703125
34,1,CG2,8.155730247497559
35,1,CD1,8.07651424407959
36,1,CG,7.997297286987305
37,1,CD2,7.918081283569336
38,1,CB,7.838863849639893
39,1,CG,7.372852325439453
40,1,CD1,6.901542663574219
41,1,CD2,6.430233478546143
42,1,NE1,5.958924293518066
43,1,CE2,5.741992950439453
44,1,CE3,5.5434956550598145
45,1,CZ2,5.344998359680176
46,1,CZ3,5.146501064300537
47,1,CH2,4.756021022796631
48,1,CZ,4.33896017074585
