atom_type,importance
C,0.10204021632671356
CA,0.10204021632671356
CB,0.10830582678318024
CD,0.1224023699760437
CD1,0.13650034368038177
CD2,0.15059693157672882
CE,0.15776358544826508
CE1,0.15106908977031708
CE2,0.1443745493888855
CE3,0.13767868280410767
CG,0.13294509053230286
CG1,0.13507606089115143
CG2,0.13720707595348358
CH2,0.13933804631233215
CZ,0.14114747941493988
CZ2,0.1403842717409134
CZ3,0.1396210789680481
O,0.1388578712940216
OH,0.1380946785211563
OD1,0.1343110203742981
OD2,0.13052740693092346
OE1,0.12674382328987122
OE2,0.12296021729707718
OG,0.12747722864151
OG1,0.13303184509277344
N,0.13858643174171448
NE,0.1441410630941391
NE1,0.14569449424743652
NE2,0.14610400795936584
ND1,0.14651212096214294
ND2,0.14692163467407227
NZ,0.1525489091873169
NH1,0.16078442335128784
NH2,0.1690199375152588
SD,0.17725549638271332
SG,0.1809157431125641
UNKNOWN,0.1809157431125641
