atom_index,is_real_atom,atom_type_from_onehot,importance
0,1,O,6.566476345062256
1,1,CB,6.566476345062256
2,1,CG,6.453864574432373
3,1,CD,6.215773582458496
4,1,OE1,5.977682113647461
5,1,NE2,5.739591598510742
6,1,CG,5.47403621673584
7,1,CD1,5.17038631439209
8,1,CE3,4.866735935211182
9,1,CZ3,4.563085079193115
10,1,CA,4.301631450653076
11,1,C,4.1136298179626465
12,1,O,3.925628423690796
13,1,CB,3.737626552581787
14,1,SG,3.571491241455078
15,1,CA,3.4538421630859375
16,1,C,3.3361923694610596
17,1,O,3.218543291091919
18,1,CB,3.1059439182281494
19,1,CG,3.0079643726348877
20,1,CD2,2.9099833965301514
21,1,N,2.8120036125183105
22,1,CA,2.7507777214050293
23,1,CG,2.834118127822876
24,1,CD1,2.917459011077881
25,1,CD2,3.0007998943328857
26,1,CB,3.064560890197754
27,1,C,3.0161831378936768
28,1,O,2.9678051471710205
29,1,CG1,2.919426679611206
30,1,CA,2.8861327171325684
31,1,C,2.997209310531616
32,1,O,3.108285903930664
33,1,CB,3.219362735748291
34,1,CD,3.331508159637451
35,1,N,3.4689455032348633
36,1,CA,3.6063811779022217
37,1,C,3.7438182830810547
38,1,CB,3.8812551498413086
39,1,CG,3.86618971824646
40,1,SD,3.8490357398986816
41,1,CE,3.8318817615509033
42,1,CB,3.814727306365967
43,1,CB,3.5839641094207764
44,1,CG1,3.3377225399017334
45,1,CG2,3.0914809703826904
46,1,O,2.845238447189331
47,1,CD1,2.60435152053833
48,1,CE1,2.3642075061798096
49,1,CB,2.1240620613098145
50,1,CG,1.8839168548583984
51,1,CD1,1.8944385051727295
52,1,CD2,1.9583803415298462
53,1,CE1,2.022322177886963
54,1,CE2,2.086264133453369
55,1,CZ,2.110518217086792
56,1,CG,2.1229360103607178
57,1,CD1,2.1353533267974854
58,1,CD2,2.147770881652832
59,1,CB,2.2675652503967285
60,1,SG,2.4299044609069824
61,1,CG,2.5922439098358154
62,1,CD2,2.7545840740203857
63,1,CB,2.9624063968658447
64,1,CG1,3.193434000015259
65,1,CG2,3.424461603164673
66,1,CD1,3.655489921569824
67,1,CB,3.705169439315796
68,1,CG2,3.637979745864868
69,1,CD1,3.5707902908325195
70,1,CD1,3.50360107421875
71,1,CE1,3.441739082336426
72,1,O,3.384165048599243
73,1,CG,3.3265907764434814
74,1,CD2,3.269017219543457
75,1,CE1,3.227213144302368
76,1,NE2,3.201179027557373
77,1,CB,3.1751458644866943
78,1,CG,3.1491119861602783
79,1,CG,3.117180109024048
80,1,CD2,3.0779199600219727
81,1,CG,3.0386600494384766
82,1,CD2,2.999399423599243
83,1,CE2,2.945388078689575
84,1,CZ,2.868485689163208
