atom_type,importance_sum
C,4.38770055770874
CA,4.38770055770874
CB,4.434317588806152
CD,4.5392165184021
CD1,4.644118309020996
CD2,4.749017715454102
CE,5.277944564819336
CE1,6.6549482345581055
CE2,8.031964302062988
CE3,9.40899658203125
CG,10.399468421936035
CG1,10.037102699279785
CG2,9.674735069274902
CH2,9.312373161315918
CZ,9.003450393676758
CZ2,9.12204360961914
CZ3,9.24063491821289
O,9.359224319458008
OH,9.477816581726074
OD1,9.010111808776855
OD2,8.54240608215332
OE1,8.074701309204102
OE2,7.606992244720459
OG,7.9859843254089355
OG1,8.470812797546387
N,8.955646514892578
NE,9.440472602844238
NE1,9.685933113098145
NE2,9.862998962402344
ND1,10.040061950683594
ND2,10.217126846313477
NZ,10.248117446899414
NH1,10.2061185836792
NH2,10.16411304473877
SD,10.122069358825684
SG,10.103384017944336
UNKNOWN,10.103384017944336
