atom_index,is_real_atom,atom_type_from_onehot,importance
0,1,OG,5.5282182693481445
1,1,CB,5.5282182693481445
2,1,CG,5.623342037200928
3,1,CD1,5.824458599090576
4,1,CD2,6.025576114654541
5,1,CE1,6.226693630218506
6,1,CE2,6.258855819702148
7,1,CZ,6.056663513183594
8,1,OH,5.854470729827881
9,1,O,5.65227746963501
10,1,CG,5.511175632476807
11,1,N,5.476417541503906
12,1,CA,5.441658973693848
13,1,CB,5.406902313232422
14,1,OG1,5.3660888671875
15,1,CG2,5.311845302581787
16,1,CB,5.257604122161865
17,1,CG,5.2033610343933105
18,1,CD1,5.204235076904297
19,1,CD2,5.364652633666992
20,1,CE1,5.525070667266846
21,1,CE2,5.685487270355225
22,1,CZ,5.866837024688721
23,1,CB,6.130513668060303
24,1,CD2,6.394190788269043
25,1,N,6.65786600112915
26,1,CA,6.837700366973877
27,1,CB,6.5373382568359375
28,1,OE1,6.2369771003723145
29,1,CG,5.936615943908691
30,1,CD2,5.68067741394043
31,1,CD1,5.849912643432617
32,1,CB,6.019149303436279
33,1,CG,6.188385486602783
34,1,CD1,6.333673477172852
35,1,CD2,5.912199020385742
36,1,CE1,5.490726470947266
37,1,CE2,5.069251537322998
38,1,CZ,4.647777080535889
39,1,OH,4.376580715179443
