atom_type,importance_sum
C,1.8391553163528442
CA,1.8391553163528442
CB,2.0164971351623535
CD,2.4155378341674805
CD1,2.8145675659179688
CD2,3.213597059249878
CE,3.5673229694366455
CE1,3.830508232116699
CE2,4.093669414520264
CE3,4.356832981109619
CG,5.015259265899658
CG1,7.057094097137451
CG2,9.098929405212402
CH2,11.140762329101562
CZ,13.049973487854004
CZ2,13.898210525512695
CZ3,14.746454238891602
O,15.594694137573242
OH,16.442934036254883
OD1,14.996562957763672
OD2,13.550191879272461
OE1,12.103821754455566
OE2,10.657452583312988
OG,10.125802993774414
OG1,9.708490371704102
N,9.291181564331055
NE,8.873867988586426
NE1,7.98371696472168
NE2,6.958449363708496
ND1,5.933182239532471
ND2,4.907913684844971
NZ,4.401447772979736
NH1,4.154359340667725
NH2,3.9072484970092773
SD,3.660160779953003
SG,3.550323963165283
UNKNOWN,3.550323963165283
