atom_index,is_real_atom,atom_type_from_onehot,importance
0,1,CG2,7.472506046295166
1,1,CD1,7.472506046295166
2,1,CD2,7.771541595458984
3,1,CE2,8.403787612915039
4,1,CA,9.036033630371094
5,1,CB,9.668278694152832
6,1,CG1,9.909847259521484
7,1,CG2,9.60950756072998
8,1,NH2,9.309165954589844
9,1,CD1,9.008828163146973
10,1,CD2,8.73265266418457
11,1,CG1,8.498551368713379
12,1,CG2,8.264450073242188
13,1,CD1,8.030350685119629
14,1,CG,7.824857711791992
15,1,CD1,7.682804107666016
16,1,CD2,7.540750503540039
17,1,CE1,7.398697376251221
18,1,CE2,7.265848159790039
19,1,CZ,7.159645080566406
20,1,CD2,7.053440570831299
21,1,CE3,6.947237491607666
22,1,CZ2,6.74321174621582
23,1,CZ3,6.154422283172607
24,1,CH2,5.56563138961792
