atom_type,importance_sum
C,2.6659953594207764
CA,2.6659953594207764
CB,3.1473300457000732
CD,4.230342388153076
CD1,5.313353061676025
CD2,6.396366119384766
CE,7.36565637588501
CE1,8.10755443572998
CE2,8.849454879760742
CE3,9.591302871704102
CG,10.479844093322754
CG1,11.881503105163574
CG2,13.283164024353027
CH2,14.684825897216797
CZ,15.87952995300293
CZ2,15.418585777282715
CZ3,14.957649230957031
O,14.496705055236816
OH,14.035764694213867
OD1,11.854697227478027
OD2,9.673630714416504
OE1,7.4925618171691895
OE2,5.311493873596191
OG,4.2714152336120605
OG1,3.3739588260650635
N,2.4764974117279053
NE,1.5790371894836426
NE1,1.4767277240753174
NE2,1.6016004085540771
ND1,1.7264679670333862
ND2,1.851333498954773
NZ,3.2145426273345947
NH1,5.196916580200195
NH2,7.179291248321533
SD,9.161681175231934
SG,10.042765617370605
UNKNOWN,10.042765617370605
