atom_index,is_real_atom,atom_type_from_onehot,importance
0,1,CD2,8.944226264953613
1,1,CE1,8.944226264953613
2,1,CE2,8.877274513244629
3,1,CZ,8.735722541809082
4,1,OH,8.594170570373535
5,1,CA,8.452616691589355
6,1,CB,8.347187042236328
7,1,OG,8.291860580444336
8,1,CA,8.236534118652344
9,1,C,8.181208610534668
10,1,O,8.10112476348877
11,1,CB,7.9779438972473145
12,1,CG,7.854763984680176
13,1,CD1,7.731584072113037
14,1,CD2,7.595901966094971
15,1,N,7.432502746582031
16,1,CA,7.269102096557617
17,1,C,7.105702877044678
18,1,O,6.904617786407471
19,1,CB,6.594443321228027
20,1,CG1,6.284269332885742
21,1,CG2,5.974094867706299
22,1,CD1,5.6751203536987305
23,1,N,5.420193672180176
24,1,CA,5.1652679443359375
25,1,C,4.910341262817383
26,1,O,4.6581807136535645
27,1,CB,4.421858310699463
28,1,CG,4.185535907745361
29,1,CD1,3.949213981628418
30,1,CD2,3.7481894493103027
31,1,CE1,3.8850159645080566
32,1,CE2,4.0218424797058105
33,1,CZ,4.1586689949035645
34,1,CB,4.309512615203857
35,1,CG1,4.792077541351318
36,1,CG2,5.274641036987305
37,1,CE3,5.757205963134766
38,1,CZ2,6.239771842956543
39,1,CZ3,6.755530834197998
40,1,CH2,7.2717437744140625
41,1,CA,7.787960052490234
42,1,O,8.304173469543457
43,1,CB,7.991469860076904
44,1,CG,7.618699550628662
45,1,CD2,7.245928764343262
46,1,CA,6.8731584548950195
47,1,C,6.710857391357422
48,1,O,6.577700614929199
49,1,CB,6.444541931152344
50,1,CG,6.311383247375488
51,1,CD1,6.25002384185791
52,1,CD2,6.203964710235596
53,1,CE1,6.1579060554504395
54,1,CE2,6.111846923828125
55,1,CZ,6.112063407897949
56,1,N,6.126082897186279
57,1,CA,6.140100955963135
58,1,C,6.154118537902832
59,1,CB,6.414247989654541
60,1,CG,6.771889686584473
61,1,CD2,7.129534721374512
62,1,CB,7.48717737197876
63,1,CG1,7.373248100280762
64,1,CG2,7.0187225341796875
