atom_type,importance_sum
C,8.253862380981445
CA,8.253862380981445
CB,8.40869426727295
CD,8.757054328918457
CD1,9.105426788330078
CD2,9.453776359558105
CE,9.828018188476562
CE1,10.254014015197754
CE2,10.680018424987793
CE3,11.106026649475098
CG,11.686824798583984
CG1,12.809524536132812
CG2,13.93222427368164
CH2,15.05491828918457
CZ,16.183612823486328
CZ2,17.3602294921875
CZ3,18.53685188293457
O,19.713468551635742
OH,20.890090942382812
OD1,21.381610870361328
OD2,21.873130798339844
OE1,22.36465072631836
OE2,22.856176376342773
OG,22.615367889404297
OG1,22.283021926879883
N,21.9506778717041
NE,21.618331909179688
NE1,21.015249252319336
NE2,20.334758758544922
ND1,19.654285430908203
ND2,18.97380256652832
NZ,17.878841400146484
NH1,16.57658576965332
NH2,15.274372100830078
SD,13.972153663635254
SG,13.39335823059082
UNKNOWN,13.39335823059082
