atom_type,importance
C,0.08924183249473572
CA,0.08924183249473572
CB,0.09333990514278412
CD,0.10255967825651169
CD1,0.11177988350391388
CD2,0.12099980562925339
CE,0.12712004780769348
CE1,0.12703879177570343
CE2,0.1269586682319641
CE3,0.12687739729881287
CG,0.1310826539993286
CG1,0.15028764307498932
CG2,0.1694926619529724
CH2,0.18869765102863312
CZ,0.2051999568939209
CZ2,0.2000810205936432
CZ3,0.19496212899684906
O,0.18984319269657135
OH,0.1847243458032608
OD1,0.1750050187110901
OD2,0.16528567671775818
OE1,0.15556634962558746
OE2,0.14584700763225555
OG,0.13208062946796417
OG1,0.1178082674741745
N,0.10353538393974304
NE,0.08926307410001755
NE1,0.08208080381155014
NE2,0.07692345976829529
ND1,0.07176613807678223
ND2,0.06660881638526917
NZ,0.06700027734041214
NH1,0.07016576826572418
NH2,0.0733313038945198
SD,0.07649647444486618
SG,0.07790347188711166
UNKNOWN,0.07790347188711166
