atom_type,importance
C,0.08898313343524933
CA,0.08898313343524933
CB,0.09447793662548065
CD,0.106840118765831
CD1,0.1192016750574112
CD2,0.13156452775001526
CE,0.13798663020133972
CE1,0.13252992928028107
CE2,0.12707333266735077
CE3,0.12161669135093689
CG,0.11767987906932831
CG1,0.11906103789806366
CG2,0.12044224143028259
CH2,0.12182338535785675
CZ,0.1221814975142479
CZ2,0.11435464024543762
CZ3,0.10652783513069153
O,0.09870100766420364
OH,0.09087421000003815
OD1,0.08311160653829575
OD2,0.07534901052713394
OE1,0.06758640706539154
OE2,0.05982381850481033
OG,0.05867514759302139
OG1,0.0583532340824604
N,0.05803130939602852
NE,0.05770939588546753
NE1,0.06496778875589371
NE2,0.07439132034778595
ND1,0.08381489664316177
ND2,0.09323915839195251
NZ,0.10065817832946777
NH1,0.10707458853721619
NH2,0.113490991294384
SD,0.11990810185670853
SG,0.12276007235050201
UNKNOWN,0.12276007235050201
