atom_index,is_real_atom,atom_type_from_onehot,importance
0,1,CA,13.5857515335083
1,1,C,13.5857515335083
2,1,O,13.79853343963623
3,1,CB,14.248417854309082
4,1,CG,14.698301315307617
5,1,C,15.148183822631836
6,1,O,15.20661449432373
7,1,CB,14.722062110900879
8,1,CD,14.237510681152344
9,1,OE1,13.752958297729492
10,1,NE2,13.258589744567871
11,1,N,12.747130393981934
12,1,CA,12.235672950744629
13,1,C,11.724214553833008
14,1,O,11.129514694213867
15,1,CB,10.350244522094727
16,1,CG1,9.570969581604004
17,1,CG2,8.79169750213623
18,1,CB,8.245352745056152
19,1,CG,8.373276710510254
20,1,CD1,8.501200675964355
21,1,CD2,8.629125595092773
22,1,CE1,8.732133865356445
23,1,CE2,8.737133979797363
24,1,CZ,8.74213695526123
25,1,OH,8.747138977050781
26,1,N,8.803351402282715
27,1,CG2,9.152854919433594
28,1,CB,9.502358436584473
29,1,CG2,9.851861953735352
30,1,CD1,10.109745979309082
31,1,CD1,9.490694999694824
32,1,CE1,8.87164306640625
33,1,CZ,8.252593040466309
