atom_type,importance_sum
C,8.968372344970703
CA,8.968372344970703
CB,9.607150077819824
CD,11.044416427612305
CD1,12.48159122467041
CD2,13.918858528137207
CE,14.829797744750977
CE1,14.688173294067383
CE2,14.546549797058105
CE3,14.404929161071777
CG,14.344318389892578
CG1,14.567351341247559
CG2,14.790377616882324
CH2,15.013415336608887
CZ,15.309666633605957
CZ2,16.191659927368164
CZ3,17.073625564575195
O,17.95558738708496
OH,18.837562561035156
OD1,18.45592498779297
OD2,18.07429313659668
OE1,17.69266700744629
OE2,17.311037063598633
OG,16.918113708496094
OG1,16.523780822753906
N,16.129446029663086
NE,15.735093116760254
NE1,15.23670768737793
NE2,14.708611488342285
ND1,14.180512428283691
ND2,13.652412414550781
NZ,13.304903984069824
NH1,13.047639846801758
NH2,12.790374755859375
SD,12.533112525939941
SG,12.4187593460083
UNKNOWN,12.4187593460083
