atom_index,is_real_atom,atom_type_from_onehot,importance
0,1,CB,5.676554203033447
1,1,CD2,5.676554203033447
2,1,CG1,5.682763576507568
3,1,CG2,5.695892810821533
4,1,CD1,5.70902156829834
5,1,CE2,5.722151279449463
6,1,CZ,5.689359664916992
7,1,CG1,5.592871189117432
8,1,CB,5.496383190155029
9,1,CG,5.399895191192627
10,1,CD1,5.380168914794922
11,1,CD2,5.494065284729004
12,1,CE1,5.6079630851745605
13,1,CE2,5.721860408782959
14,1,CZ,5.865200996398926
15,1,CA,6.073830604553223
16,1,C,6.282461166381836
17,1,O,6.491091728210449
18,1,CB,6.625452518463135
19,1,N,6.544820785522461
20,1,CA,6.464189052581787
21,1,CG1,6.383558750152588
22,1,CD1,6.337471961975098
23,1,CB,6.427265167236328
24,1,CG2,6.517056465148926
25,1,N,6.606848239898682
26,1,CA,6.634823322296143
27,1,CB,6.30875301361084
28,1,CG,5.9826836585998535
29,1,CD1,5.656613349914551
30,1,CD2,5.377706050872803
31,1,CB,5.550216197967529
32,1,CG1,5.722726821899414
33,1,CG2,5.895236015319824
34,1,CG2,6.057104110717773
35,1,CB,5.967094421386719
36,1,CG1,5.877085208892822
37,1,CG2,5.787075042724609
38,1,CD1,5.6970648765563965
