atom_type,importance_sum
C,6.713043689727783
CA,6.713043689727783
CB,6.903299808502197
CD,7.3313069343566895
CD1,7.759359359741211
CD2,8.18736743927002
CE,8.57731819152832
CE1,8.890986442565918
CE2,9.2046537399292
CE3,9.518320083618164
CG,9.942968368530273
CG1,10.755841255187988
CG2,11.56871223449707
CH2,12.381583213806152
CZ,13.058444023132324
CZ2,12.647186279296875
CZ3,12.235932350158691
O,11.824681282043457
OH,11.41342544555664
OD1,9.956711769104004
OD2,8.5
OE1,7.043243885040283
OE2,5.586531639099121
OG,5.192278861999512
OG1,4.930832862854004
N,4.6693878173828125
NE,4.407943248748779
NE1,4.329853057861328
NE2,4.304141044616699
ND1,4.278427600860596
ND2,4.252715587615967
NZ,4.437463283538818
NH1,4.727408409118652
NH2,5.017392635345459
SD,5.307337760925293
SG,5.436220169067383
UNKNOWN,5.436220169067383
