atom_index,is_real_atom,atom_type_from_onehot,importance
0,1,CZ,7.941992282867432
1,1,NH2,7.941992282867432
2,1,CE2,8.098522186279297
3,1,CZ2,8.429469108581543
4,1,CZ3,8.760417938232422
5,1,CH2,9.091364860534668
6,1,CE1,9.290010452270508
7,1,CZ,9.305142402648926
8,1,CA,9.320273399353027
9,1,O,9.335403442382812
10,1,CB,9.371902465820312
11,1,CG1,9.445591926574707
12,1,CG2,9.519283294677734
13,1,CD1,9.592974662780762
14,1,CB,9.606338500976562
15,1,CG2,9.48593807220459
16,1,N,9.36553955078125
17,1,CA,9.245139122009277
18,1,O,9.072267532348633
19,1,CB,8.747505187988281
20,1,OG,8.42274284362793
21,1,C,8.097980499267578
22,1,O,7.71004581451416
23,1,CB,7.073634624481201
24,1,SG,6.437222480773926
