atom_type,importance_sum
C,5.04207706451416
CA,5.04207706451416
CB,5.775926113128662
CD,7.426942348480225
CD1,9.078010559082031
CD2,10.729081153869629
CE,11.416479110717773
CE1,10.176753044128418
CE2,8.937026977539062
CE3,7.6972975730896
CG,6.68429708480835
CG1,6.464608669281006
CG2,6.244918346405029
CH2,6.025230884552002
CZ,5.91129207611084
CZ2,6.643375396728516
CZ3,7.375457286834717
O,8.10750675201416
OH,8.839570045471191
OD1,8.401128768920898
OD2,7.96273946762085
OE1,7.524296760559082
OE2,7.085857391357422
OG,6.974303722381592
OG1,6.903609752655029
N,6.832919120788574
NE,6.7622246742248535
NE1,6.209574222564697
NE2,5.519282817840576
ND1,4.828937530517578
ND2,4.138644218444824
NZ,4.506821155548096
NH1,5.404285907745361
NH2,6.301698684692383
SD,7.199107646942139
SG,7.598017692565918
UNKNOWN,7.598017692565918
