atom_index,is_real_atom,atom_type_from_onehot,importance
0,1,CD1,7.584295749664307
1,1,CE1,7.584295749664307
2,1,CZ,7.284214496612549
3,1,C,6.649759292602539
4,1,O,6.0153045654296875
5,1,N,5.380850315093994
6,1,CA,5.026089191436768
7,1,C,5.059292793273926
8,1,O,5.092495918273926
9,1,CB,5.125698566436768
10,1,N,5.149529933929443
11,1,CA,5.157048225402832
12,1,C,5.164565563201904
13,1,O,5.172082424163818
14,1,N,5.235793113708496
15,1,C,5.424103260040283
16,1,N,5.612414836883545
17,1,CA,5.800724506378174
18,1,C,5.918516635894775
19,1,O,5.832174301147461
20,1,CB,5.745832443237305
21,1,CG,5.659491062164307
22,1,CD1,5.599422454833984
23,1,CD2,5.642697334289551
24,1,N,5.685971736907959
25,1,CA,5.729247093200684
26,1,C,5.765799045562744
27,1,O,5.763850212097168
28,1,CB,5.761899471282959
29,1,CG,5.759950637817383
30,1,OD1,5.751138210296631
31,1,OD2,5.676639080047607
32,1,N,5.602140426635742
33,1,CA,5.527641773223877
34,1,C,5.463920593261719
35,1,O,5.655284404754639
36,1,CB,5.846647262573242
37,1,CG1,6.038010120391846
38,1,CG2,6.229372978210449
39,1,O,6.372849941253662
40,1,CA,6.515669345855713
41,1,C,6.65848970413208
42,1,O,6.8013105392456055
43,1,CB,6.751814842224121
44,1,CG,6.688384056091309
45,1,N,6.624952793121338
46,1,CA,6.561522006988525
47,1,C,6.328144073486328
48,1,O,6.0712361335754395
49,1,CB,5.814326286315918
50,1,CG,5.557417869567871
51,1,ND1,5.158055305480957
52,1,CE1,4.728338241577148
53,1,N,4.298618793487549
54,1,CA,3.868898868560791
55,1,C,3.892681360244751
56,1,CB,4.051717758178711
57,1,CG,4.21075439453125
58,1,CD1,4.369790554046631
59,1,CD2,4.346920013427734
60,1,CE1,4.2519731521606445
61,1,CE2,4.157025337219238
62,1,CZ,4.06207799911499
63,1,CA,4.05370569229126
64,1,C,4.089503765106201
65,1,O,4.125303268432617
66,1,CB,4.161101341247559
67,1,N,4.339262962341309
68,1,CA,4.609172821044922
69,1,C,4.879079341888428
70,1,O,5.148985862731934
71,1,C,5.4898457527160645
72,1,N,5.887807846069336
73,1,CA,6.285773754119873
74,1,C,6.683737277984619
75,1,O,6.796087265014648
76,1,CB,6.6228227615356445
77,1,CG,6.449559211730957
78,1,SD,6.276297092437744
79,1,CE,6.087554454803467
80,1,N,5.879584789276123
81,1,CA,5.6716132164001465
82,1,C,5.463642120361328
83,1,O,5.363278865814209
84,1,CB,5.4298906326293945
85,1,N,5.496502876281738
86,1,CB,5.563114166259766
87,1,CG2,5.540648460388184
88,1,CD1,5.34359073638916
89,1,CG1,5.14653205871582
