atom_type,importance
C,0.09418883919715881
CA,0.09418883919715881
CB,0.10157449543476105
CD,0.11819139868021011
CD1,0.13480889797210693
CD2,0.15142515301704407
CE,0.164783775806427
CE1,0.17162352800369263
CE2,0.17846442759037018
CE3,0.18530409038066864
CG,0.1887342780828476
CG1,0.18022926151752472
CG2,0.17172420024871826
CH2,0.16321918368339539
CZ,0.15622730553150177
CZ2,0.16134047508239746
CZ3,0.16645362973213196
O,0.17156678438186646
OH,0.17667996883392334
OD1,0.1685175597667694
OD2,0.16035513579845428
OE1,0.15219277143478394
OE2,0.1440303772687912
OG,0.13803952932357788
OG1,0.13232018053531647
N,0.12660077214241028
NE,0.12088136374950409
NE1,0.11575023829936981
NE2,0.11078807711601257
ND1,0.10582524538040161
ND2,0.10086274892091751
NZ,0.10343510657548904
NH1,0.10977424681186676
NH2,0.11611387878656387
SD,0.12245376408100128
SG,0.1252710372209549
UNKNOWN,0.1252710372209549
