atom_index,is_real_atom,atom_type_from_onehot,importance
0,1,CE1,9.645450592041016
1,1,CD,9.645450592041016
2,1,NE,9.73904800415039
3,1,CZ,9.936936378479004
4,1,NH2,10.13482666015625
5,1,CD2,10.332714080810547
6,1,CE1,10.316445350646973
7,1,CE2,10.003106117248535
8,1,CZ,9.689769744873047
9,1,CD1,9.376435279846191
10,1,O,9.269501686096191
11,1,CB,9.521860122680664
12,1,CA,9.774218559265137
13,1,C,10.026577949523926
14,1,CB,10.141966819763184
15,1,CG,9.95365047454834
16,1,CD2,9.76533317565918
17,1,CE2,9.577017784118652
18,1,CZ,9.441086769104004
19,1,N,9.456804275512695
20,1,CA,9.472518920898438
21,1,CB,9.488235473632812
22,1,CG,9.3209867477417
23,1,ND2,8.434077262878418
