atom_type,importance_sum
C,3.1810338497161865
CA,3.1810338497161865
CB,3.582017183303833
CD,4.484184265136719
CD1,5.38632345199585
CD2,6.288463592529297
CE,6.868310928344727
CE1,6.803414821624756
CE2,6.738520622253418
CE3,6.673622131347656
CG,6.8093180656433105
CG1,7.6472063064575195
CG2,8.48509693145752
CH2,9.32298755645752
CZ,10.124246597290039
CZ2,10.632477760314941
CZ3,11.14070987701416
O,11.648941040039062
OH,12.157174110412598
OD1,10.190315246582031
OD2,8.223459243774414
OE1,6.256600379943848
OE2,4.2897419929504395
OG,4.317039966583252
OG1,4.59360933303833
N,4.870175838470459
NE,5.146745204925537
NE1,5.794927597045898
NE2,6.549263954162598
ND1,7.303601264953613
ND2,8.057947158813477
NZ,9.100558280944824
NH1,10.287215232849121
NH2,11.473974227905273
SD,12.66063117980957
SG,13.188081741333008
UNKNOWN,13.188081741333008
