atom_type,importance_sum
C,4.317528247833252
CA,4.317528247833252
CB,4.653939247131348
CD,5.410865306854248
CD1,6.167789459228516
CD2,6.924715518951416
CE,7.6205363273620605
CE1,8.194239616394043
CE2,8.7679443359375
CE3,9.341652870178223
CG,9.991043090820312
CG1,10.905538558959961
CG2,11.820035934448242
CH2,12.734537124633789
CZ,13.477128028869629
CZ2,12.844505310058594
CZ3,12.211877822875977
O,11.57925796508789
OH,10.946634292602539
OD1,10.089425086975098
OD2,9.23221206665039
OE1,8.375005722045898
OE2,7.51779842376709
OG,7.527444362640381
OG1,7.645450115203857
N,7.763453006744385
NE,7.881457328796387
NE1,7.3694353103637695
NE2,6.677365779876709
ND1,5.985344886779785
ND2,5.2933220863342285
NZ,4.990169525146484
NH1,4.881467819213867
NH2,4.772763729095459
SD,4.664061069488525
SG,4.615750312805176
UNKNOWN,4.615750312805176
