atom_type,importance
C,0.08011321723461151
CA,0.08011321723461151
CB,0.08818849921226501
CD,0.10635824501514435
CD1,0.1245272308588028
CD2,0.14269769191741943
CE,0.15411889553070068
CE1,0.152040034532547
CE2,0.1499626636505127
CE3,0.14788520336151123
CG,0.1460808664560318
CG1,0.14523647725582123
CG2,0.14439208805561066
CH2,0.1435476690530777
CZ,0.141550213098526
CZ2,0.130327969789505
CZ3,0.1191057339310646
O,0.10788417607545853
OH,0.09666205942630768
OD1,0.0900629386305809
OD2,0.08346380293369293
OE1,0.07686467468738556
OE2,0.07026554644107819
OG,0.0700470358133316
OG1,0.07062610983848572
N,0.07120516896247864
NE,0.07178422808647156
NE1,0.07400912791490555
NE2,0.07670404762029648
ND1,0.07939895987510681
ND2,0.08209386467933655
NZ,0.09127151221036911
NH1,0.10368981212377548
NH2,0.11610811948776245
SD,0.12852686643600464
SG,0.13404615223407745
UNKNOWN,0.13404615223407745
