atom_index,is_real_atom,atom_type_from_onehot,importance
0,1,CD1,5.907595634460449
1,1,CE1,5.907595634460449
2,1,CB,6.02897834777832
3,1,CG,6.285616397857666
4,1,CD1,6.542253017425537
5,1,CD2,6.798891544342041
6,1,CE1,6.787684440612793
7,1,CE2,6.404951095581055
8,1,CZ,6.022218227386475
9,1,OH,5.6394853591918945
10,1,CD1,5.65582275390625
11,1,CD2,6.36683464050293
12,1,CD1,7.077847003936768
13,1,CG1,7.788858890533447
14,1,CD1,8.373841285705566
15,1,CG2,8.67935562133789
16,1,CD1,8.984871864318848
17,1,CG1,9.290389060974121
18,1,CD1,9.549057960510254
19,1,CE2,9.672111511230469
20,1,CE1,9.795166969299316
21,1,CE2,9.918220520019531
22,1,CZ,9.995343208312988
23,1,CA,9.891807556152344
24,1,C,9.7882661819458
25,1,O,9.68472957611084
26,1,CB,9.554038047790527
27,1,CG,9.267838478088379
28,1,CD2,8.981639862060547
29,1,N,8.695441246032715
30,1,CA,8.430742263793945
31,1,CB,8.37182903289795
32,1,CG,8.31291675567627
33,1,CD1,8.254003524780273
34,1,CD2,8.188960075378418
35,1,NE1,7.978860378265381
36,1,CE2,7.768762111663818
37,1,CE3,7.558662414550781
38,1,CZ2,7.348563194274902
39,1,CZ3,7.502793312072754
40,1,CH2,7.662013053894043
41,1,CG2,7.821234703063965
42,1,O,7.980454444885254
43,1,CG2,8.300089836120605
44,1,CB,8.63134765625
45,1,CG1,8.962605476379395
46,1,CG2,9.293865203857422
47,1,CD1,9.188995361328125
48,1,CG,9.023741722106934
49,1,CD,8.858488082885742
50,1,OE1,8.693231582641602
51,1,OE2,7.964715957641602
