atom_type,importance_sum
C,2.908419132232666
CA,2.908419132232666
CB,3.619556427001953
CD,5.219587802886963
CD1,6.819637775421143
CD2,8.419689178466797
CE,9.701576232910156
CE1,10.347062110900879
CE2,10.992626190185547
CE3,11.638110160827637
CG,12.604865074157715
CG1,14.696085929870605
CG2,16.787307739257812
CH2,18.878524780273438
CZ,20.786209106445312
CZ2,21.22562599182129
CZ3,21.665040969848633
O,22.104459762573242
OH,22.543880462646484
OD1,21.76778793334961
OD2,20.99169921875
OE1,20.215618133544922
OE2,19.439531326293945
OG,18.751171112060547
OG1,18.073787689208984
N,17.396400451660156
NE,16.71901512145996
NE1,15.799423217773438
NE2,14.810603141784668
ND1,13.821779251098633
ND2,12.83303451538086
NZ,12.301379203796387
NH1,11.998416900634766
NH2,11.695456504821777
SD,11.392425537109375
SG,11.257796287536621
UNKNOWN,11.257796287536621
