atom_type,importance
C,0.12516388297080994
CA,0.12516388297080994
CB,0.12748384475708008
CD,0.1327037215232849
CD1,0.13792359828948975
CD2,0.14314240217208862
CE,0.14856985211372375
CE1,0.15441018342971802
CE2,0.1602506786584854
CE3,0.16609211266040802
CG,0.1747627556324005
CG1,0.19333621859550476
CG2,0.21190977096557617
CH2,0.23048318922519684
CZ,0.2472604364156723
CZ2,0.24966779351234436
CZ3,0.2520751357078552
O,0.25448253750801086
OH,0.25688984990119934
OD1,0.236345574259758
OD2,0.21580137312412262
OE1,0.19525718688964844
OE2,0.17471294105052948
OG,0.17656178772449493
OG1,0.18120980262756348
N,0.18585778772830963
NE,0.19050581753253937
NE1,0.18632395565509796
NE2,0.17961905896663666
ND1,0.17291410267353058
ND2,0.1662091761827469
NZ,0.1733275204896927
NH1,0.18735577166080475
NH2,0.2013840675354004
SD,0.21541239321231842
SG,0.22164805233478546
UNKNOWN,0.22164805233478546
