atom_index,is_real_atom,atom_type_from_onehot,importance
0,1,CE3,7.613473415374756
1,1,CZ2,7.613473415374756
2,1,CZ3,7.526991367340088
3,1,CH2,7.344144344329834
4,1,CG2,7.161297798156738
5,1,CB,6.978450775146484
6,1,CD2,6.73558235168457
7,1,CE1,6.409458160400391
8,1,CE2,6.083333492279053
9,1,CZ,5.757209777832031
10,1,OH,5.505197048187256
11,1,CA,5.382192611694336
12,1,C,5.2591872215271
13,1,O,5.13618278503418
14,1,CB,5.066171169281006
15,1,CG,5.113665580749512
16,1,CB,5.161159515380859
17,1,CG,5.208653926849365
18,1,CD1,5.2002081871032715
19,1,CD2,5.029831409454346
20,1,NE1,4.859453201293945
21,1,CE2,4.689075469970703
22,1,CE3,4.6538166999816895
23,1,CZ2,5.150019645690918
24,1,CZ3,5.646224498748779
25,1,CH2,6.142427921295166
26,1,CD1,6.70689582824707
27,1,CE1,7.662329196929932
28,1,CE2,8.617764472961426
29,1,CZ,9.573198318481445
30,1,CE1,10.407307624816895
31,1,CE2,10.080154418945312
32,1,CZ,9.753002166748047
33,1,O,9.425851821899414
34,1,N,9.09229564666748
35,1,CA,8.607203483581543
36,1,C,8.122114181518555
37,1,O,7.637021064758301
38,1,CB,7.1519293785095215
39,1,CG1,6.922920227050781
40,1,CG2,6.697419166564941
41,1,N,6.471917629241943
42,1,N,6.246416091918945
43,1,CA,5.952953815460205
44,1,C,5.654567718505859
45,1,O,5.356180191040039
46,1,N,5.057793140411377
47,1,CA,5.0408806800842285
48,1,CB,5.062941074371338
49,1,CG,5.085001468658447
50,1,CD1,5.107061386108398
51,1,CD2,5.076750755310059
52,1,CE1,5.035280704498291
53,1,CE2,4.993810176849365
54,1,CZ,4.9523396492004395
