atom_type,importance_sum
C,8.48292350769043
CA,8.48292350769043
CB,8.556489944458008
CD,8.722009658813477
CD1,8.887531280517578
CD2,9.0530366897583
CE,9.242448806762695
CE1,9.479594230651855
CE2,9.716751098632812
CE3,9.953892707824707
CG,10.281827926635742
CG1,10.927699089050293
CG2,11.573568344116211
CH2,12.219435691833496
CZ,12.883078575134277
CZ2,13.688904762268066
CZ3,14.49472713470459
O,15.300554275512695
OH,16.10637855529785
OD1,16.284860610961914
OD2,16.463346481323242
OE1,16.641828536987305
OE2,16.820314407348633
OG,16.668046951293945
OG1,16.474435806274414
N,16.280820846557617
NE,16.08721351623535
NE1,16.148771286010742
NE2,16.283239364624023
ND1,16.417715072631836
ND2,16.55217933654785
NZ,16.223783493041992
NH1,15.663972854614258
NH2,15.104084968566895
SD,14.544273376464844
SG,14.29549503326416
UNKNOWN,14.29549503326416
