atom_index,is_real_atom,atom_type_from_onehot,importance
0,1,C,7.22100830078125
1,1,O,7.22100830078125
2,1,CG,7.221989631652832
3,1,CD1,7.224063873291016
4,1,CD2,7.226137638092041
5,1,CA,7.228213310241699
6,1,C,7.199369430541992
7,1,O,7.127639293670654
8,1,CB,7.055908679962158
9,1,CD2,6.984177589416504
10,1,C,6.956845283508301
11,1,O,7.006799221038818
12,1,CA,7.056753635406494
13,1,C,7.1067070960998535
14,1,O,7.034192085266113
15,1,CB,6.690113544464111
16,1,CD1,6.346034526824951
17,1,N,6.001957416534424
18,1,CA,5.677990913391113
19,1,CB,5.4122514724731445
20,1,CB,5.146510601043701
21,1,CG,4.880771160125732
22,1,CD1,4.736327171325684
23,1,CD2,5.0689849853515625
24,1,CE1,5.401642322540283
25,1,CE2,5.734299182891846
26,1,CZ,6.099695205688477
27,1,CA,6.652594566345215
28,1,C,7.2054948806762695
29,1,O,7.758393287658691
30,1,CB,8.313218116760254
31,1,OG,8.886451721191406
32,1,CB,9.459686279296875
33,1,NE,10.032919883728027
34,1,CZ,10.563511848449707
35,1,NH2,10.08489990234375
36,1,CG,9.606291770935059
37,1,SD,9.127678871154785
38,1,CE,8.649070739746094
39,1,NE1,8.276233673095703
40,1,CE2,7.904849052429199
41,1,CZ2,7.533461570739746
42,1,CZ3,7.162075042724609
43,1,CH2,7.104806423187256
44,1,CG,7.0702996253967285
45,1,CD1,7.035792827606201
46,1,CD2,7.00128698348999
47,1,CG2,6.772985935211182
48,1,CD1,6.5178542137146
49,1,CG,6.262721538543701
50,1,SD,6.007588863372803
