atom_index,is_real_atom,atom_type_from_onehot,importance
0,1,CD1,6.9172444343566895
1,1,CD2,6.9172444343566895
2,1,CB,7.021327018737793
3,1,CG1,7.241389751434326
4,1,CG2,7.461452960968018
5,1,CG,7.681516647338867
6,1,CD1,7.815134525299072
7,1,CD2,7.82884407043457
8,1,CZ,7.842555046081543
9,1,NH1,7.856266021728516
10,1,NH2,7.853854656219482
11,1,CZ2,7.8233795166015625
12,1,CZ3,7.792904376983643
13,1,CH2,7.7624287605285645
14,1,CG1,7.7352705001831055
15,1,CD1,7.715468883514404
16,1,CE1,7.695666313171387
17,1,CE2,7.6758646965026855
18,1,CZ,7.639590263366699
19,1,CG,7.555630207061768
20,1,CD1,7.471671104431152
21,1,CD2,7.387712001800537
22,1,CD1,7.4699625968933105
23,1,CE1,8.205973625183105
24,1,CE2,8.941987991333008
25,1,CZ,9.677999496459961
26,1,CB,10.340391159057617
27,1,CG1,10.581140518188477
28,1,CG2,10.821887969970703
29,1,CE2,11.062638282775879
30,1,CZ,11.225425720214844
31,1,OH,10.642021179199219
32,1,N,10.05861759185791
33,1,CB,9.475214004516602
34,1,CG2,8.882302284240723
