atom_index,is_real_atom,atom_type_from_onehot,importance
0,1,CA,7.74401330947876
1,1,C,7.74401330947876
2,1,O,7.5315399169921875
3,1,CB,7.082308769226074
4,1,N,6.633078575134277
5,1,CA,6.183847904205322
6,1,O,5.800590515136719
7,1,CB,5.508844375610352
8,1,CG1,5.217097759246826
9,1,CG2,4.925350189208984
10,1,CG1,4.703194618225098
11,1,CB,4.602180004119873
12,1,CG,4.501165390014648
13,1,CD1,4.400150299072266
14,1,CD2,4.344082355499268
15,1,NE1,4.387681484222412
16,1,CE2,4.431281089782715
17,1,CE3,4.474880218505859
18,1,CZ2,4.6407389640808105
19,1,CZ3,5.160511016845703
20,1,CH2,5.680284023284912
21,1,CD1,6.200056076049805
22,1,CD2,6.600677967071533
23,1,CE1,6.532639980316162
24,1,CE2,6.464602947235107
25,1,CZ,6.396565914154053
26,1,OH,6.3111701011657715
27,1,NE2,6.1263604164123535
28,1,N,5.941551208496094
29,1,CA,5.75674295425415
30,1,C,5.571252822875977
31,1,O,5.379248142242432
32,1,CB,5.1872429847717285
33,1,CG,4.9952392578125
34,1,CD1,4.811225891113281
35,1,CD2,4.8163981437683105
36,1,CE1,4.821569442749023
37,1,CE2,4.826740741729736
38,1,CZ,4.831912040710449
39,1,CA,4.9498291015625
40,1,C,5.0692877769470215
41,1,O,5.188749313354492
42,1,CB,5.3082098960876465
43,1,N,5.516051292419434
44,1,CA,5.730297565460205
45,1,O,5.944544315338135
46,1,CB,6.1587910652160645
47,1,CG,6.148404121398926
48,1,CD1,6.106914520263672
49,1,O,6.065425872802734
50,1,O,6.0239362716674805
