atom_type,importance_sum
C,4.989738941192627
CA,4.989738941192627
CB,5.0275983810424805
CD,5.112754821777344
CD1,5.197911739349365
CD2,5.283066749572754
CE,5.65304708480835
CE1,6.592602729797363
CE2,7.532197952270508
CE3,8.471749305725098
CG,9.073055267333984
CG1,8.490274429321289
CG2,7.907489776611328
CH2,7.324709415435791
CZ,6.880192279815674
CZ2,7.541801929473877
CZ3,8.203412055969238
O,8.865022659301758
OH,9.526632308959961
OD1,10.332819938659668
OD2,11.13901138305664
OE1,11.94520092010498
OE2,12.75139331817627
OG,13.073651313781738
OG1,13.335419654846191
N,13.597186088562012
NE,13.858951568603516
NE1,13.105896949768066
NE2,12.062856674194336
ND1,11.019814491271973
ND2,9.976768493652344
NZ,9.663783073425293
NH1,9.715790748596191
NH2,9.767720222473145
SD,9.819722175598145
SG,9.842758178710938
UNKNOWN,9.842758178710938
