atom_index,is_real_atom,atom_type_from_onehot,importance
0,1,CB,6.217137336730957
1,1,OG,6.217137336730957
2,1,CG,6.300124645233154
3,1,CD1,6.475584506988525
4,1,CD2,6.6510443687438965
5,1,CE1,6.826503276824951
6,1,CE2,6.77577018737793
7,1,CZ,6.411282539367676
8,1,SD,6.046794891357422
9,1,CE,5.682307243347168
10,1,CA,5.520021438598633
11,1,O,5.709714889526367
12,1,CB,5.899407863616943
13,1,CG,6.0891008377075195
14,1,CD1,6.178401947021484
15,1,CE1,6.04509162902832
16,1,CZ,5.911782264709473
17,1,CG,5.778472900390625
18,1,CD2,5.66972017288208
19,1,N,5.632055282592773
20,1,CA,5.594390392303467
21,1,CB,5.55672550201416
22,1,OG1,5.486187934875488
23,1,CG2,5.2863545417785645
24,1,CG,5.086520671844482
25,1,CD2,4.886688232421875
26,1,NE1,4.7370195388793945
27,1,CE2,4.8746514320373535
28,1,CE3,5.012285232543945
29,1,CZ2,5.149918079376221
30,1,CZ3,5.270827293395996
31,1,CH2,5.231666564941406
32,1,C,5.192504405975342
33,1,O,5.15334415435791
34,1,CB,5.124792098999023
35,1,CG2,5.347309112548828
36,1,N,5.569826602935791
37,1,CA,5.792344570159912
38,1,C,6.014863014221191
39,1,O,5.8459954261779785
40,1,CB,5.671767234802246
41,1,CG2,5.497537612915039
42,1,CA,5.323309421539307
43,1,C,5.340409755706787
44,1,O,5.371373176574707
45,1,CB,5.402338027954102
46,1,OG,5.433302402496338
47,1,N,5.347207069396973
48,1,CA,5.244904041290283
49,1,C,5.142600059509277
50,1,O,5.04029655456543
51,1,CB,5.050755500793457
52,1,OG1,5.08524227142334
53,1,CG2,5.119731426239014
54,1,CA,5.154219627380371
55,1,C,5.333922863006592
56,1,CB,5.556933403015137
57,1,CG1,5.779944896697998
58,1,CG2,6.002956390380859
59,1,CD1,6.095248699188232
60,1,N,6.135749340057373
61,1,CZ,6.1762495040893555
62,1,OH,6.21674919128418
63,1,CA,6.396933555603027
64,1,CB,6.648383617401123
65,1,OG,6.899835586547852
66,1,CA,7.151287078857422
67,1,CB,7.298272132873535
68,1,CG1,7.377936840057373
69,1,CG2,7.4576005935668945
70,1,CD1,7.537264823913574
71,1,CA,7.3703107833862305
72,1,C,7.004860877990723
73,1,O,6.639409065246582
74,1,CB,6.273958683013916
75,1,OG,6.208396911621094
76,1,N,6.442721843719482
77,1,CA,6.6770477294921875
78,1,CB,6.911372184753418
79,1,CG,7.011618614196777
80,1,CD,6.945281982421875
81,1,OE1,6.878945350646973
82,1,CG,6.812608242034912
83,1,SD,6.814167022705078
84,1,CE,6.921079635620117
85,1,N,7.027990341186523
86,1,CA,7.134902477264404
87,1,C,7.073533535003662
88,1,O,6.682337284088135
