atom_type,importance_sum
C,15.848148345947266
CA,15.848148345947266
CB,15.596713066101074
CD,15.03097152709961
CD1,14.465228080749512
CD2,13.899478912353516
CE,13.875566482543945
CE1,14.935321807861328
CE2,15.995071411132812
CE3,17.054845809936523
CG,17.652057647705078
CG1,16.630626678466797
CG2,15.609172821044922
CH2,14.587711334228516
CZ,13.85949993133545
CZ2,15.477276802062988
CZ3,17.09502410888672
O,18.712787628173828
OH,20.330562591552734
OD1,18.988384246826172
OD2,17.646207809448242
OE1,16.304067611694336
OE2,14.961897850036621
OG,15.666964530944824
OG1,16.627933502197266
N,17.588878631591797
NE,18.549854278564453
NE1,19.233003616333008
NE2,19.836750030517578
ND1,20.440488815307617
ND2,21.044158935546875
NZ,21.441259384155273
NH1,21.734891891479492
NH2,22.02859878540039
SD,22.32230567932129
SG,22.45281982421875
UNKNOWN,22.45281982421875
