atom_type,importance_sum
C,9.089469909667969
CA,9.089469909667969
CB,9.314650535583496
CD,9.82132625579834
CD1,10.328003883361816
CD2,10.834680557250977
CE,11.276285171508789
CE1,11.587748527526855
CE2,11.899121284484863
CE3,12.210580825805664
CG,12.66203784942627
CG1,13.60338020324707
CG2,14.544723510742188
CH2,15.486065864562988
CZ,16.253660202026367
CZ2,15.631401062011719
CZ3,15.009130477905273
O,14.386861801147461
OH,13.764592170715332
OD1,13.551398277282715
OD2,13.338202476501465
OE1,13.125005722045898
OE2,12.911811828613281
OG,12.327169418334961
OG1,11.69609546661377
N,11.065023422241211
NE,10.433952331542969
NE1,10.410787582397461
NE2,10.561244010925293
ND1,10.711701393127441
ND2,10.862242698669434
NZ,11.016329765319824
NH1,11.172186851501465
NH2,11.328042030334473
SD,11.483987808227539
SG,11.553266525268555
UNKNOWN,11.553266525268555
