atom_index,is_real_atom,atom_type_from_onehot,importance
0,1,CG,11.325852394104004
1,1,CD,11.325852394104004
2,1,NE,11.413774490356445
3,1,CZ,11.599671363830566
4,1,NH1,11.785566329956055
5,1,CD2,11.97145938873291
6,1,CD2,11.910072326660156
7,1,CG1,11.505681037902832
8,1,CD2,11.10129165649414
9,1,CG1,10.6968994140625
10,1,CG2,10.006977081298828
11,1,CD1,8.820016860961914
