atom_type,importance
C,0.0633663684129715
CA,0.0633663684129715
CB,0.06777647137641907
CD,0.07769883424043655
CD1,0.08762118965387344
CD2,0.09754425287246704
CE,0.10403262078762054
CE1,0.10365159064531326
CE2,0.10327127575874329
CE3,0.102890245616436
CG,0.10243499279022217
CG1,0.10171651840209961
CG2,0.10099805146455765
CH2,0.10027957707643509
CZ,0.10090725123882294
CZ2,0.11230337619781494
CZ3,0.12370016425848007
O,0.1350969821214676
OH,0.14649376273155212
OD1,0.137045219540596
OD2,0.1275966316461563
OE1,0.11814802885055542
OE2,0.10869965702295303
OG,0.1017584353685379
OG1,0.09513013064861298
N,0.08850180357694626
NE,0.08187352120876312
NE1,0.07709144800901413
NE2,0.07283706218004227
ND1,0.06858272850513458
ND2,0.06432832777500153
NZ,0.0676228329539299
NH1,0.07469101250171661
NH2,0.08175922930240631
SD,0.08882744610309601
SG,0.09196846187114716
UNKNOWN,0.09196846187114716
