atom_type,importance
C,0.09479732066392899
CA,0.09479732066392899
CB,0.10120473802089691
CD,0.11562284082174301
CD1,0.13004092872142792
CD2,0.14445902407169342
CE,0.15481255948543549
CE1,0.15703807771205902
CE2,0.15926361083984375
CE3,0.16148793697357178
CG,0.16495545208454132
CG1,0.17276668548583984
CG2,0.18057794868946075
CH2,0.18838922679424286
CZ,0.1956150382757187
CZ2,0.19815723598003387
CZ3,0.20069946348667145
O,0.20324164628982544
OH,0.20578382909297943
OD1,0.1954772174358368
OD2,0.185170516371727
OE1,0.17486387491226196
OE2,0.16455723345279694
OG,0.1514524221420288
OG1,0.1379978507757187
N,0.12454325705766678
NE,0.11108855158090591
NE1,0.10288082808256149
NE2,0.09617307037115097
ND1,0.08946531265974045
ND2,0.08275756239891052
NZ,0.08501486480236053
NH1,0.09175499528646469
NH2,0.09849511086940765
SD,0.10523521155118942
SG,0.10823091119527817
UNKNOWN,0.10823091119527817
