atom_index,is_real_atom,atom_type_from_onehot,importance
0,1,CE2,7.071449279785156
1,1,CZ,7.071449279785156
2,1,CB,7.325674533843994
3,1,CG1,7.8631768226623535
4,1,CG2,8.400680541992188
5,1,CD1,8.938182830810547
6,1,CB,9.34231185913086
7,1,OG,9.561437606811523
8,1,CD2,9.780563354492188
9,1,CD1,9.999690055847168
10,1,CD2,10.056944847106934
11,1,CA,9.832423210144043
12,1,C,9.607901573181152
13,1,O,9.383380889892578
14,1,CB,9.002177238464355
15,1,CD2,8.273551940917969
16,1,N,7.544924259185791
17,1,CA,6.81629753112793
18,1,CD2,6.187979698181152
