atom_type,importance_sum
C,2.5116982460021973
CA,2.5116982460021973
CB,3.307584285736084
CD,5.098266124725342
CD1,6.888974666595459
CD2,8.679686546325684
CE,9.751131057739258
CE1,9.384271621704102
CE2,9.017300605773926
CE3,8.65044116973877
CG,8.222798347473145
CG1,7.58253812789917
CG2,6.942330837249756
CH2,6.3021240234375
CZ,5.704160690307617
CZ2,5.444133281707764
CZ3,5.18410587310791
O,4.924077987670898
OH,4.664051055908203
OD1,4.4744744300842285
OD2,4.284895896911621
OE1,4.095317840576172
OE2,3.90574049949646
OG,4.730210781097412
OG1,5.681437015533447
N,6.632662296295166
NE,7.583888053894043
NE1,7.301880359649658
NE2,6.6674957275390625
ND1,6.033112049102783
ND2,5.3987298011779785
NZ,4.967038631439209
NH1,4.636639595031738
NH2,4.306240081787109
SD,3.975841760635376
SG,3.8289778232574463
UNKNOWN,3.8289778232574463
