atom_index,is_real_atom,atom_type_from_onehot,importance
0,1,CG,11.604408264160156
1,1,OD1,11.604408264160156
2,1,ND2,11.935078620910645
3,1,CB,12.634208679199219
4,1,CG,13.333340644836426
5,1,CD2,14.032472610473633
6,1,CE2,14.51217269897461
7,1,N,14.687499046325684
8,1,CB,14.862824440002441
9,1,CD1,15.038151741027832
10,1,C,15.076546669006348
11,1,O,14.876581192016602
12,1,CB,14.676615715026855
13,1,CG1,14.476649284362793
14,1,CD1,14.208318710327148
15,1,C,13.788395881652832
16,1,O,13.3684720993042
17,1,CB,12.948548316955566
18,1,N,12.5988130569458
19,1,CA,12.452252388000488
20,1,SD,12.305693626403809
21,1,CE,12.159131050109863
22,1,O,11.879411697387695
23,1,ND1,11.075922012329102
24,1,CD2,10.272431373596191
25,1,CE1,9.468942642211914
26,1,NE2,8.667115211486816
