atom_index,is_real_atom,atom_type_from_onehot,importance
0,1,CA,5.586180686950684
1,1,C,5.586180686950684
2,1,O,5.715283393859863
3,1,CB,5.9882426261901855
4,1,CG,6.261200904846191
5,1,CD1,6.534160614013672
6,1,CD2,6.760844707489014
7,1,CE1,6.923338413238525
8,1,CE2,7.085832118988037
9,1,CZ,7.248325824737549
10,1,OH,7.369978904724121
11,1,CA,7.42053747177124
12,1,C,7.471095085144043
13,1,O,7.5216546058654785
14,1,CB,7.572058200836182
15,1,CG2,7.622122287750244
16,1,N,7.672187328338623
17,1,CA,7.722250938415527
18,1,C,7.754932403564453
19,1,O,7.7372965812683105
20,1,CB,7.719659805297852
21,1,OG,7.702023506164551
22,1,CB,7.786960124969482
23,1,SG,8.275351524353027
24,1,CB,8.763742446899414
25,1,CG1,9.252131462097168
26,1,CG2,9.725279808044434
27,1,CG2,10.111116409301758
28,1,CD2,10.496954917907715
29,1,CA,10.882792472839355
30,1,C,11.238849639892578
31,1,O,11.309876441955566
32,1,CB,11.380903244018555
33,1,CG,11.45193099975586
34,1,CD,11.500144958496094
35,1,NE,11.008455276489258
36,1,CZ,10.516766548156738
37,1,NH1,10.025079727172852
38,1,NH2,9.533390998840332
39,1,O,9.059161186218262
40,1,CB,8.585174560546875
41,1,CG2,8.111186981201172
42,1,CD1,7.637199401855469
43,1,CA,7.4162187576293945
44,1,CG,7.213572025299072
45,1,CD1,7.010924816131592
46,1,CB,6.8082780838012695
47,1,CG,6.327722549438477
48,1,CD1,5.808690547943115
49,1,CD2,5.289655685424805
50,1,NE1,4.770620822906494
51,1,CE2,4.639333724975586
52,1,CE3,4.5906805992126465
53,1,CZ2,4.542027473449707
54,1,CZ3,4.493373394012451
55,1,CH2,4.216414928436279
