atom_index,is_real_atom,atom_type_from_onehot,importance
0,1,OG,5.077969074249268
1,1,N,5.077969074249268
2,1,CA,4.995572090148926
3,1,C,4.82136344909668
4,1,O,4.647153377532959
5,1,CA,4.472944736480713
6,1,C,4.271331310272217
7,1,O,4.031705379486084
8,1,CB,3.7920801639556885
9,1,CG2,3.552454710006714
10,1,CD1,3.375441551208496
11,1,N,3.3074190616607666
12,1,CA,3.239396572113037
13,1,C,3.1713743209838867
14,1,O,3.144746780395508
15,1,CB,3.209909677505493
16,1,CG1,3.2750725746154785
17,1,CG2,3.340235471725464
18,1,CD1,3.385953426361084
19,1,CB,3.3753843307495117
20,1,CG,3.3648147583007812
21,1,CD1,3.354245185852051
22,1,CD2,3.4046692848205566
23,1,NE1,3.694997787475586
24,1,CE2,3.9853270053863525
25,1,CE3,4.275655746459961
26,1,CZ2,4.567290306091309
27,1,CZ3,4.866397380828857
28,1,CH2,5.165505409240723
29,1,CG,5.46461296081543
30,1,CD,5.754426956176758
31,1,NE,5.955279350280762
32,1,CZ,6.156132698059082
33,1,NH1,6.356985092163086
34,1,CD1,6.542168617248535
35,1,CE1,6.356518745422363
36,1,CE2,6.170870780944824
37,1,CZ,5.985220909118652
38,1,O,5.7995710372924805
39,1,CA,5.702328681945801
40,1,C,5.606297016143799
41,1,OD1,5.510265350341797
42,1,N,5.414233207702637
43,1,CA,5.625349521636963
44,1,C,5.858720779418945
45,1,CB,6.092093467712402
46,1,CG,6.325465679168701
47,1,CD,6.125148773193359
48,1,CE,5.864785671234131
49,1,NZ,5.6044206619262695
50,1,N,5.344056129455566
51,1,CE3,5.453803539276123
52,1,CZ2,5.64242696762085
53,1,CZ3,5.831051349639893
54,1,CH2,6.019676208496094
55,1,CG,5.670511722564697
56,1,CD1,5.160958290100098
57,1,CD2,4.651402473449707
