atom_type,importance_sum
C,2.622318983078003
CA,2.622318983078003
CB,2.849217653274536
CD,3.359753131866455
CD1,3.870288848876953
CD2,4.380809307098389
CE,4.8766770362854
CE1,5.343178749084473
CE2,5.80967903137207
CE3,6.27621603012085
CG,6.708192825317383
CG1,7.019311428070068
CG2,7.330431938171387
CH2,7.641551971435547
CZ,7.9976277351379395
CZ2,8.713335037231445
CZ3,9.429043769836426
O,10.144756317138672
OH,10.86046028137207
OD1,9.203495979309082
OD2,7.546530246734619
OE1,5.889565467834473
OE2,4.232598781585693
OG,4.9455246925354
OG1,5.954690456390381
N,6.96385383605957
NE,7.973017692565918
NE1,9.298015594482422
NE2,10.713316917419434
ND1,12.128552436828613
ND2,13.543850898742676
NZ,14.975043296813965
NH1,16.414276123046875
NH2,17.85337257385254
SD,19.292612075805664
SG,19.932283401489258
UNKNOWN,19.932283401489258
