atom_type,importance_sum
C,3.972073554992676
CA,3.972073554992676
CB,4.0963053703308105
CD,4.375787734985352
CD1,4.6552734375
CD2,4.934800148010254
CE,5.275019645690918
CE1,5.736794948577881
CE2,6.198527812957764
CE3,6.66025972366333
CG,7.252599716186523
CG1,8.301973342895508
CG2,9.351346969604492
CH2,10.400721549987793
CZ,11.431391716003418
CZ2,12.312451362609863
CZ3,13.193509101867676
O,14.074566841125488
OH,14.955625534057617
OD1,14.338093757629395
OD2,13.720561981201172
OE1,13.103023529052734
OE2,12.485491752624512
OG,11.61808967590332
OG1,10.719456672668457
N,9.820826530456543
NE,8.922194480895996
NE1,8.039814949035645
NE2,7.162031173706055
ND1,6.284241199493408
ND2,5.406493186950684
NZ,5.1105732917785645
NH1,5.105589389801025
NH2,5.10064697265625
SD,5.095662593841553
SG,5.093456268310547
UNKNOWN,5.093456268310547
