atom_index,is_real_atom,atom_type_from_onehot,importance
0,1,CG2,8.793844223022461
1,1,CD1,8.793844223022461
2,1,CA,9.033288955688477
3,1,C,9.539543151855469
4,1,O,10.045799255371094
5,1,CB,10.552056312561035
6,1,CG,10.775470733642578
7,1,CD,10.606561660766602
8,1,C,10.437650680541992
9,1,O,10.268738746643066
10,1,CB,10.110006332397461
11,1,CG2,9.968982696533203
12,1,N,9.827962875366211
13,1,CA,9.686941146850586
14,1,CB,9.701573371887207
15,1,OG,10.061345100402832
16,1,C,10.421120643615723
17,1,O,10.780893325805664
18,1,CB,11.0810546875
19,1,N,11.208647727966309
20,1,CA,11.336243629455566
21,1,SD,11.46384048461914
22,1,CE,11.544721603393555
23,1,CD,11.441865921020508
24,1,NE,11.339011192321777
25,1,CZ,11.23615550994873
26,1,NH1,11.031861305236816
27,1,NH2,10.24660587310791
28,1,CZ3,9.461350440979004
29,1,CH2,8.676094055175781
30,1,CG1,7.941112518310547
31,1,CD1,7.687324523925781
32,1,CG,7.433536529541016
33,1,CD1,7.179750442504883
34,1,CD2,6.927391052246094
35,1,CE1,6.708847999572754
36,1,CE2,6.490306377410889
37,1,CZ,6.271762371063232
38,1,OH,6.053220748901367
39,1,CE1,5.777540683746338
40,1,CZ,5.501079559326172
41,1,OH,5.224617958068848
