atom_type,importance_sum
C,9.682886123657227
CA,9.682886123657227
CB,10.108345031738281
CD,11.065767288208008
CD1,12.023107528686523
CD2,12.980525970458984
CE,13.470829963684082
CE1,13.027056694030762
CE2,12.583284378051758
CE3,12.13951587677002
CG,11.728887557983398
CG1,11.434184074401855
CG2,11.13947868347168
CH2,10.844778060913086
CZ,10.745623588562012
CZ2,12.210872650146484
CZ3,13.676116943359375
O,15.141364097595215
OH,16.606605529785156
OD1,16.180330276489258
OD2,15.754053115844727
OE1,15.327777862548828
OE2,14.901494979858398
OG,14.866645812988281
OG1,14.880722045898438
N,14.894800186157227
NE,14.908876419067383
NE1,14.831153869628906
NE2,14.727319717407227
ND1,14.623394012451172
ND2,14.519471168518066
NZ,14.18806266784668
NH1,13.74286937713623
NH2,13.297764778137207
SD,12.852574348449707
SG,12.654739379882812
UNKNOWN,12.654739379882812
