atom_type,importance
C,0.09868264943361282
CA,0.09868264943361282
CB,0.09893790632486343
CD,0.09951286017894745
CD1,0.10008718073368073
CD2,0.1006614938378334
CE,0.10159116238355637
CE1,0.10323089361190796
CE2,0.10487059503793716
CE3,0.10651035606861115
CG,0.11276686191558838
CG1,0.13518650829792023
CG2,0.15760616958141327
CH2,0.18002581596374512
CZ,0.20033399760723114
CZ2,0.20375066995620728
CZ3,0.2071673572063446
O,0.21058407425880432
OH,0.2140009105205536
OD1,0.21108677983283997
OD2,0.20817284286022186
OE1,0.20525884628295898
OE2,0.20234490931034088
OG,0.19335059821605682
OG1,0.18359622359275818
N,0.1738419234752655
NE,0.16408762335777283
NE1,0.1668330430984497
NE2,0.17314837872982025
ND1,0.1794637143611908
ND2,0.18577909469604492
NZ,0.18384753167629242
NH1,0.17779307067394257
NH2,0.17173859477043152
SD,0.16568419337272644
SG,0.16299252212047577
UNKNOWN,0.16299252212047577
