atom_index,is_real_atom,atom_type_from_onehot,importance
0,1,C,9.255661010742188
1,1,O,9.255661010742188
2,1,N,9.64334774017334
3,1,CA,10.463025093078613
4,1,CB,11.282703399658203
5,1,CG2,12.102377891540527
6,1,CB,12.633644104003906
7,1,CG,12.764848709106445
8,1,CD2,12.896053314208984
9,1,CD2,13.02725887298584
10,1,CB,13.002164840698242
11,1,CG,12.704997062683105
12,1,CD,12.407828330993652
13,1,CD2,12.110660552978516
14,1,O,11.967609405517578
15,1,CB,12.166299819946289
16,1,CG1,12.364989280700684
17,1,CG2,12.563678741455078
18,1,CD1,12.610908508300781
19,1,CA,12.219706535339355
20,1,CB,11.828502655029297
21,1,OG,11.437300682067871
22,1,CA,10.982644081115723
23,1,CB,10.278404235839844
24,1,CG,9.574163436889648
25,1,CD,8.869922637939453
