atom_type,importance_sum
C,8.438936233520508
CA,8.438936233520508
CB,9.322944641113281
CD,11.311925888061523
CD1,13.30080509185791
CD2,15.289782524108887
CE,16.603118896484375
CE1,16.565034866333008
CE2,16.526891708374023
CE3,16.488800048828125
CG,16.450761795043945
CG1,16.412822723388672
CG2,16.374879837036133
CH2,16.336938858032227
CZ,16.1833553314209
CZ2,15.10469913482666
CZ3,14.026041984558105
O,12.9473876953125
OH,11.868729591369629
OD1,10.85684871673584
OD2,9.844970703125
OE1,8.833081245422363
OE2,7.82116174697876
OG,7.881911754608154
OG1,8.076743125915527
N,8.271584510803223
NE,8.466423988342285
NE1,7.876801013946533
NE2,7.063084125518799
ND1,6.249317646026611
ND2,5.4355998039245605
NZ,5.558813571929932
NH1,6.150472640991211
NH2,6.742170810699463
SD,7.333831310272217
SG,7.59682035446167
UNKNOWN,7.59682035446167
