atom_type,importance
C,0.14219185709953308
CA,0.14219185709953308
CB,0.15306095778942108
CD,0.17751553654670715
CD1,0.201970174908638
CD2,0.22642405331134796
CE,0.24016276001930237
CE1,0.2324640452861786
CE2,0.22476764023303986
CE3,0.21707113087177277
CG,0.20893344283103943
CG1,0.1992541253566742
CG2,0.18957480788230896
CH2,0.17989546060562134
CZ,0.17326904833316803
CZ2,0.19106583297252655
CZ3,0.20886267721652985
O,0.22666053473949432
OH,0.2444573938846588
OD1,0.2233646661043167
OD2,0.20227092504501343
OE1,0.1811782270669937
OE2,0.160085529088974
OG,0.1614280492067337
OG1,0.16557498276233673
N,0.16972193121910095
NE,0.1738688200712204
NE1,0.18263143301010132
NE2,0.19271351397037506
ND1,0.20279455184936523
ND2,0.21287666261196136
NZ,0.22159942984580994
NH1,0.22964467108249664
NH2,0.23768946528434753
SD,0.24573343992233276
SG,0.2493085414171219
UNKNOWN,0.2493085414171219
