atom_index,is_real_atom,atom_type_from_onehot,importance
0,1,CD2,8.518033027648926
1,1,CE1,8.518033027648926
2,1,CE2,8.747550010681152
3,1,CZ,9.23281478881836
4,1,CA,9.71807861328125
5,1,C,10.203344345092773
6,1,O,10.423622131347656
7,1,CB,10.276337623596191
8,1,OG1,10.12905502319336
9,1,CG2,9.981770515441895
10,1,O,9.855138778686523
11,1,CB,9.764460563659668
12,1,CG,9.673779487609863
13,1,CD2,9.583100318908691
14,1,N,9.418036460876465
15,1,CA,9.088037490844727
16,1,C,8.758039474487305
17,1,O,8.42803955078125
18,1,CB,8.166009902954102
19,1,CG,8.100733757019043
20,1,CA,8.035457611083984
21,1,C,7.970181941986084
22,1,O,7.923333168029785
23,1,CB,7.9489641189575195
24,1,OG,7.974594593048096
25,1,CA,8.000226020812988
26,1,CG2,8.005341529846191
27,1,CA,7.892955780029297
28,1,C,7.780572414398193
29,1,O,7.668188095092773
30,1,N,7.539295673370361
31,1,CA,7.25241756439209
32,1,CB,6.965537071228027
33,1,CG2,6.678657054901123
34,1,CB,6.3900346755981445
35,1,SG,6.060164928436279
