atom_type,importance_sum
C,8.005107879638672
CA,8.005107879638672
CB,8.328964233398438
CD,9.057639122009277
CD1,9.786286354064941
CD2,10.515020370483398
CE,11.329620361328125
CE1,12.316031455993652
CE2,13.302443504333496
CE3,14.288857460021973
CG,14.691048622131348
CG1,13.048383712768555
CG2,11.405715942382812
CH2,9.763054847717285
CZ,8.387145042419434
CZ2,9.145235061645508
CZ3,9.903326034545898
O,10.661415100097656
OH,11.41950798034668
OD1,10.779526710510254
OD2,10.139540672302246
OE1,9.499557495117188
OE2,8.859576225280762
OG,9.1947603225708
OG1,9.65184497833252
N,10.108925819396973
NE,10.566010475158691
NE1,9.824409484863281
NE2,8.74033260345459
ND1,7.656253814697266
ND2,6.572174072265625
NZ,6.402202129364014
NH1,6.689260482788086
NH2,6.976316928863525
SD,7.263377666473389
SG,7.39095401763916
UNKNOWN,7.39095401763916
