atom_index,is_real_atom,atom_type_from_onehot,importance
0,1,CG2,8.353498458862305
1,1,CD1,8.353498458862305
2,1,CA,8.392784118652344
3,1,C,8.47584342956543
4,1,O,8.558902740478516
5,1,CB,8.64196491241455
6,1,CG,8.658668518066406
7,1,CD,8.583334922790527
8,1,C,8.508001327514648
9,1,O,8.43266773223877
10,1,CB,8.371955871582031
11,1,CG2,8.33669376373291
12,1,N,8.301431655883789
13,1,CA,8.266170501708984
14,1,CB,8.322879791259766
15,1,OG,8.583523750305176
16,1,C,8.844169616699219
17,1,O,9.104812622070312
18,1,CB,9.208029747009277
19,1,N,8.855535507202148
20,1,CA,8.503042221069336
21,1,SD,8.150547981262207
22,1,CE,7.862994194030762
23,1,CD,7.830865859985352
24,1,NE,7.798736572265625
25,1,CZ,7.766609191894531
26,1,NH1,7.667867183685303
27,1,NH2,7.187613487243652
28,1,CZ3,6.707358360290527
29,1,CH2,6.227104187011719
30,1,CG1,5.801470756530762
31,1,CD1,5.898627281188965
32,1,CG,5.995782375335693
33,1,CD1,6.0929388999938965
34,1,CD2,6.172976016998291
35,1,CE1,5.84787130355835
36,1,CE2,5.522769927978516
37,1,CZ,5.197665214538574
38,1,OH,4.872560977935791
39,1,CE1,4.627901077270508
40,1,CZ,4.38434362411499
41,1,OH,4.1407856941223145
