atom_index,is_real_atom,atom_type_from_onehot,importance
0,1,CG1,6.539366245269775
1,1,CD1,6.539366245269775
2,1,CA,6.236595153808594
3,1,CB,5.5964508056640625
4,1,OG,4.956305980682373
5,1,C,4.316161632537842
6,1,O,3.962588310241699
7,1,CG,4.006516933441162
8,1,CD1,4.050446033477783
9,1,CD2,4.094375133514404
10,1,CE1,4.042264938354492
11,1,CE2,3.8229782581329346
12,1,CZ,3.6036903858184814
13,1,O,3.3844034671783447
14,1,CB,3.2797763347625732
15,1,CG,3.4293949604034424
16,1,CD1,3.5790131092071533
17,1,CE1,3.7286312580108643
18,1,CZ,3.8734323978424072
19,1,CG,4.004288196563721
20,1,CD1,4.135144233703613
21,1,CD2,4.265999794006348
22,1,CA,4.3718719482421875
23,1,CB,4.379471778869629
24,1,OG1,4.387072563171387
25,1,CG,4.394672393798828
26,1,CD1,4.392417907714844
27,1,CD2,4.333722114562988
28,1,NE1,4.275025844573975
29,1,CE2,4.216330051422119
30,1,CE3,4.186568737030029
31,1,CZ2,4.433746337890625
32,1,CZ3,4.680925369262695
33,1,CH2,4.928103923797607
34,1,CD2,5.178905487060547
35,1,CE2,5.515422344207764
36,1,CZ,5.851937770843506
37,1,CA,6.1884541511535645
38,1,O,6.524971008300781
39,1,CB,6.405263900756836
40,1,OG,6.279308319091797
41,1,C,6.153353214263916
42,1,O,6.027397155761719
43,1,CG1,5.969541549682617
44,1,CG2,5.916620254516602
45,1,N,5.863699436187744
46,1,CA,5.8107781410217285
47,1,C,5.77175235748291
48,1,O,5.734651565551758
49,1,CB,5.697549343109131
50,1,CG2,5.6604485511779785
51,1,CA,5.671091079711914
52,1,C,5.691906452178955
53,1,O,5.712722301483154
54,1,CB,5.73353910446167
55,1,OG,5.68211555480957
56,1,N,5.6091461181640625
57,1,CA,5.5361785888671875
58,1,C,5.463209629058838
59,1,O,5.4029974937438965
60,1,CB,5.34783935546875
61,1,OG1,5.2926812171936035
62,1,CG2,5.237522602081299
63,1,CB,5.523931503295898
64,1,CG1,5.9846038818359375
65,1,CG2,6.445278167724609
66,1,CD1,6.905952453613281
67,1,CZ,7.2628302574157715
68,1,OH,7.552820682525635
69,1,CB,7.842809677124023
70,1,CG1,8.132797241210938
71,1,CG2,8.100831031799316
72,1,C,7.8097310066223145
73,1,O,7.5186285972595215
74,1,CB,7.227529525756836
75,1,OG,7.089926719665527
76,1,N,7.1058220863342285
77,1,CA,7.1217169761657715
78,1,CG,7.1376118659973145
79,1,CD,7.124100685119629
80,1,NE2,7.074052810668945
81,1,C,7.024005889892578
82,1,O,6.973958492279053
83,1,SD,6.956934928894043
84,1,CE,6.991153240203857
85,1,N,7.025370121002197
86,1,CA,7.0595879554748535
87,1,C,6.790109157562256
88,1,O,5.92539119720459
