atom_type,importance
C,0.1131039559841156
CA,0.1131039559841156
CB,0.11917126923799515
CD,0.13282017409801483
CD1,0.14647039771080017
CD2,0.16011929512023926
CE,0.1677037626504898
CE1,0.16315819323062897
CE2,0.15861259400844574
CE3,0.15406565368175507
CG,0.15019923448562622
CG1,0.14870883524417877
CG2,0.14721840620040894
CH2,0.1457279771566391
CZ,0.1444452702999115
CZ2,0.1448240876197815
CZ3,0.14520296454429626
O,0.14558184146881104
OH,0.14596067368984222
OD1,0.14383402466773987
OD2,0.1417074054479599
OE1,0.13958080112934113
OE2,0.13745415210723877
OG,0.13441991806030273
OG1,0.13127222657203674
N,0.12812457978725433
NE,0.12497693300247192
NE1,0.12436145544052124
NE2,0.12447065860033035
ND1,0.1245797872543335
ND2,0.12468895316123962
NZ,0.12866564095020294
NH1,0.13457615673542023
NH2,0.1404879093170166
SD,0.14639833569526672
SG,0.14902494847774506
UNKNOWN,0.14902494847774506
