atom_index,is_real_atom,atom_type_from_onehot,importance
0,1,CD1,12.096940040588379
1,1,CE1,12.096940040588379
2,1,CD,12.225566864013672
3,1,NE,12.497522354125977
4,1,CZ,12.769475936889648
5,1,NH2,13.04142951965332
6,1,NZ,12.944984436035156
7,1,CD1,12.337533950805664
8,1,CE1,11.730086326599121
9,1,CE2,11.122636795043945
10,1,CZ,10.675140380859375
11,1,CB,10.506074905395508
12,1,CB,10.337011337280273
13,1,CG,10.167947769165039
14,1,CD1,10.061616897583008
15,1,CD2,10.094391822814941
16,1,CE1,10.127166748046875
17,1,CE2,10.159941673278809
18,1,CZ,10.149953842163086
19,1,N,10.016194343566895
20,1,CB,9.88243293762207
21,1,CG,9.748672485351562
22,1,OD1,9.527056694030762
23,1,ND2,8.959883689880371
