atom_index,is_real_atom,atom_type_from_onehot,importance
0,1,CA,10.746684074401855
1,1,C,10.746684074401855
2,1,O,10.85151481628418
3,1,CB,11.073159217834473
4,1,CG,11.294805526733398
5,1,CD2,11.516448020935059
6,1,CE3,11.430658340454102
7,1,CZ3,10.918428421020508
8,1,N,10.406198501586914
9,1,CA,9.893966674804688
10,1,CB,9.752677917480469
11,1,CG1,10.257101058959961
12,1,CD1,10.761524200439453
13,1,CA,11.265945434570312
14,1,C,11.542356491088867
15,1,N,11.313176155090332
16,1,CA,11.083993911743164
17,1,SD,10.854812622070312
18,1,CE,10.618281364440918
19,1,CD1,10.360468864440918
20,1,CE1,10.102657318115234
21,1,CZ,9.844844818115234
22,1,CG1,9.612401962280273
23,1,CG2,9.479742050170898
24,1,CG,9.347085952758789
25,1,CD2,9.214427947998047
26,1,CE3,9.131028175354004
27,1,CZ3,9.329744338989258
28,1,CH2,9.528459548950195
29,1,CG2,9.727176666259766
30,1,CE1,9.913952827453613
31,1,CZ,9.98646068572998
32,1,CD1,10.058965682983398
33,1,CE1,10.131471633911133
34,1,CA,10.206673622131348
35,1,C,10.345697402954102
36,1,O,10.484721183776855
37,1,CB,10.62374496459961
38,1,CG,10.762770652770996
39,1,SD,10.826169967651367
40,1,CE,10.888535499572754
41,1,N,10.95090103149414
42,1,CA,11.013266563415527
43,1,CB,10.978615760803223
44,1,CG,10.936934471130371
45,1,ND1,10.89525032043457
46,1,CB,10.853570938110352
47,1,CG1,10.544452667236328
48,1,CG2,10.198307991027832
49,1,CB,9.852161407470703
