atom_index,is_real_atom,atom_type_from_onehot,importance
0,1,CE3,6.774562835693359
1,1,CZ2,6.774562835693359
2,1,CZ3,6.7264227867126465
3,1,CH2,6.624639987945557
4,1,CB,6.522858142852783
5,1,CG2,6.42107629776001
6,1,CB,6.233574390411377
7,1,CD2,5.9271721839904785
8,1,CE1,5.62076997756958
9,1,CE2,5.314367294311523
10,1,CZ,5.103524208068848
11,1,OH,5.059023380279541
12,1,CA,5.014523029327393
13,1,C,4.970022678375244
14,1,O,4.918820381164551
15,1,CB,4.8527607917785645
16,1,CG,4.786701202392578
17,1,CA,4.720641136169434
18,1,C,4.680997371673584
19,1,O,4.7178215980529785
20,1,CB,4.7546467781066895
21,1,CG,4.791471004486084
22,1,CD1,4.797308444976807
23,1,CD2,4.681262969970703
24,1,NE1,4.5652174949646
25,1,CE2,4.449172496795654
26,1,CE3,4.337550640106201
27,1,CZ2,4.251267433166504
28,1,CZ3,4.164983749389648
29,1,CH2,4.078700542449951
30,1,CD1,4.041201114654541
31,1,CE1,4.470635890960693
32,1,CE2,4.900071144104004
33,1,CZ,5.329505920410156
34,1,CD1,5.752582550048828
35,1,CD2,6.025190830230713
36,1,CE1,6.2977986335754395
37,1,CE2,6.570406436920166
38,1,CZ,6.843015193939209
39,1,O,7.147584915161133
40,1,CA,7.452592849731445
41,1,C,7.757601737976074
42,1,O,8.062609672546387
43,1,CB,7.723823070526123
44,1,CG1,7.338385581970215
45,1,N,6.952946662902832
46,1,CA,6.567508697509766
47,1,C,6.2250189781188965
48,1,O,5.8884758949279785
49,1,N,5.551933288574219
50,1,CA,5.215389251708984
51,1,CB,5.200091361999512
52,1,CG,5.253253936767578
53,1,CD1,5.306416988372803
54,1,CD2,5.359580039978027
55,1,CE1,5.300405502319336
56,1,CE2,5.20772647857666
57,1,CZ,5.115047454833984
