atom_type,importance_sum
C,7.103682994842529
CA,7.103682994842529
CB,7.200645446777344
CD,7.4188103675842285
CD1,7.63697624206543
CD2,7.855105876922607
CE,8.1699800491333
CE1,8.678170204162598
CE2,9.186378479003906
CE3,9.694619178771973
CG,10.237109184265137
CG1,10.899561882019043
CG2,11.562010765075684
CH2,12.224462509155273
CZ,12.838784217834473
CZ2,13.068055152893066
CZ3,13.29732608795166
O,13.526599884033203
OH,13.755870819091797
OD1,14.71330451965332
OD2,15.670738220214844
OE1,16.628175735473633
OE2,17.585607528686523
OG,17.85409927368164
OG1,18.03647804260254
N,18.21885108947754
NE,18.401226043701172
NE1,17.880680084228516
NE2,17.159311294555664
ND1,16.437889099121094
ND2,15.716569900512695
NZ,15.011405944824219
NH1,14.314370155334473
NH2,13.617325782775879
SD,12.920352935791016
SG,12.610519409179688
UNKNOWN,12.610519409179688
