atom_type,importance
C,0.18942891061306
CA,0.18942891061306
CB,0.1951178014278412
CD,0.20791862905025482
CD1,0.22071945667266846
CD2,0.23351918160915375
CE,0.23570559918880463
CE1,0.21665872633457184
CE2,0.19761304557323456
CE3,0.17856845259666443
CG,0.1660279631614685
CG1,0.17625917494297028
CG2,0.18649044632911682
CH2,0.19672168791294098
CZ,0.20604127645492554
CZ2,0.20806816220283508
CZ3,0.21009492874145508
O,0.21212176978588104
OH,0.2141486555337906
OD1,0.20714405179023743
OD2,0.20013953745365143
OE1,0.19313500821590424
OE2,0.18613046407699585
OG,0.18282665312290192
OG1,0.17998534440994263
N,0.17714421451091766
NE,0.17430292069911957
NE1,0.1726800501346588
NE2,0.1714048981666565
ND1,0.17012859880924225
ND2,0.16885347664356232
NZ,0.16506721079349518
NH1,0.16002587974071503
NH2,0.15498343110084534
SD,0.14994217455387115
SG,0.14770126342773438
UNKNOWN,0.14770126342773438
