atom_index,is_real_atom,atom_type_from_onehot,importance
0,1,CE1,6.688192844390869
1,1,CE2,6.688192844390869
2,1,CZ,6.695041179656982
3,1,CD1,6.709519386291504
4,1,CE1,6.723997116088867
5,1,CE2,6.738475799560547
6,1,CZ,6.651556015014648
7,1,CA,6.423988342285156
8,1,O,6.196419715881348
9,1,CB,5.968852519989014
10,1,CG,5.841163158416748
11,1,CD1,5.887335777282715
12,1,CD2,5.933509349822998
13,1,CE1,5.979682445526123
14,1,CE2,6.063458442687988
15,1,CZ,6.230612754821777
16,1,C,6.397766590118408
17,1,CB,6.564919948577881
18,1,N,6.766157150268555
19,1,CG2,7.0660505294799805
20,1,O,7.365943908691406
21,1,CB,7.665837287902832
22,1,CG1,7.916427135467529
23,1,CG2,7.973087787628174
24,1,CD1,8.02974796295166
25,1,N,8.086407661437988
26,1,CA,8.148150444030762
27,1,CB,8.238997459411621
28,1,C,8.329843521118164
29,1,O,8.42069149017334
30,1,CG2,8.478543281555176
31,1,CG2,8.220571517944336
32,1,CD1,7.9626007080078125
33,1,CA,7.7046308517456055
34,1,CB,7.430547714233398
35,1,CG,6.775118827819824
36,1,CD,6.11969518661499
