atom_type,importance_sum
C,7.46816873550415
CA,7.46816873550415
CB,7.840539932250977
CD,8.678412437438965
CD1,9.51623821258545
CD2,10.354063987731934
CE,10.886373519897461
CE1,10.807559967041016
CE2,10.728743553161621
CE3,10.649932861328125
CG,10.548147201538086
CG1,10.366092681884766
CG2,10.184038162231445
CH2,10.001984596252441
CZ,9.889948844909668
CZ2,10.33804702758789
CZ3,10.786142349243164
O,11.234243392944336
OH,11.68233585357666
OD1,10.706206321716309
OD2,9.730067253112793
OE1,8.753933906555176
OE2,7.777800559997559
OG,7.383849143981934
OG1,7.062671184539795
N,6.741495609283447
NE,6.420318126678467
NE1,5.99790096282959
NE2,5.546559810638428
ND1,5.095170497894287
ND2,4.643828868865967
NZ,4.6130781173706055
NH1,4.792599678039551
NH2,4.972125053405762
SD,5.151680946350098
SG,5.231478691101074
UNKNOWN,5.231478691101074
