atom_index,is_real_atom,atom_type_from_onehot,importance
0,1,CD2,10.095895767211914
1,1,C,10.095895767211914
2,1,O,10.410120964050293
3,1,CG1,11.074485778808594
4,1,CD1,11.738850593566895
5,1,N,12.403213500976562
6,1,CA,12.720287322998047
7,1,C,12.555627822875977
8,1,O,12.390972137451172
9,1,OD1,12.226314544677734
10,1,CB,12.111150741577148
11,1,CG,12.082135200500488
12,1,CD,12.053116798400879
13,1,CG,12.024101257324219
14,1,CD1,11.884598731994629
15,1,CD2,11.500099182128906
16,1,CB,11.115599632263184
17,1,OG1,10.731101036071777
18,1,CG2,10.338224411010742
19,1,CB,9.921093940734863
20,1,CG1,9.503963470458984
21,1,CG2,9.086833953857422
22,1,CD1,8.696586608886719
23,1,CE1,8.41208553314209
24,1,CE2,8.127579689025879
25,1,CZ,7.843075752258301
26,1,CE2,7.567135810852051
27,1,CE3,7.3402485847473145
28,1,CZ2,7.1133623123168945
29,1,CZ3,6.886474609375
30,1,CH2,6.664414882659912
31,1,CG,6.488550662994385
32,1,CD1,6.312686443328857
33,1,CD2,6.136821746826172
34,1,CD1,5.957203388214111
35,1,CD2,5.6887736320495605
