atom_type,importance_sum
C,5.367542266845703
CA,5.367542266845703
CB,6.302490234375
CD,8.406081199645996
CD1,10.509693145751953
CD2,12.613248825073242
CE,14.105423927307129
CE1,14.374746322631836
CE2,14.643970489501953
CE3,14.913293838500977
CG,15.2044038772583
CG1,15.572049140930176
CG2,15.939693450927734
CH2,16.307340621948242
CZ,16.636640548706055
CZ2,16.65917205810547
CZ3,16.681703567504883
O,16.704235076904297
OH,16.726764678955078
OD1,16.022174835205078
OD2,15.317584037780762
OE1,14.612993240356445
OE2,13.90839958190918
OG,13.568958282470703
OG1,13.275161743164062
N,12.981363296508789
NE,12.687564849853516
NE1,11.724217414855957
NE2,10.569620132446289
ND1,9.41501522064209
ND2,8.26041316986084
NZ,7.988987445831299
NH1,8.159173965454102
NH2,8.329315185546875
SD,8.499500274658203
SG,8.575141906738281
UNKNOWN,8.575141906738281
