atom_type,importance
C,0.0698935016989708
CA,0.0698935016989708
CB,0.07478825002908707
CD,0.0858006551861763
CD1,0.09681382775306702
CD2,0.10782627016305923
CE,0.11351285129785538
CE1,0.10854773223400116
CE2,0.10358262062072754
CE3,0.09861677885055542
CG,0.09645991027355194
CG1,0.10413141548633575
CG2,0.11180292814970016
CH2,0.11947443336248398
CZ,0.1251191794872284
CZ2,0.114549919962883
CZ3,0.1039806455373764
O,0.09341134876012802
OH,0.08284211158752441
OD1,0.06817353516817093
OD2,0.05350493639707565
OE1,0.03883635997772217
OE2,0.02416779287159443
OG,0.021112024784088135
OG1,0.0195078756660223
N,0.01790372096002102
NE,0.01629956252872944
NE1,0.019194221124053
NE2,0.023374224081635475
ND1,0.027554409578442574
ND2,0.03173442557454109
NZ,0.045079946517944336
NH1,0.06300860643386841
NH2,0.08093725144863129
SD,0.09886518865823746
SG,0.10683363676071167
UNKNOWN,0.10683363676071167
