atom_type,importance
C,0.06787093728780746
CA,0.06787093728780746
CB,0.07152494043111801
CD,0.07974494993686676
CD1,0.08796557784080505
CD2,0.0961855873465538
CE,0.10234928131103516
CE1,0.10440030694007874
CE2,0.10645132511854172
CE3,0.1085023507475853
CG,0.11378153413534164
CG1,0.13035821914672852
CG2,0.14693494141101837
CH2,0.16351161897182465
CZ,0.17800423502922058
CZ2,0.17582425475120544
CZ3,0.1736443042755127
O,0.17146430909633636
OH,0.16928434371948242
OD1,0.15949709713459015
OD2,0.1497097611427307
OE1,0.13992252945899963
OE2,0.1301351934671402
OG,0.12626530230045319
OG1,0.12313511222600937
N,0.12000492215156555
NE,0.11687471717596054
NE1,0.10503897815942764
NE2,0.09071725606918335
ND1,0.07639484852552414
ND2,0.06207302585244179
NZ,0.06239350512623787
NH1,0.07003580778837204
NH2,0.07767815887928009
SD,0.08532015234231949
SG,0.08871674537658691
UNKNOWN,0.08871674537658691
