atom_index,is_real_atom,atom_type_from_onehot,importance
0,1,CA,6.599559307098389
1,1,O,6.599559307098389
2,1,CB,6.519484043121338
3,1,CA,6.350179195404053
4,1,C,6.180875778198242
5,1,CB,6.011571884155273
6,1,CG,5.951828956604004
7,1,CD1,6.044060230255127
8,1,N,6.136291980743408
9,1,CG,6.228522300720215
10,1,CD2,6.366232395172119
11,1,CG,6.583108425140381
12,1,CD1,6.799983501434326
13,1,CE2,7.01685905456543
14,1,CZ,7.233302116394043
15,1,CB,7.448783874511719
16,1,CG,7.6642656326293945
17,1,O,7.879746913909912
18,1,CB,7.903809070587158
19,1,O,7.373759746551514
20,1,CA,6.843709945678711
21,1,C,6.313660621643066
22,1,CB,5.891895294189453
23,1,CG,5.896045684814453
24,1,N,5.900195598602295
25,1,CA,5.904345512390137
26,1,C,5.867332458496094
27,1,O,5.594571590423584
28,1,CB,5.321811199188232
29,1,OG,5.049050807952881
30,1,N,4.787801742553711
31,1,CD2,4.63674259185791
32,1,CB,4.485683441162109
33,1,CG,4.334625244140625
34,1,CD1,4.183528900146484
35,1,CD2,4.031544208526611
36,1,NE1,3.8795599937438965
37,1,CE2,3.7275748252868652
38,1,CE3,3.575589656829834
39,1,CZ2,3.660397529602051
40,1,CZ3,3.748448610305786
41,1,CH2,3.8364996910095215
42,1,CD1,3.924551010131836
43,1,NE1,4.077115058898926
44,1,CE2,4.234353542327881
45,1,CZ2,4.391592979431152
46,1,O,4.548831939697266
47,1,N,4.669294834136963
48,1,CA,4.784664154052734
49,1,C,4.9000349044799805
50,1,O,5.015406608581543
51,1,CB,4.931187629699707
52,1,OG1,4.804433822631836
53,1,N,4.677679061889648
54,1,CA,4.550924777984619
55,1,CB,4.630359649658203
56,1,OG1,4.771288871765137
57,1,CG2,4.912219047546387
