atom_type,importance_sum
C,8.020291328430176
CA,8.020291328430176
CB,8.399589538574219
CD,9.252994537353516
CD1,10.10639762878418
CD2,10.959869384765625
CE,11.870428085327148
CE1,12.895410537719727
CE2,13.920331954956055
CE3,14.945327758789062
CG,15.497138977050781
CG1,14.39312744140625
CG2,13.289121627807617
CH2,12.185112953186035
CZ,11.152817726135254
CZ2,10.69426155090332
CZ3,10.235697746276855
O,9.777134895324707
OH,9.318574905395508
OD1,8.988541603088379
OD2,8.658510208129883
OE1,8.328476905822754
OE2,7.998445510864258
OG,7.81222677230835
OG1,7.643980503082275
N,7.4757399559021
NE,7.307496547698975
NE1,7.513558387756348
NE2,7.826578617095947
ND1,8.139582633972168
ND2,8.452582359313965
NZ,8.676849365234375
NH1,8.85664176940918
NH2,9.036503791809082
SD,9.216293334960938
SG,9.296247482299805
UNKNOWN,9.296247482299805
