atom_type,importance
C,0.26608583331108093
CA,0.26608583331108093
CB,0.26298657059669495
CD,0.25601163506507874
CD1,0.24903656542301178
CD2,0.24206165969371796
CE,0.2378908097743988
CE1,0.23932643234729767
CE2,0.24076300859451294
CE3,0.2421986609697342
CG,0.243995800614357
CG1,0.2470564842224121
CG2,0.25011712312698364
CH2,0.25317782163619995
CZ,0.25749537348747253
CZ2,0.2718678116798401
CZ3,0.2862403094768524
O,0.30061274766921997
OH,0.3149852156639099
OD1,0.3214800953865051
OD2,0.32797497510910034
OE1,0.33446985483169556
OE2,0.34096473455429077
OG,0.3347776532173157
OG1,0.3270051181316376
N,0.31923264265060425
NE,0.31146031618118286
NE1,0.3036659359931946
NE2,0.2958664894104004
ND1,0.2880670726299286
ND2,0.280267596244812
NZ,0.2778620719909668
NH1,0.27815383672714233
NH2,0.27844560146331787
SD,0.2787374258041382
SG,0.2788676619529724
UNKNOWN,0.2788676619529724
