atom_index,is_real_atom,atom_type_from_onehot,importance
0,1,CE3,6.216714382171631
1,1,CZ2,6.216714382171631
2,1,CZ3,6.144148349761963
3,1,CH2,5.990720748901367
4,1,CG2,5.837294101715088
5,1,CB,5.683867454528809
6,1,CD2,5.494865417480469
7,1,CE2,5.25651741027832
8,1,CZ,5.018168926239014
9,1,OH,4.779819965362549
10,1,CA,4.612809181213379
11,1,C,4.569977760314941
12,1,O,4.5271453857421875
13,1,CB,4.484313488006592
14,1,CG,4.431996822357178
15,1,C,4.358644008636475
16,1,O,4.285292625427246
17,1,CB,4.211940288543701
18,1,CG,4.113222599029541
19,1,CD1,3.94107723236084
20,1,CD2,3.7689318656921387
21,1,NE1,3.5967867374420166
22,1,CE2,3.501661777496338
23,1,CE3,3.7094829082489014
24,1,CZ2,3.917304515838623
25,1,CZ3,4.125125408172607
26,1,CH2,4.3259968757629395
27,1,CD1,4.487057209014893
28,1,CE1,4.648118495941162
29,1,CE2,4.809179782867432
30,1,CZ,4.959609031677246
31,1,CD1,5.008277893066406
32,1,CD2,5.056946277618408
33,1,CE1,5.105615139007568
34,1,CE2,5.155338764190674
35,1,CZ,5.230032444000244
36,1,O,5.304725170135498
37,1,CA,5.37941837310791
38,1,C,5.4541120529174805
39,1,O,5.377981185913086
40,1,CB,5.299783706665039
41,1,CG1,5.221586227416992
42,1,N,5.143388748168945
43,1,CA,4.7960052490234375
44,1,C,4.4291157722473145
45,1,O,4.062226295471191
46,1,N,3.69533634185791
47,1,CA,3.6568658351898193
48,1,CB,3.6638669967651367
49,1,CG,3.6708688735961914
50,1,CD1,3.677870273590088
51,1,CD2,3.692279577255249
52,1,CE1,3.7082674503326416
53,1,CE2,3.724255323410034
54,1,CZ,3.7402427196502686
