atom_type,importance_sum
C,4.4521050453186035
CA,4.4521050453186035
CB,4.513769149780273
CD,4.652495861053467
CD1,4.791259765625
CD2,4.929986000061035
CE,5.2588372230529785
CE1,5.967896938323975
CE2,6.676991939544678
CE3,7.386051177978516
CG,7.961678504943848
CG1,8.070101737976074
CG2,8.178513526916504
CH2,8.286949157714844
CZ,8.418601036071777
CZ2,8.735967636108398
CZ3,9.053335189819336
O,9.370706558227539
OH,9.68807315826416
OD1,9.96276569366455
OD2,10.237460136413574
OE1,10.512154579162598
OE2,10.786846160888672
OG,10.730649948120117
OG1,10.63309097290039
N,10.535531044006348
NE,10.437970161437988
NE1,9.951488494873047
NE2,9.353933334350586
ND1,8.756305694580078
ND2,8.158679008483887
NZ,7.970484256744385
NH1,7.9869465827941895
NH2,8.003414154052734
SD,8.019877433776855
SG,8.027175903320312
UNKNOWN,8.027175903320312
