atom_index,is_real_atom,atom_type_from_onehot,importance
0,1,CE2,9.646712303161621
1,1,CZ,9.646712303161621
2,1,CE1,9.798602104187012
3,1,CZ,10.119745254516602
4,1,CG1,10.440885543823242
5,1,C,10.762027740478516
6,1,O,10.582051277160645
7,1,CB,9.706976890563965
8,1,SG,8.831904411315918
9,1,N,7.956828594207764
10,1,CA,7.249542713165283
11,1,C,6.834333896636963
12,1,O,6.419122695922852
13,1,CB,6.003912448883057
14,1,CG,5.74331521987915
15,1,CD1,5.825556755065918
16,1,CD2,5.907797813415527
17,1,CE1,5.9900383949279785
18,1,CE2,6.124426364898682
19,1,CZ,6.409763336181641
20,1,CA,6.695099353790283
21,1,C,6.980437278747559
22,1,O,7.2757768630981445
23,1,CB,7.610462188720703
24,1,CG,7.945148468017578
25,1,CD2,8.279834747314453
26,1,CE2,8.540294647216797
27,1,CZ,8.375658988952637
28,1,N,8.211021423339844
29,1,CA,8.046384811401367
30,1,CB,7.857057571411133
31,1,SG,7.4314117431640625
32,1,SG,7.005765438079834
