atom_type,importance_sum
C,6.089820861816406
CA,6.089820861816406
CB,6.392740726470947
CD,7.074249744415283
CD1,7.7557597160339355
CD2,8.43726921081543
CE,8.805615425109863
CE1,8.547639846801758
CE2,8.289663314819336
CE3,8.031688690185547
CG,7.762080192565918
CG1,7.451790809631348
CG2,7.141502857208252
CH2,6.831212520599365
CZ,6.647332191467285
CZ2,7.474705696105957
CZ3,8.302129745483398
O,9.129504203796387
OH,9.956880569458008
OD1,9.472051620483398
OD2,8.987218856811523
OE1,8.502387046813965
OE2,8.017509460449219
OG,7.951647758483887
OG1,7.938158988952637
N,7.924670696258545
NE,7.9111833572387695
NE1,7.96425199508667
NE2,8.036337852478027
ND1,8.10842227935791
ND2,8.18055534362793
NZ,8.859564781188965
NH1,9.842103958129883
NH2,10.824549674987793
SD,11.807097434997559
SG,12.243776321411133
UNKNOWN,12.243776321411133
