atom_index,is_real_atom,atom_type_from_onehot,importance
0,1,CA,6.436402320861816
1,1,NZ,6.436402320861816
2,1,CA,6.382782936096191
3,1,C,6.269415378570557
4,1,O,6.156047344207764
5,1,CB,6.042679786682129
6,1,CG,6.015744686126709
7,1,CD1,6.108699321746826
8,1,CD2,6.201652526855469
9,1,CE3,6.294606685638428
10,1,CZ3,6.329744815826416
11,1,N,6.264244079589844
12,1,CA,6.198742866516113
13,1,CD1,6.133241653442383
14,1,CE1,6.07959508895874
15,1,CB,6.0522332191467285
16,1,CG,6.02487325668335
17,1,CD1,5.997513294219971
18,1,CD2,5.917671203613281
19,1,N,5.685909748077393
20,1,CA,5.4541473388671875
21,1,CB,5.222386837005615
22,1,CG,5.00801420211792
23,1,OD1,4.86203670501709
24,1,OD2,4.716061115264893
25,1,CA,4.570083141326904
26,1,CB,4.503154277801514
27,1,CG,4.888945579528809
28,1,CD1,5.274737358093262
29,1,CD2,5.660528182983398
30,1,CE1,6.019378662109375
31,1,CE2,6.120361328125
32,1,CZ,6.221344470977783
33,1,OH,6.322328090667725
34,1,CA,6.423333168029785
35,1,C,6.524888515472412
36,1,O,6.626440525054932
37,1,CB,6.727993965148926
38,1,CG,6.829547882080078
39,1,N,6.707860946655273
40,1,CD,6.583117485046387
41,1,NE,6.458373069763184
42,1,CZ,6.333629131317139
43,1,NH1,6.30284309387207
44,1,NH2,6.278866767883301
45,1,CB,6.254890441894531
46,1,CG1,6.230913162231445
47,1,CG2,6.054787635803223
48,1,CD1,5.8575944900512695
49,1,CZ,5.660401344299316
50,1,NH1,5.463208198547363
51,1,NH2,4.961021900177002
