atom_type,importance_sum
C,1.8063254356384277
CA,1.8063254356384277
CB,1.9613341093063354
CD,2.3101251125335693
CD1,2.658907413482666
CD2,3.007669448852539
CE,3.4697790145874023
CE1,4.158502578735352
CE2,4.847246170043945
CE3,5.535989284515381
CG,6.4905853271484375
CG1,8.375775337219238
CG2,10.260967254638672
CH2,12.146161079406738
CZ,13.904317855834961
CZ2,14.646181106567383
CZ3,15.388046264648438
O,16.129858016967773
OH,16.871706008911133
OD1,14.56249713897705
OD2,12.253213882446289
OE1,9.943929672241211
OE2,7.634644031524658
OG,7.658015251159668
OG1,7.972971439361572
N,8.287928581237793
NE,8.602879524230957
NE1,8.718596458435059
NE2,8.777292251586914
ND1,8.8360595703125
ND2,8.894828796386719
NZ,10.295950889587402
NH1,12.36824893951416
NH2,14.44054889678955
SD,16.512800216674805
SG,17.433856964111328
UNKNOWN,17.433856964111328
