atom_type,importance
C,0.1114734634757042
CA,0.1114734634757042
CB,0.1168973296880722
CD,0.12910068035125732
CD1,0.14130385220050812
CD2,0.15350709855556488
CE,0.15899527072906494
CE1,0.15105706453323364
CE2,0.14311763644218445
CE3,0.13517944514751434
CG,0.128518745303154
CG1,0.12633110582828522
CG2,0.1241435632109642
CH2,0.1219559758901596
CZ,0.1218784749507904
CZ2,0.13868175446987152
CZ3,0.15548507869243622
O,0.17228838801383972
OH,0.18909169733524323
OD1,0.18815059959888458
OD2,0.18720954656600952
OE1,0.18626850843429565
OE2,0.18532748520374298
OG,0.18472075462341309
OG1,0.18415583670139313
N,0.18359100818634033
NE,0.18302610516548157
NE1,0.19295132160186768
NE2,0.20587322115898132
ND1,0.21879582107067108
ND2,0.23171819746494293
NZ,0.23259468376636505
NH1,0.22744981944561005
NH2,0.22230514883995056
SD,0.21715931594371796
SG,0.2148728370666504
UNKNOWN,0.2148728370666504
