atom_type,importance
C,0.0951363742351532
CA,0.0951363742351532
CB,0.1070922240614891
CD,0.13399146497249603
CD1,0.16089193522930145
CD2,0.18779118359088898
CE,0.2075759470462799
CE1,0.21312682330608368
CE2,0.2186783403158188
CE3,0.22422872483730316
CG,0.22585393488407135
CG1,0.21372999250888824
CG2,0.2016071379184723
CH2,0.1894843578338623
CZ,0.1788959503173828
CZ2,0.18058250844478607
CZ3,0.18226905167102814
O,0.183955579996109
OH,0.18564215302467346
OD1,0.17356564104557037
OD2,0.1614890992641449
OE1,0.14941257238388062
OE2,0.13733604550361633
OG,0.13981494307518005
OG1,0.14411324262619019
N,0.1484115719795227
NE,0.1527099311351776
NE1,0.160091370344162
NE2,0.1683521568775177
ND1,0.1766129732131958
ND2,0.18487368524074554
NZ,0.18652044236660004
NH1,0.18485772609710693
NH2,0.18319617211818695
SD,0.18153341114521027
SG,0.18079476058483124
UNKNOWN,0.18079476058483124
