atom_type,importance_sum
C,11.414130210876465
CA,11.414130210876465
CB,12.141966819763184
CD,13.779593467712402
CD1,15.417134284973145
CD2,17.054786682128906
CE,18.21471405029297
CE1,18.419391632080078
CE2,18.624197006225586
CE3,18.828874588012695
CG,18.871662139892578
CG1,18.34808349609375
CG2,17.82451820373535
CH2,17.300947189331055
CZ,16.908111572265625
CZ2,17.56113624572754
CZ3,18.214157104492188
O,18.867189407348633
OH,19.52023696899414
OD1,19.100027084350586
OD2,18.679821014404297
OE1,18.259624481201172
OE2,17.83943748474121
OG,17.19775390625
OG1,16.528390884399414
N,15.859013557434082
NE,15.189624786376953
NE1,15.401530265808105
NE2,15.865242004394531
ND1,16.32896614074707
ND2,16.792667388916016
NZ,16.788965225219727
NH1,16.55143165588379
NH2,16.313974380493164
SD,16.076513290405273
SG,15.970926284790039
UNKNOWN,15.970926284790039
