atom_index,is_real_atom,atom_type_from_onehot,importance
0,1,CG,9.186594009399414
1,1,CA,9.186594009399414
2,1,C,9.211705207824707
3,1,O,9.264799118041992
4,1,CB,9.317893028259277
5,1,CG,9.370985984802246
6,1,CD1,9.353628158569336
7,1,CD2,9.23854923248291
8,1,NE1,9.123469352722168
9,1,CE3,9.008389472961426
10,1,CZ3,9.034730911254883
11,1,CD1,9.307245254516602
12,1,CE1,9.579761505126953
13,1,CZ,9.852273941040039
14,1,OH,10.044942855834961
15,1,CA,10.060554504394531
16,1,C,10.076168060302734
17,1,O,10.091781616210938
18,1,CB,10.031017303466797
19,1,CG,9.749166488647461
20,1,CD2,9.467314720153809
21,1,N,9.18546199798584
22,1,CA,8.909295082092285
23,1,CB,8.655482292175293
24,1,CG,8.401670455932617
25,1,OD1,8.147860527038574
26,1,OD2,7.964033126831055
27,1,CB,8.18103313446045
28,1,CG,8.398033142089844
29,1,CD1,8.615032196044922
30,1,CD2,8.826427459716797
31,1,CE1,8.9841890335083
32,1,CZ,9.141950607299805
33,1,CA,9.299711227416992
34,1,C,9.454638481140137
35,1,O,9.542512893676758
36,1,CB,9.630386352539062
37,1,CG,9.718260765075684
38,1,N,9.806136131286621
39,1,CA,9.813520431518555
40,1,C,9.819805145263672
41,1,O,9.826087951660156
42,1,CB,9.83237361907959
43,1,CG,9.675968170166016
44,1,CD,9.50777530670166
45,1,NE,9.339585304260254
46,1,CZ,9.171393394470215
47,1,NH1,9.071432113647461
48,1,NH2,8.980920791625977
49,1,CB,8.890408515930176
50,1,CG1,8.799897193908691
51,1,CG2,8.59320068359375
52,1,CZ,8.361742973327637
53,1,NH1,8.13028621673584
54,1,NH2,7.898828029632568
