atom_type,importance
C,0.09891539067029953
CA,0.09891539067029953
CB,0.097476065158844
CD,0.09423787891864777
CD1,0.09099975228309631
CD2,0.08776158839464188
CE,0.08485709875822067
CE1,0.08262048661708832
CE2,0.08038445562124252
CE3,0.07814783602952957
CG,0.07692079991102219
CG1,0.07922495156526566
CG2,0.08152910321950912
CH2,0.08383327722549438
CZ,0.088294118642807
CZ2,0.11000765115022659
CZ3,0.13172179460525513
O,0.15343593060970306
OH,0.1751500964164734
OD1,0.17342133820056915
OD2,0.1716926395893097
OE1,0.16996388137340546
OE2,0.16823509335517883
OG,0.16342908143997192
OG1,0.15823829174041748
N,0.1530475914478302
NE,0.14785689115524292
NE1,0.15884321928024292
NE2,0.17445240914821625
ND1,0.19006039202213287
ND2,0.2056683897972107
NZ,0.20438803732395172
NH1,0.19466300308704376
NH2,0.1849379539489746
SD,0.17521172761917114
SG,0.17088966071605682
UNKNOWN,0.17088966071605682
