atom_index,is_real_atom,atom_type_from_onehot,importance
0,1,CA,6.933183193206787
1,1,C,6.933183193206787
2,1,O,7.112321376800537
3,1,CB,7.49107027053833
4,1,CG,7.869819641113281
5,1,CD1,8.248568534851074
6,1,CD2,8.443812370300293
7,1,CE1,8.384516716003418
8,1,CE2,8.325221061706543
9,1,CZ,8.265926361083984
10,1,OH,8.196525573730469
11,1,CA,8.109533309936523
12,1,C,8.022541046142578
13,1,O,7.935548305511475
14,1,CB,7.7611260414123535
15,1,CG1,7.392838001251221
16,1,N,7.02454948425293
17,1,CA,6.6562604904174805
18,1,C,6.327319622039795
19,1,O,6.1122822761535645
20,1,N,5.897244453430176
21,1,CA,5.682207107543945
22,1,C,5.497207164764404
23,1,O,5.430349349975586
24,1,N,5.363492488861084
25,1,CA,5.296636581420898
26,1,N,5.268045902252197
27,1,CA,5.458615303039551
28,1,C,5.6491851806640625
29,1,O,5.839754581451416
30,1,CB,6.03256368637085
31,1,CG,6.246803283691406
32,1,N,6.461044788360596
33,1,CA,6.675283432006836
34,1,CB,6.895444869995117
35,1,CG,7.255732536315918
36,1,CD1,7.616018295288086
37,1,CD1,7.97630500793457
38,1,CA,8.336591720581055
39,1,C,8.603515625
40,1,O,8.869158744812012
41,1,CB,9.134804725646973
42,1,CG,9.400449752807617
43,1,SD,9.287276268005371
44,1,CE,9.146655082702637
45,1,CA,9.006032943725586
46,1,C,8.865409851074219
47,1,O,8.621828079223633
48,1,CB,8.363992691040039
49,1,CG,8.106155395507812
50,1,CD1,7.8483195304870605
51,1,CD2,7.4687395095825195
52,1,N,7.063216209411621
53,1,CA,6.6576924324035645
54,1,C,6.252167224884033
55,1,O,6.052536964416504
56,1,CB,5.914315223693848
57,1,CG1,5.776092529296875
58,1,CG2,5.637869358062744
59,1,N,5.833861827850342
60,1,CA,6.162278175354004
61,1,C,6.490694046020508
62,1,O,6.8191118240356445
63,1,CB,6.843899726867676
64,1,CE1,6.713775634765625
65,1,CZ,6.583652496337891
66,1,CG,6.453528881072998
67,1,SD,6.611854076385498
68,1,CE,6.956071376800537
69,1,CB,7.300285816192627
70,1,CG,7.6444993019104
71,1,CD1,7.493896484375
72,1,CD2,6.945026874542236
