atom_type,importance_sum
C,9.81927490234375
CA,9.81927490234375
CB,10.013662338256836
CD,10.450966835021973
CD1,10.888272285461426
CD2,11.325573921203613
CE,12.482858657836914
CE1,15.079923629760742
CE2,17.677005767822266
CE3,20.27417755126953
CG,21.980499267578125
CG1,20.568992614746094
CG2,19.157480239868164
CH2,17.745962142944336
CZ,16.51067352294922
CZ2,16.68552589416504
CZ3,16.860380172729492
O,17.035236358642578
OH,17.210084915161133
OD1,17.030181884765625
OD2,16.85026741027832
OE1,16.670364379882812
OE2,16.490455627441406
OG,16.914997100830078
OG1,17.415102005004883
N,17.915203094482422
NE,18.41529083251953
NE1,19.35343360900879
NE2,20.416744232177734
ND1,21.480056762695312
ND2,22.54337501525879
NZ,22.769113540649414
NH1,22.575904846191406
NH2,22.38268280029297
SD,22.189577102661133
SG,22.10373306274414
UNKNOWN,22.10373306274414
