atom_type,importance
C,0.0843142494559288
CA,0.0843142494559288
CB,0.09147003293037415
CD,0.10757196694612503
CD1,0.1236739233136177
CD2,0.13977454602718353
CE,0.14898832142353058
CE1,0.1444285809993744
CE2,0.13986746966838837
CE3,0.1353076845407486
CG,0.13313160836696625
CG1,0.13930180668830872
CG2,0.1454719752073288
CH2,0.15164215862751007
CZ,0.15735562145709991
CZ2,0.15941494703292847
CZ3,0.16147427260875702
O,0.16353365778923035
OH,0.1655930131673813
OD1,0.16313672065734863
OD2,0.16068041324615479
OE1,0.15822413563728333
OE2,0.15576785802841187
OG,0.14707167446613312
OG1,0.13759547472000122
N,0.12811927497386932
NE,0.1186431273818016
NE1,0.10885973274707794
NE2,0.09898959845304489
ND1,0.0891198217868805
ND2,0.07924941182136536
NZ,0.07530920952558517
NH1,0.07433415204286575
NH2,0.07335842400789261
SD,0.07238338142633438
SG,0.07194972038269043
UNKNOWN,0.07194972038269043
