atom_index,is_real_atom,atom_type_from_onehot,importance
0,1,C,7.506292819976807
1,1,O,7.506292819976807
2,1,CA,7.6207709312438965
3,1,O,7.8628106117248535
4,1,CG,8.104851722717285
5,1,CD1,8.346891403198242
6,1,CE1,8.3575439453125
7,1,CE2,8.047242164611816
8,1,CZ,7.736937999725342
9,1,OH,7.426633834838867
10,1,CB,7.347738742828369
11,1,OG,7.671660423278809
12,1,N,7.995584487915039
13,1,CA,8.319506645202637
14,1,C,8.53978157043457
15,1,O,8.530227661132812
16,1,CB,8.520672798156738
17,1,CG,8.511117935180664
18,1,CD2,8.4566650390625
19,1,N,8.272241592407227
20,1,CA,8.087820053100586
21,1,OG,7.903398513793945
22,1,CB,7.770203113555908
23,1,CG1,7.838500499725342
24,1,CG2,7.906797409057617
25,1,CD1,7.975094318389893
26,1,CD1,7.995096206665039
27,1,CD2,7.738503456115723
28,1,CG2,7.48190975189209
29,1,CG1,7.225317001342773
30,1,CE1,6.984562873840332
31,1,CG,6.895400524139404
32,1,CD1,6.806238174438477
33,1,CD2,6.717075347900391
34,1,CE1,6.635443210601807
35,1,CE2,6.732019901275635
36,1,CZ,6.828596115112305
37,1,O,6.925171375274658
38,1,CB,7.021748065948486
39,1,CG,7.393402099609375
40,1,CD2,7.768823146820068
41,1,O,8.144244194030762
42,1,CB,8.519667625427246
43,1,CG1,8.282488822937012
44,1,CG2,8.000919342041016
45,1,CD2,7.7193498611450195
