atom_type,importance
C,0.08975081890821457
CA,0.08975081890821457
CB,0.09211663901805878
CD,0.09743984043598175
CD1,0.1027636006474495
CD2,0.10808736085891724
CE,0.11002299934625626
CE1,0.10518369823694229
CE2,0.10034450888633728
CE3,0.09550585597753525
CG,0.09328124672174454
CG1,0.10020875185728073
CG2,0.10713618248701096
CH2,0.11406369507312775
CZ,0.12194854766130447
CZ2,0.13749223947525024
CZ3,0.1530359983444214
O,0.16857966780662537
OH,0.18412338197231293
OD1,0.18495628237724304
OD2,0.18578918278217316
OE1,0.18662208318710327
OE2,0.1874549835920334
OG,0.18390227854251862
OG1,0.17980141937732697
N,0.17570047080516815
NE,0.17159956693649292
NE1,0.185936838388443
NE2,0.20554344356060028
ND1,0.2251499742269516
ND2,0.24475544691085815
NZ,0.24612660706043243
NH1,0.23838381469249725
NH2,0.23063914477825165
SD,0.22289428114891052
SG,0.21945197880268097
UNKNOWN,0.21945197880268097
