atom_index,is_real_atom,atom_type_from_onehot,importance
0,1,CE2,9.087799072265625
1,1,CZ,9.087799072265625
2,1,OH,9.473698616027832
3,1,CE1,10.28960132598877
4,1,CZ,11.10550594329834
5,1,CG,11.921408653259277
6,1,CD2,12.429605484008789
7,1,CB,12.510984420776367
8,1,CG,12.592364311218262
9,1,CD2,12.673742294311523
10,1,CE2,12.64087200164795
11,1,CG,12.409122467041016
12,1,OD1,12.177372932434082
13,1,ND2,11.945624351501465
14,1,CA,11.6900634765625
15,1,O,11.381711959838867
16,1,CB,11.073359489440918
17,1,CG1,10.765007019042969
18,1,CG2,10.434004783630371
19,1,CD1,10.037437438964844
20,1,CB,9.640874862670898
21,1,CG2,9.244309425354004
22,1,CD1,8.843876838684082
23,1,CD2,8.42823314666748
24,1,CE2,8.012585639953613
25,1,CZ,7.596940517425537
