atom_type,importance_sum
C,7.11352014541626
CA,7.11352014541626
CB,7.357011795043945
CD,7.90484619140625
CD1,8.452683448791504
CD2,9.000532150268555
CE,9.580727577209473
CE1,10.22563362121582
CE2,10.870540618896484
CE3,11.515447616577148
CG,12.24648666381836
CG1,13.279306411743164
CG2,14.312122344970703
CH2,15.344938278198242
CZ,16.232683181762695
CZ2,15.959888458251953
CZ3,15.687092781066895
O,15.414299011230469
OH,15.14150619506836
OD1,14.450400352478027
OD2,13.759300231933594
OE1,13.068193435668945
OE2,12.377087593078613
OG,11.506593704223633
OG1,10.61367416381836
N,9.720755577087402
NE,8.827837944030762
NE1,8.823310852050781
NE2,9.072578430175781
ND1,9.321806907653809
ND2,9.5711030960083
NZ,9.868042945861816
NH1,10.188752174377441
NH2,10.509539604187012
SD,10.83024787902832
SG,10.972834587097168
UNKNOWN,10.972834587097168
