atom_type,importance
C,0.15115542709827423
CA,0.15115542709827423
CB,0.16279205679893494
CD,0.18897351622581482
CD1,0.2151550054550171
CD2,0.2413364201784134
CE,0.25868019461631775
CE1,0.2583463788032532
CE2,0.2580126225948334
CE3,0.2576807141304016
CG,0.25323203206062317
CG1,0.23438094556331635
CG2,0.2155298888683319
CH2,0.19667880237102509
CZ,0.18102674186229706
CZ2,0.19096674025058746
CZ3,0.20090675354003906
O,0.21084672212600708
OH,0.2207866907119751
OD1,0.2255622297525406
OD2,0.23033764958381653
OE1,0.23511306941509247
OE2,0.23988857865333557
OG,0.2319667488336563
OG1,0.22245793044567108
N,0.21294903755187988
NE,0.20344018936157227
NE1,0.19513697922229767
NE2,0.18717746436595917
ND1,0.17921890318393707
ND2,0.17126016318798065
NZ,0.17119871079921722
NH1,0.17508737742900848
NH2,0.17897506058216095
SD,0.18286378681659698
SG,0.18459142744541168
UNKNOWN,0.18459142744541168
