atom_type,importance
C,0.14359204471111298
CA,0.14359204471111298
CB,0.1471727043390274
CD,0.15523149073123932
CD1,0.16328929364681244
CD2,0.17134712636470795
CE,0.1758880466222763
CE1,0.1733912229537964
CE2,0.17089542746543884
CE3,0.1683996170759201
CG,0.16604262590408325
CG1,0.1641758531332016
CG2,0.16230909526348114
CH2,0.1604423075914383
CZ,0.15993516147136688
CZ2,0.1703048199415207
CZ3,0.18067440390586853
O,0.19104401767253876
OH,0.20141366124153137
OD1,0.21409888565540314
OD2,0.22678494453430176
OE1,0.23947013914585114
OE2,0.25215527415275574
OG,0.24703098833560944
OG1,0.2396804839372635
N,0.23233003914356232
NE,0.22497953474521637
NE1,0.2212570756673813
NE2,0.21857373416423798
ND1,0.21588945388793945
ND2,0.21320471167564392
NZ,0.20191523432731628
NH1,0.1863233745098114
NH2,0.17073149979114532
SD,0.15513864159584045
SG,0.1482093334197998
UNKNOWN,0.1482093334197998
