atom_type,importance_sum
C,2.026226043701172
CA,2.026226043701172
CB,2.806126832962036
CD,4.560898303985596
CD1,6.315708160400391
CD2,8.070479393005371
CE,9.46462345123291
CE1,10.137436866760254
CE2,10.810247421264648
CE3,11.48305606842041
CG,12.162313461303711
CG1,12.864082336425781
CG2,13.565853118896484
CH2,14.267619132995605
CZ,14.907112121582031
CZ2,15.048408508300781
CZ3,15.189698219299316
O,15.33099365234375
OH,15.472282409667969
OD1,13.535533905029297
OD2,11.598782539367676
OE1,9.662031173706055
OE2,7.725240230560303
OG,6.700078010559082
OG1,5.7888617515563965
N,4.877647399902344
NE,3.966432571411133
NE1,3.8494374752044678
NE2,3.959331512451172
ND1,4.0692458152771
ND2,4.179147720336914
NZ,4.171223163604736
NH1,4.10439920425415
NH2,4.037559509277344
SD,3.9707374572753906
SG,3.9410345554351807
UNKNOWN,3.9410345554351807
