atom_type,importance
C,0.10935438424348831
CA,0.10935438424348831
CB,0.11170349270105362
CD,0.1169891208410263
CD1,0.12227454781532288
CD2,0.12756039202213287
CE,0.13612326979637146
CE1,0.15123999118804932
CE2,0.1663575917482376
CE3,0.1814742535352707
CG,0.19734473526477814
CG1,0.21585014462471008
CG2,0.23435622453689575
CH2,0.252861887216568
CZ,0.2702217996120453
CZ2,0.2784178555011749
CZ3,0.28661391139030457
O,0.2948099374771118
OH,0.30300599336624146
OD1,0.30043691396713257
OD2,0.29786771535873413
OE1,0.2952985167503357
OE2,0.2927294373512268
OG,0.276956707239151
OG1,0.25953349471092224
N,0.2421102076768875
NE,0.22468645870685577
NE1,0.22202618420124054
NE2,0.2235848307609558
ND1,0.2251427173614502
ND2,0.22670140862464905
NZ,0.22844058275222778
NH1,0.23026981949806213
NH2,0.23209966719150543
SD,0.23392941057682037
SG,0.23474232852458954
UNKNOWN,0.23474232852458954
