atom_type,importance
C,0.12470646947622299
CA,0.12470646947622299
CB,0.1328318864107132
CD,0.15111297369003296
CD1,0.16939403116703033
CD2,0.18767505884170532
CE,0.19649215042591095
CE1,0.18638207018375397
CE2,0.17627112567424774
CE3,0.1661611795425415
CG,0.15731950104236603
CG1,0.15291830897331238
CG2,0.14851707220077515
CH2,0.14411580562591553
CZ,0.14169715344905853
CZ2,0.15513870120048523
CZ3,0.16858026385307312
O,0.18202179670333862
OH,0.1954633593559265
OD1,0.20955443382263184
OD2,0.2236454337835312
OE1,0.23773646354675293
OE2,0.25182750821113586
OG,0.25022780895233154
OG1,0.24666674435138702
N,0.2431056946516037
NE,0.23954463005065918
NE1,0.23338235914707184
NE2,0.2264757752418518
ND1,0.21956922113895416
ND2,0.2126636505126953
NZ,0.20327089726924896
NH1,0.1926357001066208
NH2,0.18200036883354187
SD,0.1713651418685913
SG,0.16663867235183716
UNKNOWN,0.16663867235183716
