atom_index,is_real_atom,atom_type_from_onehot,importance
0,1,CG,10.297621726989746
1,1,CD2,10.297621726989746
2,1,O,10.342174530029297
3,1,CB,10.436371803283691
4,1,OG,10.53056812286377
5,1,N,10.62476634979248
6,1,CA,10.541793823242188
7,1,CB,10.213069915771484
8,1,CB,9.884347915649414
9,1,CG,9.555624008178711
10,1,CE1,9.318458557128906
11,1,CE2,9.240678787231445
12,1,CZ,9.162898063659668
13,1,OH,9.085114479064941
14,1,CG,9.00944709777832
15,1,CD1,8.93846321105957
16,1,CD2,8.867478370666504
17,1,O,8.796494483947754
18,1,CA,8.739810943603516
19,1,CB,8.724528312683105
20,1,OG1,8.709245681762695
21,1,CA,8.693961143493652
22,1,C,8.693860054016113
23,1,O,8.753470420837402
24,1,CD1,8.813081741333008
25,1,CE1,8.872692108154297
26,1,CZ,9.021079063415527
27,1,CA,9.677905082702637
28,1,CB,10.334735870361328
29,1,CB,10.991560935974121
30,1,CG2,11.577014923095703
31,1,CD,11.479320526123047
32,1,CE,11.381627082824707
33,1,NZ,11.283931732177734
34,1,C,11.176892280578613
35,1,O,10.848688125610352
36,1,CB,10.52048397064209
37,1,CG,10.192278861999512
38,1,CD2,9.864073753356934
39,1,CE2,9.685428619384766
40,1,N,9.508832931518555
41,1,CA,9.332234382629395
42,1,CG,9.15563678741455
43,1,CD1,9.009492874145508
44,1,CA,8.865555763244629
45,1,C,8.721619606018066
46,1,O,8.577681541442871
47,1,CB,8.336902618408203
48,1,N,8.082715034484863
49,1,CA,7.828526973724365
50,1,C,7.574337959289551
51,1,CB,7.333724498748779
52,1,CG,7.096004486083984
53,1,CD2,6.858283996582031
54,1,CE2,6.62056303024292
