atom_type,importance_sum
C,9.506424903869629
CA,9.506424903869629
CB,10.441784858703613
CD,12.546406745910645
CD1,14.650954246520996
CD2,16.75560760498047
CE,18.39518928527832
CE1,19.104572296142578
CE2,19.81410789489746
CE3,20.523500442504883
CG,20.99428367614746
CG1,20.62906837463379
CG2,20.26385498046875
CH2,19.898639678955078
CZ,19.64128875732422
CZ2,20.246816635131836
CZ3,20.852352142333984
O,21.4578857421875
OH,22.06342315673828
OD1,20.253631591796875
OD2,18.443849563598633
OE1,16.63402557373047
OE2,14.824197769165039
OG,15.07850170135498
OG1,15.590828895568848
N,16.1031494140625
NE,16.615501403808594
NE1,16.096214294433594
NE2,15.282255172729492
ND1,14.468291282653809
ND2,13.654258728027344
NZ,13.482237815856934
NH1,13.631114959716797
NH2,13.780058860778809
SD,13.928935050964355
SG,13.995095252990723
UNKNOWN,13.995095252990723
