atom_type,importance
C,0.09674768894910812
CA,0.09674768894910812
CB,0.10138010233640671
CD,0.11180350929498672
CD1,0.12222695350646973
CD2,0.13265018165111542
CE,0.142942875623703
CE1,0.1529744267463684
CE2,0.163006991147995
CE3,0.1730385422706604
CG,0.1787937730550766
CG1,0.16958200931549072
CG2,0.1603701263666153
CH2,0.15115831792354584
CZ,0.14495663344860077
CZ2,0.16283603012561798
CZ3,0.1807154268026352
O,0.1985948383808136
OH,0.216474249958992
OD1,0.2392798811197281
OD2,0.2620849609375
OE1,0.2848898470401764
OE2,0.30769461393356323
OG,0.3103255331516266
OG1,0.3104346692562103
N,0.3105437755584717
NE,0.3106529116630554
NE1,0.3005017936229706
NE2,0.28742071986198425
ND1,0.2743416726589203
ND2,0.26126059889793396
NZ,0.2555393874645233
NH1,0.25349679589271545
NH2,0.2514558732509613
SD,0.24941444396972656
SG,0.2485068440437317
UNKNOWN,0.2485068440437317
