atom_type,importance
C,0.19145670533180237
CA,0.19145670533180237
CB,0.2084626406431198
CD,0.24672630429267883
CD1,0.2849899232387543
CD2,0.32325348258018494
CE,0.3483002185821533
CE1,0.3469126522541046
CE2,0.3455252945423126
CE3,0.3441377878189087
CG,0.3352286219596863
CG1,0.29999205470085144
CG2,0.2647554278373718
CH2,0.22951896488666534
CZ,0.1979542374610901
CZ2,0.1957564353942871
CZ3,0.19355864822864532
O,0.19136084616184235
OH,0.18916304409503937
OD1,0.1932799071073532
OD2,0.19739682972431183
OE1,0.20151379704475403
OE2,0.2056306153535843
OG,0.2070109099149704
OG1,0.208049014210701
N,0.20908719301223755
NE,0.2101253718137741
NE1,0.21649155020713806
NE2,0.22438079118728638
ND1,0.23227053880691528
ND2,0.24015872180461884
NZ,0.23599423468112946
NH1,0.22580289840698242
NH2,0.21561169624328613
SD,0.20542079210281372
SG,0.20089098811149597
UNKNOWN,0.20089098811149597
