atom_index,is_real_atom,atom_type_from_onehot,importance
0,1,O,8.348001480102539
1,1,CB,8.348001480102539
2,1,CG1,8.338550567626953
3,1,CG2,8.318570137023926
4,1,O,8.298589706420898
5,1,CB,8.278608322143555
6,1,CG,8.20626449584961
7,1,CD2,8.061287879943848
8,1,N,7.916311740875244
9,1,CA,7.771335124969482
10,1,CB,7.7529754638671875
11,1,OG,7.955021858215332
12,1,CA,8.157069206237793
13,1,CA,8.359116554260254
14,1,C,8.394805908203125
15,1,O,8.06161880493164
16,1,CB,7.728431701660156
17,1,O,7.3952460289001465
18,1,CB,7.073823928833008
19,1,SG,6.786460876464844
20,1,N,6.4990973472595215
21,1,CA,6.211734771728516
22,1,C,5.95655632019043
23,1,O,5.827972888946533
24,1,CB,5.699390411376953
25,1,CG1,5.570808410644531
26,1,CG2,5.416727066040039
27,1,C,5.116614818572998
28,1,O,4.816500663757324
29,1,CB,4.516388416290283
30,1,CG,4.254154682159424
31,1,CD1,4.35448694229126
32,1,CD2,4.45482063293457
33,1,NE1,4.555152893066406
34,1,CE2,4.658116817474365
35,1,CE3,4.8233418464660645
36,1,CZ2,4.9885663986206055
37,1,CZ3,5.153791904449463
38,1,CH2,5.31901741027832
39,1,N,5.3549299240112305
40,1,CA,5.389070987701416
41,1,CB,5.423213481903076
42,1,CB,5.457355499267578
43,1,CG,4.899530410766602
44,1,CD2,4.2988128662109375
