atom_type,importance_sum
C,13.548568725585938
CA,13.548568725585938
CB,13.614336013793945
CD,13.762406349182129
CD1,13.910476684570312
CD2,14.058493614196777
CE,14.09292984008789
CE1,13.900138854980469
CE2,13.70734977722168
CE3,13.514564514160156
CG,13.703461647033691
CG1,15.2283296585083
CG2,16.75322914123535
CH2,18.278118133544922
CZ,19.629150390625
CZ2,19.589542388916016
CZ3,19.549928665161133
O,19.510326385498047
OH,19.470714569091797
OD1,19.01484489440918
OD2,18.5589656829834
OE1,18.103090286254883
OE2,17.647216796875
OG,17.46537208557129
OG1,17.317787170410156
N,17.17020034790039
NE,17.02259635925293
NE1,16.992109298706055
NE2,16.995040893554688
ND1,16.99802589416504
ND2,17.00103187561035
NZ,16.106027603149414
NH1,14.762123107910156
NH2,13.418161392211914
SD,12.074257850646973
SG,11.476948738098145
UNKNOWN,11.476948738098145
