atom_type,importance
C,0.24162264168262482
CA,0.24162264168262482
CB,0.25325465202331543
CD,0.279427170753479
CD1,0.3056011199951172
CD2,0.331773579120636
CE,0.34112071990966797
CE1,0.31681564450263977
CE2,0.2925107181072235
CE3,0.26820728182792664
CG,0.2477872222661972
CG1,0.24096432328224182
CG2,0.23414157330989838
CH2,0.22731874883174896
CZ,0.22210082411766052
CZ2,0.22972215712070465
CZ3,0.2373434156179428
O,0.24496488273143768
OH,0.25258609652519226
OD1,0.25364893674850464
OD2,0.25471174716949463
OE1,0.255774587392807
OE2,0.25683727860450745
OG,0.25582650303840637
OG1,0.25455644726753235
N,0.2532864511013031
NE,0.25201642513275146
NE1,0.25265803933143616
NE2,0.25384393334388733
ND1,0.2550317347049713
ND2,0.25621941685676575
NZ,0.2557835578918457
NH1,0.2545367479324341
NH2,0.2532914876937866
SD,0.2520446479320526
SG,0.25149020552635193
UNKNOWN,0.25149020552635193
