atom_type,importance_sum
C,3.4057698249816895
CA,3.4057698249816895
CB,3.974653959274292
CD,5.254646301269531
CD1,6.534639358520508
CD2,7.814674377441406
CE,8.661077499389648
CE1,8.640341758728027
CE2,8.619603157043457
CE3,8.59886646270752
CG,8.87345027923584
CG1,10.181685447692871
CG2,11.489937782287598
CH2,12.798192977905273
CZ,14.160088539123535
CZ2,15.951151847839355
CZ3,17.742218017578125
O,19.53328514099121
OH,21.32434844970703
OD1,19.51139259338379
OD2,17.69843101501465
OE1,15.885477066040039
OE2,14.07252025604248
OG,14.400019645690918
OG1,14.995076179504395
N,15.590137481689453
NE,16.18519401550293
NE1,15.866242408752441
NE2,15.28618335723877
ND1,14.706039428710938
ND2,14.125980377197266
NZ,14.625555992126465
NH1,15.665037155151367
NH2,16.704418182373047
SD,17.74382209777832
SG,18.205842971801758
UNKNOWN,18.205842971801758
