atom_type,importance_sum
C,9.055232048034668
CA,9.055232048034668
CB,9.508902549743652
CD,10.529623031616211
CD1,11.550414085388184
CD2,12.5711088180542
CE,13.529228210449219
CE1,14.362200736999512
CE2,15.195075035095215
CE3,16.02794647216797
CG,16.536975860595703
CG1,15.912259101867676
CG2,15.287566184997559
CH2,14.662872314453125
CZ,14.10184383392334
CZ2,14.050140380859375
CZ3,13.998435020446777
O,13.946734428405762
OH,13.895030975341797
OD1,13.16220760345459
OD2,12.429378509521484
OE1,11.696555137634277
OE2,10.963729858398438
OG,10.979979515075684
OG1,11.089865684509277
N,11.199748039245605
NE,11.309632301330566
NE1,11.897244453430176
NE2,12.621171951293945
ND1,13.345194816589355
ND2,14.069217681884766
NZ,14.251974105834961
NH1,14.16400146484375
NH2,14.076128959655762
SD,13.988155364990234
SG,13.949132919311523
UNKNOWN,13.949132919311523
