atom_index,is_real_atom,atom_type_from_onehot,importance
0,1,CA,5.287779331207275
1,1,C,5.287779331207275
2,1,O,5.2146525382995605
3,1,CB,5.060037136077881
4,1,CG,4.905423164367676
5,1,CD1,4.750808238983154
6,1,CD2,4.695076942443848
7,1,CE1,4.776507377624512
8,1,CZ,4.857938289642334
9,1,CB,4.939368724822998
10,1,CG,5.057037353515625
11,1,SD,5.237787246704102
12,1,CE,5.418537139892578
13,1,N,5.5992865562438965
14,1,CA,5.644828796386719
15,1,CB,5.390566825866699
16,1,CG2,5.136302471160889
17,1,CG,4.882039546966553
18,1,SD,4.62418794631958
19,1,CE,4.355947971343994
20,1,CA,4.087707996368408
21,1,C,3.8194680213928223
22,1,O,3.5922327041625977
23,1,CB,3.526283025741577
24,1,CG,3.4603323936462402
25,1,CD1,3.3943827152252197
26,1,CD2,3.3539810180664062
27,1,CE1,3.4599051475524902
28,1,CE2,3.5658295154571533
29,1,CZ,3.6717538833618164
30,1,C,3.752410650253296
31,1,O,3.5912230014801025
32,1,CB,3.430034637451172
33,1,CG,3.2688467502593994
34,1,CD1,3.1071557998657227
35,1,CD2,2.933563470840454
36,1,N,2.7599713802337646
37,1,CA,2.586379051208496
38,1,CB,2.4127867221832275
39,1,CG,2.417567014694214
40,1,CD1,2.424790382385254
41,1,CB,2.432013511657715
42,1,CG,2.439237117767334
43,1,CD1,2.5020198822021484
44,1,CD2,2.5688283443450928
45,1,CE1,2.635637044906616
46,1,CZ,2.7024452686309814
47,1,CD2,2.6259148120880127
48,1,O,2.5295379161834717
49,1,CG1,2.4331610202789307
50,1,CD1,2.3367838859558105
51,1,CE1,2.4282186031341553
52,1,CZ,2.5596771240234375
53,1,CD1,2.6911368370056152
54,1,CD2,2.8225960731506348
55,1,CE1,2.722322940826416
56,1,CE2,2.5529379844665527
57,1,CZ,2.383551836013794
58,1,OH,2.2141661643981934
59,1,CB,2.182436943054199
60,1,CG,2.2052502632141113
61,1,CD1,2.2280640602111816
62,1,CD2,2.2508773803710938
63,1,CE1,2.2443461418151855
64,1,CE2,2.2228431701660156
65,1,CZ,2.2013399600982666
66,1,CB,2.1798367500305176
67,1,CG1,2.2129828929901123
68,1,CG2,2.2813475131988525
69,1,CG,2.3497111797332764
70,1,CD2,2.4180750846862793
71,1,CB,2.463027000427246
72,1,CG1,2.4891347885131836
73,1,CG2,2.515242576599121
74,1,CG1,2.5413501262664795
75,1,CD1,2.5431785583496094
