atom_type,importance_sum
C,3.0340166091918945
CA,3.0340166091918945
CB,3.260373115539551
CD,3.769688844680786
CD1,4.278984546661377
CD2,4.788294792175293
CE,5.281118869781494
CE1,5.740853786468506
CE2,6.20064115524292
CE3,6.660429000854492
CG,7.236362457275391
CG1,8.219095230102539
CG2,9.201778411865234
CH2,10.184456825256348
CZ,11.042712211608887
CZ2,10.9055757522583
CZ3,10.76843547821045
O,10.631294250488281
OH,10.494157791137695
OD1,9.349015235900879
OD2,8.203876495361328
OE1,7.058682441711426
OE2,5.913543224334717
OG,5.3130202293396
OG1,4.780571937561035
N,4.248125076293945
NE,3.7156801223754883
NE1,3.916074514389038
NE2,4.3258376121521
ND1,4.735627174377441
ND2,5.145415782928467
NZ,5.454409122467041
NH1,5.713006496429443
NH2,5.971655368804932
SD,6.230252742767334
SG,6.34518575668335
UNKNOWN,6.34518575668335
