atom_index,is_real_atom,atom_type_from_onehot,importance
0,1,CD1,11.193304061889648
1,1,CE1,11.193304061889648
2,1,CZ,11.172383308410645
3,1,OH,11.128150939941406
4,1,SD,11.083916664123535
5,1,CE,11.03968334197998
6,1,CG,11.114158630371094
7,1,ND1,11.353291511535645
8,1,CD2,11.592423439025879
9,1,CE1,11.831554412841797
10,1,NE2,11.816512107849121
11,1,CB,11.359018325805664
12,1,CG1,10.901524543762207
13,1,CG2,10.444029808044434
14,1,CD1,10.022234916687012
15,1,CZ,9.679603576660156
16,1,CD2,9.336971282958984
17,1,NE1,8.994340896606445
18,1,CE2,8.624650955200195
19,1,CE3,8.17663288116455
20,1,CZ2,7.7286152839660645
21,1,CZ3,7.280598163604736
22,1,CH2,6.834066390991211
