atom_type,importance
C,0.12875361740589142
CA,0.12875361740589142
CB,0.13422836363315582
CD,0.14654384553432465
CD1,0.158860445022583
CD2,0.1711769849061966
CE,0.18117083609104156
CE1,0.18652114272117615
CE2,0.19187042117118835
CE3,0.1972208172082901
CG,0.19776023924350739
CG1,0.18146415054798126
CG2,0.16516795754432678
CH2,0.14887185394763947
CZ,0.13585859537124634
CZ2,0.14910778403282166
CZ3,0.16235701739788055
O,0.17560629546642303
OH,0.18885546922683716
OD1,0.1901446431875229
OD2,0.19143375754356384
OE1,0.1927228718996048
OE2,0.19401200115680695
OG,0.18812263011932373
OG1,0.181335911154747
N,0.17454926669597626
NE,0.1677626222372055
NE1,0.16216909885406494
NE2,0.15691635012626648
ND1,0.151664599776268
ND2,0.14641176164150238
NZ,0.14776362478733063
NH1,0.15241828560829163
NH2,0.15707188844680786
SD,0.16172656416893005
SG,0.16379494965076447
UNKNOWN,0.16379494965076447
