atom_type,importance
C,0.12170486152172089
CA,0.12170486152172089
CB,0.12683813273906708
CD,0.13838724792003632
CD1,0.14993742108345032
CD2,0.16148655116558075
CE,0.16725470125675201
CE1,0.16145993769168854
CE2,0.15566612780094147
CE3,0.149871364235878
CG,0.14876332879066467
CG1,0.1640586107969284
CG2,0.1793539822101593
CH2,0.19464924931526184
CZ,0.2094188630580902
CZ2,0.21998298168182373
CZ3,0.23054713010787964
O,0.24111132323741913
OH,0.2516755163669586
OD1,0.24459470808506012
OD2,0.2375139594078064
OE1,0.23043319582939148
OE2,0.22335247695446014
OG,0.20505692064762115
OG1,0.1853594183921814
N,0.1656620055437088
NE,0.1459645926952362
NE1,0.13420037925243378
NE2,0.12470247596502304
ND1,0.11520445346832275
ND2,0.10570628196001053
NZ,0.10469584167003632
NH1,0.10792937874794006
NH2,0.11116296052932739
SD,0.11439654231071472
SG,0.11583366245031357
UNKNOWN,0.11583366245031357
