atom_type,importance_sum
C,1.8619967699050903
CA,1.8619967699050903
CB,2.2828667163848877
CD,3.2298431396484375
CD1,4.176800727844238
CD2,5.123757839202881
CE,5.832551002502441
CE1,6.064894199371338
CE2,6.297278881072998
CE3,6.529664039611816
CG,7.003378391265869
CG1,8.321598052978516
CG2,9.63981819152832
CH2,10.958037376403809
CZ,12.245606422424316
CZ2,13.287965774536133
CZ3,14.330323219299316
O,15.372681617736816
OH,16.4150447845459
OD1,14.295235633850098
OD2,12.175423622131348
OE1,10.055615425109863
OE2,7.935807704925537
OG,7.700085163116455
OG1,7.699874401092529
N,7.69966459274292
NE,7.6994547843933105
NE1,7.7549943923950195
NE2,7.82644510269165
ND1,7.897937297821045
ND2,7.969385623931885
NZ,7.8249430656433105
NH1,7.572535514831543
NH2,7.320125102996826
SD,7.067716598510742
SG,6.955516338348389
UNKNOWN,6.955516338348389
