atom_type,importance
C,0.08512788265943527
CA,0.08512788265943527
CB,0.08794844895601273
CD,0.09429460763931274
CD1,0.1006413921713829
CD2,0.10698749870061874
CE,0.11259689182043076
CE1,0.11673370003700256
CE2,0.12086968868970871
CE3,0.12500566244125366
CG,0.1312795877456665
CG1,0.14503781497478485
CG2,0.15879607200622559
CH2,0.17255423963069916
CZ,0.1849820911884308
CZ2,0.1867666244506836
CZ3,0.18855111300945282
O,0.19033566117286682
OH,0.19212016463279724
OD1,0.1799624264240265
OD2,0.16780467331409454
OE1,0.15564695000648499
OE2,0.14348916709423065
OG,0.13702096045017242
OG1,0.13126401603221893
N,0.12550710141658783
NE,0.11975013464689255
NE1,0.12167919427156448
NE2,0.12580260634422302
ND1,0.12992607057094574
ND2,0.13405083119869232
NZ,0.1376017928123474
NH1,0.14086857438087463
NH2,0.14413407444953918
SD,0.1474008560180664
SG,0.14885196089744568
UNKNOWN,0.14885196089744568
