atom_type,importance
C,0.1206921860575676
CA,0.1206921860575676
CB,0.1282413750886917
CD,0.1452258974313736
CD1,0.16221041977405548
CD2,0.17919501662254333
CE,0.19306284189224243
CE1,0.2006981074810028
CE2,0.20833322405815125
CE3,0.21596774458885193
CG,0.22245842218399048
CG1,0.22494496405124664
CG2,0.227431520819664
CH2,0.22991803288459778
CZ,0.23126281797885895
CZ2,0.22347353398799896
CZ3,0.21568432450294495
O,0.20789514482021332
OH,0.20010583102703094
OD1,0.21575956046581268
OD2,0.23141317069530487
OE1,0.24706675112247467
OE2,0.2627204656600952
OG,0.27183905243873596
OG1,0.28014087677001953
N,0.2884425222873688
NE,0.2967442274093628
NE1,0.28833916783332825
NE2,0.2751595377922058
ND1,0.26198121905326843
ND2,0.24880149960517883
NZ,0.2327018529176712
NH1,0.2151401787996292
NH2,0.19757838547229767
SD,0.18001732230186462
SG,0.17221254110336304
UNKNOWN,0.17221255600452423
