atom_index,is_real_atom,atom_type_from_onehot,importance
0,1,CB,11.5477294921875
1,1,CG2,11.5477294921875
2,1,CA,11.64272403717041
3,1,C,11.843574523925781
4,1,O,12.044421195983887
5,1,CB,12.245269775390625
6,1,N,12.283063888549805
7,1,CA,12.094687461853027
8,1,CG,11.906310081481934
9,1,CD1,11.717933654785156
10,1,CE1,11.527402877807617
11,1,CZ,11.333118438720703
12,1,OH,11.138836860656738
13,1,CA,10.944554328918457
14,1,CB,10.863478660583496
15,1,OG,11.03342056274414
16,1,CD1,11.203364372253418
17,1,CD1,11.373310089111328
18,1,CD1,11.527225494384766
19,1,CE1,11.634747505187988
20,1,CZ,11.742268562316895
21,1,CB,11.849790573120117
22,1,CG,11.941112518310547
23,1,CD1,11.968708992004395
24,1,CE1,11.996304512023926
25,1,CZ,12.02390193939209
26,1,N,12.010502815246582
27,1,CA,11.762306213378906
28,1,CB,11.514107704162598
29,1,CG,11.265910148620605
30,1,NE,10.979509353637695
