atom_type,importance_sum
C,9.901681900024414
CA,9.901681900024414
CB,10.409700393676758
CD,11.552797317504883
CD1,12.695905685424805
CD2,13.838918685913086
CE,14.620670318603516
CE1,14.679722785949707
CE2,14.73886775970459
CE3,14.797920227050781
CG,14.937969207763672
CG1,15.36132526397705
CG2,15.784683227539062
CH2,16.208040237426758
CZ,16.602201461791992
CZ2,16.762657165527344
CZ3,16.923114776611328
O,17.083568572998047
OH,17.24402618408203
OD1,16.925495147705078
OD2,16.606964111328125
OE1,16.28843116760254
OE2,15.969911575317383
OG,15.924996376037598
OG1,15.914289474487305
N,15.903575897216797
NE,15.892865180969238
NE1,15.673933029174805
NE2,15.395586967468262
ND1,15.117244720458984
ND2,14.838805198669434
NZ,14.179715156555176
NH1,13.330254554748535
NH2,12.480792045593262
SD,11.63134479522705
SG,11.253824234008789
UNKNOWN,11.253824234008789
