atom_type,importance
C,0.0698738694190979
CA,0.0698738694190979
CB,0.07329903542995453
CD,0.08100497722625732
CD1,0.0887114480137825
CD2,0.0964173823595047
CE,0.10234729945659637
CE1,0.10472466051578522
CE2,0.10710199922323227
CE3,0.10947934538125992
CG,0.11385512351989746
CG1,0.12522536516189575
CG2,0.13659563660621643
CH2,0.14796584844589233
CZ,0.15929672122001648
CZ2,0.17031197249889374
CZ3,0.18132717907428741
O,0.19234243035316467
OH,0.20335766673088074
OD1,0.20283840596675873
OD2,0.2023191750049591
OE1,0.20179986953735352
OE2,0.2012806534767151
OG,0.19572018086910248
OG1,0.18952950835227966
N,0.18333882093429565
NE,0.17714819312095642
NE1,0.19178776443004608
NE2,0.21237751841545105
ND1,0.23296837508678436
ND2,0.2535581588745117
NZ,0.25387856364250183
NH1,0.24406209588050842
NH2,0.2342456579208374
SD,0.22442921996116638
SG,0.22006617486476898
UNKNOWN,0.22006617486476898
