atom_type,importance
C,0.12386001646518707
CA,0.12386001646518707
CB,0.1273818463087082
CD,0.13530385494232178
CD1,0.14322695136070251
CD2,0.15115006268024445
CE,0.15426406264305115
CE1,0.14775873720645905
CE2,0.14125452935695648
CE3,0.13474924862384796
CG,0.13312701880931854
CG1,0.14859120547771454
CG2,0.1640554517507553
CH2,0.1795196384191513
CZ,0.19606348872184753
CZ2,0.22124361991882324
CZ3,0.24642466008663177
O,0.2716057300567627
OH,0.2967868745326996
OD1,0.29156407713890076
OD2,0.2863411605358124
OE1,0.28111833333969116
OE2,0.27589553594589233
OG,0.26391276717185974
OG1,0.2510848939418793
N,0.23825713992118835
NE,0.2254294604063034
NE1,0.2051771879196167
NE2,0.18280352652072906
ND1,0.16042982041835785
ND2,0.1380561739206314
NZ,0.13414734601974487
NH1,0.1394699215888977
NH2,0.1447935700416565
SD,0.1501162201166153
SG,0.1524820774793625
UNKNOWN,0.1524820774793625
