atom_index,is_real_atom,atom_type_from_onehot,importance
0,1,CD2,10.438960075378418
1,1,CD1,10.438960075378418
2,1,CB,10.653560638427734
3,1,CG1,11.107283592224121
4,1,N,11.561006546020508
5,1,CA,12.014729499816895
6,1,O,12.164852142333984
7,1,CB,11.893852233886719
8,1,CG,11.622849464416504
9,1,CD,11.351848602294922
10,1,CA,11.317436218261719
11,1,C,11.694864273071289
12,1,CB,12.072290420532227
13,1,CG1,12.449716567993164
14,1,CD1,12.712291717529297
15,1,CB,12.720202445983887
16,1,CG1,12.728116035461426
17,1,CG2,12.736027717590332
18,1,CG1,12.514896392822266
19,1,O,11.630754470825195
20,1,CB,10.74660873413086
21,1,OG,9.862468719482422
