atom_type,importance_sum
C,10.304588317871094
CA,10.304588317871094
CB,10.765854835510254
CD,11.803918838500977
CD1,12.84187126159668
CD2,13.879928588867188
CE,14.211627960205078
CE1,13.130593299865723
CE2,12.049670219421387
CE3,10.968637466430664
CG,10.119049072265625
CG1,10.079283714294434
CG2,10.039522171020508
CH2,9.999754905700684
CZ,9.99602222442627
CZ2,10.280529022216797
CZ3,10.56503677368164
O,10.849542617797852
OH,11.134050369262695
OD1,10.46164608001709
OD2,9.789240837097168
OE1,9.116836547851562
OE2,8.444463729858398
OG,8.777215003967285
OG1,9.235621452331543
N,9.694037437438965
NE,10.15245532989502
NE1,9.635083198547363
NE2,8.83888053894043
ND1,8.042594909667969
ND2,7.246401309967041
NZ,7.222476959228516
NH1,7.584739685058594
NH2,7.946951866149902
SD,8.30921459197998
SG,8.47019100189209
UNKNOWN,8.47019100189209
