atom_type,importance
C,0.16510750353336334
CA,0.16510750353336334
CB,0.1652863621711731
CD,0.16568709909915924
CD1,0.166087806224823
CD2,0.16648846864700317
CE,0.16611653566360474
CE1,0.16419509053230286
CE2,0.16227471828460693
CE3,0.16035327315330505
CG,0.16136564314365387
CG1,0.17264394462108612
CG2,0.18392229080200195
CH2,0.195200577378273
CZ,0.20688748359680176
CZ2,0.22184346616268158
CZ3,0.23679931461811066
O,0.2517552077770233
OH,0.2667110860347748
OD1,0.2553804814815521
OD2,0.2440498024225235
OE1,0.23271919786930084
OE2,0.22138865292072296
OG,0.20110689103603363
OG1,0.17970632016658783
N,0.15830574929714203
NE,0.13690517842769623
NE1,0.12508878111839294
NE2,0.11601167172193527
ND1,0.10693355649709702
ND2,0.09785596281290054
NZ,0.09503266960382462
NH1,0.09533603489398956
NH2,0.09563985466957092
SD,0.09594371914863586
SG,0.09607850760221481
UNKNOWN,0.09607850760221481
