atom_type,importance
C,0.09795229882001877
CA,0.09795229882001877
CB,0.10182636976242065
CD,0.11054319888353348
CD1,0.11925987154245377
CD2,0.12797710299491882
CE,0.13362541794776917
CE1,0.13313452899456024
CE2,0.1326448768377304
CE3,0.1321539431810379
CG,0.13400910794734955
CG1,0.1440722644329071
CG2,0.15413540601730347
CH2,0.16419854760169983
CZ,0.17438526451587677
CZ2,0.18556049466133118
CZ3,0.19673576951026917
O,0.20791102945804596
OH,0.21908630430698395
OD1,0.2055823653936386
OD2,0.19207853078842163
OE1,0.1785745918750763
OE2,0.16507066786289215
OG,0.14961394667625427
OG1,0.133913055062294
N,0.11821220070123672
NE,0.10251134634017944
NE1,0.09851212054491043
NE2,0.09785571694374084
ND1,0.09719930589199066
ND2,0.09654291719198227
NZ,0.10167693346738815
NH1,0.10970646142959595
NH2,0.11773616820573807
SD,0.12576553225517273
SG,0.1293342411518097
UNKNOWN,0.1293342411518097
