atom_index,is_real_atom,atom_type_from_onehot,importance
0,1,CD1,9.10735034942627
1,1,CE1,9.10735034942627
2,1,CD,9.43486499786377
3,1,NE,10.127325057983398
4,1,CZ,10.819786071777344
5,1,NH2,11.512245178222656
6,1,NZ,11.6627779006958
7,1,CD1,11.061607360839844
8,1,CE1,10.460433006286621
9,1,CE2,9.859262466430664
10,1,CZ,9.414997100830078
11,1,CB,9.24386978149414
12,1,CB,9.07274341583252
13,1,CG,8.90161418914795
14,1,CD1,8.817091941833496
15,1,CD2,8.924602508544922
16,1,CE1,9.03211498260498
17,1,CE2,9.13962459564209
18,1,CZ,9.243817329406738
19,1,N,9.338399887084961
20,1,CB,9.432981491088867
21,1,CG,9.527563095092773
22,1,OD1,9.478297233581543
23,1,ND2,8.86323070526123
