atom_type,importance_sum
C,5.0808868408203125
CA,5.0808868408203125
CB,5.281091213226318
CD,5.731544494628906
CD1,6.182000160217285
CD2,6.6324543952941895
CE,7.000217914581299
CE1,7.202493190765381
CE2,7.404817581176758
CE3,7.607147693634033
CG,7.877959251403809
CG1,8.388644218444824
CG2,8.89927864074707
CH2,9.409914016723633
CZ,9.832277297973633
CZ2,9.54848861694336
CZ3,9.26469612121582
O,8.980910301208496
OH,8.697118759155273
OD1,8.3970308303833
OD2,8.096943855285645
OE1,7.796804428100586
OE2,7.496715068817139
OG,7.167447566986084
OG1,6.834530353546143
N,6.501615047454834
NE,6.168697834014893
NE1,6.2434468269348145
NE2,6.43463659286499
ND1,6.625829219818115
ND2,6.817073345184326
NZ,7.620824337005615
NH1,8.73089599609375
NH2,9.84088134765625
SD,10.950961112976074
SG,11.44426155090332
UNKNOWN,11.44426155090332
