atom_index,is_real_atom,atom_type_from_onehot,importance
0,1,CD2,7.569793701171875
1,1,CE2,7.569793701171875
2,1,CZ,7.5406670570373535
3,1,CD1,7.479084014892578
4,1,CG2,7.4175004959106445
5,1,N,7.355917930603027
6,1,CA,7.101408004760742
7,1,O,6.579290866851807
8,1,CB,6.057173252105713
9,1,CG1,5.535055160522461
10,1,CG2,5.2440948486328125
11,1,CD1,5.355515956878662
12,1,CB,5.466938495635986
13,1,CG1,5.578360080718994
14,1,CG2,5.718440055847168
15,1,N,5.9220662117004395
16,1,CA,6.125692367553711
17,1,CB,6.329317092895508
18,1,CG,6.47233247756958
19,1,CE,6.439898490905762
20,1,CE3,6.407464504241943
21,1,CZ2,6.375029563903809
22,1,CZ3,6.323461532592773
23,1,CH2,6.196633338928223
24,1,CA,6.0698065757751465
25,1,C,5.942979335784912
26,1,O,5.813556671142578
27,1,CB,5.669276237487793
28,1,CG,5.524995803833008
29,1,N,5.3807148933410645
30,1,CA,5.236263275146484
31,1,CB,5.090171813964844
32,1,CG,4.944079875946045
33,1,CD1,4.797989368438721
34,1,CD2,4.6555376052856445
35,1,NE1,4.5992021560668945
36,1,CE2,4.542868137359619
37,1,CE3,4.486532688140869
38,1,CZ2,4.430197715759277
39,1,CZ3,4.692210674285889
40,1,CH2,4.958583354949951
41,1,CB,5.22495698928833
42,1,CG,5.491330146789551
43,1,CD2,5.760220527648926
44,1,CD2,6.029293537139893
45,1,CG2,6.298365116119385
46,1,CD1,6.56743860244751
47,1,CB,6.6299614906311035
48,1,CG,6.663886070251465
49,1,SD,6.697810649871826
50,1,CE,6.731735706329346
51,1,CD2,6.442866802215576
52,1,CE1,6.085208892822266
53,1,CE2,5.727549076080322
54,1,CZ,5.369888782501221
