atom_type,importance
C,0.07161377370357513
CA,0.07161377370357513
CB,0.07303378731012344
CD,0.07622898370027542
CD1,0.0794241726398468
CD2,0.08261937648057938
CE,0.08544275909662247
CE1,0.08752129226922989
CE2,0.08960048854351044
CE3,0.09167901426553726
CG,0.09596556425094604
CG1,0.1079772412776947
CG2,0.11998959630727768
CH2,0.13200192153453827
CZ,0.14332962036132812
CZ2,0.14918027818202972
CZ3,0.15503089129924774
O,0.16088150441646576
OH,0.16673213243484497
OD1,0.15647007524967194
OD2,0.14620807766914368
OE1,0.13594603538513184
OE2,0.12568403780460358
OG,0.121184803545475
OG1,0.1174059584736824
N,0.11362715065479279
NE,0.1098482757806778
NE1,0.10298328101634979
NE2,0.09523666650056839
ND1,0.08748936653137207
ND2,0.07974269986152649
NZ,0.07499600946903229
NH1,0.07175027579069138
NH2,0.0685039758682251
SD,0.06525810062885284
SG,0.06381526589393616
UNKNOWN,0.06381526589393616
