atom_index,is_real_atom,atom_type_from_onehot,importance
0,1,O,8.685794830322266
1,1,CB,8.685794830322266
2,1,SD,8.99010944366455
3,1,CE,9.63351821899414
4,1,CG,10.276927947998047
5,1,CD2,10.920337677001953
6,1,CE2,11.12576961517334
7,1,CB,10.723686218261719
8,1,CG2,10.32160472869873
9,1,NH2,9.919523239135742
10,1,CD2,9.55424976348877
11,1,CB,9.253061294555664
12,1,CG1,8.95186996459961
13,1,CG2,8.650680541992188
14,1,CD1,8.297965049743652
15,1,CE2,7.831003189086914
16,1,CG,7.364040374755859
17,1,CD1,6.897077560424805
18,1,CD2,6.423861980438232
