atom_type,importance_sum
C,7.438897132873535
CA,7.438897132873535
CB,7.834881782531738
CD,8.72586441040039
CD1,9.61682415008545
CD2,10.507716178894043
CE,10.96788215637207
CE1,10.566084861755371
CE2,10.164399147033691
CE3,9.762714385986328
CG,9.588247299194336
CG1,10.208890914916992
CG2,10.829537391662598
CH2,11.450181007385254
CZ,11.906854629516602
CZ2,11.051774024963379
CZ3,10.196694374084473
O,9.341609954833984
OH,8.486495018005371
OD1,7.299755096435547
OD2,6.113029479980469
OE1,4.926306247711182
OE2,3.7395832538604736
OG,3.4923644065856934
OG1,3.3625845909118652
N,3.232804536819458
NE,3.1030242443084717
NE1,3.337214946746826
NE2,3.6753997802734375
ND1,4.0135579109191895
ND2,4.351742744445801
NZ,5.431426048278809
NH1,6.881900787353516
NH2,8.332332611083984
SD,9.782793998718262
SG,10.42747974395752
UNKNOWN,10.42747974395752
