atom_type,importance
C,0.07959772646427155
CA,0.07959772646427155
CB,0.08261478692293167
CD,0.08940300345420837
CD1,0.09619177877902985
CD2,0.10297998040914536
CE,0.10800879448652267
CE1,0.10951776057481766
CE2,0.11102721840143204
CE3,0.1125364825129509
CG,0.11360868066549301
CG1,0.11315367370843887
CG2,0.11269862204790115
CH2,0.11224362999200821
CZ,0.11384465545415878
CZ2,0.13189393281936646
CZ3,0.14994321763515472
O,0.1679925173521042
OH,0.18604180216789246
OD1,0.1990329623222351
OD2,0.21202421188354492
OE1,0.22501546144485474
OE2,0.23800666630268097
OG,0.23064710199832916
OG1,0.22074364125728607
N,0.21084018051624298
NE,0.20093676447868347
NE1,0.2102673500776291
NE2,0.22509440779685974
ND1,0.2399214208126068
ND2,0.25474604964256287
NZ,0.2525673806667328
NH1,0.2418869286775589
NH2,0.2312043309211731
SD,0.22052159905433655
SG,0.21577471494674683
UNKNOWN,0.21577471494674683
