atom_index,is_real_atom,atom_type_from_onehot,importance
0,1,CE,7.953027248382568
1,1,OD1,7.953027248382568
2,1,CB,7.927622318267822
3,1,CG,7.873911380767822
4,1,CD,7.820201396942139
5,1,CA,7.766490459442139
6,1,C,7.584142208099365
7,1,O,7.223359107971191
8,1,CB,6.862576484680176
9,1,CG,6.50179386138916
10,1,CD,6.235284328460693
11,1,OE1,6.1328816413879395
12,1,NE2,6.030478000640869
13,1,C,5.928074836730957
14,1,O,5.679661273956299
15,1,CB,5.107482433319092
16,1,N,4.53530216217041
17,1,CA,3.9631237983703613
18,1,O,3.5256214141845703
19,1,CB,3.4779744148254395
20,1,CD1,3.4303269386291504
21,1,CA,3.3826804161071777
22,1,C,3.359943389892578
23,1,O,3.4351871013641357
24,1,CB,3.5104310512542725
25,1,CG,3.585675001144409
26,1,OD1,3.650477647781372
27,1,ND2,3.6554787158966064
28,1,N,3.6604807376861572
29,1,CA,3.6654818058013916
30,1,CG,3.6614603996276855
31,1,CD2,3.5710768699645996
32,1,CA,3.4806928634643555
33,1,C,3.3903093338012695
34,1,CB,3.303887128829956
35,1,CG,3.311223030090332
36,1,CD,3.318558931350708
37,1,N,3.325895071029663
38,1,CA,3.333230972290039
39,1,CB,3.10628604888916
40,1,CD2,2.876133441925049
41,1,CE1,2.645979404449463
42,1,CE2,2.415825843811035
43,1,CZ,2.301086664199829
44,1,CB,2.1947109699249268
45,1,CG,2.088334798812866
46,1,CD1,1.9819586277008057
47,1,CD2,2.1357460021972656
48,1,CE1,2.3255550861358643
49,1,CE2,2.5153651237487793
50,1,CZ,2.7051749229431152
51,1,CD2,3.054699420928955
52,1,CE2,3.4382596015930176
53,1,CZ,3.821821451187134
54,1,CB,4.20538330078125
55,1,OG1,4.373224258422852
56,1,CG2,4.4767279624938965
57,1,C,4.580230236053467
58,1,O,4.6837334632873535
59,1,CD2,4.46047306060791
60,1,C,4.107743263244629
61,1,O,3.755012035369873
62,1,N,3.4022815227508545
63,1,CA,3.163853406906128
64,1,C,2.983743190765381
65,1,O,2.8036324977874756
66,1,N,2.6235218048095703
67,1,CA,2.6399223804473877
68,1,CB,2.7829649448394775
69,1,OG,2.926006317138672
70,1,CG,3.069047689437866
71,1,CD,3.278207778930664
72,1,CD2,3.540583372116089
73,1,CE1,3.8029608726501465
74,1,CE2,4.065335750579834
75,1,CZ,4.055046081542969
76,1,CD1,3.772087574005127
