atom_type,importance_sum
C,5.5228705406188965
CA,5.5228705406188965
CB,5.589720726013184
CD,5.740178108215332
CD1,5.8906097412109375
CD2,6.0410661697387695
CE,6.514389991760254
CE1,7.633487224578857
CE2,8.752559661865234
CE3,9.871626853942871
CG,10.6944580078125
CG1,10.480463981628418
CG2,10.26646900177002
CH2,10.05247688293457
CZ,9.920483589172363
CZ2,10.44449234008789
CZ3,10.968504905700684
O,11.49251651763916
OH,12.01652717590332
OD1,11.519926071166992
OD2,11.02332592010498
OE1,10.526721000671387
OE2,10.030117988586426
OG,10.185630798339844
OG1,10.422656059265137
N,10.659684181213379
NE,10.896706581115723
NE1,10.203197479248047
NE2,9.243799209594727
ND1,8.28434944152832
ND2,7.324950218200684
NZ,7.700611114501953
NH1,8.743788719177246
NH2,9.786937713623047
SD,10.830142974853516
SG,11.293757438659668
UNKNOWN,11.293757438659668
