atom_type,importance_sum
C,8.823214530944824
CA,8.823214530944824
CB,9.17743968963623
CD,9.974316596984863
CD1,10.771194458007812
CD2,11.568066596984863
CE,12.208181381225586
CE1,12.534629821777344
CE2,12.861153602600098
CE3,13.18759536743164
CG,13.290637016296387
CG1,12.611632347106934
CG2,11.932621002197266
CH2,11.25361442565918
CZ,10.712182998657227
CZ2,11.271361351013184
CZ3,11.830537796020508
O,12.389710426330566
OH,12.948885917663574
OD1,13.098015785217285
OD2,13.247146606445312
OE1,13.39627456665039
OE2,13.545403480529785
OG,13.598000526428223
OG1,13.638531684875488
N,13.679062843322754
NE,13.719594955444336
NE1,13.433079719543457
NE2,13.05312728881836
ND1,12.673096656799316
ND2,12.293145179748535
NZ,12.097628593444824
NH1,11.99437427520752
NH2,11.891045570373535
SD,11.787788391113281
SG,11.741928100585938
UNKNOWN,11.741928100585938
