atom_type,importance
C,0.04955204948782921
CA,0.04955204948782921
CB,0.05061879754066467
CD,0.05301908031105995
CD1,0.055419355630874634
CD2,0.05781958997249603
CE,0.06094727665185928
CE1,0.06552939116954803
CE2,0.07011149078607559
CE3,0.07469365745782852
CG,0.07923531532287598
CG1,0.0836360976099968
CG2,0.0880369022488594
CH2,0.09243768453598022
CZ,0.0983409732580185
CZ2,0.11626401543617249
CZ3,0.13418710231781006
O,0.15211038291454315
OH,0.17003372311592102
OD1,0.1788221150636673
OD2,0.18761049211025238
OE1,0.19639886915683746
OE2,0.20518730580806732
OG,0.2048150897026062
OG1,0.20329777896404266
N,0.20178060233592987
NE,0.20026333630084991
NE1,0.21754613518714905
NE2,0.24019896984100342
ND1,0.26285266876220703
ND2,0.28550630807876587
NZ,0.2810087203979492
NH1,0.2629343867301941
NH2,0.244861900806427
SD,0.22678861021995544
SG,0.2187560498714447
UNKNOWN,0.2187560498714447
