atom_type,importance
C,0.13207200169563293
CA,0.13207200169563293
CB,0.136287122964859
CD,0.14577323198318481
CD1,0.15525789558887482
CD2,0.1647425889968872
CE,0.16606417298316956
CE1,0.15105818212032318
CE2,0.13605357706546783
CE3,0.12104759365320206
CG,0.10787512362003326
CG1,0.10111746191978455
CG2,0.09435903280973434
CH2,0.08760065585374832
CZ,0.08246705681085587
CZ2,0.09033205360174179
CZ3,0.0981970727443695
O,0.10606207698583603
OH,0.11392638087272644
OD1,0.11394248902797699
OD2,0.11395858973264694
OE1,0.11397469788789749
OE2,0.11399079859256744
OG,0.1086532473564148
OG1,0.10264717042446136
N,0.09664039313793182
NE,0.09063359349966049
NE1,0.0875542163848877
NE2,0.0853116512298584
ND1,0.08306906372308731
ND2,0.08082717657089233
NZ,0.08376958966255188
NH1,0.08930478990077972
NH2,0.09484001994132996
SD,0.10037452727556229
SG,0.10283485800027847
UNKNOWN,0.10283485800027847
