atom_index,is_real_atom,atom_type_from_onehot,importance
0,1,CD2,8.355474472045898
1,1,CE2,8.355474472045898
2,1,CZ,8.547910690307617
3,1,NE2,8.954777717590332
4,1,O,9.36164665222168
5,1,CG1,9.768511772155762
6,1,CG2,9.763282775878906
7,1,CD1,9.186429023742676
8,1,C,8.609575271606445
9,1,O,8.032720565795898
10,1,CB,7.492588520050049
11,1,CG2,7.0163774490356445
12,1,N,6.540165424346924
13,1,CA,6.063953876495361
14,1,C,5.667476654052734
15,1,O,5.447802543640137
16,1,CB,5.22812557220459
17,1,CG1,5.008450508117676
18,1,CG2,4.8942718505859375
19,1,CB,5.085472583770752
20,1,CG1,5.276674747467041
21,1,CG2,5.46787691116333
22,1,N,5.63892126083374
23,1,CA,5.730679035186768
24,1,CB,5.822436809539795
25,1,CG,5.914194583892822
26,1,OD1,6.000210762023926
27,1,CG,6.053342819213867
28,1,CD1,6.106474876403809
29,1,CD2,6.15960693359375
30,1,CD1,6.226926803588867
31,1,CB,6.430058002471924
32,1,CG1,6.633187770843506
33,1,CG2,6.83631706237793
34,1,CD2,7.024247646331787
35,1,CG2,6.852451324462891
36,1,CD1,6.680657386779785
37,1,CD1,6.508862018585205
38,1,C,6.337066650390625
39,1,O,6.31951904296875
40,1,CB,6.304083347320557
41,1,CG,6.288647651672363
42,1,CD2,6.27321195602417
43,1,CG,5.970008373260498
44,1,CD2,5.645952224731445
45,1,CG,5.321895599365234
46,1,CD,4.997837543487549
