atom_type,importance_sum
C,7.234748840332031
CA,7.234748840332031
CB,7.330574989318848
CD,7.546165466308594
CD1,7.761754989624023
CD2,7.9773030281066895
CE,8.309659957885742
CE1,8.87546443939209
CE2,9.441268920898438
CE3,10.00707721710205
CG,10.613880157470703
CG1,11.36409854888916
CG2,12.11431884765625
CH2,12.86453914642334
CZ,13.555615425109863
CZ2,13.773518562316895
CZ3,13.991425514221191
O,14.209331512451172
OH,14.427236557006836
OD1,13.434479713439941
OD2,12.441720008850098
OE1,11.44896411895752
OE2,10.456204414367676
OG,10.272568702697754
OG1,10.19007682800293
N,10.10758113861084
NE,10.0250883102417
NE1,9.344194412231445
NE2,8.492324829101562
ND1,7.64054012298584
ND2,6.788671970367432
NZ,6.556170463562012
NH1,6.633289337158203
NH2,6.71040678024292
SD,6.7875261306762695
SG,6.821785926818848
UNKNOWN,6.821785926818848
