atom_index,is_real_atom,atom_type_from_onehot,importance
0,1,CB,9.55858325958252
1,1,CG,9.55858325958252
2,1,CD2,9.637085914611816
3,1,CB,9.803059577941895
4,1,OG1,9.969033241271973
5,1,CG2,10.135008811950684
6,1,CG,9.976613998413086
7,1,CD,9.3682861328125
8,1,OE1,8.759960174560547
9,1,OE2,8.151634216308594
10,1,CD1,7.615752696990967
11,1,CG,7.2059807777404785
12,1,CD1,6.796207427978516
13,1,CD2,6.386435508728027
14,1,CE1,5.98289155960083
15,1,CE2,5.593157768249512
16,1,CZ,5.203424453735352
17,1,CG1,4.813692569732666
18,1,CD1,4.542384147644043
19,1,CD2,4.613882541656494
20,1,CG,4.685380935668945
21,1,CD1,4.7568817138671875
22,1,CD2,4.863914966583252
23,1,CD1,5.110722064971924
24,1,CD2,5.357529640197754
25,1,CB,5.604335308074951
26,1,CG1,5.865744113922119
27,1,CG2,6.210773944854736
28,1,CG2,6.55580472946167
29,1,CD1,6.900835037231445
30,1,CE1,7.252527713775635
31,1,CZ,7.667981147766113
32,1,CA,8.083436012268066
33,1,CB,8.498888969421387
34,1,CG2,8.904709815979004
35,1,C,9.082554817199707
36,1,O,9.260398864746094
37,1,CB,9.438244819641113
38,1,CG,9.6160888671875
39,1,CD2,9.178857803344727
40,1,CE2,8.733202934265137
41,1,N,8.287548065185547
42,1,CA,7.841892242431641
43,1,CB,7.545071125030518
44,1,CG1,7.259035587310791
45,1,CD1,6.972999572753906
46,1,CB,6.686962604522705
47,1,CG1,6.601461887359619
48,1,CG2,6.543728351593018
49,1,CD1,6.485993385314941
50,1,CE1,6.428259372711182
51,1,CE2,6.145455837249756
52,1,CZ,5.8146891593933105
