atom_index,is_real_atom,atom_type_from_onehot,importance
0,1,CG2,8.720919609069824
1,1,CD1,8.720919609069824
2,1,CA,8.961596488952637
3,1,C,9.470458984375
4,1,O,9.97931957244873
5,1,CB,10.488180160522461
6,1,CG,10.725983619689941
7,1,CD,10.58780288696289
8,1,C,10.449623107910156
9,1,O,10.311443328857422
10,1,CB,10.141587257385254
11,1,CG2,9.916586875915527
12,1,N,9.69158935546875
13,1,CA,9.466588973999023
14,1,CB,9.251784324645996
15,1,OG,9.05958366394043
16,1,C,8.867383003234863
17,1,O,8.675183296203613
18,1,CB,8.550691604614258
19,1,N,8.622200012207031
20,1,CA,8.693706512451172
21,1,SD,8.765213012695312
22,1,CE,8.831033706665039
23,1,CD,8.874488830566406
24,1,NE,8.91794204711914
25,1,CZ,8.961397171020508
26,1,NH1,8.908007621765137
27,1,NH2,8.299960136413574
28,1,CZ3,7.6919145584106445
29,1,CH2,7.083868503570557
30,1,CG1,6.514121055603027
31,1,CD1,6.310947895050049
32,1,CG,6.10777473449707
33,1,CD1,5.90460205078125
34,1,CD2,5.703021049499512
35,1,CE1,5.539125442504883
36,1,CE2,5.375230312347412
37,1,CZ,5.211334228515625
38,1,OH,5.047438621520996
39,1,CE1,5.140953540802002
40,1,CZ,5.237994194030762
41,1,OH,5.33503532409668
