atom_index,is_real_atom,atom_type_from_onehot,importance
0,1,CZ,11.284280776977539
1,1,OH,11.284280776977539
2,1,CA,11.56093692779541
3,1,C,12.145867347717285
4,1,O,12.73080062866211
5,1,CB,13.315730094909668
6,1,CG,13.49010181427002
7,1,CD2,13.09498405456543
8,1,C,12.699868202209473
9,1,O,12.304750442504883
10,1,N,11.956782341003418
11,1,CA,11.690887451171875
12,1,C,11.4249906539917
13,1,O,11.159095764160156
14,1,CB,11.07785701751709
15,1,CG,11.406082153320312
16,1,CD1,11.73430347442627
17,1,N,12.06252670288086
18,1,CA,12.376075744628906
19,1,C,12.647153854370117
20,1,O,12.918231010437012
21,1,N,13.189311027526855
22,1,CA,13.35209846496582
23,1,CG,13.088957786560059
24,1,CD2,12.825814247131348
25,1,CE3,12.56267261505127
26,1,CZ3,12.305680274963379
27,1,CB,12.083891868591309
28,1,CG,11.862104415893555
29,1,CD,11.6403169631958
30,1,OE1,11.333800315856934
31,1,OE2,10.216318130493164
