atom_type,importance_sum
C,5.390175819396973
CA,5.390175819396973
CB,5.938155174255371
CD,7.171085357666016
CD1,8.404020309448242
CD2,9.636979103088379
CE,11.08965015411377
CE1,12.98196029663086
CE2,14.874271392822266
CE3,16.766582489013672
CG,18.004131317138672
CG1,16.94991111755371
CG2,15.895684242248535
CH2,14.841465950012207
CZ,13.917994499206543
CZ2,14.040505409240723
CZ3,14.163017272949219
O,14.285530090332031
OH,14.408041000366211
OD1,13.818089485168457
OD2,13.228133201599121
OE1,12.638178825378418
OE2,12.048223495483398
OG,12.938389778137207
OG1,14.013571739196777
N,15.08875560760498
NE,16.1639347076416
NE1,15.517803192138672
NE2,14.379942893981934
ND1,13.241983413696289
ND2,12.10411548614502
NZ,11.504876136779785
NH1,11.17503833770752
NH2,10.845213890075684
SD,10.515388488769531
SG,10.368807792663574
UNKNOWN,10.368807792663574
