atom_index,is_real_atom,atom_type_from_onehot,importance
0,1,CG,8.733880043029785
1,1,CD2,8.733880043029785
2,1,CA,8.86381721496582
3,1,C,9.138542175292969
4,1,O,9.4132661819458
5,1,C,9.68799114227295
6,1,O,9.695521354675293
7,1,CB,9.332428932189941
8,1,CG2,8.969340324401855
9,1,CD1,8.606249809265137
10,1,N,8.413663864135742
11,1,CA,8.517882347106934
12,1,C,8.622100830078125
13,1,O,8.726319313049316
14,1,C,8.70499324798584
15,1,O,8.405289649963379
16,1,CB,8.105585098266602
17,1,SG,7.805881023406982
18,1,N,7.566487789154053
19,1,CA,7.501680374145508
20,1,CD1,7.436873435974121
21,1,CB,7.372066974639893
