atom_type,importance_sum
C,6.560328960418701
CA,6.560328960418701
CB,6.859011650085449
CD,7.531074523925781
CD1,8.203189849853516
CD2,8.875247955322266
CE,9.225028038024902
CE1,8.930131912231445
CE2,8.63534164428711
CE3,8.340447425842285
CG,7.815187931060791
CG1,6.4837493896484375
CG2,5.152307510375977
CH2,3.8208935260772705
CZ,2.7133655548095703
CZ2,3.3971328735351562
CZ3,4.080873966217041
O,4.764642715454102
OH,5.448409080505371
OD1,5.344104766845703
OD2,5.239801406860352
OE1,5.135494709014893
OE2,5.031188488006592
OG,5.429869651794434
OG1,5.891422748565674
N,6.352977752685547
NE,6.814529895782471
NE1,6.6513495445251465
NE2,6.309720516204834
ND1,5.968040943145752
ND2,5.6263604164123535
NZ,6.070820331573486
NH1,6.908351421356201
NH2,7.7458815574646
SD,8.583413124084473
SG,8.955672264099121
UNKNOWN,8.955672264099121
