atom_type,importance_sum
C,4.663618564605713
CA,4.663618564605713
CB,5.1433820724487305
CD,6.222836017608643
CD1,7.302291393280029
CD2,8.381783485412598
CE,8.842279434204102
CE1,8.065020561218262
CE2,7.2877631187438965
CE3,6.510503768920898
CG,6.104088306427002
CG1,6.995609283447266
CG2,7.887132167816162
CH2,8.77865219116211
CZ,9.521357536315918
CZ2,9.073521614074707
CZ3,8.625687599182129
O,8.177855491638184
OH,7.730022430419922
OD1,6.848514080047607
OD2,5.967007637023926
OE1,5.085501194000244
OE2,4.203991413116455
OG,5.031923770904541
OG1,6.073537349700928
N,7.11514949798584
NE,8.156759262084961
NE1,8.067384719848633
NE2,7.654882431030273
ND1,7.242393493652344
ND2,6.8299055099487305
NZ,6.356218338012695
NH1,5.85185432434082
NH2,5.347544193267822
SD,4.843194484710693
SG,4.619061470031738
UNKNOWN,4.619061470031738
