atom_index,is_real_atom,atom_type_from_onehot,importance
0,1,C,11.05445384979248
1,1,O,11.05445384979248
2,1,CB,11.170353889465332
3,1,CG,11.415397644042969
4,1,CD,11.660442352294922
5,1,OE1,11.905487060546875
6,1,OE2,12.03977108001709
7,1,CB,12.020426750183105
8,1,OE1,12.001078605651855
9,1,NE,11.981733322143555
10,1,CZ,11.705358505249023
11,1,NH1,10.98157024383545
12,1,NH2,10.257780075073242
13,1,CZ3,9.533991813659668
14,1,CA,8.929759979248047
15,1,C,8.590635299682617
16,1,O,8.251511573791504
17,1,CB,7.912386417388916
18,1,CG1,7.6053667068481445
19,1,CG2,7.391282081604004
20,1,CD1,7.177196979522705
21,1,N,6.963111877441406
22,1,CA,6.741704940795898
23,1,C,6.491497039794922
24,1,O,6.2412896156311035
25,1,CB,5.991082191467285
26,1,OG,5.76753568649292
27,1,N,5.696682929992676
28,1,CA,5.625829696655273
29,1,CB,5.554976463317871
30,1,CG,5.4832963943481445
31,1,CD1,5.4036970138549805
32,1,CD2,5.324097633361816
33,1,CE1,5.244499206542969
34,1,CE2,5.165863037109375
35,1,CZ,5.110007286071777
36,1,OH,5.054152488708496
37,1,CG2,4.998296737670898
38,1,CB,4.942442417144775
39,1,CG,5.337597846984863
40,1,CD1,5.7389302253723145
41,1,CD2,6.140263557434082
42,1,CE1,6.54159688949585
43,1,CE2,6.130665302276611
44,1,CZ,5.660877227783203
45,1,OH,5.191087245941162
