atom_type,importance
C,0.1200319305062294
CA,0.1200319305062294
CB,0.12616701424121857
CD,0.1399703025817871
CD1,0.15377360582351685
CD2,0.16757690906524658
CE,0.17315241694450378
CE1,0.16226902604103088
CE2,0.15138670802116394
CE3,0.14050443470478058
CG,0.13165850937366486
CG1,0.12994158267974854
CG2,0.12822459638118744
CH2,0.12650763988494873
CZ,0.12710674107074738
CZ2,0.14623425900936127
CZ3,0.16536179184913635
O,0.18448927998542786
OH,0.20361678302288055
OD1,0.20055149495601654
OD2,0.19748614728450775
OE1,0.19442082941532135
OE2,0.19135549664497375
OG,0.19050844013690948
OG1,0.18993866443634033
N,0.18936893343925476
NE,0.18879914283752441
NE1,0.18732517957687378
NE2,0.1855938881635666
ND1,0.1838625818490982
ND2,0.18213008344173431
NZ,0.17689715325832367
NH1,0.1699138879776001
NH2,0.1629306972026825
SD,0.1559474915266037
SG,0.15284468233585358
UNKNOWN,0.15284468233585358
