atom_index,is_real_atom,atom_type_from_onehot,importance
0,1,CG,9.845602989196777
1,1,OE2,9.845602989196777
2,1,CE1,9.920648574829102
3,1,CE2,10.079312324523926
4,1,CZ,10.237980842590332
5,1,OH,10.396644592285156
6,1,O,10.412954330444336
7,1,CD2,10.231800079345703
8,1,CA,10.050647735595703
9,1,C,9.869492530822754
10,1,O,9.666853904724121
11,1,CB,9.426816940307617
12,1,CG2,9.186782836914062
13,1,N,8.946748733520508
14,1,CA,8.777984619140625
15,1,C,8.767260551452637
16,1,O,8.756537437438965
17,1,CB,8.745813369750977
18,1,SG,8.77382755279541
19,1,CA,8.913982391357422
20,1,C,9.05413818359375
21,1,CB,9.194293022155762
22,1,CG1,9.32957935333252
23,1,CG2,9.445716857910156
24,1,N,9.56185531616211
25,1,CA,9.677992820739746
26,1,CB,9.770646095275879
27,1,CG,9.728792190551758
28,1,OD1,9.686939239501953
29,1,CD2,9.6450834274292
30,1,C,9.598527908325195
31,1,O,9.506970405578613
32,1,N,9.415410041809082
33,1,CA,9.323851585388184
34,1,C,9.230940818786621
35,1,CB,9.106047630310059
36,1,CG,8.981154441833496
37,1,N,8.85626220703125
38,1,O,8.731368064880371
39,1,C,8.640074729919434
40,1,O,8.549241065979004
41,1,CB,8.458406448364258
42,1,N,8.367574691772461
43,1,CB,8.33047866821289
44,1,CG1,8.297277450561523
45,1,CG2,8.26407527923584
46,1,CA,8.230875015258789
47,1,C,8.30838680267334
48,1,O,8.401226997375488
49,1,CB,8.494067192077637
50,1,CG2,8.586908340454102
51,1,CB,8.55920124053955
52,1,CG1,8.505803108215332
53,1,CG2,8.452404975891113
54,1,CD1,8.399005889892578
55,1,CD1,7.920715808868408
