atom_type,importance_sum
C,14.666494369506836
CA,14.666494369506836
CB,15.190980911254883
CD,16.370956420898438
CD1,17.550989151000977
CD2,18.731008529663086
CE,19.599294662475586
CE1,19.84402084350586
CE2,20.0887508392334
CE3,20.33347511291504
CG,20.40945816040039
CG1,19.894739151000977
CG2,19.38001823425293
CH2,18.86530113220215
CZ,18.469219207763672
CZ2,19.022258758544922
CZ3,19.575298309326172
O,20.128339767456055
OH,20.681381225585938
OD1,19.55042839050293
OD2,18.41947364807129
OE1,17.288557052612305
OE2,16.157642364501953
OG,16.087017059326172
OG1,16.148929595947266
N,16.21083641052246
NE,16.272741317749023
NE1,16.449522018432617
NE2,16.65908432006836
ND1,16.868709564208984
ND2,17.07832908630371
NZ,16.892091751098633
NH1,16.508052825927734
NH2,16.123958587646484
SD,15.739924430847168
SG,15.569161415100098
UNKNOWN,15.569161415100098
