atom_index,is_real_atom,atom_type_from_onehot,importance
0,1,CE3,4.472661018371582
1,1,CZ2,4.472661018371582
2,1,CZ3,4.450804710388184
3,1,CH2,4.404594421386719
4,1,CG2,4.358383655548096
5,1,CB,4.312173366546631
6,1,CD2,4.226935386657715
7,1,CE1,4.087562561035156
8,1,CE2,3.9481899738311768
9,1,CZ,3.8088173866271973
10,1,OH,3.736274003982544
11,1,CA,3.7800633907318115
12,1,C,3.8238539695739746
13,1,O,3.8676435947418213
14,1,CB,3.8562657833099365
15,1,CG,3.7225606441497803
16,1,CA,3.588855028152466
17,1,C,3.4551496505737305
18,1,O,3.3463175296783447
19,1,CB,3.3094871044158936
20,1,CG,3.272657632827759
21,1,CD1,3.2358274459838867
22,1,CD2,3.1955668926239014
23,1,NE1,3.141815423965454
24,1,CE2,3.088064193725586
25,1,CE3,3.0343129634857178
26,1,CZ2,3.027113199234009
27,1,CZ3,3.286529779434204
28,1,CH2,3.5459465980529785
29,1,CD1,3.8053624629974365
30,1,CE1,4.071306228637695
31,1,CE2,4.399720668792725
32,1,CZ,4.728135585784912
33,1,CD1,5.056550025939941
34,1,CD2,5.372864723205566
35,1,CE1,5.402804851531982
36,1,CE2,5.432744026184082
37,1,CZ,5.462684154510498
38,1,O,5.4926252365112305
39,1,CA,5.383434772491455
40,1,C,5.272339344024658
41,1,O,5.161242485046387
42,1,CB,5.050146102905273
43,1,CG1,4.797605991363525
44,1,N,4.534819602966309
45,1,CA,4.272030830383301
46,1,C,4.009241580963135
47,1,O,3.797257661819458
48,1,N,3.59230899810791
49,1,CA,3.387359619140625
50,1,CB,3.1824100017547607
51,1,CG,3.1462724208831787
52,1,CD1,3.146111249923706
53,1,CD2,3.145949363708496
54,1,CE1,3.1457879543304443
55,1,CE2,2.8811776638031006
56,1,CZ,2.5376980304718018
