atom_type,importance_sum
C,1.6136069297790527
CA,1.6136069297790527
CB,1.7127594947814941
CD,1.9358454942703247
CD1,2.158921718597412
CD2,2.3820078372955322
CE,2.772754430770874
CE1,3.4988033771514893
CE2,4.224835395812988
CE3,4.950903415679932
CG,5.489235877990723
CG1,5.370580196380615
CG2,5.251923561096191
CH2,5.133267879486084
CZ,5.324520111083984
CZ2,7.995016574859619
CZ3,10.665512084960938
O,13.33601188659668
OH,16.006505966186523
OD1,14.72096061706543
OD2,13.435409545898438
OE1,12.149859428405762
OE2,10.864310264587402
OG,10.155678749084473
OG1,9.519163131713867
N,8.882647514343262
NE,8.246133804321289
NE1,8.256538391113281
NE2,8.45180892944336
ND1,8.647078514099121
ND2,8.842273712158203
NZ,8.412885665893555
NH1,7.671224594116211
NH2,6.929500102996826
SD,6.187808036804199
SG,5.8581743240356445
UNKNOWN,5.8581743240356445
