atom_type,importance
C,0.07335757464170456
CA,0.07335757464170456
CB,0.07618780434131622
CD,0.08255551755428314
CD1,0.08892269432544708
CD2,0.09529039263725281
CE,0.09796294569969177
CE1,0.09324517846107483
CE2,0.08852741867303848
CE3,0.08380965143442154
CG,0.08663336932659149
CG1,0.11585032194852829
CG2,0.14506787061691284
CH2,0.1742854118347168
CZ,0.20240385830402374
CZ2,0.22172991931438446
CZ3,0.24105587601661682
O,0.26038187742233276
OH,0.2797078490257263
OD1,0.2693065404891968
OD2,0.2589050531387329
OE1,0.2485036998987198
OE2,0.2381022572517395
OG,0.2220657914876938
OG1,0.20532488822937012
N,0.18858398497104645
NE,0.17184315621852875
NE1,0.1603965312242508
NE2,0.15046115219593048
ND1,0.14052578806877136
ND2,0.13059161603450775
NZ,0.1280098259449005
NH1,0.12910468876361847
NH2,0.13019892573356628
SD,0.13129372894763947
SG,0.13178066909313202
UNKNOWN,0.13178066909313202
