atom_type,importance
C,0.051176950335502625
CA,0.051176950335502625
CB,0.05363806337118149
CD,0.05917627364397049
CD1,0.06471388787031174
CD2,0.07025140523910522
CE,0.07478956878185272
CE1,0.07732746750116348
CE2,0.07986534386873245
CE3,0.08240405470132828
CG,0.0840727686882019
CG1,0.0827009379863739
CG2,0.0813291072845459
CH2,0.0799572616815567
CZ,0.07800774276256561
CZ2,0.07143667340278625
CZ3,0.0648655965924263
O,0.058294519782066345
OH,0.051723841577768326
OD1,0.043523017317056656
OD2,0.035322174429893494
OE1,0.027121342718601227
OE2,0.01892051100730896
OG,0.01566629484295845
OG1,0.013030304573476315
N,0.010394413955509663
NE,0.00775852520018816
NE1,0.010438512079417706
NE2,0.014637294225394726
ND1,0.01883617788553238
ND2,0.02303486131131649
NZ,0.03978971019387245
NH1,0.06282227486371994
NH2,0.08585502952337265
SD,0.10888752341270447
SG,0.1191246435046196
UNKNOWN,0.1191246435046196
