atom_index,is_real_atom,atom_type_from_onehot,importance
0,1,CG2,7.566523551940918
1,1,CE1,7.566523551940918
2,1,CE2,7.785572052001953
3,1,CZ,8.248699188232422
4,1,CG2,8.711827278137207
5,1,CG,9.174956321716309
6,1,CD1,9.623190879821777
7,1,CD2,10.050774574279785
8,1,O,10.478357315063477
9,1,CB,10.905941009521484
10,1,CA,11.172745704650879
11,1,C,11.15967845916748
12,1,O,11.146611213684082
13,1,CB,11.133544921875
14,1,CG,11.01819896697998
15,1,N,10.676057815551758
16,1,CA,10.333916664123535
17,1,CB,9.991775512695312
18,1,CG,9.598848342895508
19,1,CD1,9.058913230895996
20,1,CE1,8.518976211547852
21,1,CG,7.979042053222656
22,1,CD2,7.435736179351807
23,1,CD1,6.879179000854492
