atom_type,importance_sum
C,9.176698684692383
CA,9.176698684692383
CB,9.303640365600586
CD,9.58926010131836
CD1,9.874839782714844
CD2,10.160468101501465
CE,10.445353507995605
CE1,10.728829383850098
CE2,11.01220417022705
CE3,11.295681953430176
CG,11.47304630279541
CG1,11.279430389404297
CG2,11.085814476013184
CH2,10.892199516296387
CZ,10.75192928314209
CZ2,11.038418769836426
CZ3,11.324909210205078
O,11.611397743225098
OH,11.89788818359375
OD1,11.326396942138672
OD2,10.754907608032227
OE1,10.183417320251465
OE2,9.611926078796387
OG,9.20044231414795
OG1,8.808954238891602
N,8.417468070983887
NE,8.025979995727539
NE1,7.706260681152344
NE2,7.407055377960205
ND1,7.107851028442383
ND2,6.808647155761719
NZ,6.862081050872803
NH1,7.091808319091797
NH2,7.321534633636475
SD,7.551257610321045
SG,7.6533522605896
UNKNOWN,7.6533522605896
