atom_type,importance
C,0.08000645041465759
CA,0.08000645041465759
CB,0.0863729864358902
CD,0.10069679468870163
CD1,0.11502118408679962
CD2,0.12934619188308716
CE,0.13982635736465454
CE1,0.1426192671060562
CE2,0.1454121619462967
CE3,0.14820507168769836
CG,0.15459242463111877
CG1,0.17355696856975555
CG2,0.19252148270606995
CH2,0.21148599684238434
CZ,0.22772590816020966
CZ2,0.22217941284179688
CZ3,0.2166336625814438
O,0.2110876441001892
OH,0.20554117858409882
OD1,0.20140749216079712
OD2,0.19727377593517303
OE1,0.19314010441303253
OE2,0.18900640308856964
OG,0.18240350484848022
OG1,0.17549194395542145
N,0.16858035326004028
NE,0.1616688072681427
NE1,0.16516238451004028
NE2,0.1716291457414627
ND1,0.17809472978115082
ND2,0.18456143140792847
NZ,0.18992288410663605
NH1,0.19473214447498322
NH2,0.19954146444797516
SD,0.20435073971748352
SG,0.20648767054080963
UNKNOWN,0.20648767054080963
