atom_index,is_real_atom,atom_type_from_onehot,importance
0,1,OG,6.875751495361328
1,1,CB,6.875751495361328
2,1,CG,7.143977165222168
3,1,CD1,7.711083889007568
4,1,CD2,8.27818775177002
5,1,CE1,8.845295906066895
6,1,CE2,9.139688491821289
7,1,CZ,9.055801391601562
8,1,CD2,8.971917152404785
9,1,CA,8.888030052185059
10,1,CB,8.844290733337402
11,1,OG1,8.87043285369873
12,1,CG2,8.896575927734375
13,1,CB,8.92271900177002
14,1,CG,9.002540588378906
15,1,CD1,9.201383590698242
16,1,CD2,9.400227546691895
17,1,CE1,9.599072456359863
18,1,CE2,9.812567710876465
19,1,CZ,10.068471908569336
20,1,CB,10.324376106262207
21,1,N,10.580281257629395
22,1,CA,10.768377304077148
23,1,CB,10.689763069152832
24,1,CG,10.611148834228516
25,1,CD,10.532535552978516
26,1,OE1,10.432308197021484
27,1,CG,10.208292007446289
28,1,CD2,9.984273910522461
29,1,CD1,9.760254859924316
30,1,CG,9.523374557495117
31,1,CD2,9.163386344909668
32,1,CE1,8.80339241027832
33,1,CE2,8.443403244018555
34,1,CZ,8.066325187683105
35,1,OH,7.28481912612915
