atom_type,importance
C,0.06821290403604507
CA,0.06821290403604507
CB,0.07326127588748932
CD,0.08461935818195343
CD1,0.0959780141711235
CD2,0.10733611136674881
CE,0.11675264686346054
CE1,0.12228533625602722
CE2,0.127817764878273
CE3,0.1333502233028412
CG,0.14078231155872345
CG1,0.15486451983451843
CG2,0.16894680261611938
CH2,0.18302904069423676
CZ,0.19526363909244537
CZ2,0.19271710515022278
CZ3,0.19017063081264496
O,0.18762411177158356
OH,0.18507762253284454
OD1,0.18465594947338104
OD2,0.18423427641391754
OE1,0.18381261825561523
OE2,0.18339096009731293
OG,0.18122746050357819
OG1,0.17884621024131775
N,0.1764649897813797
NE,0.17408375442028046
NE1,0.17433789372444153
NE2,0.17534568905830383
ND1,0.17635230720043182
ND2,0.17735889554023743
NZ,0.18026000261306763
NH1,0.18410710990428925
NH2,0.1879553645849228
SD,0.19180253148078918
SG,0.19351252913475037
UNKNOWN,0.19351252913475037
