atom_type,importance_sum
C,10.750188827514648
CA,10.750188827514648
CB,10.382035255432129
CD,9.553735733032227
CD1,8.725393295288086
CD2,7.897098064422607
CE,7.104963779449463
CE1,6.385279655456543
CE2,5.665565490722656
CE3,4.945851802825928
CG,4.730741024017334
CG1,6.281731128692627
CG2,7.83271598815918
CH2,9.383702278137207
CZ,10.89383602142334
CZ2,12.077195167541504
CZ3,13.260549545288086
O,14.4439115524292
OH,15.627264976501465
OD1,18.020771026611328
OD2,20.414339065551758
OE1,22.807905197143555
OE2,25.20147132873535
OG,23.19361686706543
OG1,20.63557243347168
N,18.07753562927246
NE,15.519554138183594
NE1,14.643818855285645
NE2,14.24868392944336
ND1,13.85361099243164
ND2,13.45848274230957
NZ,13.001748085021973
NH1,12.514246940612793
NH2,12.02674388885498
SD,11.539191246032715
SG,11.32252311706543
UNKNOWN,11.32252311706543
