atom_type,importance
C,0.09119290113449097
CA,0.09119290113449097
CB,0.09711997210979462
CD,0.11045574396848679
CD1,0.12379276007413864
CD2,0.13712850213050842
CE,0.14964599907398224
CE1,0.16052840650081635
CE2,0.17141075432300568
CE3,0.18229316174983978
CG,0.18894325196743011
CG1,0.18078145384788513
CG2,0.17261968553066254
CH2,0.16445788741111755
CZ,0.15712794661521912
CZ2,0.15645244717597961
CZ3,0.15577693283557892
O,0.15510141849517822
OH,0.15442593395709991
OD1,0.14485138654708862
OD2,0.13527685403823853
OE1,0.12570232152938843
OE2,0.11612781882286072
OG,0.11634013056755066
OG1,0.11777579039335251
N,0.11921142786741257
NE,0.12064707279205322
NE1,0.12832318246364594
NE2,0.13778334856033325
ND1,0.14724217355251312
ND2,0.15670105814933777
NZ,0.1590883582830429
NH1,0.15793977677822113
NH2,0.15679122507572174
SD,0.15564267337322235
SG,0.1551315188407898
UNKNOWN,0.1551315188407898
