atom_type,importance_sum
C,11.08364200592041
CA,11.08364200592041
CB,11.39035415649414
CD,12.080431938171387
CD1,12.770511627197266
CD2,13.460670471191406
CE,13.741117477416992
CE1,13.202300071716309
CE2,12.663479804992676
CE3,12.124661445617676
CG,11.738798141479492
CG1,11.888494491577148
CG2,12.038186073303223
CH2,12.18787956237793
CZ,12.426104545593262
CZ2,13.372530937194824
CZ3,14.318955421447754
O,15.265380859375
OH,16.211814880371094
OD1,16.05966567993164
OD2,15.907512664794922
OE1,15.755363464355469
OE2,15.6032133102417
OG,14.599225997924805
OG1,13.488755226135254
N,12.378287315368652
NE,11.267813682556152
NE1,10.54744815826416
NE2,9.938492774963379
ND1,9.329474449157715
ND2,8.720531463623047
NZ,8.330574989318848
NH1,8.050164222717285
NH2,7.769750118255615
SD,7.489297389984131
SG,7.36469030380249
UNKNOWN,7.36469030380249
