atom_type,importance_sum
C,3.015918016433716
CA,3.015918016433716
CB,2.8680198192596436
CD,2.5352306365966797
CD1,2.202448844909668
CD2,1.8696677684783936
CE,1.973122477531433
CE1,2.9490463733673096
CE2,3.9249725341796875
CE3,4.900897979736328
CG,5.815896987915039
CG1,6.5176615715026855
CG2,7.219429016113281
CH2,7.921193599700928
CZ,8.603034019470215
CZ2,9.125456809997559
CZ3,9.647889137268066
O,10.17031478881836
OH,10.692741394042969
OD1,9.888871192932129
OD2,9.085001945495605
OE1,8.281131744384766
OE2,7.477260589599609
OG,6.798917293548584
OG1,6.136261940002441
N,5.473607063293457
NE,4.810954570770264
NE1,5.231757164001465
NE2,5.962090015411377
ND1,6.692441463470459
ND2,7.422796249389648
NZ,8.502246856689453
NH1,9.756207466125488
NH2,11.010202407836914
SD,12.264196395874023
SG,12.821534156799316
UNKNOWN,12.821534156799316
