atom_type,importance
C,0.11660855263471603
CA,0.11660855263471603
CB,0.12831906974315643
CD,0.15466949343681335
CD1,0.18101990222930908
CD2,0.2073691487312317
CE,0.2280852198600769
CE1,0.2375328540802002
CE2,0.2469780445098877
CE3,0.2564256489276886
CG,0.2598504424095154
CG1,0.2421921044588089
CG2,0.22453369200229645
CH2,0.20687411725521088
CZ,0.19178904592990875
CZ2,0.19729013741016388
CZ3,0.20279128849506378
O,0.2082924097776413
OH,0.21379362046718597
OD1,0.21048906445503235
OD2,0.2071845382452011
OE1,0.20388004183769226
OE2,0.20057551562786102
OG,0.19850581884384155
OG1,0.19659051299095154
N,0.19467514753341675
NE,0.19275982677936554
NE1,0.2029699981212616
NE2,0.21664424240589142
ND1,0.2303178608417511
ND2,0.24399292469024658
NZ,0.248016357421875
NH1,0.24721626937389374
NH2,0.24641644954681396
SD,0.24561665952205658
SG,0.24526117742061615
UNKNOWN,0.24526117742061615
