atom_type,importance
C,0.18406479060649872
CA,0.18406479060649872
CB,0.1942978799343109
CD,0.21732179820537567
CD1,0.24034680426120758
CD2,0.263369619846344
CE,0.27294042706489563
CE1,0.2555982172489166
CE2,0.23825617134571075
CE3,0.22091443836688995
CG,0.20604489743709564
CG1,0.19982334971427917
CG2,0.1936018168926239
CH2,0.18738026916980743
CZ,0.18198534846305847
CZ2,0.18320313096046448
CZ3,0.1844208836555481
O,0.1856386810541153
OH,0.18685640394687653
OD1,0.1870155930519104
OD2,0.1871747523546219
OE1,0.1873338669538498
OE2,0.18749304115772247
OG,0.19025704264640808
OG1,0.19334667921066284
N,0.19643625617027283
NE,0.19952593743801117
NE1,0.20095251500606537
NE2,0.20190396904945374
ND1,0.20285536348819733
ND2,0.2038068324327469
NZ,0.20051027834415436
NH1,0.19508874416351318
NH2,0.18966829776763916
SD,0.18424779176712036
SG,0.181838721036911
UNKNOWN,0.181838721036911
