atom_type,importance_sum
C,8.30439281463623
CA,8.30439281463623
CB,8.408472061157227
CD,8.642571449279785
CD1,8.876669883728027
CD2,9.110770225524902
CE,9.343894004821777
CE1,9.574952125549316
CE2,9.806020736694336
CE3,10.03707504272461
CG,10.437368392944336
CG1,11.430052757263184
CG2,12.422739028930664
CH2,13.415424346923828
CZ,14.258237838745117
CZ2,13.90205192565918
CZ3,13.545869827270508
O,13.189680099487305
OH,12.833499908447266
OD1,11.311875343322754
OD2,9.790253639221191
OE1,8.268632888793945
OE2,6.747009754180908
OG,5.884036064147949
OG1,5.103400230407715
N,4.322768211364746
NE,3.5421247482299805
NE1,3.8519749641418457
NE2,4.473388671875
ND1,5.094816207885742
ND2,5.7162251472473145
NZ,6.832090377807617
NH1,8.195184707641602
NH2,9.55832576751709
SD,10.921393394470215
SG,11.527246475219727
UNKNOWN,11.527246475219727
