atom_index,is_real_atom,atom_type_from_onehot,importance
0,1,CD,7.434231758117676
1,1,NE,7.434231758117676
2,1,CA,7.481876373291016
3,1,C,7.582607269287109
4,1,O,7.683340072631836
5,1,CB,7.784071922302246
6,1,CG,7.87894344329834
7,1,CD,7.965687274932861
8,1,CE,8.052430152893066
9,1,CA,8.139174461364746
10,1,C,8.066834449768066
11,1,CB,7.717573165893555
12,1,CG,7.368312358856201
13,1,CD2,7.019050598144531
14,1,N,6.725231170654297
15,1,CA,6.554347515106201
16,1,CB,6.383463382720947
17,1,CG,6.212579727172852
18,1,ND1,6.057488918304443
19,1,CD2,5.9481201171875
20,1,CE1,5.838750839233398
21,1,NE2,5.7293829917907715
22,1,CB,5.706227779388428
23,1,CG1,6.022181987762451
24,1,CG2,6.338137149810791
25,1,CD1,6.6540913581848145
26,1,CB,6.910386085510254
27,1,CG1,6.824989318847656
28,1,CG2,6.7395920753479
29,1,CD1,6.6541948318481445
30,1,CE1,6.542934417724609
31,1,CZ,6.184124946594238
32,1,OH,5.825316905975342
33,1,CB,5.466508388519287
34,1,CG,5.119867324829102
35,1,CD1,5.0612077713012695
36,1,CD2,5.002549171447754
37,1,NE1,4.943890571594238
38,1,CE2,4.885231971740723
39,1,CE3,4.62654972076416
40,1,CZ2,4.3651299476623535
41,1,CZ3,4.103707790374756
42,1,CH2,3.8422861099243164
43,1,CG,3.6874594688415527
44,1,CD1,3.5403571128845215
45,1,CD2,3.3932554721832275
