atom_index,is_real_atom,atom_type_from_onehot,importance
0,1,CD1,7.35677433013916
1,1,CE1,7.35677433013916
2,1,CZ,7.359729766845703
3,1,C,7.3659772872924805
4,1,O,7.372224807739258
5,1,CB,7.378473281860352
6,1,N,7.083205223083496
7,1,CA,6.3697052001953125
8,1,C,5.656204700469971
9,1,O,4.942704200744629
10,1,CB,4.4916486740112305
11,1,CG1,4.4974446296691895
12,1,CG2,4.503239154815674
13,1,CD1,4.509034156799316
14,1,CA,4.513388156890869
15,1,C,4.514547348022461
16,1,O,4.515705585479736
17,1,CB,4.51686429977417
18,1,CG1,4.50890588760376
19,1,CG2,4.4745564460754395
20,1,CD1,4.440206050872803
21,1,N,4.405857086181641
22,1,CA,4.357212066650391
23,1,C,4.252340316772461
24,1,O,4.1474690437316895
25,1,CB,4.04259729385376
26,1,CG2,3.959587812423706
27,1,CA,4.001787185668945
28,1,C,4.043986797332764
29,1,O,4.086186408996582
30,1,CB,4.123280048370361
31,1,CG,4.1115031242370605
32,1,CD1,4.09972620010376
33,1,N,4.087948799133301
34,1,CA,4.071293354034424
35,1,CB,3.939178228378296
36,1,CG,3.8070638179779053
37,1,CD1,3.6749484539031982
38,1,CD2,3.5428333282470703
39,1,CG1,3.6787593364715576
40,1,CG2,3.818356513977051
41,1,CD1,3.957953453063965
42,1,CB,4.0975518226623535
43,1,CG1,4.108945846557617
44,1,CG2,4.111050128936768
45,1,CG1,4.113154888153076
46,1,CG2,4.115259170532227
47,1,CD1,4.009829998016357
48,1,CG,3.889512300491333
49,1,CD1,3.769193410873413
50,1,CD2,3.6488752365112305
51,1,CD1,3.6333999633789062
52,1,CD2,3.640268087387085
53,1,CD1,3.647136688232422
