atom_type,importance_sum
C,5.56613826751709
CA,5.56613826751709
CB,5.749856472015381
CD,6.1631760597229
CD1,6.576533794403076
CD2,6.9898905754089355
CE,7.671851634979248
CE1,8.891088485717773
CE2,10.110367774963379
CE3,11.329641342163086
CG,12.127673149108887
CG1,11.451488494873047
CG2,10.775307655334473
CH2,10.099124908447266
CZ,9.533897399902344
CZ2,9.856287956237793
CZ3,10.17867660522461
O,10.501066207885742
OH,10.823456764221191
OD1,9.767073631286621
OD2,8.710692405700684
OE1,7.6543097496032715
OE2,6.597927570343018
OG,6.559810161590576
OG1,6.6489739418029785
N,6.738138675689697
NE,6.827304363250732
NE1,6.56267786026001
NE2,6.196979522705078
ND1,5.831243991851807
ND2,5.465542316436768
NZ,5.630659580230713
NH1,6.06116247177124
NH2,6.491667747497559
SD,6.922210693359375
SG,7.113562107086182
UNKNOWN,7.113562107086182
