atom_index,is_real_atom,atom_type_from_onehot,importance
0,1,CZ3,8.833597183227539
1,1,CH2,8.833597183227539
2,1,CD1,8.683696746826172
3,1,CG2,8.366765022277832
4,1,CD1,8.049837112426758
