atom_index,is_real_atom,atom_type_from_onehot,importance
0,1,CE3,6.756751537322998
1,1,CZ2,6.756751537322998
2,1,CZ3,6.815396785736084
3,1,CH2,6.939390182495117
4,1,CG2,7.063381671905518
5,1,CB,7.187374591827393
6,1,CD2,7.141068935394287
7,1,CE2,6.85854434967041
8,1,CZ,6.576018810272217
9,1,OH,6.29349422454834
10,1,N,6.078122615814209
11,1,CA,5.979647159576416
12,1,C,5.881171703338623
13,1,O,5.78269624710083
14,1,CB,5.664099216461182
15,1,CG,5.50088357925415
16,1,C,5.337667942047119
17,1,O,5.17445182800293
18,1,CB,4.996642112731934
19,1,CG,4.77658748626709
20,1,CD1,4.556532382965088
21,1,CD2,4.336478233337402
22,1,NE1,4.1710286140441895
23,1,CE2,4.22036075592041
24,1,CE3,4.269692897796631
25,1,CZ2,4.319025039672852
26,1,CZ3,4.408573150634766
27,1,CH2,4.728447437286377
28,1,CD1,5.048323631286621
29,1,CE1,5.368197917938232
30,1,CE2,5.682952880859375
31,1,CZ,5.948704719543457
32,1,CD1,6.214457035064697
33,1,CD2,6.4802093505859375
34,1,CE1,6.7340922355651855
35,1,CE2,6.707056045532227
36,1,CZ,6.680019855499268
37,1,O,6.652983665466309
38,1,CA,6.62594747543335
39,1,C,6.4551310539245605
40,1,O,6.282346725463867
41,1,CB,6.109560489654541
42,1,CG1,5.9367756843566895
43,1,N,5.748747825622559
44,1,CA,5.5596184730529785
45,1,C,5.370487213134766
46,1,O,5.181355953216553
47,1,N,5.055781841278076
48,1,CA,4.939008712768555
49,1,CB,4.822235584259033
50,1,CG,4.705462455749512
51,1,CD1,4.855255126953125
52,1,CD2,5.061854362487793
53,1,CE1,5.268455505371094
54,1,CE2,5.475057125091553
55,1,CZ,5.074409484863281
