atom_type,importance_sum
C,8.533366203308105
CA,8.533366203308105
CB,8.300580978393555
CD,7.776744365692139
CD1,7.252939224243164
CD2,6.729135036468506
CE,6.7939019203186035
CE1,8.03584098815918
CE2,9.277750015258789
CE3,10.519721031188965
CG,11.442853927612305
CG1,11.250411033630371
CG2,11.057965278625488
CH2,10.865522384643555
CZ,10.85894775390625
CZ2,12.339305877685547
CZ3,13.81966781616211
O,15.300030708312988
OH,16.780393600463867
OD1,15.95836353302002
OD2,15.136336326599121
OE1,14.314311027526855
OE2,13.492281913757324
OG,13.234440803527832
OG1,13.047125816345215
N,12.859807014465332
NE,12.672493934631348
NE1,12.572312355041504
NE2,12.496957778930664
ND1,12.421599388122559
ND2,12.346174240112305
NZ,12.112926483154297
NH1,11.80065631866455
NH2,11.48839282989502
SD,11.176124572753906
SG,11.037403106689453
UNKNOWN,11.037403106689453
