atom_type,importance
C,0.07912085950374603
CA,0.07912085950374603
CB,0.08165350556373596
CD,0.0873512327671051
CD1,0.09304898232221603
CD2,0.09874729812145233
CE,0.10371307283639908
CE1,0.107215516269207
CE2,0.11071854829788208
CE3,0.11422038078308105
CG,0.11929666250944138
CG1,0.1298827826976776
CG2,0.14046889543533325
CH2,0.15105505287647247
CZ,0.1596873700618744
CZ2,0.15268945693969727
CZ3,0.1456916183233261
O,0.1386936604976654
OH,0.13169574737548828
OD1,0.12929821014404297
OD2,0.12690070271492004
OE1,0.12450313568115234
OE2,0.12210557609796524
OG,0.1155308410525322
OG1,0.10843393951654434
N,0.1013370007276535
NE,0.09424009919166565
NE1,0.09397950768470764
NE2,0.0956723764538765
ND1,0.0973646268248558
ND2,0.09905692934989929
NZ,0.10078991949558258
NH1,0.10254304111003876
NH2,0.10429555922746658
SD,0.10604865103960037
SG,0.10682781040668488
UNKNOWN,0.10682781040668488
