atom_type,importance
C,0.09230177849531174
CA,0.09230177849531174
CB,0.09079401195049286
CD,0.08740234375
CD1,0.08401068300008774
CD2,0.08061901479959488
CE,0.0792548656463623
CE1,0.08194521814584732
CE2,0.08463609963655472
CE3,0.08732640743255615
CG,0.090937040746212
CG1,0.09776676446199417
CG2,0.10459652543067932
CH2,0.1114262267947197
CZ,0.11907757818698883
CZ2,0.13330206274986267
CZ3,0.14752651751041412
O,0.16175101697444916
OH,0.17597541213035583
OD1,0.17087596654891968
OD2,0.16577644646167755
OE1,0.16067691147327423
OE2,0.15557743608951569
OG,0.14901544153690338
OG1,0.14227062463760376
N,0.1355258673429489
NE,0.12878108024597168
NE1,0.13946029543876648
NE2,0.1551189124584198
ND1,0.17077767848968506
ND2,0.18643532693386078
NZ,0.1848246455192566
NH1,0.17457950115203857
NH2,0.16433534026145935
SD,0.15409015119075775
SG,0.14953646063804626
UNKNOWN,0.14953646063804626
