atom_index,is_real_atom,atom_type_from_onehot,importance
0,1,CA,10.070289611816406
1,1,NZ,10.070289611816406
2,1,CA,10.168980598449707
3,1,C,10.37763500213623
4,1,O,10.586294174194336
5,1,CB,10.794949531555176
6,1,CG,10.773163795471191
7,1,CD1,10.431732177734375
8,1,CD2,10.090302467346191
9,1,CE3,9.748870849609375
10,1,CZ3,9.592597961425781
11,1,N,9.75864028930664
12,1,CA,9.9246826171875
13,1,CD1,10.09072494506836
14,1,CE1,10.142293930053711
15,1,CB,9.940038681030273
16,1,CG,9.737781524658203
17,1,CD1,9.53552532196045
18,1,CD2,9.333914756774902
19,1,N,9.134173393249512
20,1,CA,8.934431076049805
21,1,CB,8.734689712524414
22,1,CG,8.4889554977417
23,1,OD1,8.062318801879883
24,1,OD2,7.635682582855225
25,1,CA,7.209046840667725
26,1,CB,6.896494388580322
27,1,CG,7.237323760986328
28,1,CD1,7.57815408706665
29,1,CD2,7.918984413146973
30,1,CE1,8.246268272399902
31,1,CE2,8.443887710571289
32,1,CZ,8.641507148742676
33,1,OH,8.839128494262695
34,1,CA,9.04583740234375
35,1,C,9.46763801574707
36,1,O,9.88943862915039
37,1,CB,10.311237335205078
38,1,CG,10.733038902282715
39,1,N,10.637168884277344
40,1,CD,10.534207344055176
41,1,NE,10.431246757507324
42,1,CZ,10.32828426361084
43,1,NH1,10.141314506530762
44,1,NH2,9.948259353637695
45,1,CB,9.755203247070312
46,1,CG1,9.562146186828613
47,1,CG2,9.46335220336914
48,1,CD1,9.37761116027832
49,1,CZ,9.291871070861816
50,1,NH1,9.206130027770996
51,1,NH2,8.663426399230957
