atom_type,importance_sum
C,6.587652206420898
CA,6.587652206420898
CB,6.926590919494629
CD,7.689118385314941
CD1,8.451688766479492
CD2,9.214248657226562
CE,9.998159408569336
CE1,10.824724197387695
CE2,11.65135383605957
CE3,12.477912902832031
CG,13.458539009094238
CG1,14.977991104125977
CG2,16.4974422454834
CH2,18.016891479492188
CZ,19.395689010620117
CZ2,19.64931297302246
CZ3,19.902931213378906
O,20.156545639038086
OH,20.4101619720459
OD1,20.55447769165039
OD2,20.698793411254883
OE1,20.843109130859375
OE2,20.9874210357666
OG,21.066261291503906
OG1,21.136913299560547
N,21.20757293701172
NE,21.27822494506836
NE1,21.526458740234375
NE2,21.8255615234375
ND1,22.124662399291992
ND2,22.423763275146484
NZ,22.081790924072266
NH1,21.419193267822266
NH2,20.756595611572266
SD,20.094154357910156
SG,19.799701690673828
UNKNOWN,19.799701690673828
