atom_index,is_real_atom,atom_type_from_onehot,importance
0,1,CD2,7.033019065856934
1,1,CE2,7.033019065856934
2,1,CZ,6.997173309326172
3,1,CD1,6.921383380889893
4,1,CG2,6.845593452453613
5,1,N,6.76980447769165
6,1,CA,6.533611297607422
7,1,O,6.074924468994141
8,1,CB,5.616237163543701
9,1,CG1,5.1575493812561035
10,1,CG2,4.939001083374023
11,1,CD1,5.138474464416504
12,1,CB,5.337946891784668
13,1,CG1,5.537419319152832
14,1,CG2,5.737147331237793
15,1,N,5.937442302703857
16,1,CA,6.137738227844238
17,1,CB,6.338033199310303
18,1,CG,6.516822338104248
19,1,SD,6.633349895477295
20,1,CE,6.7498779296875
21,1,CE3,6.8664069175720215
22,1,CZ2,6.905015468597412
23,1,CZ3,6.637140274047852
24,1,CH2,6.369266033172607
25,1,CA,6.101391315460205
26,1,C,5.843663215637207
27,1,O,5.644052028656006
28,1,CB,5.444438934326172
29,1,CG,5.244826793670654
30,1,CD2,5.057430744171143
31,1,N,4.986957550048828
32,1,CA,4.916484832763672
33,1,CB,4.846011638641357
34,1,CG,4.774924278259277
35,1,CD1,4.689319610595703
36,1,CD2,4.603714942932129
37,1,NE1,4.518110752105713
38,1,CE2,4.432505130767822
39,1,CE3,4.429919242858887
40,1,CZ2,4.428470134735107
41,1,CZ3,4.427021503448486
42,1,CH2,4.425572395324707
43,1,CB,4.613295555114746
44,1,CG,4.814724922180176
45,1,CD1,5.01615571975708
46,1,CD2,5.217586040496826
47,1,CD2,5.410771369934082
48,1,CG1,5.602812767028809
49,1,CG2,5.794856548309326
50,1,CD1,5.986899375915527
51,1,CB,6.042868614196777
52,1,CG,6.069838047027588
53,1,SD,6.096807956695557
54,1,CE,6.123776912689209
55,1,CD2,5.917556285858154
56,1,CE1,5.641788959503174
57,1,CE2,5.366020202636719
58,1,CZ,5.0902509689331055
