atom_type,importance_sum
C,5.2329559326171875
CA,5.2329559326171875
CB,5.212475299835205
CD,5.166375160217285
CD1,5.120274543762207
CD2,5.07417631149292
CE,5.4367876052856445
CE1,6.616783618927002
CE2,7.796777725219727
CE3,8.976773262023926
CG,10.094108581542969
CG1,10.991929054260254
CG2,11.889752388000488
CH2,12.787579536437988
CZ,13.579742431640625
CZ2,13.526625633239746
CZ3,13.473508834838867
O,13.420398712158203
OH,13.367286682128906
OD1,12.525976181030273
OD2,11.684661865234375
OE1,10.84334945678711
OE2,10.00203800201416
OG,9.481971740722656
OG1,9.002058982849121
N,8.522148132324219
NE,8.042204856872559
NE1,8.757768630981445
NE2,9.814854621887207
ND1,10.872004508972168
ND2,11.92909049987793
NZ,12.664113998413086
NH1,13.238030433654785
NH2,13.811951637268066
SD,14.385875701904297
SG,14.640884399414062
UNKNOWN,14.640884399414062
