atom_type,importance
C,0.09310945868492126
CA,0.09310945868492126
CB,0.10044927895069122
CD,0.1169634610414505
CD1,0.13347691297531128
CD2,0.14999185502529144
CE,0.15908238291740417
CE1,0.15332864224910736
CE2,0.14757490158081055
CE3,0.14182113111019135
CG,0.13763339817523956
CG1,0.13892295956611633
CG2,0.1402125060558319
CH2,0.14150205254554749
CZ,0.1420968919992447
CZ2,0.13713409006595612
CZ3,0.13217130303382874
O,0.12720848619937897
OH,0.1222456768155098
OD1,0.11219165474176407
OD2,0.10213766247034073
OE1,0.0920836478471756
OE2,0.08202964067459106
OG,0.08046703040599823
OG1,0.07996585965156555
N,0.07946469634771347
NE,0.0789635181427002
NE1,0.08729520440101624
NE2,0.0981505811214447
ND1,0.10900596529245377
ND2,0.11986136436462402
NZ,0.13087168335914612
NH1,0.141959547996521
NH2,0.15304742753505707
SD,0.16413527727127075
SG,0.16906370222568512
UNKNOWN,0.16906370222568512
