atom_index,is_real_atom,atom_type_from_onehot,importance
0,1,CD2,9.23952865600586
1,1,CE1,9.23952865600586
2,1,CE2,9.265303611755371
3,1,CZ,9.319801330566406
4,1,OH,9.374299049377441
5,1,CB,9.428796768188477
6,1,OG,9.370135307312012
7,1,CA,9.15450668334961
8,1,C,8.93887996673584
9,1,O,8.723252296447754
10,1,CB,8.472967147827148
11,1,CG,8.162352561950684
12,1,CD1,7.8517374992370605
13,1,CD2,7.541122913360596
14,1,N,7.248589515686035
15,1,CA,6.9961466789245605
16,1,C,6.743703842163086
17,1,O,6.4912614822387695
18,1,CB,6.238214015960693
19,1,CG1,5.983418941497803
20,1,CG2,5.728622913360596
21,1,CD1,5.473826885223389
22,1,N,5.203402519226074
23,1,CA,4.871504306793213
24,1,C,4.539606094360352
25,1,O,4.20770788192749
26,1,CB,3.9293079376220703
27,1,CG,3.957305908203125
28,1,CD1,3.9853038787841797
29,1,CD2,4.013302326202393
30,1,CE1,4.035393714904785
31,1,CE2,4.000946521759033
32,1,CZ,3.9665000438690186
33,1,CB,3.9320528507232666
34,1,CG1,3.9229235649108887
35,1,CG2,4.512956619262695
36,1,CD2,5.1029863357543945
37,1,CE3,5.693019390106201
38,1,CZ2,6.283052444458008
39,1,CZ3,6.430125713348389
40,1,CH2,6.571132183074951
41,1,CA,6.712139129638672
42,1,C,6.853144645690918
43,1,O,6.862432956695557
44,1,CB,6.862176418304443
45,1,CG,6.8619184494018555
46,1,CD2,6.8616623878479
47,1,CA,6.689853668212891
48,1,C,6.494292259216309
49,1,O,6.298731327056885
50,1,CB,6.103169918060303
51,1,CG,6.147759437561035
52,1,CD1,6.243525981903076
53,1,CD2,6.33929443359375
54,1,CE1,6.435062885284424
55,1,CE2,6.3289794921875
56,1,CZ,6.1626973152160645
57,1,N,5.996415138244629
58,1,CA,5.830132007598877
59,1,CB,6.032501220703125
60,1,CG,6.380938529968262
61,1,CD2,6.729375839233398
62,1,CB,7.07781457901001
63,1,CG1,7.0495734214782715
64,1,CG2,6.829151630401611
