atom_index,is_real_atom,atom_type_from_onehot,importance
0,1,CA,7.27051305770874
1,1,C,7.27051305770874
2,1,O,7.257720470428467
3,1,CB,7.230673313140869
4,1,CG1,7.20362663269043
5,1,CG2,7.176579475402832
6,1,C,7.104775905609131
7,1,CB,6.970889568328857
8,1,CG,6.837002277374268
9,1,CD2,6.703115940093994
10,1,N,6.593977451324463
11,1,CA,6.527917861938477
12,1,CB,6.461857795715332
13,1,CG,6.395798683166504
14,1,CD1,6.429773330688477
15,1,CD1,6.685567855834961
16,1,CD2,6.941361904144287
17,1,CB,7.197155475616455
18,1,CG1,7.315081596374512
19,1,CG2,7.033913612365723
20,1,CD1,6.752746105194092
21,1,C,6.471578121185303
22,1,O,6.2220845222473145
23,1,CB,6.0971784591674805
24,1,CG,5.9722723960876465
25,1,CD1,5.847366809844971
26,1,CD2,5.684903621673584
27,1,N,5.307342052459717
28,1,CA,4.92978048324585
29,1,O,4.552219867706299
30,1,CB,4.191955089569092
31,1,CG,3.997248649597168
32,1,CD1,3.802542209625244
33,1,CE1,3.607835292816162
34,1,CB,3.4190263748168945
35,1,CG,3.3697874546051025
36,1,CD1,3.3205485343933105
37,1,CD2,3.271310329437256
38,1,CE1,3.222071409225464
39,1,CE2,3.455090284347534
40,1,CZ,3.691973924636841
41,1,CE2,3.928858757019043
42,1,CZ,4.165742874145508
43,1,CA,4.670579433441162
44,1,C,5.194831371307373
45,1,O,5.719083786010742
46,1,CB,6.243337154388428
47,1,CG,6.944646835327148
48,1,CG2,7.670467376708984
49,1,CA,8.39629077911377
50,1,C,9.122114181518555
51,1,O,9.510172843933105
52,1,CB,9.82624626159668
53,1,CG,10.142318725585938
54,1,CD,10.458394050598145
55,1,NE,10.43466854095459
56,1,CZ,10.309602737426758
57,1,NH1,10.184535026550293
58,1,NH2,10.059469223022461
59,1,CA,9.838433265686035
60,1,C,9.579377174377441
61,1,O,9.320320129394531
62,1,CB,9.061264038085938
63,1,CG,8.75299072265625
64,1,CD,8.419610977172852
65,1,N,8.086230278015137
66,1,CA,7.75285005569458
67,1,O,7.5685529708862305
68,1,CB,7.480330467224121
69,1,CG,7.392108917236328
70,1,CD1,7.303887367248535
71,1,CB,6.853820323944092
