atom_type,importance_sum
C,14.718088150024414
CA,14.718088150024414
CB,15.133904457092285
CD,16.069538116455078
CD1,17.005138397216797
CD2,17.94074249267578
CE,18.172183990478516
CE1,16.99504852294922
CE2,15.817999839782715
CE3,14.64095687866211
CG,13.772933959960938
CG1,13.986546516418457
CG2,14.200165748596191
CH2,14.413780212402344
CZ,14.609419822692871
CZ2,14.661222457885742
CZ3,14.71302604675293
O,14.764829635620117
OH,14.816630363464355
OD1,15.82535171508789
OD2,16.834074020385742
OE1,17.842792510986328
OE2,18.851520538330078
OG,19.162208557128906
OG1,19.385650634765625
N,19.609094619750977
NE,19.832529067993164
NE1,19.385643005371094
NE2,18.747161865234375
ND1,18.108673095703125
ND2,17.47031021118164
NZ,16.13854217529297
NH1,14.460132598876953
NH2,12.781718254089355
SD,11.103248596191406
SG,10.357295036315918
UNKNOWN,10.357295036315918
