atom_type,importance_sum
C,11.144036293029785
CA,11.144036293029785
CB,11.464766502380371
CD,12.186367988586426
CD1,12.907967567443848
CD2,13.629570007324219
CE,14.030824661254883
CE1,13.791487693786621
CE2,13.552149772644043
CE3,13.312811851501465
CG,12.966130256652832
CG1,12.24384880065918
CG2,11.521565437316895
CH2,10.79927921295166
CZ,10.191150665283203
CZ2,10.496240615844727
CZ3,10.801326751708984
O,11.106416702270508
OH,11.411503791809082
OD1,12.003006935119629
OD2,12.594513893127441
OE1,13.18602180480957
OE2,13.77752685546875
OG,13.478952407836914
OG1,13.069117546081543
N,12.659281730651855
NE,12.249444961547852
NE1,12.577611923217773
NE2,13.116600036621094
ND1,13.655680656433105
ND2,14.194665908813477
NZ,14.49881362915039
NH1,14.685388565063477
NH2,14.872064590454102
SD,15.058743476867676
SG,15.141736030578613
UNKNOWN,15.141736030578613
