atom_index,is_real_atom,atom_type_from_onehot,importance
0,1,CB,8.21377182006836
1,1,CG2,8.21377182006836
2,1,CD1,8.296799659729004
3,1,CG2,8.472345352172852
4,1,CA,8.647890090942383
5,1,C,8.82343578338623
6,1,O,8.953073501586914
7,1,CB,9.019034385681152
8,1,CG1,9.08499526977539
9,1,CG2,9.150955200195312
10,1,CD1,9.169149398803711
11,1,CA,9.104194641113281
12,1,C,9.039237976074219
13,1,O,8.974283218383789
14,1,CB,8.856893539428711
15,1,CG2,8.62324047088623
16,1,CD1,8.3895845413208
17,1,N,8.155930519104004
18,1,CA,7.90838623046875
19,1,C,7.620635986328125
20,1,O,7.332884311676025
21,1,CB,7.0451340675354
22,1,OG1,6.817346572875977
23,1,N,6.825413703918457
24,1,CG,6.833481311798096
25,1,CD1,6.841548442840576
26,1,CD2,6.876801490783691
27,1,CD1,7.067754745483398
28,1,CA,7.25870943069458
29,1,C,7.449662685394287
30,1,O,7.627013683319092
31,1,CB,7.6741623878479
32,1,N,7.721312999725342
33,1,CA,7.768461227416992
34,1,SG,7.810849666595459
35,1,CD1,7.740551948547363
36,1,CE1,7.670254230499268
37,1,CE2,7.599956512451172
38,1,CZ,7.529658317565918
39,1,OH,6.76458215713501
