atom_type,importance_sum
C,6.422300815582275
CA,6.422300815582275
CB,6.71165132522583
CD,7.362685203552246
CD1,8.01371955871582
CD2,8.664787292480469
CE,9.490248680114746
CE1,10.664426803588867
CE2,11.83859634399414
CE3,13.01285171508789
CG,13.84493350982666
CG1,13.479564666748047
CG2,13.1141996383667
CH2,12.748831748962402
CZ,12.5543212890625
CZ2,13.726643562316895
CZ3,14.898971557617188
O,16.07129669189453
OH,17.243621826171875
OD1,16.393491744995117
OD2,15.543362617492676
OE1,14.693236351013184
OE2,13.843104362487793
OG,13.307211875915527
OG1,12.81059741973877
N,12.313982963562012
NE,11.817370414733887
NE1,11.590033531188965
NE2,11.439606666564941
ND1,11.289268493652344
ND2,11.138842582702637
NZ,10.828289031982422
NH1,10.437589645385742
NH2,10.046899795532227
SD,9.65627384185791
SG,9.48263168334961
UNKNOWN,9.48263168334961
