atom_index,is_real_atom,atom_type_from_onehot,importance
0,1,OG,7.298710823059082
1,1,CB,7.298710823059082
2,1,CG,7.298856735229492
3,1,CD1,7.299167633056641
4,1,CD2,7.2994771003723145
5,1,CE2,7.29978609085083
6,1,CZ,7.245870590209961
7,1,CB,7.11673641204834
8,1,CG2,6.987603187561035
9,1,CG,6.8584699630737305
10,1,CD1,6.8572306632995605
11,1,CD2,7.0786213874816895
12,1,CE1,7.300012111663818
13,1,CE2,7.521402359008789
14,1,CZ,7.7199506759643555
15,1,CA,7.867846965789795
16,1,O,8.01574420928955
17,1,CB,8.163642883300781
18,1,CG,8.300786018371582
19,1,CD2,8.406798362731934
20,1,CG,8.512812614440918
21,1,CB,8.618826866149902
22,1,CG,8.581671714782715
23,1,CD1,7.981391906738281
24,1,CD1,7.3811116218566895
25,1,CE2,6.780832290649414
