atom_type,importance
C,0.0955289676785469
CA,0.0955289676785469
CB,0.09723544120788574
CD,0.1010747179389
CD1,0.10491395741701126
CD2,0.10875381529331207
CE,0.11258318275213242
CE1,0.11639317870140076
CE2,0.1202031672000885
CE3,0.12401316314935684
CG,0.12639842927455902
CG1,0.12379579991102219
CG2,0.12119312584400177
CH2,0.11859045922756195
CZ,0.11670490354299545
CZ2,0.1205560564994812
CZ3,0.12440714240074158
O,0.12825828790664673
OH,0.1321093589067459
OD1,0.12442716956138611
OD2,0.11674492806196213
OE1,0.10906270146369934
OE2,0.10138048976659775
OG,0.0958489328622818
OG1,0.09058620035648346
N,0.08532346785068512
NE,0.08006076514720917
NE1,0.0757630467414856
NE2,0.07174128293991089
ND1,0.06771878153085709
ND2,0.06369701027870178
NZ,0.0644153282046318
NH1,0.06750325858592987
NH2,0.07059122622013092
SD,0.0736793801188469
SG,0.07505159825086594
UNKNOWN,0.07505159825086594
