atom_type,importance
C,0.18013882637023926
CA,0.18013882637023926
CB,0.1951785832643509
CD,0.22901876270771027
CD1,0.26286089420318604
CD2,0.2967011332511902
CE,0.3140490651130676
CE1,0.2984120547771454
CE2,0.2827731966972351
CE3,0.26713430881500244
CG,0.2516210675239563
CG1,0.23654337227344513
CG2,0.22146570682525635
CH2,0.20638808608055115
CZ,0.19354431331157684
CZ2,0.19857186079025269
CZ3,0.20359937846660614
O,0.2086269110441208
OH,0.21365439891815186
OD1,0.20270700752735138
OD2,0.1917596459388733
OE1,0.180812269449234
OE2,0.16986487805843353
OG,0.16317658126354218
OG1,0.15702064335346222
N,0.15086473524570465
NE,0.14470884203910828
NE1,0.15459664165973663
NE2,0.16906856000423431
ND1,0.18354041874408722
ND2,0.1980133205652237
NZ,0.20045988261699677
NH1,0.19689416885375977
NH2,0.19332937896251678
SD,0.18976375460624695
SG,0.18817894160747528
UNKNOWN,0.18817894160747528
