atom_index,is_real_atom,atom_type_from_onehot,importance
0,1,CG,9.257747650146484
1,1,CD2,9.257747650146484
2,1,CD1,9.56855583190918
3,1,CG,10.225692749023438
4,1,CD1,10.882831573486328
5,1,CD2,11.539969444274902
6,1,CB,11.922783851623535
7,1,CG1,11.925087928771973
8,1,N,11.927391052246094
9,1,CA,11.929693222045898
10,1,O,11.911526679992676
11,1,CB,11.857723236083984
12,1,CG,11.803918838500977
13,1,CD,11.750116348266602
14,1,CA,11.593109130859375
15,1,C,11.207254409790039
16,1,O,10.821403503417969
17,1,CB,10.43554973602295
18,1,N,10.236089706420898
19,1,CA,10.576188087463379
20,1,CG1,10.916288375854492
21,1,CD1,11.256386756896973
22,1,CB,11.549004554748535
23,1,CG1,11.654867172241211
24,1,CG2,11.760729789733887
25,1,CG1,11.86659049987793
26,1,CA,11.841687202453613
27,1,O,11.067859649658203
28,1,CB,10.29403018951416
29,1,OG,9.520200729370117
