atom_type,importance_sum
C,10.667990684509277
CA,10.667990684509277
CB,11.114856719970703
CD,12.120408058166504
CD1,13.125958442687988
CD2,14.131513595581055
CE,14.622425079345703
CE1,14.08395767211914
CE2,13.545496940612793
CE3,13.007027626037598
CG,12.545537948608398
CG1,12.353439331054688
CG2,12.16133975982666
CH2,11.96924114227295
CZ,11.891090393066406
CZ2,12.72450065612793
CZ3,13.557914733886719
O,14.391329765319824
OH,15.22474479675293
OD1,14.391536712646484
OD2,13.558338165283203
OE1,12.72513198852539
OE2,11.891926765441895
OG,12.57422924041748
OG1,13.44597053527832
N,14.317710876464844
NE,15.189454078674316
NE1,14.516221046447754
NE2,13.40160846710205
ND1,12.286992073059082
ND2,11.172375679016113
NZ,10.744150161743164
NH1,10.659163475036621
NH2,10.574161529541016
SD,10.489121437072754
SG,10.451343536376953
UNKNOWN,10.451343536376953
