atom_index,is_real_atom,atom_type_from_onehot,importance
0,1,CG2,7.03461217880249
1,1,CD1,7.03461217880249
2,1,CE1,7.180196285247803
3,1,CZ,7.488002777099609
4,1,OH,7.7958083152771
5,1,CB,8.103614807128906
6,1,CG1,8.36706829071045
7,1,CG2,8.568998336791992
8,1,O,8.770931243896484
9,1,CG1,8.97286319732666
10,1,CG2,9.117403030395508
11,1,CD1,9.162038803100586
12,1,CE1,9.20667552947998
13,1,CZ,9.251310348510742
14,1,OH,9.288751602172852
15,1,ND2,9.310235977172852
16,1,OG,9.331719398498535
17,1,O,9.353202819824219
18,1,CG,9.29772663116455
19,1,CD,9.019474029541016
20,1,CD1,8.741220474243164
21,1,CE1,8.462968826293945
22,1,CE2,8.177319526672363
23,1,CZ,7.862575531005859
24,1,OH,7.547831058502197
25,1,CB,7.233088493347168
26,1,CG1,7.008025169372559
27,1,CG2,7.296582221984863
28,1,CA,7.585140705108643
29,1,O,7.873699188232422
30,1,CB,8.152873039245605
31,1,CG1,8.342225074768066
32,1,CG2,8.531575202941895
33,1,CD1,8.720925331115723
34,1,OH,8.894865036010742
35,1,CB,8.704055786132812
36,1,CG,8.513248443603516
37,1,ND2,8.322440147399902
38,1,OG,8.131630897521973
