atom_type,importance_sum
C,7.971625804901123
CA,7.971625804901123
CB,8.08359146118164
CD,8.335498809814453
CD1,8.587457656860352
CD2,8.839345932006836
CE,8.984582901000977
CE1,8.916434288024902
CE2,8.848285675048828
CE3,8.780137062072754
CG,8.749659538269043
CG1,8.850887298583984
CG2,8.952116012573242
CH2,9.05334186553955
CZ,9.274791717529297
CZ2,10.458001136779785
CZ3,11.641207695007324
O,12.824417114257812
OH,14.0076265335083
OD1,13.599947929382324
OD2,13.192269325256348
OE1,12.784591674804688
OE2,12.376914978027344
OG,12.447687149047852
OG1,12.578268051147461
N,12.708847045898438
NE,12.839424133300781
NE1,12.097883224487305
NE2,11.10703182220459
ND1,10.116265296936035
ND2,9.125497817993164
NZ,9.009769439697266
NH1,9.331558227539062
NH2,9.653348922729492
SD,9.975138664245605
SG,10.1181058883667
UNKNOWN,10.1181058883667
