atom_index,is_real_atom,atom_type_from_onehot,importance
0,1,OG,6.978297233581543
1,1,CB,6.978297233581543
2,1,CG,7.000881671905518
3,1,CD1,7.048631191253662
4,1,CD2,7.096382141113281
5,1,CE2,7.144132137298584
6,1,CZ,7.180427551269531
7,1,OG1,7.200836181640625
8,1,CB,7.2212443351745605
9,1,CG,7.2416534423828125
10,1,CD1,7.241318702697754
11,1,CD2,7.204873085021973
12,1,CE1,7.168428421020508
13,1,CE2,7.131983280181885
14,1,CZ,7.081902503967285
15,1,CA,7.001585483551025
16,1,C,6.921268463134766
17,1,O,6.840950965881348
18,1,CB,6.808103084564209
19,1,CG,6.912661552429199
20,1,CD2,7.017221450805664
21,1,CE2,7.1217803955078125
22,1,CG,7.158705234527588
23,1,CB,6.929599761962891
24,1,CG,6.700493335723877
25,1,CD2,6.471388816833496
26,1,CD2,6.206953525543213
