atom_index,is_real_atom,atom_type_from_onehot,importance
0,1,CG2,11.740095138549805
1,1,CD1,11.740095138549805
2,1,CA,12.086669921875
3,1,C,12.819430351257324
4,1,O,13.552190780639648
5,1,CB,14.284950256347656
6,1,CG,14.539135932922363
7,1,CD,14.129496574401855
8,1,C,13.719860076904297
9,1,O,13.310220718383789
10,1,CB,12.97519302368164
11,1,CG2,12.77004337310791
12,1,N,12.56489086151123
13,1,CA,12.3597412109375
14,1,CB,12.232649803161621
15,1,OG,12.278650283813477
16,1,C,12.324651718139648
17,1,O,12.37065315246582
18,1,CB,12.40131664276123
19,1,N,12.387595176696777
20,1,CA,12.373872756958008
21,1,SD,12.360150337219238
22,1,CE,12.357457160949707
23,1,NE,12.398137092590332
24,1,CZ,12.43881893157959
25,1,NH1,12.479499816894531
26,1,NH2,12.392159461975098
27,1,CZ3,11.571619033813477
28,1,CH2,10.751076698303223
29,1,CG1,9.930535316467285
30,1,CD1,9.139665603637695
31,1,CG,8.632840156555176
32,1,CD1,8.126012802124023
33,1,CD2,7.619187355041504
34,1,CE1,7.1331562995910645
35,1,CE2,7.139307975769043
36,1,CZ,7.14546012878418
37,1,OH,7.151609897613525
38,1,CE2,7.157761573791504
39,1,CZ,6.798431396484375
40,1,OH,6.434095859527588
