atom_type,importance_sum
C,9.958386421203613
CA,9.958386421203613
CB,10.557136535644531
CD,11.904443740844727
CD1,13.251749038696289
CD2,14.599054336547852
CE,15.479317665100098
CE1,15.425481796264648
CE2,15.371736526489258
CE3,15.317900657653809
CG,15.268988609313965
CG1,15.237578392028809
CG2,15.20616340637207
CH2,15.174745559692383
CZ,15.230483055114746
CZ2,15.983405113220215
CZ3,16.736328125
O,17.489253997802734
OH,18.242176055908203
OD1,18.215600967407227
OD2,18.18902587890625
OE1,18.16244888305664
OE2,18.13587188720703
OG,18.126245498657227
OG1,18.118730545043945
N,18.111221313476562
NE,18.10370635986328
NE1,18.150653839111328
NE2,18.213197708129883
ND1,18.275588989257812
ND2,18.338138580322266
NZ,18.112821578979492
NH1,17.743606567382812
NH2,17.374481201171875
SD,17.005290985107422
SG,16.84123992919922
UNKNOWN,16.84123992919922
