atom_index,is_real_atom,atom_type_from_onehot,importance
0,1,CG,9.032942771911621
1,1,CD2,9.032942771911621
2,1,O,8.998866081237793
3,1,CB,8.926813125610352
4,1,OG,8.854763984680176
5,1,N,8.782712936401367
6,1,CA,8.655625343322754
7,1,CB,8.452199935913086
8,1,CB,8.248770713806152
9,1,CG,8.045343399047852
10,1,CE1,7.899384498596191
11,1,CE2,7.853461265563965
12,1,CZ,7.8075385093688965
13,1,OH,7.761617183685303
14,1,CG,7.73118782043457
15,1,CD1,7.735113143920898
16,1,CD2,7.739038944244385
17,1,O,7.742964744567871
18,1,CA,7.708313941955566
19,1,CB,7.561995983123779
20,1,OG1,7.41567850112915
21,1,CA,7.269359588623047
22,1,C,7.15008544921875
23,1,O,7.137179851531982
24,1,CD1,7.124275207519531
25,1,CE1,7.111370086669922
26,1,CZ,7.190004825592041
27,1,CA,7.792906761169434
28,1,CB,8.395811080932617
29,1,CB,8.998714447021484
30,1,CG2,9.537235260009766
31,1,CD,9.459531784057617
32,1,CE,9.381829261779785
33,1,NZ,9.30412483215332
34,1,C,9.218955039978027
35,1,O,8.957030296325684
36,1,CB,8.695107460021973
37,1,CG,8.433183670043945
38,1,CD2,8.171259880065918
39,1,CE2,8.125160217285156
40,1,N,8.08201789855957
41,1,CA,8.038873672485352
42,1,CG,7.995729446411133
43,1,CD1,7.728384494781494
44,1,CA,7.444793224334717
45,1,C,7.161201000213623
46,1,O,6.877608299255371
47,1,CB,6.719803810119629
48,1,N,6.579415321350098
49,1,CA,6.439027786254883
50,1,C,6.298639297485352
51,1,CB,6.121575832366943
52,1,CG,5.936699390411377
53,1,CD2,5.751821517944336
54,1,CE2,5.566943168640137
