atom_index,is_real_atom,atom_type_from_onehot,importance
0,1,CB,8.355470657348633
1,1,CG,8.355470657348633
2,1,CD1,8.581210136413574
3,1,CD2,9.058486938476562
4,1,NE1,9.5357666015625
5,1,CE2,10.013046264648438
6,1,CE3,10.206781387329102
7,1,CZ2,10.007217407226562
8,1,CZ3,9.80765438079834
9,1,CH2,9.6080904006958
10,1,CA,9.515009880065918
11,1,O,9.607291221618652
12,1,CA,9.69957160949707
13,1,C,9.791851997375488
14,1,O,9.610053062438965
15,1,CB,8.820516586303711
16,1,CB,8.030975341796875
