atom_type,importance_sum
C,5.2622761726379395
CA,5.2622761726379395
CB,5.752779483795166
CD,6.856381416320801
CD1,7.959983825683594
CD2,9.063546180725098
CE,9.434752464294434
CE1,8.340935707092285
CE2,7.247137546539307
CE3,6.153386116027832
CG,5.339552402496338
CG1,5.505690574645996
CG2,5.671825885772705
CH2,5.837964057922363
CZ,6.097955226898193
CZ2,7.10878324508667
CZ3,8.119616508483887
O,9.130499839782715
OH,10.141326904296875
OD1,9.417547225952148
OD2,8.693757057189941
OE1,7.96993350982666
OE2,7.246153831481934
OG,6.444144248962402
OG1,5.632354259490967
N,4.8205671310424805
NE,4.008805274963379
NE1,3.9283223152160645
NE2,4.056768417358398
ND1,4.185220718383789
ND2,4.313663005828857
NZ,5.218460559844971
NH1,6.511414051055908
NH2,7.804372787475586
SD,9.097275733947754
SG,9.671944618225098
UNKNOWN,9.671944618225098
