atom_type,importance
C,0.09499704092741013
CA,0.09499704092741013
CB,0.10215046256780624
CD,0.11824622005224228
CD1,0.13434141874313354
CD2,0.1504366397857666
CE,0.1593662053346634
CE1,0.15396231412887573
CE2,0.14855949580669403
CE3,0.1431567668914795
CG,0.1382419914007187
CG1,0.13503822684288025
CG2,0.1318344622850418
CH2,0.12863068282604218
CZ,0.12762907147407532
CZ2,0.14424437284469604
CZ3,0.16085971891880035
O,0.17747506499290466
OH,0.19409041106700897
OD1,0.19325610995292664
OD2,0.19242174923419952
OE1,0.19158746302127838
OE2,0.19075314700603485
OG,0.1908142864704132
OG1,0.19098737835884094
N,0.19116048514842987
NE,0.19133353233337402
NE1,0.19451403617858887
NE2,0.19855184853076935
ND1,0.2025907188653946
ND2,0.20662961900234222
NZ,0.20100930333137512
NH1,0.19055938720703125
NH2,0.18010945618152618
SD,0.16965845227241516
SG,0.1650150865316391
UNKNOWN,0.1650150865316391
