atom_type,importance
C,0.15396279096603394
CA,0.15396279096603394
CB,0.16014742851257324
CD,0.17406506836414337
CD1,0.18798163533210754
CD2,0.2018992304801941
CE,0.2080933302640915
CE1,0.19884148240089417
CE2,0.1895895153284073
CE3,0.18033872544765472
CG,0.17321783304214478
CG1,0.17355504631996155
CG2,0.17389227449893951
CH2,0.17422956228256226
CZ,0.17689932882785797
CZ2,0.19822919368743896
CZ3,0.21955814957618713
O,0.2408878356218338
OH,0.2622177004814148
OD1,0.2540024220943451
OD2,0.24578705430030823
OE1,0.23757179081439972
OE2,0.22935643792152405
OG,0.2262892872095108
OG1,0.22386573255062103
N,0.22144213318824768
NE,0.21901880204677582
NE1,0.21899166703224182
NE2,0.21964901685714722
ND1,0.22030600905418396
ND2,0.22096338868141174
NZ,0.2172745019197464
NH1,0.21141403913497925
NH2,0.20555266737937927
SD,0.19969122111797333
SG,0.19708602130413055
UNKNOWN,0.19708602130413055
