atom_index,is_real_atom,atom_type_from_onehot,importance
0,1,CG,6.157370567321777
1,1,CD1,6.157370567321777
2,1,CD2,6.007588863372803
3,1,CD2,5.69090461730957
4,1,SD,5.3742218017578125
5,1,CE,5.05753755569458
6,1,CG,4.723701000213623
7,1,CD1,4.366072177886963
8,1,CD2,4.008442401885986
9,1,O,3.650812864303589
10,1,CB,3.445467472076416
11,1,CG,3.505208969116211
12,1,CD1,3.5649502277374268
13,1,CE1,3.6246912479400635
14,1,CG,3.731776237487793
15,1,CD1,3.9438395500183105
16,1,CD2,4.155902862548828
17,1,CA,4.367966651916504
18,1,C,4.534725189208984
19,1,O,4.570335388183594
20,1,CB,4.605947017669678
21,1,CG,4.641557693481445
22,1,CD,4.619102954864502
23,1,NE,4.368258953094482
24,1,CZ,4.117413520812988
25,1,NH1,3.8665692806243896
26,1,NH2,3.642737865447998
27,1,N,3.5736165046691895
28,1,CA,3.5044949054718018
29,1,CG2,3.4353742599487305
30,1,CG,3.398548126220703
31,1,OD1,3.6708333492279053
32,1,OD2,3.94311785697937
33,1,CD1,4.215402603149414
34,1,CE1,4.478103160858154
35,1,CZ,4.513977527618408
36,1,OH,4.549851417541504
37,1,CB,4.585725784301758
38,1,CG2,4.6215996742248535
39,1,C,4.3885817527771
40,1,O,4.151882648468018
41,1,CA,3.9151816368103027
42,1,C,3.678480386734009
43,1,O,3.4526119232177734
44,1,CB,3.2275285720825195
45,1,CG1,3.0024447441101074
46,1,N,2.777360200881958
47,1,CA,2.612572193145752
48,1,C,2.4561328887939453
49,1,O,2.2996931076049805
50,1,N,2.1432533264160156
51,1,CA,2.2069661617279053
52,1,CB,2.317596673965454
53,1,CG,2.428226947784424
54,1,CD,2.5388572216033936
55,1,CB,2.730544328689575
56,1,CG1,2.946404457092285
57,1,CG2,3.1622660160064697
58,1,CD2,3.378127336502075
59,1,CE2,3.590104341506958
60,1,CG,3.800541639328003
61,1,CD1,4.010980606079102
62,1,CD2,4.221418857574463
63,1,CE1,4.308665752410889
64,1,CE2,4.333058834075928
65,1,CZ,4.357452869415283
66,1,ND1,4.3818464279174805
67,1,CE1,4.379741191864014
68,1,NE2,4.360558032989502
69,1,CG,4.34137487411499
70,1,CD,4.3221917152404785
71,1,CE,4.366128921508789
72,1,NZ,4.460867881774902
73,1,CB,4.555607318878174
74,1,CG,4.650345802307129
75,1,OD1,4.511136054992676
76,1,ND2,4.137972831726074
77,1,CG2,3.764812469482422
78,1,CB,3.3916523456573486
79,1,CG1,3.0178089141845703
80,1,CG2,2.643122434616089
