atom_index,is_real_atom,atom_type_from_onehot,importance
0,1,CA,4.196465015411377
1,1,CB,4.196465015411377
2,1,CG2,4.337428569793701
3,1,CB,4.635465621948242
4,1,CG,4.933501720428467
5,1,CD1,5.231538772583008
6,1,CG,5.474306583404541
7,1,CD1,5.640411376953125
8,1,CD2,5.806517124176025
9,1,CD1,5.972621917724609
10,1,CG,6.028209686279297
11,1,CD1,5.891416072845459
12,1,CD2,5.754622459411621
13,1,CA,5.617829322814941
14,1,C,5.564478397369385
15,1,O,5.696154594421387
16,1,CB,5.8278303146362305
17,1,CG,5.959506034851074
18,1,CD1,6.055560111999512
19,1,CD2,6.048497200012207
20,1,CE1,6.041433811187744
21,1,CE2,6.034371376037598
22,1,CZ,6.031894683837891
23,1,OH,6.047453880310059
24,1,N,6.063013553619385
25,1,CA,6.078574180603027
26,1,C,6.104407787322998
27,1,O,6.189082145690918
28,1,CB,6.273759365081787
29,1,CG,6.358435153961182
30,1,CD1,6.4231672286987305
31,1,N,6.297000408172607
32,1,CA,6.170833587646484
33,1,CB,6.044666290283203
34,1,CG,5.9250569343566895
35,1,CD1,5.960659027099609
36,1,CD2,5.9962615966796875
37,1,CB,6.031864166259766
38,1,CG1,6.0674662590026855
39,1,CG2,5.510737419128418
40,1,CD1,4.945897579193115
41,1,CG2,4.3810553550720215
