atom_type,importance_sum
C,1.4198979139328003
CA,1.4198979139328003
CB,1.7061337232589722
CD,2.3501570224761963
CD1,2.994180679321289
CD2,3.638225793838501
CE,4.428909778594971
CE1,5.5128560066223145
CE2,6.596800804138184
CE3,7.680744171142578
CG,9.058545112609863
CG1,11.464742660522461
CG2,13.870939254760742
CH2,16.277141571044922
CZ,18.29800033569336
CZ2,17.23614501953125
CZ3,16.174299240112305
O,15.112443923950195
OH,14.050593376159668
OD1,12.0438814163208
OD2,10.0371732711792
OE1,8.030462265014648
OE2,6.023754119873047
OG,5.792544364929199
OG1,5.7832746505737305
N,5.774001598358154
NE,5.7647318840026855
NE1,5.7533488273620605
NE2,5.741366386413574
ND1,5.729382514953613
ND2,5.717402458190918
NZ,5.385516166687012
NH1,4.893612861633301
NH2,4.401712894439697
SD,3.9098329544067383
SG,3.69122052192688
UNKNOWN,3.69122052192688
