atom_type,importance_sum
C,6.029456615447998
CA,6.029456615447998
CB,6.500305652618408
CD,7.55970573425293
CD1,8.61905574798584
CD2,9.678406715393066
CE,10.448822975158691
CE1,10.641159057617188
CE2,10.833498001098633
CE3,11.025838851928711
CG,11.286161422729492
CG1,11.784273147583008
CG2,12.28238296508789
CH2,12.780492782592773
CZ,13.228242874145508
CZ2,13.273076057434082
CZ3,13.317912101745605
O,13.362750053405762
OH,13.407585144042969
OD1,12.626152038574219
OD2,11.844717025756836
OE1,11.063279151916504
OE2,10.281844139099121
OG,9.699273109436035
OG1,9.141563415527344
N,8.583855628967285
NE,8.026144027709961
NE1,8.490270614624023
NE2,9.246357917785645
ND1,10.002467155456543
ND2,10.758597373962402
NZ,11.481301307678223
NH1,12.187297821044922
NH2,12.893290519714355
SD,13.599286079406738
SG,13.913049697875977
UNKNOWN,13.913049697875977
