atom_index,is_real_atom,atom_type_from_onehot,importance
0,1,CD2,8.051321029663086
1,1,CG,8.051321029663086
2,1,OD1,8.44293212890625
3,1,ND2,9.270907402038574
4,1,CD1,10.098884582519531
5,1,CD1,10.926862716674805
6,1,CE1,11.42261791229248
7,1,CE2,11.457557678222656
8,1,CZ,11.492493629455566
9,1,O,11.527432441711426
10,1,CE,11.444185256958008
11,1,NZ,11.155206680297852
12,1,C,10.866227149963379
13,1,O,10.577249526977539
14,1,CB,10.234183311462402
15,1,SG,9.771188735961914
16,1,N,9.308191299438477
17,1,CA,8.845194816589355
18,1,C,8.31986141204834
19,1,O,7.614077091217041
20,1,CB,6.908291816711426
21,1,CG2,6.202507972717285
22,1,CA,5.620600700378418
23,1,C,5.525944232940674
24,1,O,5.4312872886657715
25,1,CB,5.336630821228027
26,1,CG,5.270787715911865
27,1,CD1,5.369967937469482
28,1,CD2,5.469146728515625
29,1,NE1,5.5683274269104
30,1,CE2,5.6683807373046875
31,1,CE3,5.776793003082275
32,1,CZ2,5.88520622253418
33,1,N,5.993619918823242
34,1,CA,6.089282512664795
35,1,CB,5.883191108703613
36,1,CG,5.6771016120910645
37,1,CD2,5.471011161804199
38,1,CA,5.264921188354492
