atom_index,is_real_atom,atom_type_from_onehot,importance
0,1,O,8.225859642028809
1,1,N,8.225859642028809
2,1,CA,8.392034530639648
3,1,CG,8.743376731872559
4,1,CD2,9.094717979431152
5,1,CE2,9.446057319641113
6,1,CG,9.579568862915039
7,1,CD2,9.410930633544922
8,1,O,9.242290496826172
9,1,CG,9.073652267456055
10,1,CD,8.918706893920898
11,1,CE,8.78760051727295
12,1,NZ,8.656493186950684
13,1,C,8.525385856628418
14,1,N,8.480866432189941
15,1,CA,8.628338813781738
16,1,C,8.775810241699219
17,1,O,8.923282623291016
18,1,CB,9.001401901245117
19,1,CB,8.87875747680664
20,1,CD1,8.756113052368164
21,1,N,8.633469581604004
22,1,CA,8.48408317565918
23,1,O,8.22951602935791
24,1,CB,7.974948883056641
25,1,CG,7.720382213592529
26,1,SD,7.501150131225586
27,1,CB,7.4842939376831055
28,1,CG2,7.467436790466309
29,1,CD1,7.450581073760986
30,1,CD1,7.353128433227539
31,1,CG1,6.484259605407715
32,1,CD1,5.615388870239258
