atom_type,importance_sum
C,2.7831037044525146
CA,2.7831037044525146
CB,3.4154882431030273
CD,4.838383197784424
CD1,6.261229991912842
CD2,7.684126853942871
CE,8.85844898223877
CE1,9.535677909851074
CE2,10.212811470031738
CE3,10.89004135131836
CG,11.369135856628418
CG1,11.154828071594238
CG2,10.94051742553711
CH2,10.726211547851562
CZ,10.510481834411621
CZ2,10.28339958190918
CZ3,10.056319236755371
O,9.829236030578613
OH,9.602151870727539
OD1,8.294683456420898
OD2,6.987216949462891
OE1,5.679747104644775
OE2,4.372278690338135
OG,4.823604583740234
OG1,5.49478006362915
N,6.165956974029541
NE,6.837130069732666
NE1,7.183940887451172
NE2,7.438037395477295
ND1,7.692138671875
ND2,7.946283340454102
NZ,9.177557945251465
NH1,10.897369384765625
NH2,12.617276191711426
SD,14.33708667755127
SG,15.101446151733398
UNKNOWN,15.101446151733398
