atom_type,importance
C,0.08930394053459167
CA,0.08930394053459167
CB,0.09743105620145798
CD,0.1157165914773941
CD1,0.13400180637836456
CD2,0.15228821337223053
CE,0.16565458476543427
CE1,0.16918401420116425
CE2,0.1727123111486435
CE3,0.1762417107820511
CG,0.17930249869823456
CG1,0.18072323501110077
CG2,0.18214386701583862
CH2,0.18356455862522125
CZ,0.185415118932724
CZ2,0.19070468842983246
CZ3,0.19599425792694092
O,0.20128382742404938
OH,0.2065734714269638
OD1,0.22211366891860962
OD2,0.2376549243927002
OE1,0.2531961500644684
OE2,0.26873740553855896
OG,0.253379225730896
OG1,0.23415853083133698
N,0.214938685297966
NE,0.1957181841135025
NE1,0.19220265746116638
NE2,0.19317416846752167
ND1,0.1941458135843277
ND2,0.19511739909648895
NZ,0.18731841444969177
NH1,0.1751347780227661
NH2,0.1629500389099121
SD,0.15076635777950287
SG,0.145350843667984
UNKNOWN,0.145350843667984
