atom_type,importance
C,0.09492772072553635
CA,0.09492772072553635
CB,0.10202110558748245
CD,0.11798156797885895
CD1,0.1339421272277832
CD2,0.1499025821685791
CE,0.1589617133140564
CE1,0.15421710908412933
CE2,0.1494736224412918
CE3,0.14472894370555878
CG,0.14056505262851715
CG1,0.13842973113059998
CG2,0.13629433512687683
CH2,0.13415895402431488
CZ,0.1341342031955719
CZ2,0.15099398791790009
CZ3,0.16785387694835663
O,0.18471366167068481
OH,0.20157353579998016
OD1,0.19901061058044434
OD2,0.19644759595394135
OE1,0.19388462603092194
OE2,0.1913217008113861
OG,0.19055679440498352
OG1,0.19001661241054535
N,0.18947647511959076
NE,0.1889362931251526
NE1,0.19113340973854065
NE2,0.1941140592098236
ND1,0.19709372520446777
ND2,0.20007333159446716
NZ,0.19440490007400513
NH1,0.18441294133663177
NH2,0.17442098259925842
SD,0.16442903876304626
SG,0.15998759865760803
UNKNOWN,0.15998759865760803
