atom_type,importance_sum
C,2.1809592247009277
CA,2.1809592247009277
CB,2.180172920227051
CD,2.178406238555908
CD1,2.176643133163452
CD2,2.174882650375366
CE,2.7014098167419434
CE1,4.284522533416748
CE2,5.867621898651123
CE3,7.450747966766357
CG,8.627023696899414
CG1,8.379451751708984
CG2,8.131878852844238
CH2,7.884328842163086
CZ,7.638834476470947
CZ2,7.409945011138916
CZ3,7.181058883666992
O,6.952169418334961
OH,6.723284721374512
OD1,6.555459499359131
OD2,6.387634754180908
OE1,6.219809532165527
OE2,6.051986217498779
OG,7.055949687957764
OG1,8.206363677978516
N,9.35679817199707
NE,10.50723934173584
NE1,11.577505111694336
NE2,12.624784469604492
ND1,13.672112464904785
ND2,14.719388961791992
NZ,15.511019706726074
NH1,16.17474365234375
NH2,16.83848762512207
SD,17.502193450927734
SG,17.797155380249023
UNKNOWN,17.797155380249023
