atom_index,is_real_atom,atom_type_from_onehot,importance
0,1,CA,7.840510845184326
1,1,C,7.840510845184326
2,1,O,7.726078987121582
3,1,CB,7.48413610458374
4,1,N,7.242193222045898
5,1,CA,7.00024938583374
6,1,O,6.764125347137451
7,1,CB,6.536070346832275
8,1,CG1,6.308016300201416
9,1,CG2,6.079961776733398
10,1,CG1,5.912288665771484
11,1,CB,5.8497209548950195
12,1,CG,5.787153720855713
13,1,CD1,5.7245869636535645
14,1,CD2,5.608299255371094
15,1,NE1,5.372895240783691
16,1,CE2,5.1374897956848145
17,1,CE3,4.902085781097412
18,1,CZ2,4.904910564422607
19,1,CZ3,5.597343444824219
20,1,CH2,6.2897772789001465
21,1,CD1,6.982211112976074
22,1,CD2,7.549526214599609
23,1,CE1,7.624707221984863
24,1,CE2,7.699888706207275
25,1,CZ,7.775070667266846
26,1,OH,7.762831687927246
27,1,NE2,7.24992036819458
28,1,N,6.737008094787598
29,1,CA,6.224096298217773
30,1,C,5.768044948577881
31,1,O,5.856226921081543
32,1,CB,5.9444098472595215
33,1,CG,6.032592296600342
34,1,CD1,6.121480464935303
35,1,CD2,6.227069854736328
36,1,CE1,6.332658767700195
37,1,CE2,6.438249111175537
38,1,CZ,6.54383659362793
39,1,CA,6.635564804077148
40,1,C,6.727101802825928
41,1,O,6.818638324737549
42,1,CB,6.910175800323486
43,1,N,7.26381778717041
44,1,CA,7.6364521980285645
45,1,O,8.009087562561035
46,1,CB,8.381722450256348
47,1,CG,8.103095054626465
48,1,CD1,7.734294891357422
49,1,O,7.365492820739746
50,1,O,6.996692180633545
