atom_type,importance_sum
C,8.918557167053223
CA,8.918557167053223
CB,8.934937477111816
CD,8.971834182739258
CD1,9.008705139160156
CD2,9.045573234558105
CE,9.352229118347168
CE1,10.1983642578125
CE2,11.044485092163086
CE3,11.890608787536621
CG,12.42872428894043
CG1,11.888694763183594
CG2,11.348662376403809
CH2,10.808631896972656
CZ,10.466792106628418
CZ2,11.710481643676758
CZ3,12.954170227050781
O,14.197855949401855
OH,15.44154167175293
OD1,16.170677185058594
OD2,16.899808883666992
OE1,17.628938674926758
OE2,18.358068466186523
OG,17.501811981201172
OG1,16.44737434387207
N,15.392942428588867
NE,14.338509559631348
NE1,13.972574234008789
NE2,13.803388595581055
ND1,13.63420581817627
ND2,13.465018272399902
NZ,13.22238540649414
NH1,12.942955017089844
NH2,12.663604736328125
SD,12.384176254272461
SG,12.26004409790039
UNKNOWN,12.26004409790039
