atom_type,importance_sum
C,3.691300630569458
CA,3.691300630569458
CB,4.415759086608887
CD,6.045856475830078
CD1,7.675952911376953
CD2,9.305997848510742
CE,10.38478946685791
CE1,10.361172676086426
CE2,10.337450981140137
CE3,10.313728332519531
CG,10.007769584655762
CG1,8.71391487121582
CG2,7.420114994049072
CH2,6.126259803771973
CZ,5.052149772644043
CZ2,5.735981464385986
CZ3,6.419811248779297
O,7.103643417358398
OH,7.787474632263184
OD1,7.8703813552856445
OD2,7.953287124633789
OE1,8.036186218261719
OE2,8.119071006774902
OG,8.077863693237305
OG1,8.021142959594727
N,7.964411735534668
NE,7.907678127288818
NE1,7.771188259124756
NE2,7.6119585037231445
ND1,7.452672481536865
ND2,7.293442249298096
NZ,7.015289306640625
NH1,6.67778205871582
NH2,6.340223789215088
SD,6.002664089202881
SG,5.852667808532715
UNKNOWN,5.852667808532715
