atom_type,importance
C,0.16257694363594055
CA,0.16257694363594055
CB,0.16356390714645386
CD,0.16578349471092224
CD1,0.168003112077713
CD2,0.17022272944450378
CE,0.17412231862545013
CE1,0.18138191103935242
CE2,0.188640758395195
CE3,0.1959003508090973
CG,0.20915505290031433
CG1,0.24339409172534943
CG2,0.27763307094573975
CH2,0.3118721544742584
CZ,0.3430987596511841
CZ2,0.35022616386413574
CZ3,0.3573535084724426
O,0.3644809126853943
OH,0.3716084063053131
OD1,0.38352513313293457
OD2,0.3954419493675232
OE1,0.40735864639282227
OE2,0.4192753732204437
OG,0.40123865008354187
OG1,0.3794575333595276
N,0.3576766550540924
NE,0.3358955681324005
NE1,0.3207055926322937
NE2,0.3073974847793579
ND1,0.29409071803092957
ND2,0.280782550573349
NZ,0.27125945687294006
NH1,0.26362916827201843
NH2,0.25599852204322815
SD,0.2483668327331543
SG,0.24497564136981964
UNKNOWN,0.24497564136981964
