atom_type,importance_sum
C,10.848519325256348
CA,10.848519325256348
CB,11.227819442749023
CD,12.08131217956543
CD1,12.934806823730469
CD2,13.788302421569824
CE,14.412348747253418
CE1,14.57749080657959
CE2,14.742539405822754
CE3,14.907584190368652
CG,14.713798522949219
CG1,13.263618469238281
CG2,11.813434600830078
CH2,10.363253593444824
CZ,9.190261840820312
CZ2,10.234999656677246
CZ3,11.279714584350586
O,12.32442855834961
OH,13.369147300720215
OD1,13.453642845153809
OD2,13.538141250610352
OE1,13.622638702392578
OE2,13.707139015197754
OG,13.470340728759766
OG1,13.19338321685791
N,12.916430473327637
NE,12.639472007751465
NE1,12.23272705078125
NE2,11.788939476013184
ND1,11.345157623291016
ND2,10.901371955871582
NZ,10.754935264587402
NH1,10.757253646850586
NH2,10.759576797485352
SD,10.761880874633789
SG,10.762859344482422
UNKNOWN,10.762859344482422
