model,filename,percentile_label,overlap,protein_id
Chol-GNN,../../../Data/SplitData/Cholesterol/cholesterol-graph-5A/Test/CombinedUnlabeled/1ZHY-f3_combined_matrix.npy,StrongNegative,0.0,
Chol-GNN,../../../Data/SplitData/Cholesterol/cholesterol-graph-5A/Test/CombinedUnlabeled/2RH1-f2-positive_combined_matrix.npy,StrongPositive,0.34,
Chol-GNN,../../../Data/SplitData/Cholesterol/cholesterol-graph-5A/Test/CombinedUnlabeled/2RH1-f3-positive_combined_matrix.npy,StrongPositive,0.238,
Chol-GNN,../../../Data/SplitData/Cholesterol/cholesterol-graph-5A/Test/CombinedUnlabeled/2ZXE-f1-positive_combined_matrix.npy,StrongNegative,0.278,
Chol-GNN,../../../Data/SplitData/Cholesterol/cholesterol-graph-5A/Test/CombinedUnlabeled/3A3Y-f1-positive_combined_matrix.npy,StrongNegative,0.255,
Chol-GNN,../../../Data/SplitData/Cholesterol/cholesterol-graph-5A/Test/CombinedUnlabeled/3GKI-f5_combined_matrix.npy,StrongNegative,0.0,
Chol-GNN,../../../Data/SplitData/Cholesterol/cholesterol-graph-5A/Test/CombinedUnlabeled/3NY8-f1_combined_matrix.npy,StrongNegative,0.186,
Chol-GNN,../../../Data/SplitData/Cholesterol/cholesterol-graph-5A/Test/CombinedUnlabeled/3NY9-f2_combined_matrix.npy,StrongNegative,0.167,
Chol-GNN,../../../Data/SplitData/Cholesterol/cholesterol-graph-5A/Test/CombinedUnlabeled/3NYA-f5_combined_matrix.npy,StrongNegative,0.0,
Chol-GNN,../../../Data/SplitData/Cholesterol/cholesterol-graph-5A/Test/CombinedUnlabeled/3WGU-f1-positive_combined_matrix.npy,StrongPositive,0.326,
Chol-GNN,../../../Data/SplitData/Cholesterol/cholesterol-graph-5A/Test/CombinedUnlabeled/3WGU-f2-positive_combined_matrix.npy,StrongPositive,0.208,
Chol-GNN,../../../Data/SplitData/Cholesterol/cholesterol-graph-5A/Test/CombinedUnlabeled/3WGU-f3-positive_combined_matrix.npy,StrongPositive,0.292,
Chol-GNN,../../../Data/SplitData/Cholesterol/cholesterol-graph-5A/Test/CombinedUnlabeled/3WGV-f1-positive_combined_matrix.npy,StrongPositive,0.333,
Chol-GNN,../../../Data/SplitData/Cholesterol/cholesterol-graph-5A/Test/CombinedUnlabeled/3WGV-f3_combined_matrix.npy,StrongNegative,0.0,
Chol-GNN,../../../Data/SplitData/Cholesterol/cholesterol-graph-5A/Test/CombinedUnlabeled/3WGV-f4-positive_combined_matrix.npy,StrongNegative,0.246,
Chol-GNN,../../../Data/SplitData/Cholesterol/cholesterol-graph-5A/Test/CombinedUnlabeled/4BQU-f2_combined_matrix.npy,StrongNegative,0.0,
Chol-GNN,../../../Data/SplitData/Cholesterol/cholesterol-graph-5A/Test/CombinedUnlabeled/4BQU-f4_combined_matrix.npy,StrongNegative,0.0,
Chol-GNN,../../../Data/SplitData/Cholesterol/cholesterol-graph-5A/Test/CombinedUnlabeled/4DKL-f3_combined_matrix.npy,StrongNegative,0.0,
Chol-GNN,../../../Data/SplitData/Cholesterol/cholesterol-graph-5A/Test/CombinedUnlabeled/4EIY-f4_combined_matrix.npy,StrongNegative,0.0,
Chol-GNN,../../../Data/SplitData/Cholesterol/cholesterol-graph-5A/Test/CombinedUnlabeled/4HYT-f1_combined_matrix.npy,StrongNegative,0.0,
Chol-GNN,../../../Data/SplitData/Cholesterol/cholesterol-graph-5A/Test/CombinedUnlabeled/4HYT-f2_combined_matrix.npy,StrongNegative,0.0,
Chol-GNN,../../../Data/SplitData/Cholesterol/cholesterol-graph-5A/Test/CombinedUnlabeled/4HYT-f3_combined_matrix.npy,StrongNegative,0.0,
Chol-GNN,../../../Data/SplitData/Cholesterol/cholesterol-graph-5A/Test/CombinedUnlabeled/4M48-f4-positive_combined_matrix.npy,PseudoNegative,0.225,
Chol-GNN,../../../Data/SplitData/Cholesterol/cholesterol-graph-5A/Test/CombinedUnlabeled/4NTJ-f4-positive_combined_matrix.npy,PseudoNegative,0.2,
Chol-GNN,../../../Data/SplitData/Cholesterol/cholesterol-graph-5A/Test/CombinedUnlabeled/4PXZ-f1-positive_combined_matrix.npy,StrongPositive,0.2,
Chol-GNN,../../../Data/SplitData/Cholesterol/cholesterol-graph-5A/Test/CombinedUnlabeled/4PXZ-f5_combined_matrix.npy,PseudoNegative,0.108,
Chol-GNN,../../../Data/SplitData/Cholesterol/cholesterol-graph-5A/Test/CombinedUnlabeled/4XNU-f1-positive_combined_matrix.npy,PseudoNegative,0.277,
Chol-GNN,../../../Data/SplitData/Cholesterol/cholesterol-graph-5A/Test/CombinedUnlabeled/4XNU-f5_combined_matrix.npy,StrongNegative,0.071,
Chol-GNN,../../../Data/SplitData/Cholesterol/cholesterol-graph-5A/Test/CombinedUnlabeled/4XNV-f2_combined_matrix.npy,StrongNegative,0.164,
Chol-GNN,../../../Data/SplitData/Cholesterol/cholesterol-graph-5A/Test/CombinedUnlabeled/4XNX-f3_combined_matrix.npy,StrongNegative,0.0,
Chol-GNN,../../../Data/SplitData/Cholesterol/cholesterol-graph-5A/Test/CombinedUnlabeled/4XP1-f1-positive_combined_matrix.npy,StrongNegative,0.25,
Chol-GNN,../../../Data/SplitData/Cholesterol/cholesterol-graph-5A/Test/CombinedUnlabeled/4XP4-f1-positive_combined_matrix.npy,StrongNegative,0.261,
Chol-GNN,../../../Data/SplitData/Cholesterol/cholesterol-graph-5A/Test/CombinedUnlabeled/4XP5-f1-positive_combined_matrix.npy,StrongNegative,0.269,
Chol-GNN,../../../Data/SplitData/Cholesterol/cholesterol-graph-5A/Test/CombinedUnlabeled/4XP5-f3_combined_matrix.npy,StrongNegative,0.0,
Chol-GNN,../../../Data/SplitData/Cholesterol/cholesterol-graph-5A/Test/CombinedUnlabeled/4XP9-f1-positive_combined_matrix.npy,StrongNegative,0.255,
Chol-GNN,../../../Data/SplitData/Cholesterol/cholesterol-graph-5A/Test/CombinedUnlabeled/4XPA-f1-positive_combined_matrix.npy,StrongNegative,0.286,
Chol-GNN,../../../Data/SplitData/Cholesterol/cholesterol-graph-5A/Test/CombinedUnlabeled/4XPA-f5_combined_matrix.npy,StrongNegative,0.0,
Chol-GNN,../../../Data/SplitData/Cholesterol/cholesterol-graph-5A/Test/CombinedUnlabeled/4XPB-f1-positive_combined_matrix.npy,StrongNegative,0.302,
Chol-GNN,../../../Data/SplitData/Cholesterol/cholesterol-graph-5A/Test/CombinedUnlabeled/4XPB-f2_combined_matrix.npy,StrongNegative,0.0,
Chol-GNN,../../../Data/SplitData/Cholesterol/cholesterol-graph-5A/Test/CombinedUnlabeled/4XPF-f1-positive_combined_matrix.npy,StrongNegative,0.227,
Chol-GNN,../../../Data/SplitData/Cholesterol/cholesterol-graph-5A/Test/CombinedUnlabeled/4XPF-f2_combined_matrix.npy,StrongNegative,0.0,
Chol-GNN,../../../Data/SplitData/Cholesterol/cholesterol-graph-5A/Test/CombinedUnlabeled/4XPG-f1-positive_combined_matrix.npy,StrongNegative,0.262,
Chol-GNN,../../../Data/SplitData/Cholesterol/cholesterol-graph-5A/Test/CombinedUnlabeled/4XPH-f1-positive_combined_matrix.npy,StrongNegative,0.239,
Chol-GNN,../../../Data/SplitData/Cholesterol/cholesterol-graph-5A/Test/CombinedUnlabeled/4XT1-f4_combined_matrix.npy,StrongNegative,0.0,
Chol-GNN,../../../Data/SplitData/Cholesterol/cholesterol-graph-5A/Test/CombinedUnlabeled/5AVQ-f1-positive_combined_matrix.npy,StrongNegative,0.236,
Chol-GNN,../../../Data/SplitData/Cholesterol/cholesterol-graph-5A/Test/CombinedUnlabeled/5AVQ-f4_combined_matrix.npy,StrongNegative,0.0,
Chol-GNN,../../../Data/SplitData/Cholesterol/cholesterol-graph-5A/Test/CombinedUnlabeled/5AVR-f1_combined_matrix.npy,StrongNegative,0.0,
Chol-GNN,../../../Data/SplitData/Cholesterol/cholesterol-graph-5A/Test/CombinedUnlabeled/5AVR-f5-positive_combined_matrix.npy,StrongNegative,0.214,
Chol-GNN,../../../Data/SplitData/Cholesterol/cholesterol-graph-5A/Test/CombinedUnlabeled/5AVT-f1_combined_matrix.npy,StrongNegative,0.0,
Chol-GNN,../../../Data/SplitData/Cholesterol/cholesterol-graph-5A/Test/CombinedUnlabeled/5AVT-f2-positive_combined_matrix.npy,PseudoPositive,0.203,
Chol-GNN,../../../Data/SplitData/Cholesterol/cholesterol-graph-5A/Test/CombinedUnlabeled/5AVU-f1-positive_combined_matrix.npy,StrongPositive,0.286,
Chol-GNN,../../../Data/SplitData/Cholesterol/cholesterol-graph-5A/Test/CombinedUnlabeled/5AVU-f3_combined_matrix.npy,StrongPositive,0.119,
Chol-GNN,../../../Data/SplitData/Cholesterol/cholesterol-graph-5A/Test/CombinedUnlabeled/5AVV-f1-positive_combined_matrix.npy,StrongPositive,0.237,
Chol-GNN,../../../Data/SplitData/Cholesterol/cholesterol-graph-5A/Test/CombinedUnlabeled/5AVV-f4-positive_combined_matrix.npy,PseudoPositive,0.24,
Chol-GNN,../../../Data/SplitData/Cholesterol/cholesterol-graph-5A/Test/CombinedUnlabeled/5AVW-f1-positive_combined_matrix.npy,PseudoPositive,0.278,
Chol-GNN,../../../Data/SplitData/Cholesterol/cholesterol-graph-5A/Test/CombinedUnlabeled/5AVX-f1-positive_combined_matrix.npy,StrongNegative,0.274,
Chol-GNN,../../../Data/SplitData/Cholesterol/cholesterol-graph-5A/Test/CombinedUnlabeled/5AVY-f1-positive_combined_matrix.npy,PseudoNegative,0.262,
Chol-GNN,../../../Data/SplitData/Cholesterol/cholesterol-graph-5A/Test/CombinedUnlabeled/5AVY-f2-positive_combined_matrix.npy,PseudoPositive,0.245,
Chol-GNN,../../../Data/SplitData/Cholesterol/cholesterol-graph-5A/Test/CombinedUnlabeled/5AVZ-f1-positive_combined_matrix.npy,PseudoPositive,0.24,
Chol-GNN,../../../Data/SplitData/Cholesterol/cholesterol-graph-5A/Test/CombinedUnlabeled/5AVZ-f2-positive_combined_matrix.npy,StrongPositive,0.255,
Chol-GNN,../../../Data/SplitData/Cholesterol/cholesterol-graph-5A/Test/CombinedUnlabeled/5AW0-f1-positive_combined_matrix.npy,StrongNegative,0.214,
Chol-GNN,../../../Data/SplitData/Cholesterol/cholesterol-graph-5A/Test/CombinedUnlabeled/5AW0-f4_combined_matrix.npy,StrongNegative,0.0,
Chol-GNN,../../../Data/SplitData/Cholesterol/cholesterol-graph-5A/Test/CombinedUnlabeled/5AW1-f1-positive_combined_matrix.npy,StrongPositive,0.226,
Chol-GNN,../../../Data/SplitData/Cholesterol/cholesterol-graph-5A/Test/CombinedUnlabeled/5AW1-f5_combined_matrix.npy,StrongNegative,0.0,
Chol-GNN,../../../Data/SplitData/Cholesterol/cholesterol-graph-5A/Test/CombinedUnlabeled/5AW2-f1-positive_combined_matrix.npy,StrongPositive,0.254,
Chol-GNN,../../../Data/SplitData/Cholesterol/cholesterol-graph-5A/Test/CombinedUnlabeled/5AW2-f2-positive_combined_matrix.npy,PseudoPositive,0.24,
Chol-GNN,../../../Data/SplitData/Cholesterol/cholesterol-graph-5A/Test/CombinedUnlabeled/5AW3-f1-positive_combined_matrix.npy,PseudoPositive,0.222,
Chol-GNN,../../../Data/SplitData/Cholesterol/cholesterol-graph-5A/Test/CombinedUnlabeled/5AW4-f1-positive_combined_matrix.npy,PseudoNegative,0.26,
Chol-GNN,../../../Data/SplitData/Cholesterol/cholesterol-graph-5A/Test/CombinedUnlabeled/5AW5-f1-positive_combined_matrix.npy,StrongNegative,0.232,
Chol-GNN,../../../Data/SplitData/Cholesterol/cholesterol-graph-5A/Test/CombinedUnlabeled/5AW7-f1-positive_combined_matrix.npy,StrongNegative,0.214,
Chol-GNN,../../../Data/SplitData/Cholesterol/cholesterol-graph-5A/Test/CombinedUnlabeled/5AW7-f2-positive_combined_matrix.npy,StrongPositive,0.237,
Chol-GNN,../../../Data/SplitData/Cholesterol/cholesterol-graph-5A/Test/CombinedUnlabeled/5AW8-f1-positive_combined_matrix.npy,StrongNegative,0.236,
Chol-GNN,../../../Data/SplitData/Cholesterol/cholesterol-graph-5A/Test/CombinedUnlabeled/5AW8-f5_combined_matrix.npy,StrongNegative,0.0,
Chol-GNN,../../../Data/SplitData/Cholesterol/cholesterol-graph-5A/Test/CombinedUnlabeled/5AW9-f1-positive_combined_matrix.npy,StrongNegative,0.2,
Chol-GNN,../../../Data/SplitData/Cholesterol/cholesterol-graph-5A/Test/CombinedUnlabeled/5AW9-f4-positive_combined_matrix.npy,PseudoPositive,0.254,
Chol-GNN,../../../Data/SplitData/Cholesterol/cholesterol-graph-5A/Test/CombinedUnlabeled/5D5A-f3-positive_combined_matrix.npy,StrongPositive,0.25,
Chol-GNN,../../../Data/SplitData/Cholesterol/cholesterol-graph-5A/Test/CombinedUnlabeled/5D5A-f5-positive_combined_matrix.npy,StrongNegative,0.22,
Chol-GNN,../../../Data/SplitData/Cholesterol/cholesterol-graph-5A/Test/CombinedUnlabeled/5D6L-f2-positive_combined_matrix.npy,StrongPositive,0.267,
Chol-GNN,../../../Data/SplitData/Cholesterol/cholesterol-graph-5A/Test/CombinedUnlabeled/5D6L-f4-positive_combined_matrix.npy,StrongPositive,0.296,
Chol-GNN,../../../Data/SplitData/Cholesterol/cholesterol-graph-5A/Test/CombinedUnlabeled/5I6X-f4_combined_matrix.npy,StrongNegative,0.0,
Chol-GNN,../../../Data/SplitData/Cholesterol/cholesterol-graph-5A/Test/CombinedUnlabeled/5I71-f5_combined_matrix.npy,StrongNegative,0.0,
Chol-GNN,../../../Data/SplitData/Cholesterol/cholesterol-graph-5A/Test/CombinedUnlabeled/5I73-f1_combined_matrix.npy,StrongNegative,0.0,
Chol-GNN,../../../Data/SplitData/Cholesterol/cholesterol-graph-5A/Test/CombinedUnlabeled/5I75-f3_combined_matrix.npy,StrongNegative,0.0,
Chol-GNN,../../../Data/SplitData/Cholesterol/cholesterol-graph-5A/Test/CombinedUnlabeled/5IU7-f4_combined_matrix.npy,StrongNegative,0.031,
Chol-GNN,../../../Data/SplitData/Cholesterol/cholesterol-graph-5A/Test/CombinedUnlabeled/5IUA-f1_combined_matrix.npy,StrongNegative,0.0,
Chol-GNN,../../../Data/SplitData/Cholesterol/cholesterol-graph-5A/Test/CombinedUnlabeled/5IUA-f3_combined_matrix.npy,StrongNegative,0.129,
Chol-GNN,../../../Data/SplitData/Cholesterol/cholesterol-graph-5A/Test/CombinedUnlabeled/5JTB-f1_combined_matrix.npy,StrongNegative,0.0,
Chol-GNN,../../../Data/SplitData/Cholesterol/cholesterol-graph-5A/Test/CombinedUnlabeled/5JTB-f2-positive_combined_matrix.npy,StrongNegative,0.222,
Chol-GNN,../../../Data/SplitData/Cholesterol/cholesterol-graph-5A/Test/CombinedUnlabeled/5K2A-f1-positive_combined_matrix.npy,StrongNegative,0.238,
Chol-GNN,../../../Data/SplitData/Cholesterol/cholesterol-graph-5A/Test/CombinedUnlabeled/5K2B-f2_combined_matrix.npy,StrongNegative,0.0,
Chol-GNN,../../../Data/SplitData/Cholesterol/cholesterol-graph-5A/Test/CombinedUnlabeled/5K2C-f5_combined_matrix.npy,StrongNegative,0.0,
Chol-GNN,../../../Data/SplitData/Cholesterol/cholesterol-graph-5A/Test/CombinedUnlabeled/5L7D-f3_combined_matrix.npy,StrongNegative,0.0,
Chol-GNN,../../../Data/SplitData/Cholesterol/cholesterol-graph-5A/Test/CombinedUnlabeled/5MZJ-f2_combined_matrix.npy,StrongNegative,0.0,
Chol-GNN,../../../Data/SplitData/Cholesterol/cholesterol-graph-5A/Test/CombinedUnlabeled/5MZP-f1-positive_combined_matrix.npy,StrongPositive,0.302,
Chol-GNN,../../../Data/SplitData/Cholesterol/cholesterol-graph-5A/Test/CombinedUnlabeled/5MZP-f2-positive_combined_matrix.npy,StrongNegative,0.205,
Chol-GNN,../../../Data/SplitData/Cholesterol/cholesterol-graph-5A/Test/CombinedUnlabeled/5N2R-f3-positive_combined_matrix.npy,StrongNegative,0.213,
Chol-GNN,../../../Data/SplitData/Cholesterol/cholesterol-graph-5A/Test/CombinedUnlabeled/5NLX-f3-positive_combined_matrix.npy,StrongPositive,0.366,
Chol-GNN,../../../Data/SplitData/Cholesterol/cholesterol-graph-5A/Test/CombinedUnlabeled/5NLX-f4_combined_matrix.npy,StrongNegative,0.0,
Chol-GNN,../../../Data/SplitData/Cholesterol/cholesterol-graph-5A/Test/CombinedUnlabeled/5NM2-f1_combined_matrix.npy,StrongNegative,0.0,
Chol-GNN,../../../Data/SplitData/Cholesterol/cholesterol-graph-5A/Test/CombinedUnlabeled/5NM2-f3_combined_matrix.npy,StrongNegative,0.0,
Chol-GNN,../../../Data/SplitData/Cholesterol/cholesterol-graph-5A/Test/CombinedUnlabeled/5NM2-f5_combined_matrix.npy,StrongNegative,0.0,
Chol-GNN,../../../Data/SplitData/Cholesterol/cholesterol-graph-5A/Test/CombinedUnlabeled/5NM4-f3-positive_combined_matrix.npy,PseudoPositive,0.306,
Chol-GNN,../../../Data/SplitData/Cholesterol/cholesterol-graph-5A/Test/CombinedUnlabeled/5OLG-f4_combined_matrix.npy,StrongNegative,0.0,
Chol-GNN,../../../Data/SplitData/Cholesterol/cholesterol-graph-5A/Test/CombinedUnlabeled/5OLH-f1_combined_matrix.npy,StrongNegative,0.0,
Chol-GNN,../../../Data/SplitData/Cholesterol/cholesterol-graph-5A/Test/CombinedUnlabeled/5OLO-f2-positive_combined_matrix.npy,StrongNegative,0.25,
Chol-GNN,../../../Data/SplitData/Cholesterol/cholesterol-graph-5A/Test/CombinedUnlabeled/5OLV-f1-positive_combined_matrix.npy,PseudoPositive,0.255,
Chol-GNN,../../../Data/SplitData/Cholesterol/cholesterol-graph-5A/Test/CombinedUnlabeled/5OLZ-f1-positive_combined_matrix.npy,StrongPositive,0.283,
Chol-GNN,../../../Data/SplitData/Cholesterol/cholesterol-graph-5A/Test/CombinedUnlabeled/5OLZ-f3-positive_combined_matrix.npy,StrongNegative,0.3,
Chol-GNN,../../../Data/SplitData/Cholesterol/cholesterol-graph-5A/Test/CombinedUnlabeled/5OLZ-f5-positive_combined_matrix.npy,StrongNegative,0.205,
Chol-GNN,../../../Data/SplitData/Cholesterol/cholesterol-graph-5A/Test/CombinedUnlabeled/5OM1-f3_combined_matrix.npy,StrongNegative,0.0,
Chol-GNN,../../../Data/SplitData/Cholesterol/cholesterol-graph-5A/Test/CombinedUnlabeled/5OM1-f4_combined_matrix.npy,StrongNegative,0.042,
Chol-GNN,../../../Data/SplitData/Cholesterol/cholesterol-graph-5A/Test/CombinedUnlabeled/5OM1-f5-positive_combined_matrix.npy,StrongNegative,0.278,
Chol-GNN,../../../Data/SplitData/Cholesterol/cholesterol-graph-5A/Test/CombinedUnlabeled/5OM4-f1_combined_matrix.npy,StrongNegative,0.067,
Chol-GNN,../../../Data/SplitData/Cholesterol/cholesterol-graph-5A/Test/CombinedUnlabeled/5OM4-f5_combined_matrix.npy,StrongNegative,0.0,
Chol-GNN,../../../Data/SplitData/Cholesterol/cholesterol-graph-5A/Test/CombinedUnlabeled/5TVN-f1_combined_matrix.npy,StrongNegative,0.0,
Chol-GNN,../../../Data/SplitData/Cholesterol/cholesterol-graph-5A/Test/CombinedUnlabeled/5UPH-f1_combined_matrix.npy,StrongNegative,0.0,
Chol-GNN,../../../Data/SplitData/Cholesterol/cholesterol-graph-5A/Test/CombinedUnlabeled/5UPH-f4_combined_matrix.npy,StrongNegative,0.0,
Chol-GNN,../../../Data/SplitData/Cholesterol/cholesterol-graph-5A/Test/CombinedUnlabeled/5WVR-f1_combined_matrix.npy,StrongNegative,0.0,
Chol-GNN,../../../Data/SplitData/Cholesterol/cholesterol-graph-5A/Test/CombinedUnlabeled/5X7D-f4_combined_matrix.npy,StrongNegative,0.0,
Chol-GNN,../../../Data/SplitData/Cholesterol/cholesterol-graph-5A/Test/CombinedUnlabeled/5X93-f1_combined_matrix.npy,StrongNegative,0.014,
Chol-GNN,../../../Data/SplitData/Cholesterol/cholesterol-graph-5A/Test/CombinedUnlabeled/5XR8-f4_combined_matrix.npy,StrongNegative,0.0,
Chol-GNN,../../../Data/SplitData/Cholesterol/cholesterol-graph-5A/Test/CombinedUnlabeled/5XRA-f1_combined_matrix.npy,StrongNegative,0.073,
Chol-GNN,../../../Data/SplitData/Cholesterol/cholesterol-graph-5A/Test/CombinedUnlabeled/5ZM5-f4_combined_matrix.npy,StrongNegative,0.0,
Chol-GNN,../../../Data/SplitData/Cholesterol/cholesterol-graph-5A/Test/CombinedUnlabeled/5ZM7-f3_combined_matrix.npy,StrongNegative,0.0,
Chol-GNN,../../../Data/SplitData/Cholesterol/cholesterol-graph-5A/Test/CombinedUnlabeled/6A15-f1_combined_matrix.npy,StrongNegative,0.0,
Chol-GNN,../../../Data/SplitData/Cholesterol/cholesterol-graph-5A/Test/CombinedUnlabeled/6A15-f3_combined_matrix.npy,StrongNegative,0.0,
Chol-GNN,../../../Data/SplitData/Cholesterol/cholesterol-graph-5A/Test/CombinedUnlabeled/6A93-f4_combined_matrix.npy,StrongNegative,0.107,
Chol-GNN,../../../Data/SplitData/Cholesterol/cholesterol-graph-5A/Test/CombinedUnlabeled/6AQF-f2-positive_combined_matrix.npy,StrongNegative,0.255,
Chol-GNN,../../../Data/SplitData/Cholesterol/cholesterol-graph-5A/Test/CombinedUnlabeled/6B73-f2_combined_matrix.npy,StrongNegative,0.0,
Chol-GNN,../../../Data/SplitData/Cholesterol/cholesterol-graph-5A/Test/CombinedUnlabeled/6BHU-f3-positive_combined_matrix.npy,PseudoPositive,0.37,
Chol-GNN,../../../Data/SplitData/Cholesterol/cholesterol-graph-5A/Test/CombinedUnlabeled/6BHU-f4-positive_combined_matrix.npy,StrongPositive,0.348,
Chol-GNN,../../../Data/SplitData/Cholesterol/cholesterol-graph-5A/Test/CombinedUnlabeled/6CO7-f2_combined_matrix.npy,StrongNegative,0.0,
Chol-GNN,../../../Data/SplitData/Cholesterol/cholesterol-graph-5A/Test/CombinedUnlabeled/6CO7-f3_combined_matrix.npy,StrongNegative,0.0,
Chol-GNN,../../../Data/SplitData/Cholesterol/cholesterol-graph-5A/Test/CombinedUnlabeled/6DRX-f1_combined_matrix.npy,StrongNegative,0.0,
Chol-GNN,../../../Data/SplitData/Cholesterol/cholesterol-graph-5A/Test/CombinedUnlabeled/6DRY-f3_combined_matrix.npy,StrongNegative,0.0,
Chol-GNN,../../../Data/SplitData/Cholesterol/cholesterol-graph-5A/Test/CombinedUnlabeled/6GT3-f2_combined_matrix.npy,StrongNegative,0.0,
Chol-GNN,../../../Data/SplitData/Cholesterol/cholesterol-graph-5A/Test/CombinedUnlabeled/6GYH-f2_combined_matrix.npy,StrongNegative,0.135,
Chol-GNN,../../../Data/SplitData/Cholesterol/cholesterol-graph-5A/Test/CombinedUnlabeled/6IBB-f5_combined_matrix.npy,StrongNegative,0.0,
Chol-GNN,../../../Data/SplitData/Cholesterol/cholesterol-graph-5A/Test/CombinedUnlabeled/6IDF-f5-positive_combined_matrix.npy,StrongNegative,0.257,
Chol-GNN,../../../Data/SplitData/Cholesterol/cholesterol-graph-5A/Test/CombinedUnlabeled/6IIV-f1_combined_matrix.npy,StrongNegative,0.079,
Chol-GNN,../../../Data/SplitData/Cholesterol/cholesterol-graph-5A/Test/CombinedUnlabeled/6IIV-f5-positive_combined_matrix.npy,PseudoNegative,0.355,
Chol-GNN,../../../Data/SplitData/Cholesterol/cholesterol-graph-5A/Test/CombinedUnlabeled/6JMQ-f4-positive_combined_matrix.npy,PseudoNegative,0.237,
Chol-GNN,../../../Data/SplitData/Cholesterol/cholesterol-graph-5A/Test/CombinedUnlabeled/6JXH-f1-positive_combined_matrix.npy,StrongPositive,0.2,
Chol-GNN,../../../Data/SplitData/Cholesterol/cholesterol-graph-5A/Test/CombinedUnlabeled/6JXH-f5_combined_matrix.npy,StrongNegative,0.0,
Chol-GNN,../../../Data/SplitData/Cholesterol/cholesterol-graph-5A/Test/CombinedUnlabeled/6JXI-f2-positive_combined_matrix.npy,StrongPositive,0.318,
Chol-GNN,../../../Data/SplitData/Cholesterol/cholesterol-graph-5A/Test/CombinedUnlabeled/6JXI-f4_combined_matrix.npy,PseudoNegative,0.0,
Chol-GNN,../../../Data/SplitData/Cholesterol/cholesterol-graph-5A/Test/CombinedUnlabeled/6JXJ-f4_combined_matrix.npy,StrongNegative,0.0,
Chol-GNN,../../../Data/SplitData/Cholesterol/cholesterol-graph-5A/Test/CombinedUnlabeled/6JZH-f2_combined_matrix.npy,StrongNegative,0.0,
Chol-GNN,../../../Data/SplitData/Cholesterol/cholesterol-graph-5A/Test/CombinedUnlabeled/6JZH-f3_combined_matrix.npy,StrongNegative,0.079,
Chol-GNN,../../../Data/SplitData/Cholesterol/cholesterol-graph-5A/Test/CombinedUnlabeled/6KUW-f1_combined_matrix.npy,StrongNegative,0.0,
Chol-GNN,../../../Data/SplitData/Cholesterol/cholesterol-graph-5A/Test/CombinedUnlabeled/6KUW-f5_combined_matrix.npy,StrongNegative,0.083,
Chol-GNN,../../../Data/SplitData/Cholesterol/cholesterol-graph-5A/Test/CombinedUnlabeled/6LFO-f3_combined_matrix.npy,StrongNegative,0.0,
Chol-GNN,../../../Data/SplitData/Cholesterol/cholesterol-graph-5A/Test/CombinedUnlabeled/6LPK-f1_combined_matrix.npy,StrongNegative,0.0,
Chol-GNN,../../../Data/SplitData/Cholesterol/cholesterol-graph-5A/Test/CombinedUnlabeled/6LPL-f5_combined_matrix.npy,StrongNegative,0.047,
Chol-GNN,../../../Data/SplitData/Cholesterol/cholesterol-graph-5A/Test/CombinedUnlabeled/6LR4-f3_combined_matrix.npy,StrongNegative,0.0,
Chol-GNN,../../../Data/SplitData/Cholesterol/cholesterol-graph-5A/Test/CombinedUnlabeled/6LW5-f1_combined_matrix.npy,StrongNegative,0.154,
Chol-GNN,../../../Data/SplitData/Cholesterol/cholesterol-graph-5A/Test/CombinedUnlabeled/6M0Z-f1-positive_combined_matrix.npy,PseudoPositive,0.372,
Chol-GNN,../../../Data/SplitData/Cholesterol/cholesterol-graph-5A/Test/CombinedUnlabeled/6M0Z-f3_combined_matrix.npy,StrongNegative,0.0,
Chol-GNN,../../../Data/SplitData/Cholesterol/cholesterol-graph-5A/Test/CombinedUnlabeled/6M0Z-f5_combined_matrix.npy,StrongNegative,0.0,
Chol-GNN,../../../Data/SplitData/Cholesterol/cholesterol-graph-5A/Test/CombinedUnlabeled/6M2R-f1-positive_combined_matrix.npy,StrongNegative,0.278,
Chol-GNN,../../../Data/SplitData/Cholesterol/cholesterol-graph-5A/Test/CombinedUnlabeled/6M2R-f5_combined_matrix.npy,StrongNegative,0.0,
Chol-GNN,../../../Data/SplitData/Cholesterol/cholesterol-graph-5A/Test/CombinedUnlabeled/6M38-f3-positive_combined_matrix.npy,StrongPositive,0.222,
Chol-GNN,../../../Data/SplitData/Cholesterol/cholesterol-graph-5A/Test/CombinedUnlabeled/6M47-f1-positive_combined_matrix.npy,StrongNegative,0.289,
Chol-GNN,../../../Data/SplitData/Cholesterol/cholesterol-graph-5A/Test/CombinedUnlabeled/6M47-f4_combined_matrix.npy,StrongNegative,0.0,
Chol-GNN,../../../Data/SplitData/Cholesterol/cholesterol-graph-5A/Test/CombinedUnlabeled/6MSM-f2_combined_matrix.npy,StrongNegative,0.0,
Chol-GNN,../../../Data/SplitData/Cholesterol/cholesterol-graph-5A/Test/CombinedUnlabeled/6MSM-f3_combined_matrix.npy,StrongNegative,0.0,
Chol-GNN,../../../Data/SplitData/Cholesterol/cholesterol-graph-5A/Test/CombinedUnlabeled/6MSM-f4_combined_matrix.npy,StrongNegative,0.0,
Chol-GNN,../../../Data/SplitData/Cholesterol/cholesterol-graph-5A/Test/CombinedUnlabeled/6N4B-f5_combined_matrix.npy,StrongNegative,0.0,
Chol-GNN,../../../Data/SplitData/Cholesterol/cholesterol-graph-5A/Test/CombinedUnlabeled/6NBF-f2-positive_combined_matrix.npy,PseudoPositive,0.259,
Chol-GNN,../../../Data/SplitData/Cholesterol/cholesterol-graph-5A/Test/CombinedUnlabeled/6O1V-f1_combined_matrix.npy,StrongNegative,0.0,
Chol-GNN,../../../Data/SplitData/Cholesterol/cholesterol-graph-5A/Test/CombinedUnlabeled/6OBA-f1_combined_matrix.npy,StrongNegative,0.0,
Chol-GNN,../../../Data/SplitData/Cholesterol/cholesterol-graph-5A/Test/CombinedUnlabeled/6OBA-f4_combined_matrix.npy,StrongNegative,0.0,
Chol-GNN,../../../Data/SplitData/Cholesterol/cholesterol-graph-5A/Test/CombinedUnlabeled/6OMM-f3-positive_combined_matrix.npy,PseudoPositive,0.212,
Chol-GNN,../../../Data/SplitData/Cholesterol/cholesterol-graph-5A/Test/CombinedUnlabeled/6OS1-f2_combined_matrix.npy,StrongNegative,0.0,
Chol-GNN,../../../Data/SplitData/Cholesterol/cholesterol-graph-5A/Test/CombinedUnlabeled/6OS2-f3-positive_combined_matrix.npy,StrongNegative,0.387,
Chol-GNN,../../../Data/SplitData/Cholesterol/cholesterol-graph-5A/Test/CombinedUnlabeled/6OS2-f4-positive_combined_matrix.npy,PseudoNegative,0.393,
Chol-GNN,../../../Data/SplitData/Cholesterol/cholesterol-graph-5A/Test/CombinedUnlabeled/6PB0-f1_combined_matrix.npy,StrongNegative,0.0,
Chol-GNN,../../../Data/SplitData/Cholesterol/cholesterol-graph-5A/Test/CombinedUnlabeled/6PEQ-f2_combined_matrix.npy,StrongNegative,0.0,
Chol-GNN,../../../Data/SplitData/Cholesterol/cholesterol-graph-5A/Test/CombinedUnlabeled/6PEQ-f3_combined_matrix.npy,StrongNegative,0.0,
Chol-GNN,../../../Data/SplitData/Cholesterol/cholesterol-graph-5A/Test/CombinedUnlabeled/6PEQ-f5_combined_matrix.npy,StrongNegative,0.0,
Chol-GNN,../../../Data/SplitData/Cholesterol/cholesterol-graph-5A/Test/CombinedUnlabeled/6PRZ-f3_combined_matrix.npy,StrongNegative,0.13,
Chol-GNN,../../../Data/SplitData/Cholesterol/cholesterol-graph-5A/Test/CombinedUnlabeled/6PRZ-f4_combined_matrix.npy,StrongNegative,0.0,
Chol-GNN,../../../Data/SplitData/Cholesterol/cholesterol-graph-5A/Test/CombinedUnlabeled/6PS0-f4_combined_matrix.npy,StrongNegative,0.0,
Chol-GNN,../../../Data/SplitData/Cholesterol/cholesterol-graph-5A/Test/CombinedUnlabeled/6PS1-f2_combined_matrix.npy,StrongNegative,0.0,
Chol-GNN,../../../Data/SplitData/Cholesterol/cholesterol-graph-5A/Test/CombinedUnlabeled/6PS1-f5_combined_matrix.npy,StrongNegative,0.0,
Chol-GNN,../../../Data/SplitData/Cholesterol/cholesterol-graph-5A/Test/CombinedUnlabeled/6PS3-f3-positive_combined_matrix.npy,StrongPositive,0.345,
Chol-GNN,../../../Data/SplitData/Cholesterol/cholesterol-graph-5A/Test/CombinedUnlabeled/6PS3-f5_combined_matrix.npy,StrongNegative,0.0,
Chol-GNN,../../../Data/SplitData/Cholesterol/cholesterol-graph-5A/Test/CombinedUnlabeled/6PS4-f3_combined_matrix.npy,StrongNegative,0.0,
Chol-GNN,../../../Data/SplitData/Cholesterol/cholesterol-graph-5A/Test/CombinedUnlabeled/6PS7-f4_combined_matrix.npy,StrongNegative,0.0,
Chol-GNN,../../../Data/SplitData/Cholesterol/cholesterol-graph-5A/Test/CombinedUnlabeled/6PS7-f5_combined_matrix.npy,StrongNegative,0.0,
Chol-GNN,../../../Data/SplitData/Cholesterol/cholesterol-graph-5A/Test/CombinedUnlabeled/6PT2-f2_combined_matrix.npy,StrongNegative,0.0,
Chol-GNN,../../../Data/SplitData/Cholesterol/cholesterol-graph-5A/Test/CombinedUnlabeled/6RZ6-f2_combined_matrix.npy,StrongNegative,0.0,
Chol-GNN,../../../Data/SplitData/Cholesterol/cholesterol-graph-5A/Test/CombinedUnlabeled/6RZ6-f3_combined_matrix.npy,StrongNegative,0.0,
Chol-GNN,../../../Data/SplitData/Cholesterol/cholesterol-graph-5A/Test/CombinedUnlabeled/6RZ6-f4_combined_matrix.npy,StrongNegative,0.0,
Chol-GNN,../../../Data/SplitData/Cholesterol/cholesterol-graph-5A/Test/CombinedUnlabeled/6RZ7-f5_combined_matrix.npy,StrongNegative,0.122,
Chol-GNN,../../../Data/SplitData/Cholesterol/cholesterol-graph-5A/Test/CombinedUnlabeled/6RZ9-f1_combined_matrix.npy,StrongNegative,0.0,
Chol-GNN,../../../Data/SplitData/Cholesterol/cholesterol-graph-5A/Test/CombinedUnlabeled/6S0L-f1_combined_matrix.npy,StrongNegative,0.0,
Chol-GNN,../../../Data/SplitData/Cholesterol/cholesterol-graph-5A/Test/CombinedUnlabeled/6S0L-f4-positive_combined_matrix.npy,StrongNegative,0.278,
Chol-GNN,../../../Data/SplitData/Cholesterol/cholesterol-graph-5A/Test/CombinedUnlabeled/6S0L-f5_combined_matrix.npy,StrongNegative,0.0,
Chol-GNN,../../../Data/SplitData/Cholesterol/cholesterol-graph-5A/Test/CombinedUnlabeled/6S0Q-f1_combined_matrix.npy,StrongNegative,0.0,
Chol-GNN,../../../Data/SplitData/Cholesterol/cholesterol-graph-5A/Test/CombinedUnlabeled/6S0Q-f5_combined_matrix.npy,StrongNegative,0.0,
Chol-GNN,../../../Data/SplitData/Cholesterol/cholesterol-graph-5A/Test/CombinedUnlabeled/6T4I-f1_combined_matrix.npy,StrongNegative,0.0,
Chol-GNN,../../../Data/SplitData/Cholesterol/cholesterol-graph-5A/Test/CombinedUnlabeled/6T4I-f3_combined_matrix.npy,StrongNegative,0.188,
Chol-GNN,../../../Data/SplitData/Cholesterol/cholesterol-graph-5A/Test/CombinedUnlabeled/6T9N-f5_combined_matrix.npy,StrongNegative,0.0,
Chol-GNN,../../../Data/SplitData/Cholesterol/cholesterol-graph-5A/Test/CombinedUnlabeled/6T9O-f3_combined_matrix.npy,StrongNegative,0.0,
Chol-GNN,../../../Data/SplitData/Cholesterol/cholesterol-graph-5A/Test/CombinedUnlabeled/6T9O-f4_combined_matrix.npy,StrongNegative,0.0,
Chol-GNN,../../../Data/SplitData/Cholesterol/cholesterol-graph-5A/Test/CombinedUnlabeled/6TLQ-f1_combined_matrix.npy,StrongNegative,0.0,
Chol-GNN,../../../Data/SplitData/Cholesterol/cholesterol-graph-5A/Test/CombinedUnlabeled/6TPK-f1-positive_combined_matrix.npy,StrongPositive,0.4,
Chol-GNN,../../../Data/SplitData/Cholesterol/cholesterol-graph-5A/Test/CombinedUnlabeled/6TPK-f2_combined_matrix.npy,StrongNegative,0.0,
Chol-GNN,../../../Data/SplitData/Cholesterol/cholesterol-graph-5A/Test/CombinedUnlabeled/6UCB-f5_combined_matrix.npy,StrongNegative,0.0,
Chol-GNN,../../../Data/SplitData/Cholesterol/cholesterol-graph-5A/Test/CombinedUnlabeled/6UD4-f5-positive_combined_matrix.npy,StrongNegative,0.226,
Chol-GNN,../../../Data/SplitData/Cholesterol/cholesterol-graph-5A/Test/CombinedUnlabeled/6UY0-f4-positive_combined_matrix.npy,StrongNegative,0.22,
Chol-GNN,../../../Data/SplitData/Cholesterol/cholesterol-graph-5A/Test/CombinedUnlabeled/6V22-f5_combined_matrix.npy,StrongNegative,0.0,
Chol-GNN,../../../Data/SplitData/Cholesterol/cholesterol-graph-5A/Test/CombinedUnlabeled/6VI4-f1_combined_matrix.npy,StrongNegative,0.0,
Chol-GNN,../../../Data/SplitData/Cholesterol/cholesterol-graph-5A/Test/CombinedUnlabeled/6VI4-f4_combined_matrix.npy,StrongNegative,0.0,
Chol-GNN,../../../Data/SplitData/Cholesterol/cholesterol-graph-5A/Test/CombinedUnlabeled/6W5S-f2_combined_matrix.npy,StrongNegative,0.0,
Chol-GNN,../../../Data/SplitData/Cholesterol/cholesterol-graph-5A/Test/CombinedUnlabeled/6WBF-f5_combined_matrix.npy,StrongNegative,0.0,
Chol-GNN,../../../Data/SplitData/Cholesterol/cholesterol-graph-5A/Test/CombinedUnlabeled/6WBG-f3_combined_matrix.npy,StrongNegative,0.0,
Chol-GNN,../../../Data/SplitData/Cholesterol/cholesterol-graph-5A/Test/CombinedUnlabeled/6WBN-f3_combined_matrix.npy,StrongNegative,0.0,
Chol-GNN,../../../Data/SplitData/Cholesterol/cholesterol-graph-5A/Test/CombinedUnlabeled/6WH4-f3_combined_matrix.npy,StrongNegative,0.0,
Chol-GNN,../../../Data/SplitData/Cholesterol/cholesterol-graph-5A/Test/CombinedUnlabeled/6WH4-f4_combined_matrix.npy,StrongNegative,0.0,
Chol-GNN,../../../Data/SplitData/Cholesterol/cholesterol-graph-5A/Test/CombinedUnlabeled/6WH4-f5_combined_matrix.npy,StrongNegative,0.0,
Chol-GNN,../../../Data/SplitData/Cholesterol/cholesterol-graph-5A/Test/CombinedUnlabeled/6WIV-f5_combined_matrix.npy,PseudoPositive,0.0,
Chol-GNN,../../../Data/SplitData/Cholesterol/cholesterol-graph-5A/Test/CombinedUnlabeled/6WM2-f2_combined_matrix.npy,StrongNegative,0.0,
Chol-GNN,../../../Data/SplitData/Cholesterol/cholesterol-graph-5A/Test/CombinedUnlabeled/6WQA-f1-positive_combined_matrix.npy,StrongNegative,0.227,
Chol-GNN,../../../Data/SplitData/Cholesterol/cholesterol-graph-5A/Test/CombinedUnlabeled/6ZDR-f1-positive_combined_matrix.npy,PseudoNegative,0.273,
Chol-GNN,../../../Data/SplitData/Cholesterol/cholesterol-graph-5A/Test/CombinedUnlabeled/6ZDV-f4-positive_combined_matrix.npy,StrongNegative,0.286,
Chol-GNN,../../../Data/SplitData/Cholesterol/cholesterol-graph-5A/Test/CombinedUnlabeled/7BU7-f5-positive_combined_matrix.npy,StrongNegative,0.429,
Chol-GNN,../../../Data/SplitData/Cholesterol/cholesterol-graph-5A/Test/CombinedUnlabeled/7BVQ-f1-positive_combined_matrix.npy,StrongPositive,0.261,
Chol-GNN,../../../Data/SplitData/Cholesterol/cholesterol-graph-5A/Test/CombinedUnlabeled/7BVQ-f4_combined_matrix.npy,StrongNegative,0.0,
Chol-GNN,../../../Data/SplitData/Cholesterol/cholesterol-graph-5A/Test/CombinedUnlabeled/7C9I-f2_combined_matrix.npy,StrongNegative,0.0,
Chol-GNN,../../../Data/SplitData/Cholesterol/cholesterol-graph-5A/Test/CombinedUnlabeled/7CFN-f2_combined_matrix.npy,StrongNegative,0.0,
Chol-GNN,../../../Data/SplitData/Cholesterol/cholesterol-graph-5A/Test/CombinedUnlabeled/7CKW-f2_combined_matrix.npy,StrongNegative,0.0,
Chol-GNN,../../../Data/SplitData/Cholesterol/cholesterol-graph-5A/Test/CombinedUnlabeled/7CKW-f3-positive_combined_matrix.npy,StrongNegative,0.256,
Chol-GNN,../../../Data/SplitData/Cholesterol/cholesterol-graph-5A/Test/CombinedUnlabeled/7CKW-f5-positive_combined_matrix.npy,StrongPositive,0.256,
Chol-GNN,../../../Data/SplitData/Cholesterol/cholesterol-graph-5A/Test/CombinedUnlabeled/7CKY-f3-positive_combined_matrix.npy,StrongPositive,0.359,
Chol-GNN,../../../Data/SplitData/Cholesterol/cholesterol-graph-5A/Test/CombinedUnlabeled/7CKZ-f3-positive_combined_matrix.npy,StrongNegative,0.286,
Chol-GNN,../../../Data/SplitData/Cholesterol/cholesterol-graph-5A/Test/CombinedUnlabeled/7CU3-f4_combined_matrix.npy,StrongNegative,0.0,
Chol-GNN,../../../Data/SplitData/Cholesterol/cholesterol-graph-5A/Test/CombinedUnlabeled/7CU3-f5_combined_matrix.npy,StrongNegative,0.0,
Chol-GNN,../../../Data/SplitData/Cholesterol/cholesterol-graph-5A/Test/CombinedUnlabeled/7CZ5-f1-positive_combined_matrix.npy,StrongPositive,0.2,
Chol-GNN,../../../Data/SplitData/Cholesterol/cholesterol-graph-5A/Test/CombinedUnlabeled/7CZ5-f3-positive_combined_matrix.npy,PseudoPositive,0.25,
Chol-GNN,../../../Data/SplitData/Cholesterol/cholesterol-graph-5A/Test/CombinedUnlabeled/7CZ5-f4-positive_combined_matrix.npy,StrongPositive,0.333,
Chol-GNN,../../../Data/SplitData/Cholesterol/cholesterol-graph-5A/Test/CombinedUnlabeled/7D76-f3_combined_matrix.npy,StrongNegative,0.0,
Chol-GNN,../../../Data/SplitData/Cholesterol/cholesterol-graph-5A/Test/CombinedUnlabeled/7D77-f5_combined_matrix.npy,StrongNegative,0.0,
Chol-GNN,../../../Data/SplitData/Cholesterol/cholesterol-graph-5A/Test/CombinedUnlabeled/7D91-f1-positive_combined_matrix.npy,StrongNegative,0.241,
Chol-GNN,../../../Data/SplitData/Cholesterol/cholesterol-graph-5A/Test/CombinedUnlabeled/7D91-f5_combined_matrix.npy,StrongNegative,0.0,
Chol-GNN,../../../Data/SplitData/Cholesterol/cholesterol-graph-5A/Test/CombinedUnlabeled/7DDH-f2_combined_matrix.npy,PseudoPositive,0.12,
Chol-GNN,../../../Data/SplitData/Cholesterol/cholesterol-graph-5A/Test/CombinedUnlabeled/7DDH-f4_combined_matrix.npy,StrongNegative,0.0,
Chol-GNN,../../../Data/SplitData/Cholesterol/cholesterol-graph-5A/Test/CombinedUnlabeled/7DF8-f3_combined_matrix.npy,StrongNegative,0.0,
Chol-GNN,../../../Data/SplitData/Cholesterol/cholesterol-graph-5A/Test/CombinedUnlabeled/7DFW-f4_combined_matrix.npy,PseudoPositive,0.182,
Chol-GNN,../../../Data/SplitData/Cholesterol/cholesterol-graph-5A/Test/CombinedUnlabeled/7DUR-f1_combined_matrix.npy,StrongNegative,0.0,
Chol-GNN,../../../Data/SplitData/Cholesterol/cholesterol-graph-5A/Test/CombinedUnlabeled/7DW9-f2_combined_matrix.npy,StrongNegative,0.082,
Chol-GNN,../../../Data/SplitData/Cholesterol/cholesterol-graph-5A/Test/CombinedUnlabeled/7DW9-f3_combined_matrix.npy,StrongNegative,0.0,
Chol-GNN,../../../Data/SplitData/Cholesterol/cholesterol-graph-5A/Test/CombinedUnlabeled/7DW9-f4_combined_matrix.npy,StrongNegative,0.0,
Chol-GNN,../../../Data/SplitData/Cholesterol/cholesterol-graph-5A/Test/CombinedUnlabeled/7E14-f2_combined_matrix.npy,StrongPositive,0.0,
Chol-GNN,../../../Data/SplitData/Cholesterol/cholesterol-graph-5A/Test/CombinedUnlabeled/7E2X-f1_combined_matrix.npy,PseudoNegative,0.0,
Chol-GNN,../../../Data/SplitData/Cholesterol/cholesterol-graph-5A/Test/CombinedUnlabeled/7E2Y-f1_combined_matrix.npy,StrongNegative,0.0,
Chol-GNN,../../../Data/SplitData/Cholesterol/cholesterol-graph-5A/Test/CombinedUnlabeled/7E2Y-f2_combined_matrix.npy,StrongNegative,0.0,
Chol-GNN,../../../Data/SplitData/Cholesterol/cholesterol-graph-5A/Test/CombinedUnlabeled/7EJX-f1_combined_matrix.npy,StrongNegative,0.0,
Chol-GNN,../../../Data/SplitData/Cholesterol/cholesterol-graph-5A/Test/CombinedUnlabeled/7EJX-f2_combined_matrix.npy,PseudoPositive,0.077,
Chol-GNN,../../../Data/SplitData/Cholesterol/cholesterol-graph-5A/Test/CombinedUnlabeled/7EJX-f3-positive_combined_matrix.npy,StrongNegative,0.294,
Chol-GNN,../../../Data/SplitData/Cholesterol/cholesterol-graph-5A/Test/CombinedUnlabeled/7EKI-f1_combined_matrix.npy,StrongNegative,0.0,
Chol-GNN,../../../Data/SplitData/Cholesterol/cholesterol-graph-5A/Test/CombinedUnlabeled/7EKP-f2_combined_matrix.npy,StrongNegative,0.0,
Chol-GNN,../../../Data/SplitData/Cholesterol/cholesterol-graph-5A/Test/CombinedUnlabeled/7EKP-f3_combined_matrix.npy,StrongNegative,0.0,
Chol-GNN,../../../Data/SplitData/Cholesterol/cholesterol-graph-5A/Test/CombinedUnlabeled/7EKT-f3_combined_matrix.npy,StrongNegative,0.0,
Chol-GNN,../../../Data/SplitData/Cholesterol/cholesterol-graph-5A/Test/CombinedUnlabeled/7ET1-f2_combined_matrix.npy,StrongNegative,0.0,
Chol-GNN,../../../Data/SplitData/Cholesterol/cholesterol-graph-5A/Test/CombinedUnlabeled/7EVM-f2_combined_matrix.npy,StrongNegative,0.0,
Chol-GNN,../../../Data/SplitData/Cholesterol/cholesterol-graph-5A/Test/CombinedUnlabeled/7F16-f4-positive_combined_matrix.npy,StrongPositive,0.208,
Chol-GNN,../../../Data/SplitData/Cholesterol/cholesterol-graph-5A/Test/CombinedUnlabeled/7F61-f4-positive_combined_matrix.npy,StrongNegative,0.254,
Chol-GNN,../../../Data/SplitData/Cholesterol/cholesterol-graph-5A/Test/CombinedUnlabeled/7F61-f5_combined_matrix.npy,StrongNegative,0.022,
Chol-GNN,../../../Data/SplitData/Cholesterol/cholesterol-graph-5A/Test/CombinedUnlabeled/7F6G-f3_combined_matrix.npy,StrongNegative,0.0,
Chol-GNN,../../../Data/SplitData/Cholesterol/cholesterol-graph-5A/Test/CombinedUnlabeled/7F6G-f4_combined_matrix.npy,StrongPositive,0.176,
Chol-GNN,../../../Data/SplitData/Cholesterol/cholesterol-graph-5A/Test/CombinedUnlabeled/7F6G-f5-positive_combined_matrix.npy,StrongPositive,0.205,
Chol-GNN,../../../Data/SplitData/Cholesterol/cholesterol-graph-5A/Test/CombinedUnlabeled/7F6H-f1_combined_matrix.npy,StrongNegative,0.0,
Chol-GNN,../../../Data/SplitData/Cholesterol/cholesterol-graph-5A/Test/CombinedUnlabeled/7F6I-f1_combined_matrix.npy,StrongNegative,0.0,
Chol-GNN,../../../Data/SplitData/Cholesterol/cholesterol-graph-5A/Test/CombinedUnlabeled/7F6I-f2_combined_matrix.npy,StrongNegative,0.0,
Chol-GNN,../../../Data/SplitData/Cholesterol/cholesterol-graph-5A/Test/CombinedUnlabeled/7F9Y-f1-positive_combined_matrix.npy,StrongNegative,0.2,
Chol-GNN,../../../Data/SplitData/Cholesterol/cholesterol-graph-5A/Test/CombinedUnlabeled/7F9Y-f2-positive_combined_matrix.npy,StrongNegative,0.39,
Chol-GNN,../../../Data/SplitData/Cholesterol/cholesterol-graph-5A/Test/CombinedUnlabeled/7FEE-f1_combined_matrix.npy,StrongNegative,0.0,
Chol-GNN,../../../Data/SplitData/Cholesterol/cholesterol-graph-5A/Test/CombinedUnlabeled/7FEE-f2-positive_combined_matrix.npy,StrongPositive,0.286,
Chol-GNN,../../../Data/SplitData/Cholesterol/cholesterol-graph-5A/Test/CombinedUnlabeled/7FEE-f5-positive_combined_matrix.npy,StrongPositive,0.242,
Chol-GNN,../../../Data/SplitData/Cholesterol/cholesterol-graph-5A/Test/CombinedUnlabeled/7FIN-f2_combined_matrix.npy,StrongNegative,0.1,
Chol-GNN,../../../Data/SplitData/Cholesterol/cholesterol-graph-5A/Test/CombinedUnlabeled/7FJD-f5_combined_matrix.npy,StrongNegative,0.0,
Chol-GNN,../../../Data/SplitData/Cholesterol/cholesterol-graph-5A/Test/CombinedUnlabeled/7JV5-f1-positive_combined_matrix.npy,StrongNegative,0.21,
Chol-GNN,../../../Data/SplitData/Cholesterol/cholesterol-graph-5A/Test/CombinedUnlabeled/7KY7-f5_combined_matrix.npy,StrongNegative,0.0,
Chol-GNN,../../../Data/SplitData/Cholesterol/cholesterol-graph-5A/Test/CombinedUnlabeled/7LFT-f1-positive_combined_matrix.npy,PseudoPositive,0.262,
Chol-GNN,../../../Data/SplitData/Cholesterol/cholesterol-graph-5A/Test/CombinedUnlabeled/7LFT-f3-positive_combined_matrix.npy,StrongPositive,0.315,
Chol-GNN,../../../Data/SplitData/Cholesterol/cholesterol-graph-5A/Test/CombinedUnlabeled/7LFT-f4-positive_combined_matrix.npy,StrongPositive,0.315,
Chol-GNN,../../../Data/SplitData/Cholesterol/cholesterol-graph-5A/Test/CombinedUnlabeled/7LFT-f5-positive_combined_matrix.npy,StrongPositive,0.333,
Chol-GNN,../../../Data/SplitData/Cholesterol/cholesterol-graph-5A/Test/CombinedUnlabeled/7LGW-f3-positive_combined_matrix.npy,StrongPositive,0.204,
Chol-GNN,../../../Data/SplitData/Cholesterol/cholesterol-graph-5A/Test/CombinedUnlabeled/7LGW-f4-positive_combined_matrix.npy,StrongPositive,0.235,
Chol-GNN,../../../Data/SplitData/Cholesterol/cholesterol-graph-5A/Test/CombinedUnlabeled/7LH2-f1_combined_matrix.npy,StrongNegative,0.0,
Chol-GNN,../../../Data/SplitData/Cholesterol/cholesterol-graph-5A/Test/CombinedUnlabeled/7LH2-f2_combined_matrix.npy,StrongNegative,0.0,
Chol-GNN,../../../Data/SplitData/Cholesterol/cholesterol-graph-5A/Test/CombinedUnlabeled/7LH2-f3_combined_matrix.npy,StrongNegative,0.099,
Chol-GNN,../../../Data/SplitData/Cholesterol/cholesterol-graph-5A/Test/CombinedUnlabeled/7LH2-f4_combined_matrix.npy,StrongNegative,0.0,
Chol-GNN,../../../Data/SplitData/Cholesterol/cholesterol-graph-5A/Test/CombinedUnlabeled/7LH2-f5-positive_combined_matrix.npy,StrongPositive,0.29,
Chol-GNN,../../../Data/SplitData/Cholesterol/cholesterol-graph-5A/Test/CombinedUnlabeled/7LIA-f1-positive_combined_matrix.npy,StrongPositive,0.2,
Chol-GNN,../../../Data/SplitData/Cholesterol/cholesterol-graph-5A/Test/CombinedUnlabeled/7LIA-f2_combined_matrix.npy,StrongNegative,0.0,
Chol-GNN,../../../Data/SplitData/Cholesterol/cholesterol-graph-5A/Test/CombinedUnlabeled/7LJC-f1_combined_matrix.npy,StrongNegative,0.0,
Chol-GNN,../../../Data/SplitData/Cholesterol/cholesterol-graph-5A/Test/CombinedUnlabeled/7LJC-f5-positive_combined_matrix.npy,StrongPositive,0.204,
Chol-GNN,../../../Data/SplitData/Cholesterol/cholesterol-graph-5A/Test/CombinedUnlabeled/7M5X-f3-positive_combined_matrix.npy,StrongPositive,0.309,
Chol-GNN,../../../Data/SplitData/Cholesterol/cholesterol-graph-5A/Test/CombinedUnlabeled/7M5X-f5_combined_matrix.npy,StrongNegative,0.0,
Chol-GNN,../../../Data/SplitData/Cholesterol/cholesterol-graph-5A/Test/CombinedUnlabeled/7M5Y-f1-positive_combined_matrix.npy,StrongNegative,0.293,
Chol-GNN,../../../Data/SplitData/Cholesterol/cholesterol-graph-5A/Test/CombinedUnlabeled/7M95-f4_combined_matrix.npy,StrongNegative,0.011,
Chol-GNN,../../../Data/SplitData/Cholesterol/cholesterol-graph-5A/Test/CombinedUnlabeled/7MFI-f1_combined_matrix.npy,StrongNegative,0.013,
Chol-GNN,../../../Data/SplitData/Cholesterol/cholesterol-graph-5A/Test/CombinedUnlabeled/7MFI-f2_combined_matrix.npy,StrongNegative,0.0,
Chol-GNN,../../../Data/SplitData/Cholesterol/cholesterol-graph-5A/Test/CombinedUnlabeled/7MFI-f4_combined_matrix.npy,StrongNegative,0.176,
Chol-GNN,../../../Data/SplitData/Cholesterol/cholesterol-graph-5A/Test/CombinedUnlabeled/7MIX-f4_combined_matrix.npy,StrongNegative,0.156,
Chol-GNN,../../../Data/SplitData/Cholesterol/cholesterol-graph-5A/Test/CombinedUnlabeled/7MIY-f4_combined_matrix.npy,StrongNegative,0.0,
Chol-GNN,../../../Data/SplitData/Cholesterol/cholesterol-graph-5A/Test/CombinedUnlabeled/7MIY-f5_combined_matrix.npy,StrongNegative,0.0,
Chol-GNN,../../../Data/SplitData/Cholesterol/cholesterol-graph-5A/Test/CombinedUnlabeled/7N4U-f1-positive_combined_matrix.npy,StrongNegative,0.224,
Chol-GNN,../../../Data/SplitData/Cholesterol/cholesterol-graph-5A/Test/CombinedUnlabeled/7N4U-f2-positive_combined_matrix.npy,StrongPositive,0.25,
Chol-GNN,../../../Data/SplitData/Cholesterol/cholesterol-graph-5A/Test/CombinedUnlabeled/7N4U-f4-positive_combined_matrix.npy,StrongPositive,0.239,
Chol-GNN,../../../Data/SplitData/Cholesterol/cholesterol-graph-5A/Test/CombinedUnlabeled/7N4X-f3_combined_matrix.npy,StrongNegative,0.0,
Chol-GNN,../../../Data/SplitData/Cholesterol/cholesterol-graph-5A/Test/CombinedUnlabeled/7N4X-f5-positive_combined_matrix.npy,StrongPositive,0.297,
Chol-GNN,../../../Data/SplitData/Cholesterol/cholesterol-graph-5A/Test/CombinedUnlabeled/7NA7-f2-positive_combined_matrix.npy,PseudoPositive,0.244,
Chol-GNN,../../../Data/SplitData/Cholesterol/cholesterol-graph-5A/Test/CombinedUnlabeled/7NA7-f5_combined_matrix.npy,StrongNegative,0.0,
Chol-GNN,../../../Data/SplitData/Cholesterol/cholesterol-graph-5A/Test/CombinedUnlabeled/7NA8-f3_combined_matrix.npy,StrongNegative,0.191,
Chol-GNN,../../../Data/SplitData/Cholesterol/cholesterol-graph-5A/Test/CombinedUnlabeled/7NEQ-f2-positive_combined_matrix.npy,StrongNegative,0.382,
Chol-GNN,../../../Data/SplitData/Cholesterol/cholesterol-graph-5A/Test/CombinedUnlabeled/7NEQ-f5-positive_combined_matrix.npy,StrongNegative,0.317,
Chol-GNN,../../../Data/SplitData/Cholesterol/cholesterol-graph-5A/Test/CombinedUnlabeled/7NF6-f2-positive_combined_matrix.npy,StrongPositive,0.2,
Chol-GNN,../../../Data/SplitData/Cholesterol/cholesterol-graph-5A/Test/CombinedUnlabeled/7NF6-f3_combined_matrix.npy,StrongNegative,0.0,
Chol-GNN,../../../Data/SplitData/Cholesterol/cholesterol-graph-5A/Test/CombinedUnlabeled/7NF8-f1-positive_combined_matrix.npy,StrongPositive,0.4,
Chol-GNN,../../../Data/SplitData/Cholesterol/cholesterol-graph-5A/Test/CombinedUnlabeled/7NF8-f5_combined_matrix.npy,StrongNegative,0.0,
Chol-GNN,../../../Data/SplitData/Cholesterol/cholesterol-graph-5A/Test/CombinedUnlabeled/7OCA-f1_combined_matrix.npy,StrongNegative,0.0,
Chol-GNN,../../../Data/SplitData/Cholesterol/cholesterol-graph-5A/Test/CombinedUnlabeled/7OCA-f3-positive_combined_matrix.npy,StrongNegative,0.238,
Chol-GNN,../../../Data/SplitData/Cholesterol/cholesterol-graph-5A/Test/CombinedUnlabeled/7OCA-f4_combined_matrix.npy,StrongNegative,0.0,
Chol-GNN,../../../Data/SplitData/Cholesterol/cholesterol-graph-5A/Test/CombinedUnlabeled/7OCE-f1_combined_matrix.npy,StrongNegative,0.0,
Chol-GNN,../../../Data/SplitData/Cholesterol/cholesterol-graph-5A/Test/CombinedUnlabeled/7OJI-f5-positive_combined_matrix.npy,StrongPositive,0.205,
Chol-GNN,../../../Data/SplitData/Cholesterol/cholesterol-graph-5A/Test/CombinedUnlabeled/7P00-f1_combined_matrix.npy,StrongNegative,0.077,
Chol-GNN,../../../Data/SplitData/Cholesterol/cholesterol-graph-5A/Test/CombinedUnlabeled/7P00-f2_combined_matrix.npy,StrongNegative,0.0,
Chol-GNN,../../../Data/SplitData/Cholesterol/cholesterol-graph-5A/Test/CombinedUnlabeled/7P00-f4-positive_combined_matrix.npy,StrongPositive,0.273,
Chol-GNN,../../../Data/SplitData/Cholesterol/cholesterol-graph-5A/Test/CombinedUnlabeled/7P02-f3_combined_matrix.npy,StrongNegative,0.0,
Chol-GNN,../../../Data/SplitData/Cholesterol/cholesterol-graph-5A/Test/CombinedUnlabeled/7PP1-f5_combined_matrix.npy,StrongNegative,0.095,
Chol-GNN,../../../Data/SplitData/Cholesterol/cholesterol-graph-5A/Test/CombinedUnlabeled/7PX4-f4-positive_combined_matrix.npy,StrongNegative,0.214,
Chol-GNN,../../../Data/SplitData/Cholesterol/cholesterol-graph-5A/Test/CombinedUnlabeled/7PXE-f3_combined_matrix.npy,StrongNegative,0.0,
Chol-GNN,../../../Data/SplitData/Cholesterol/cholesterol-graph-5A/Test/CombinedUnlabeled/7PYR-f4_combined_matrix.npy,StrongNegative,0.0,
Chol-GNN,../../../Data/SplitData/Cholesterol/cholesterol-graph-5A/Test/CombinedUnlabeled/7Q1U-f1_combined_matrix.npy,StrongNegative,0.0,
Chol-GNN,../../../Data/SplitData/Cholesterol/cholesterol-graph-5A/Test/CombinedUnlabeled/7Q1U-f4_combined_matrix.npy,StrongNegative,0.0,
Chol-GNN,../../../Data/SplitData/Cholesterol/cholesterol-graph-5A/Test/CombinedUnlabeled/7R8B-f1_combined_matrix.npy,StrongNegative,0.137,
Chol-GNN,../../../Data/SplitData/Cholesterol/cholesterol-graph-5A/Test/CombinedUnlabeled/7R8B-f2-positive_combined_matrix.npy,PseudoPositive,0.207,
Chol-GNN,../../../Data/SplitData/Cholesterol/cholesterol-graph-5A/Test/CombinedUnlabeled/7R8B-f5_combined_matrix.npy,StrongNegative,0.0,
Chol-GNN,../../../Data/SplitData/Cholesterol/cholesterol-graph-5A/Test/CombinedUnlabeled/7R8D-f1-positive_combined_matrix.npy,StrongNegative,0.202,
Chol-GNN,../../../Data/SplitData/Cholesterol/cholesterol-graph-5A/Test/CombinedUnlabeled/7R8D-f3_combined_matrix.npy,StrongNegative,0.0,
Chol-GNN,../../../Data/SplitData/Cholesterol/cholesterol-graph-5A/Test/CombinedUnlabeled/7RHR-f2-positive_combined_matrix.npy,PseudoPositive,0.302,
Chol-GNN,../../../Data/SplitData/Cholesterol/cholesterol-graph-5A/Test/CombinedUnlabeled/7SHF-f3-positive_combined_matrix.npy,StrongNegative,0.226,
Chol-GNN,../../../Data/SplitData/Cholesterol/cholesterol-graph-5A/Test/CombinedUnlabeled/7SIL-f1-positive_combined_matrix.npy,PseudoPositive,0.333,
Chol-GNN,../../../Data/SplitData/Cholesterol/cholesterol-graph-5A/Test/CombinedUnlabeled/7SIL-f2_combined_matrix.npy,StrongNegative,0.0,
Chol-GNN,../../../Data/SplitData/Cholesterol/cholesterol-graph-5A/Test/CombinedUnlabeled/7SIL-f3-positive_combined_matrix.npy,StrongNegative,0.279,
Chol-GNN,../../../Data/SplitData/Cholesterol/cholesterol-graph-5A/Test/CombinedUnlabeled/7SIL-f4-positive_combined_matrix.npy,StrongNegative,0.25,
Chol-GNN,../../../Data/SplitData/Cholesterol/cholesterol-graph-5A/Test/CombinedUnlabeled/7SIL-f5-positive_combined_matrix.npy,StrongPositive,0.312,
Chol-GNN,../../../Data/SplitData/Cholesterol/cholesterol-graph-5A/Test/CombinedUnlabeled/7SIM-f2-positive_combined_matrix.npy,StrongNegative,0.24,
Chol-GNN,../../../Data/SplitData/Cholesterol/cholesterol-graph-5A/Test/CombinedUnlabeled/7SIM-f3-positive_combined_matrix.npy,PseudoPositive,0.323,
Chol-GNN,../../../Data/SplitData/Cholesterol/cholesterol-graph-5A/Test/CombinedUnlabeled/7SIM-f4-positive_combined_matrix.npy,PseudoNegative,0.387,
Chol-GNN,../../../Data/SplitData/Cholesterol/cholesterol-graph-5A/Test/CombinedUnlabeled/7SK4-f1-positive_combined_matrix.npy,PseudoNegative,0.29,
Chol-GNN,../../../Data/SplitData/Cholesterol/cholesterol-graph-5A/Test/CombinedUnlabeled/7SK4-f3-positive_combined_matrix.npy,StrongNegative,0.226,
Chol-GNN,../../../Data/SplitData/Cholesterol/cholesterol-graph-5A/Test/CombinedUnlabeled/7SK7-f1_combined_matrix.npy,StrongNegative,0.0,
Chol-GNN,../../../Data/SplitData/Cholesterol/cholesterol-graph-5A/Test/CombinedUnlabeled/7SK7-f4_combined_matrix.npy,StrongNegative,0.0,
Chol-GNN,../../../Data/SplitData/Cholesterol/cholesterol-graph-5A/Test/CombinedUnlabeled/7SK8-f1-positive_combined_matrix.npy,StrongNegative,0.224,
Chol-GNN,../../../Data/SplitData/Cholesterol/cholesterol-graph-5A/Test/CombinedUnlabeled/7SK8-f3-positive_combined_matrix.npy,StrongNegative,0.429,
Chol-GNN,../../../Data/SplitData/Cholesterol/cholesterol-graph-5A/Test/CombinedUnlabeled/7SL8-f1-positive_combined_matrix.npy,StrongPositive,0.421,
Chol-GNN,../../../Data/SplitData/Cholesterol/cholesterol-graph-5A/Test/CombinedUnlabeled/7SMM-f2_combined_matrix.npy,StrongNegative,0.088,
Chol-GNN,../../../Data/SplitData/Cholesterol/cholesterol-graph-5A/Test/CombinedUnlabeled/7SMR-f4_combined_matrix.npy,StrongNegative,0.0,
Chol-GNN,../../../Data/SplitData/Cholesterol/cholesterol-graph-5A/Test/CombinedUnlabeled/7SMR-f5-positive_combined_matrix.npy,StrongPositive,0.257,
Chol-GNN,../../../Data/SplitData/Cholesterol/cholesterol-graph-5A/Test/CombinedUnlabeled/7SMS-f4-positive_combined_matrix.npy,PseudoPositive,0.212,
Chol-GNN,../../../Data/SplitData/Cholesterol/cholesterol-graph-5A/Test/CombinedUnlabeled/7SMS-f5-positive_combined_matrix.npy,StrongPositive,0.3,
Chol-GNN,../../../Data/SplitData/Cholesterol/cholesterol-graph-5A/Test/CombinedUnlabeled/7SMT-f4_combined_matrix.npy,StrongNegative,0.0,
Chol-GNN,../../../Data/SplitData/Cholesterol/cholesterol-graph-5A/Test/CombinedUnlabeled/7SMT-f5-positive_combined_matrix.npy,StrongPositive,0.286,
Chol-GNN,../../../Data/SplitData/Cholesterol/cholesterol-graph-5A/Test/CombinedUnlabeled/7SVD-f5_combined_matrix.npy,StrongNegative,0.0,
Chol-GNN,../../../Data/SplitData/Cholesterol/cholesterol-graph-5A/Test/CombinedUnlabeled/7TBW-f4_combined_matrix.npy,StrongNegative,0.0,
Chol-GNN,../../../Data/SplitData/Cholesterol/cholesterol-graph-5A/Test/CombinedUnlabeled/7TC0-f4_combined_matrix.npy,StrongNegative,0.0,
Chol-GNN,../../../Data/SplitData/Cholesterol/cholesterol-graph-5A/Test/CombinedUnlabeled/7TJ9-f1_combined_matrix.npy,StrongNegative,0.0,
Chol-GNN,../../../Data/SplitData/Cholesterol/cholesterol-graph-5A/Test/CombinedUnlabeled/7TY4-f4_combined_matrix.npy,StrongNegative,0.0,
Chol-GNN,../../../Data/SplitData/Cholesterol/cholesterol-graph-5A/Test/CombinedUnlabeled/7TY6-f1_combined_matrix.npy,StrongNegative,0.0,
Chol-GNN,../../../Data/SplitData/Cholesterol/cholesterol-graph-5A/Test/CombinedUnlabeled/7TY6-f2_combined_matrix.npy,StrongNegative,0.0,
Chol-GNN,../../../Data/SplitData/Cholesterol/cholesterol-graph-5A/Test/CombinedUnlabeled/7TY6-f3_combined_matrix.npy,StrongNegative,0.0,
Chol-GNN,../../../Data/SplitData/Cholesterol/cholesterol-graph-5A/Test/CombinedUnlabeled/7TY7-f2_combined_matrix.npy,StrongNegative,0.0,
Chol-GNN,../../../Data/SplitData/Cholesterol/cholesterol-graph-5A/Test/CombinedUnlabeled/7UHG-f1_combined_matrix.npy,StrongNegative,0.0,
Chol-GNN,../../../Data/SplitData/Cholesterol/cholesterol-graph-5A/Test/CombinedUnlabeled/7UHG-f3_combined_matrix.npy,StrongNegative,0.012,
Chol-GNN,../../../Data/SplitData/Cholesterol/cholesterol-graph-5A/Test/CombinedUnlabeled/7URC-f2_combined_matrix.npy,StrongNegative,0.0,
Chol-GNN,../../../Data/SplitData/Cholesterol/cholesterol-graph-5A/Test/CombinedUnlabeled/7URD-f2_combined_matrix.npy,StrongNegative,0.0,
Chol-GNN,../../../Data/SplitData/Cholesterol/cholesterol-graph-5A/Test/CombinedUnlabeled/7USW-f1_combined_matrix.npy,StrongNegative,0.0,
Chol-GNN,../../../Data/SplitData/Cholesterol/cholesterol-graph-5A/Test/CombinedUnlabeled/7USX-f3_combined_matrix.npy,StrongNegative,0.0,
Chol-GNN,../../../Data/SplitData/Cholesterol/cholesterol-graph-5A/Test/CombinedUnlabeled/7UZ3-f2_combined_matrix.npy,StrongNegative,0.0,
Chol-GNN,../../../Data/SplitData/Cholesterol/cholesterol-graph-5A/Test/CombinedUnlabeled/7UZ3-f4_combined_matrix.npy,StrongNegative,0.0,
Chol-GNN,../../../Data/SplitData/Cholesterol/cholesterol-graph-5A/Test/CombinedUnlabeled/7UZE-f1_combined_matrix.npy,StrongNegative,0.0,
Chol-GNN,../../../Data/SplitData/Cholesterol/cholesterol-graph-5A/Test/CombinedUnlabeled/7UZQ-f2_combined_matrix.npy,StrongNegative,0.0,
Chol-GNN,../../../Data/SplitData/Cholesterol/cholesterol-graph-5A/Test/CombinedUnlabeled/7UZQ-f3_combined_matrix.npy,StrongNegative,0.0,
Chol-GNN,../../../Data/SplitData/Cholesterol/cholesterol-graph-5A/Test/CombinedUnlabeled/7V07-f4-positive_combined_matrix.npy,StrongNegative,0.244,
Chol-GNN,../../../Data/SplitData/Cholesterol/cholesterol-graph-5A/Test/CombinedUnlabeled/7V0K-f1-positive_combined_matrix.npy,StrongNegative,0.28,
Chol-GNN,../../../Data/SplitData/Cholesterol/cholesterol-graph-5A/Test/CombinedUnlabeled/7V0K-f2-positive_combined_matrix.npy,StrongNegative,0.282,
Chol-GNN,../../../Data/SplitData/Cholesterol/cholesterol-graph-5A/Test/CombinedUnlabeled/7V0K-f3_combined_matrix.npy,StrongNegative,0.0,
Chol-GNN,../../../Data/SplitData/Cholesterol/cholesterol-graph-5A/Test/CombinedUnlabeled/7V0K-f5_combined_matrix.npy,StrongNegative,0.0,
Chol-GNN,../../../Data/SplitData/Cholesterol/cholesterol-graph-5A/Test/CombinedUnlabeled/7V0S-f2_combined_matrix.npy,StrongNegative,0.0,
Chol-GNN,../../../Data/SplitData/Cholesterol/cholesterol-graph-5A/Test/CombinedUnlabeled/7V19-f3_combined_matrix.npy,StrongNegative,0.0,
Chol-GNN,../../../Data/SplitData/Cholesterol/cholesterol-graph-5A/Test/CombinedUnlabeled/7V3Z-f4_combined_matrix.npy,StrongNegative,0.0,
Chol-GNN,../../../Data/SplitData/Cholesterol/cholesterol-graph-5A/Test/CombinedUnlabeled/7V3Z-f5-positive_combined_matrix.npy,StrongNegative,0.222,
Chol-GNN,../../../Data/SplitData/Cholesterol/cholesterol-graph-5A/Test/CombinedUnlabeled/7VAB-f2-positive_combined_matrix.npy,StrongNegative,0.319,
Chol-GNN,../../../Data/SplitData/Cholesterol/cholesterol-graph-5A/Test/CombinedUnlabeled/7VAB-f3-positive_combined_matrix.npy,StrongPositive,0.275,
Chol-GNN,../../../Data/SplitData/Cholesterol/cholesterol-graph-5A/Test/CombinedUnlabeled/7VDH-f1_combined_matrix.npy,StrongNegative,0.0,
Chol-GNN,../../../Data/SplitData/Cholesterol/cholesterol-graph-5A/Test/CombinedUnlabeled/7VDH-f3-positive_combined_matrix.npy,StrongPositive,0.293,
Chol-GNN,../../../Data/SplitData/Cholesterol/cholesterol-graph-5A/Test/CombinedUnlabeled/7VDL-f2-positive_combined_matrix.npy,StrongPositive,0.267,
Chol-GNN,../../../Data/SplitData/Cholesterol/cholesterol-graph-5A/Test/CombinedUnlabeled/7VDL-f3_combined_matrix.npy,StrongNegative,0.106,
Chol-GNN,../../../Data/SplitData/Cholesterol/cholesterol-graph-5A/Test/CombinedUnlabeled/7VFX-f1-positive_combined_matrix.npy,PseudoNegative,0.298,
Chol-GNN,../../../Data/SplitData/Cholesterol/cholesterol-graph-5A/Test/CombinedUnlabeled/7VFX-f4-positive_combined_matrix.npy,StrongNegative,0.204,
Chol-GNN,../../../Data/SplitData/Cholesterol/cholesterol-graph-5A/Test/CombinedUnlabeled/7VGZ-f1_combined_matrix.npy,StrongNegative,0.0,
Chol-GNN,../../../Data/SplitData/Cholesterol/cholesterol-graph-5A/Test/CombinedUnlabeled/7VLA-f4-positive_combined_matrix.npy,PseudoNegative,0.282,
Chol-GNN,../../../Data/SplitData/Cholesterol/cholesterol-graph-5A/Test/CombinedUnlabeled/7VLA-f5_combined_matrix.npy,StrongNegative,0.167,
Chol-GNN,../../../Data/SplitData/Cholesterol/cholesterol-graph-5A/Test/CombinedUnlabeled/7VR7-f4_combined_matrix.npy,StrongNegative,0.0,
Chol-GNN,../../../Data/SplitData/Cholesterol/cholesterol-graph-5A/Test/CombinedUnlabeled/7VUY-f5_combined_matrix.npy,StrongNegative,0.0,
Chol-GNN,../../../Data/SplitData/Cholesterol/cholesterol-graph-5A/Test/CombinedUnlabeled/7VUZ-f1_combined_matrix.npy,StrongNegative,0.133,
Chol-GNN,../../../Data/SplitData/Cholesterol/cholesterol-graph-5A/Test/CombinedUnlabeled/7VUZ-f2_combined_matrix.npy,StrongNegative,0.0,
Chol-GNN,../../../Data/SplitData/Cholesterol/cholesterol-graph-5A/Test/CombinedUnlabeled/7VV3-f4_combined_matrix.npy,StrongNegative,0.0,
Chol-GNN,../../../Data/SplitData/Cholesterol/cholesterol-graph-5A/Test/CombinedUnlabeled/7VV4-f3_combined_matrix.npy,StrongNegative,0.0,
Chol-GNN,../../../Data/SplitData/Cholesterol/cholesterol-graph-5A/Test/CombinedUnlabeled/7VV5-f2_combined_matrix.npy,StrongNegative,0.0,
Chol-GNN,../../../Data/SplitData/Cholesterol/cholesterol-graph-5A/Test/CombinedUnlabeled/7W2Z-f1-positive_combined_matrix.npy,StrongPositive,0.311,
Chol-GNN,../../../Data/SplitData/Cholesterol/cholesterol-graph-5A/Test/CombinedUnlabeled/7W2Z-f2-positive_combined_matrix.npy,PseudoNegative,0.25,
Chol-GNN,../../../Data/SplitData/Cholesterol/cholesterol-graph-5A/Test/CombinedUnlabeled/7W2Z-f3-positive_combined_matrix.npy,StrongNegative,0.222,
Chol-GNN,../../../Data/SplitData/Cholesterol/cholesterol-graph-5A/Test/CombinedUnlabeled/7W9W-f1-positive_combined_matrix.npy,StrongNegative,0.208,
Chol-GNN,../../../Data/SplitData/Cholesterol/cholesterol-graph-5A/Test/CombinedUnlabeled/7W9W-f3_combined_matrix.npy,StrongNegative,0.0,
Chol-GNN,../../../Data/SplitData/Cholesterol/cholesterol-graph-5A/Test/CombinedUnlabeled/7WC4-f1_combined_matrix.npy,StrongNegative,0.0,
Chol-GNN,../../../Data/SplitData/Cholesterol/cholesterol-graph-5A/Test/CombinedUnlabeled/7WC4-f3_combined_matrix.npy,StrongNegative,0.0,
Chol-GNN,../../../Data/SplitData/Cholesterol/cholesterol-graph-5A/Test/CombinedUnlabeled/7WC5-f1_combined_matrix.npy,StrongNegative,0.134,
Chol-GNN,../../../Data/SplitData/Cholesterol/cholesterol-graph-5A/Test/CombinedUnlabeled/7WC6-f4_combined_matrix.npy,StrongNegative,0.0,
Chol-GNN,../../../Data/SplitData/Cholesterol/cholesterol-graph-5A/Test/CombinedUnlabeled/7WC7-f1_combined_matrix.npy,StrongNegative,0.0,
Chol-GNN,../../../Data/SplitData/Cholesterol/cholesterol-graph-5A/Test/CombinedUnlabeled/7WC7-f2_combined_matrix.npy,StrongNegative,0.0,
Chol-GNN,../../../Data/SplitData/Cholesterol/cholesterol-graph-5A/Test/CombinedUnlabeled/7WC7-f3_combined_matrix.npy,StrongNegative,0.0,
Chol-GNN,../../../Data/SplitData/Cholesterol/cholesterol-graph-5A/Test/CombinedUnlabeled/7WC7-f4_combined_matrix.npy,StrongNegative,0.0,
Chol-GNN,../../../Data/SplitData/Cholesterol/cholesterol-graph-5A/Test/CombinedUnlabeled/7WC8-f1_combined_matrix.npy,StrongNegative,0.0,
Chol-GNN,../../../Data/SplitData/Cholesterol/cholesterol-graph-5A/Test/CombinedUnlabeled/7WC8-f2-positive_combined_matrix.npy,StrongPositive,0.204,
Chol-GNN,../../../Data/SplitData/Cholesterol/cholesterol-graph-5A/Test/CombinedUnlabeled/7WEL-f4_combined_matrix.npy,StrongNegative,0.0,
Chol-GNN,../../../Data/SplitData/Cholesterol/cholesterol-graph-5A/Test/CombinedUnlabeled/7WFR-f3_combined_matrix.npy,StrongNegative,0.0,
Chol-GNN,../../../Data/SplitData/Cholesterol/cholesterol-graph-5A/Test/CombinedUnlabeled/7WFW-f1_combined_matrix.npy,StrongNegative,0.0,
Chol-GNN,../../../Data/SplitData/Cholesterol/cholesterol-graph-5A/Test/CombinedUnlabeled/7WGD-f4_combined_matrix.npy,StrongNegative,0.0,
Chol-GNN,../../../Data/SplitData/Cholesterol/cholesterol-graph-5A/Test/CombinedUnlabeled/7WGT-f1-positive_combined_matrix.npy,StrongNegative,0.238,
Chol-GNN,../../../Data/SplitData/Cholesterol/cholesterol-graph-5A/Test/CombinedUnlabeled/7WLD-f3_combined_matrix.npy,StrongNegative,0.0,
Chol-GNN,../../../Data/SplitData/Cholesterol/cholesterol-graph-5A/Test/CombinedUnlabeled/7WLW-f1-positive_combined_matrix.npy,StrongNegative,0.25,
Chol-GNN,../../../Data/SplitData/Cholesterol/cholesterol-graph-5A/Test/CombinedUnlabeled/7WLW-f5_combined_matrix.npy,StrongNegative,0.0,
Chol-GNN,../../../Data/SplitData/Cholesterol/cholesterol-graph-5A/Test/CombinedUnlabeled/7WQ3-f5_combined_matrix.npy,StrongNegative,0.037,
Chol-GNN,../../../Data/SplitData/Cholesterol/cholesterol-graph-5A/Test/CombinedUnlabeled/7WU4-f1-positive_combined_matrix.npy,PseudoPositive,0.29,
Chol-GNN,../../../Data/SplitData/Cholesterol/cholesterol-graph-5A/Test/CombinedUnlabeled/7WU5-f1_combined_matrix.npy,StrongNegative,0.0,
Chol-GNN,../../../Data/SplitData/Cholesterol/cholesterol-graph-5A/Test/CombinedUnlabeled/7WU5-f2-positive_combined_matrix.npy,PseudoPositive,0.304,
Chol-GNN,../../../Data/SplitData/Cholesterol/cholesterol-graph-5A/Test/CombinedUnlabeled/7WU5-f4_combined_matrix.npy,StrongNegative,0.0,
Chol-GNN,../../../Data/SplitData/Cholesterol/cholesterol-graph-5A/Test/CombinedUnlabeled/7WYU-f2-positive_combined_matrix.npy,StrongPositive,0.314,
Chol-GNN,../../../Data/SplitData/Cholesterol/cholesterol-graph-5A/Test/CombinedUnlabeled/7WYZ-f3-positive_combined_matrix.npy,StrongNegative,0.317,
Chol-GNN,../../../Data/SplitData/Cholesterol/cholesterol-graph-5A/Test/CombinedUnlabeled/7WYZ-f4_combined_matrix.npy,PseudoPositive,0.0,
Chol-GNN,../../../Data/SplitData/Cholesterol/cholesterol-graph-5A/Test/CombinedUnlabeled/7WYZ-f5-positive_combined_matrix.npy,PseudoNegative,0.2,
Chol-GNN,../../../Data/SplitData/Cholesterol/cholesterol-graph-5A/Test/CombinedUnlabeled/7WZ0-f1-positive_combined_matrix.npy,StrongNegative,0.206,
Chol-GNN,../../../Data/SplitData/Cholesterol/cholesterol-graph-5A/Test/CombinedUnlabeled/7WZ0-f3-positive_combined_matrix.npy,StrongNegative,0.265,
Chol-GNN,../../../Data/SplitData/Cholesterol/cholesterol-graph-5A/Test/CombinedUnlabeled/7WZ0-f5_combined_matrix.npy,StrongNegative,0.0,
Chol-GNN,../../../Data/SplitData/Cholesterol/cholesterol-graph-5A/Test/CombinedUnlabeled/7X24-f1-positive_combined_matrix.npy,PseudoNegative,0.236,
Chol-GNN,../../../Data/SplitData/Cholesterol/cholesterol-graph-5A/Test/CombinedUnlabeled/7X2C-f1_combined_matrix.npy,StrongNegative,0.0,
Chol-GNN,../../../Data/SplitData/Cholesterol/cholesterol-graph-5A/Test/CombinedUnlabeled/7X2F-f5_combined_matrix.npy,StrongNegative,0.0,
Chol-GNN,../../../Data/SplitData/Cholesterol/cholesterol-graph-5A/Test/CombinedUnlabeled/7XBX-f3-positive_combined_matrix.npy,StrongPositive,0.25,
Chol-GNN,../../../Data/SplitData/Cholesterol/cholesterol-graph-5A/Test/CombinedUnlabeled/7XBX-f4_combined_matrix.npy,StrongNegative,0.0,
Chol-GNN,../../../Data/SplitData/Cholesterol/cholesterol-graph-5A/Test/CombinedUnlabeled/7XBX-f5-positive_combined_matrix.npy,StrongPositive,0.286,
Chol-GNN,../../../Data/SplitData/Cholesterol/cholesterol-graph-5A/Test/CombinedUnlabeled/7XEM-f4_combined_matrix.npy,StrongNegative,0.0,
Chol-GNN,../../../Data/SplitData/Cholesterol/cholesterol-graph-5A/Test/CombinedUnlabeled/7XER-f1_combined_matrix.npy,StrongNegative,0.0,
Chol-GNN,../../../Data/SplitData/Cholesterol/cholesterol-graph-5A/Test/CombinedUnlabeled/7XER-f3_combined_matrix.npy,StrongNegative,0.0,
Chol-GNN,../../../Data/SplitData/Cholesterol/cholesterol-graph-5A/Test/CombinedUnlabeled/7XEU-f3-positive_combined_matrix.npy,StrongNegative,0.246,
Chol-GNN,../../../Data/SplitData/Cholesterol/cholesterol-graph-5A/Test/CombinedUnlabeled/7XT8-f2-positive_combined_matrix.npy,StrongNegative,0.328,
Chol-GNN,../../../Data/SplitData/Cholesterol/cholesterol-graph-5A/Test/CombinedUnlabeled/7XT8-f3_combined_matrix.npy,StrongNegative,0.0,
Chol-GNN,../../../Data/SplitData/Cholesterol/cholesterol-graph-5A/Test/CombinedUnlabeled/7XT9-f1_combined_matrix.npy,StrongNegative,0.0,
Chol-GNN,../../../Data/SplitData/Cholesterol/cholesterol-graph-5A/Test/CombinedUnlabeled/7XT9-f3-positive_combined_matrix.npy,StrongNegative,0.306,
Chol-GNN,../../../Data/SplitData/Cholesterol/cholesterol-graph-5A/Test/CombinedUnlabeled/7XTC-f1_combined_matrix.npy,StrongNegative,0.0,
Chol-GNN,../../../Data/SplitData/Cholesterol/cholesterol-graph-5A/Test/CombinedUnlabeled/7XVE-f4-positive_combined_matrix.npy,StrongNegative,0.211,
Chol-GNN,../../../Data/SplitData/Cholesterol/cholesterol-graph-5A/Test/CombinedUnlabeled/7XW5-f3-positive_combined_matrix.npy,StrongNegative,0.227,
Chol-GNN,../../../Data/SplitData/Cholesterol/cholesterol-graph-5A/Test/CombinedUnlabeled/7XW6-f1-positive_combined_matrix.npy,StrongPositive,0.222,
Chol-GNN,../../../Data/SplitData/Cholesterol/cholesterol-graph-5A/Test/CombinedUnlabeled/7XW6-f3_combined_matrix.npy,StrongNegative,0.0,
Chol-GNN,../../../Data/SplitData/Cholesterol/cholesterol-graph-5A/Test/CombinedUnlabeled/7XZH-f4-positive_combined_matrix.npy,StrongNegative,0.27,
Chol-GNN,../../../Data/SplitData/Cholesterol/cholesterol-graph-5A/Test/CombinedUnlabeled/7Y45-f1-positive_combined_matrix.npy,StrongNegative,0.228,
Chol-GNN,../../../Data/SplitData/Cholesterol/cholesterol-graph-5A/Test/CombinedUnlabeled/7Y45-f3-positive_combined_matrix.npy,StrongNegative,0.214,
Chol-GNN,../../../Data/SplitData/Cholesterol/cholesterol-graph-5A/Test/CombinedUnlabeled/7Y45-f5_combined_matrix.npy,StrongNegative,0.085,
Chol-GNN,../../../Data/SplitData/Cholesterol/cholesterol-graph-5A/Test/CombinedUnlabeled/7Y5T-f5_combined_matrix.npy,StrongNegative,0.0,
Chol-GNN,../../../Data/SplitData/Cholesterol/cholesterol-graph-5A/Test/CombinedUnlabeled/7Y5X-f1_combined_matrix.npy,StrongNegative,0.0,
Chol-GNN,../../../Data/SplitData/Cholesterol/cholesterol-graph-5A/Test/CombinedUnlabeled/7Y5X-f4-positive_combined_matrix.npy,PseudoNegative,0.273,
Chol-GNN,../../../Data/SplitData/Cholesterol/cholesterol-graph-5A/Test/CombinedUnlabeled/7Y5Z-f2_combined_matrix.npy,StrongNegative,0.0,
Chol-GNN,../../../Data/SplitData/Cholesterol/cholesterol-graph-5A/Test/CombinedUnlabeled/7YAE-f3-positive_combined_matrix.npy,PseudoNegative,0.214,
Chol-GNN,../../../Data/SplitData/Cholesterol/cholesterol-graph-5A/Test/CombinedUnlabeled/7YAE-f4_combined_matrix.npy,StrongNegative,0.147,
Chol-GNN,../../../Data/SplitData/Cholesterol/cholesterol-graph-5A/Test/CombinedUnlabeled/7YFC-f4_combined_matrix.npy,StrongNegative,0.154,
Chol-GNN,../../../Data/SplitData/Cholesterol/cholesterol-graph-5A/Test/CombinedUnlabeled/7YKD-f1-positive_combined_matrix.npy,StrongPositive,0.333,
Chol-GNN,../../../Data/SplitData/Cholesterol/cholesterol-graph-5A/Test/CombinedUnlabeled/7ZI0-f1_combined_matrix.npy,StrongNegative,0.0,
Chol-GNN,../../../Data/SplitData/Cholesterol/cholesterol-graph-5A/Test/CombinedUnlabeled/7ZXN-f4_combined_matrix.npy,StrongNegative,0.0,
Chol-GNN,../../../Data/SplitData/Cholesterol/cholesterol-graph-5A/Test/CombinedUnlabeled/7ZXN-f5_combined_matrix.npy,StrongNegative,0.0,
Chol-GNN,../../../Data/SplitData/Cholesterol/cholesterol-graph-5A/Test/CombinedUnlabeled/7ZYI-f1_combined_matrix.npy,StrongNegative,0.0,
Chol-GNN,../../../Data/SplitData/Cholesterol/cholesterol-graph-5A/Test/CombinedUnlabeled/7ZYI-f3_combined_matrix.npy,StrongNegative,0.0,
Chol-GNN,../../../Data/SplitData/Cholesterol/cholesterol-graph-5A/Test/CombinedUnlabeled/7ZYI-f5-positive_combined_matrix.npy,StrongPositive,0.234,
Chol-GNN,../../../Data/SplitData/Cholesterol/cholesterol-graph-5A/Test/CombinedUnlabeled/8A2O-f3_combined_matrix.npy,StrongNegative,0.0,
Chol-GNN,../../../Data/SplitData/Cholesterol/cholesterol-graph-5A/Test/CombinedUnlabeled/8BHT-f1_combined_matrix.npy,StrongNegative,0.0,
Chol-GNN,../../../Data/SplitData/Cholesterol/cholesterol-graph-5A/Test/CombinedUnlabeled/8BHT-f5-positive_combined_matrix.npy,StrongNegative,0.35,
Chol-GNN,../../../Data/SplitData/Cholesterol/cholesterol-graph-5A/Test/CombinedUnlabeled/8BI0-f5-positive_combined_matrix.npy,StrongPositive,0.3,
Chol-GNN,../../../Data/SplitData/Cholesterol/cholesterol-graph-5A/Test/CombinedUnlabeled/8BJF-f1_combined_matrix.npy,StrongNegative,0.0,
Chol-GNN,../../../Data/SplitData/Cholesterol/cholesterol-graph-5A/Test/CombinedUnlabeled/8BJF-f5_combined_matrix.npy,StrongNegative,0.0,
Chol-GNN,../../../Data/SplitData/Cholesterol/cholesterol-graph-5A/Test/CombinedUnlabeled/8C9W-f2-positive_combined_matrix.npy,StrongNegative,0.218,
Chol-GNN,../../../Data/SplitData/Cholesterol/cholesterol-graph-5A/Test/CombinedUnlabeled/8C9W-f3_combined_matrix.npy,StrongNegative,0.011,
Chol-GNN,../../../Data/SplitData/Cholesterol/cholesterol-graph-5A/Test/CombinedUnlabeled/8CIC-f1_combined_matrix.npy,StrongNegative,0.0,
Chol-GNN,../../../Data/SplitData/Cholesterol/cholesterol-graph-5A/Test/CombinedUnlabeled/8CIC-f3_combined_matrix.npy,StrongNegative,0.0,
Chol-GNN,../../../Data/SplitData/Cholesterol/cholesterol-graph-5A/Test/CombinedUnlabeled/8CRT-f3_combined_matrix.npy,StrongNegative,0.0,
Chol-GNN,../../../Data/SplitData/Cholesterol/cholesterol-graph-5A/Test/CombinedUnlabeled/8CS9-f1_combined_matrix.npy,StrongNegative,0.0,
Chol-GNN,../../../Data/SplitData/Cholesterol/cholesterol-graph-5A/Test/CombinedUnlabeled/8CS9-f3_combined_matrix.npy,StrongNegative,0.0,
Chol-GNN,../../../Data/SplitData/Cholesterol/cholesterol-graph-5A/Test/CombinedUnlabeled/8CT2-f3_combined_matrix.npy,StrongNegative,0.0,
Chol-GNN,../../../Data/SplitData/Cholesterol/cholesterol-graph-5A/Test/CombinedUnlabeled/8CT2-f4_combined_matrix.npy,StrongNegative,0.0,
Chol-GNN,../../../Data/SplitData/Cholesterol/cholesterol-graph-5A/Test/CombinedUnlabeled/8CU6-f5_combined_matrix.npy,StrongNegative,0.0,
Chol-GNN,../../../Data/SplitData/Cholesterol/cholesterol-graph-5A/Test/CombinedUnlabeled/8CU7-f2-positive_combined_matrix.npy,StrongNegative,0.22,
Chol-GNN,../../../Data/SplitData/Cholesterol/cholesterol-graph-5A/Test/CombinedUnlabeled/8DPF-f2_combined_matrix.npy,StrongNegative,0.0,
Chol-GNN,../../../Data/SplitData/Cholesterol/cholesterol-graph-5A/Test/CombinedUnlabeled/8DPI-f1_combined_matrix.npy,StrongNegative,0.0,
Chol-GNN,../../../Data/SplitData/Cholesterol/cholesterol-graph-5A/Test/CombinedUnlabeled/8DU3-f2-positive_combined_matrix.npy,StrongNegative,0.205,
Chol-GNN,../../../Data/SplitData/Cholesterol/cholesterol-graph-5A/Test/CombinedUnlabeled/8E0G-f2-positive_combined_matrix.npy,StrongPositive,0.208,
Chol-GNN,../../../Data/SplitData/Cholesterol/cholesterol-graph-5A/Test/CombinedUnlabeled/8EF5-f2-positive_combined_matrix.npy,StrongPositive,0.344,
Chol-GNN,../../../Data/SplitData/Cholesterol/cholesterol-graph-5A/Test/CombinedUnlabeled/8EF5-f4-positive_combined_matrix.npy,PseudoNegative,0.25,
Chol-GNN,../../../Data/SplitData/Cholesterol/cholesterol-graph-5A/Test/CombinedUnlabeled/8EF6-f1-positive_combined_matrix.npy,StrongPositive,0.294,
Chol-GNN,../../../Data/SplitData/Cholesterol/cholesterol-graph-5A/Test/CombinedUnlabeled/8EF6-f3-positive_combined_matrix.npy,PseudoNegative,0.333,
Chol-GNN,../../../Data/SplitData/Cholesterol/cholesterol-graph-5A/Test/CombinedUnlabeled/8EF6-f4-positive_combined_matrix.npy,StrongNegative,0.25,
Chol-GNN,../../../Data/SplitData/Cholesterol/cholesterol-graph-5A/Test/CombinedUnlabeled/8EFL-f1-positive_combined_matrix.npy,StrongPositive,0.277,
Chol-GNN,../../../Data/SplitData/Cholesterol/cholesterol-graph-5A/Test/CombinedUnlabeled/8EFL-f2-positive_combined_matrix.npy,StrongNegative,0.277,
Chol-GNN,../../../Data/SplitData/Cholesterol/cholesterol-graph-5A/Test/CombinedUnlabeled/8EFL-f4-positive_combined_matrix.npy,StrongNegative,0.312,
Chol-GNN,../../../Data/SplitData/Cholesterol/cholesterol-graph-5A/Test/CombinedUnlabeled/8EFO-f1-positive_combined_matrix.npy,StrongPositive,0.302,
Chol-GNN,../../../Data/SplitData/Cholesterol/cholesterol-graph-5A/Test/CombinedUnlabeled/8EFO-f4-positive_combined_matrix.npy,PseudoNegative,0.238,
Chol-GNN,../../../Data/SplitData/Cholesterol/cholesterol-graph-5A/Test/CombinedUnlabeled/8EIO-f2_combined_matrix.npy,StrongNegative,0.0,
Chol-GNN,../../../Data/SplitData/Cholesterol/cholesterol-graph-5A/Test/CombinedUnlabeled/8EIQ-f2_combined_matrix.npy,StrongNegative,0.0,
Chol-GNN,../../../Data/SplitData/Cholesterol/cholesterol-graph-5A/Test/CombinedUnlabeled/8EIQ-f3_combined_matrix.npy,StrongNegative,0.0,
Chol-GNN,../../../Data/SplitData/Cholesterol/cholesterol-graph-5A/Test/CombinedUnlabeled/8EOG-f4_combined_matrix.npy,StrongNegative,0.0,
Chol-GNN,../../../Data/SplitData/Cholesterol/cholesterol-graph-5A/Test/CombinedUnlabeled/8ESK-f1_combined_matrix.npy,StrongNegative,0.0,
Chol-GNN,../../../Data/SplitData/Cholesterol/cholesterol-graph-5A/Test/CombinedUnlabeled/8ESK-f4-positive_combined_matrix.npy,StrongPositive,0.25,
Chol-GNN,../../../Data/SplitData/Cholesterol/cholesterol-graph-5A/Test/CombinedUnlabeled/8ESK-f5_combined_matrix.npy,StrongNegative,0.09,
Chol-GNN,../../../Data/SplitData/Cholesterol/cholesterol-graph-5A/Test/CombinedUnlabeled/8F1D-f3_combined_matrix.npy,StrongNegative,0.0,
Chol-GNN,../../../Data/SplitData/Cholesterol/cholesterol-graph-5A/Test/CombinedUnlabeled/8F2S-f2-positive_combined_matrix.npy,StrongPositive,0.241,
Chol-GNN,../../../Data/SplitData/Cholesterol/cholesterol-graph-5A/Test/CombinedUnlabeled/8F2S-f3-positive_combined_matrix.npy,StrongPositive,0.273,
Chol-GNN,../../../Data/SplitData/Cholesterol/cholesterol-graph-5A/Test/CombinedUnlabeled/8F6Y-f1-positive_combined_matrix.npy,StrongPositive,0.286,
Chol-GNN,../../../Data/SplitData/Cholesterol/cholesterol-graph-5A/Test/CombinedUnlabeled/8F6Y-f3-positive_combined_matrix.npy,PseudoPositive,0.229,
Chol-GNN,../../../Data/SplitData/Cholesterol/cholesterol-graph-5A/Test/CombinedUnlabeled/8F6Y-f4_combined_matrix.npy,StrongNegative,0.0,
Chol-GNN,../../../Data/SplitData/Cholesterol/cholesterol-graph-5A/Test/CombinedUnlabeled/8F6Z-f3_combined_matrix.npy,StrongNegative,0.0,
Chol-GNN,../../../Data/SplitData/Cholesterol/cholesterol-graph-5A/Test/CombinedUnlabeled/8F6Z-f5_combined_matrix.npy,StrongNegative,0.0,
Chol-GNN,../../../Data/SplitData/Cholesterol/cholesterol-graph-5A/Test/CombinedUnlabeled/8F7Q-f1-positive_combined_matrix.npy,StrongNegative,0.222,
Chol-GNN,../../../Data/SplitData/Cholesterol/cholesterol-graph-5A/Test/CombinedUnlabeled/8F7Q-f2-positive_combined_matrix.npy,PseudoNegative,0.239,
Chol-GNN,../../../Data/SplitData/Cholesterol/cholesterol-graph-5A/Test/CombinedUnlabeled/8F7Q-f5-positive_combined_matrix.npy,StrongPositive,0.381,
Chol-GNN,../../../Data/SplitData/Cholesterol/cholesterol-graph-5A/Test/CombinedUnlabeled/8F7R-f1-positive_combined_matrix.npy,StrongNegative,0.241,
Chol-GNN,../../../Data/SplitData/Cholesterol/cholesterol-graph-5A/Test/CombinedUnlabeled/8F7R-f3-positive_combined_matrix.npy,StrongPositive,0.333,
Chol-GNN,../../../Data/SplitData/Cholesterol/cholesterol-graph-5A/Test/CombinedUnlabeled/8F7R-f5-positive_combined_matrix.npy,StrongNegative,0.212,
Chol-GNN,../../../Data/SplitData/Cholesterol/cholesterol-graph-5A/Test/CombinedUnlabeled/8F7S-f1-positive_combined_matrix.npy,StrongPositive,0.286,
Chol-GNN,../../../Data/SplitData/Cholesterol/cholesterol-graph-5A/Test/CombinedUnlabeled/8F7S-f3_combined_matrix.npy,StrongNegative,0.0,
Chol-GNN,../../../Data/SplitData/Cholesterol/cholesterol-graph-5A/Test/CombinedUnlabeled/8FD7-f3_combined_matrix.npy,StrongNegative,0.0,
Chol-GNN,../../../Data/SplitData/Cholesterol/cholesterol-graph-5A/Test/CombinedUnlabeled/8FHS-f1_combined_matrix.npy,StrongNegative,0.0,
Chol-GNN,../../../Data/SplitData/Cholesterol/cholesterol-graph-5A/Test/CombinedUnlabeled/8FHS-f4_combined_matrix.npy,StrongNegative,0.0,
Chol-GNN,../../../Data/SplitData/Cholesterol/cholesterol-graph-5A/Test/CombinedUnlabeled/8G05-f5-positive_combined_matrix.npy,StrongPositive,0.436,
Chol-GNN,../../../Data/SplitData/Cholesterol/cholesterol-graph-5A/Test/CombinedUnlabeled/8GHF-f1-positive_combined_matrix.npy,PseudoPositive,0.261,
Chol-GNN,../../../Data/SplitData/Cholesterol/cholesterol-graph-5A/Test/CombinedUnlabeled/8GI8-f4-positive_combined_matrix.npy,StrongPositive,0.298,
Chol-GNN,../../../Data/SplitData/Cholesterol/cholesterol-graph-5A/Test/CombinedUnlabeled/8GI8-f5-positive_combined_matrix.npy,StrongNegative,0.218,
Chol-GNN,../../../Data/SplitData/Cholesterol/cholesterol-graph-5A/Test/CombinedUnlabeled/8GI9-f3-positive_combined_matrix.npy,PseudoNegative,0.212,
Chol-GNN,../../../Data/SplitData/Cholesterol/cholesterol-graph-5A/Test/CombinedUnlabeled/8GI9-f4-positive_combined_matrix.npy,StrongNegative,0.484,
Chol-GNN,../../../Data/SplitData/Cholesterol/cholesterol-graph-5A/Test/CombinedUnlabeled/8GI9-f5-positive_combined_matrix.npy,StrongNegative,0.232,
Chol-GNN,../../../Data/SplitData/Cholesterol/cholesterol-graph-5A/Test/CombinedUnlabeled/8GN7-f3_combined_matrix.npy,StrongNegative,0.0,
Chol-GNN,../../../Data/SplitData/Cholesterol/cholesterol-graph-5A/Test/CombinedUnlabeled/8GNE-f2-positive_combined_matrix.npy,StrongPositive,0.311,
Chol-GNN,../../../Data/SplitData/Cholesterol/cholesterol-graph-5A/Test/CombinedUnlabeled/8GNE-f3-positive_combined_matrix.npy,StrongNegative,0.205,
Chol-GNN,../../../Data/SplitData/Cholesterol/cholesterol-graph-5A/Test/CombinedUnlabeled/8GNK-f5-positive_combined_matrix.npy,StrongPositive,0.379,
Chol-GNN,../../../Data/SplitData/Cholesterol/cholesterol-graph-5A/Test/CombinedUnlabeled/8HA0-f1_combined_matrix.npy,StrongNegative,0.162,
Chol-GNN,../../../Data/SplitData/Cholesterol/cholesterol-graph-5A/Test/CombinedUnlabeled/8HA0-f2-positive_combined_matrix.npy,StrongPositive,0.278,
Chol-GNN,../../../Data/SplitData/Cholesterol/cholesterol-graph-5A/Test/CombinedUnlabeled/8HA0-f5-positive_combined_matrix.npy,PseudoNegative,0.225,
Chol-GNN,../../../Data/SplitData/Cholesterol/cholesterol-graph-5A/Test/CombinedUnlabeled/8HDO-f1-positive_combined_matrix.npy,StrongNegative,0.261,
Chol-GNN,../../../Data/SplitData/Cholesterol/cholesterol-graph-5A/Test/CombinedUnlabeled/8HDO-f2_combined_matrix.npy,StrongNegative,0.0,
Chol-GNN,../../../Data/SplitData/Cholesterol/cholesterol-graph-5A/Test/CombinedUnlabeled/8HDO-f3-positive_combined_matrix.npy,StrongNegative,0.233,
Chol-GNN,../../../Data/SplitData/Cholesterol/cholesterol-graph-5A/Test/CombinedUnlabeled/8HDO-f4_combined_matrix.npy,StrongNegative,0.0,
Chol-GNN,../../../Data/SplitData/Cholesterol/cholesterol-graph-5A/Test/CombinedUnlabeled/8HDP-f1-positive_combined_matrix.npy,StrongNegative,0.295,
Chol-GNN,../../../Data/SplitData/Cholesterol/cholesterol-graph-5A/Test/CombinedUnlabeled/8HDP-f3-positive_combined_matrix.npy,PseudoNegative,0.259,
Chol-GNN,../../../Data/SplitData/Cholesterol/cholesterol-graph-5A/Test/CombinedUnlabeled/8HNK-f1_combined_matrix.npy,StrongNegative,0.0,
Chol-GNN,../../../Data/SplitData/Cholesterol/cholesterol-graph-5A/Test/CombinedUnlabeled/8HNK-f4_combined_matrix.npy,PseudoNegative,0.0,
Chol-GNN,../../../Data/SplitData/Cholesterol/cholesterol-graph-5A/Test/CombinedUnlabeled/8HNL-f4_combined_matrix.npy,StrongNegative,0.0,
Chol-GNN,../../../Data/SplitData/Cholesterol/cholesterol-graph-5A/Test/CombinedUnlabeled/8HSI-f3_combined_matrix.npy,StrongNegative,0.13,
Chol-GNN,../../../Data/SplitData/Cholesterol/cholesterol-graph-5A/Test/CombinedUnlabeled/8HSI-f4-positive_combined_matrix.npy,StrongPositive,0.226,
Chol-GNN,../../../Data/SplitData/Cholesterol/cholesterol-graph-5A/Test/CombinedUnlabeled/8I2G-f1-positive_combined_matrix.npy,StrongNegative,0.238,
Chol-GNN,../../../Data/SplitData/Cholesterol/cholesterol-graph-5A/Test/CombinedUnlabeled/8IJM-f3_combined_matrix.npy,StrongNegative,0.0,
Chol-GNN,../../../Data/SplitData/Cholesterol/cholesterol-graph-5A/Test/CombinedUnlabeled/8IJW-f2-positive_combined_matrix.npy,StrongPositive,0.292,
Chol-GNN,../../../Data/SplitData/Cholesterol/cholesterol-graph-5A/Test/CombinedUnlabeled/8IJW-f3_combined_matrix.npy,StrongNegative,0.0,
Chol-GNN,../../../Data/SplitData/Cholesterol/cholesterol-graph-5A/Test/CombinedUnlabeled/8IJW-f4-positive_combined_matrix.npy,StrongNegative,0.211,
Chol-GNN,../../../Data/SplitData/Cholesterol/cholesterol-graph-5A/Test/CombinedUnlabeled/8IJX-f2-positive_combined_matrix.npy,StrongNegative,0.309,
Chol-GNN,../../../Data/SplitData/Cholesterol/cholesterol-graph-5A/Test/CombinedUnlabeled/8IM7-f4-positive_combined_matrix.npy,StrongNegative,0.24,
Chol-GNN,../../../Data/SplitData/Cholesterol/cholesterol-graph-5A/Test/CombinedUnlabeled/8IRR-f1_combined_matrix.npy,StrongNegative,0.0,
Chol-GNN,../../../Data/SplitData/Cholesterol/cholesterol-graph-5A/Test/CombinedUnlabeled/8IRR-f2_combined_matrix.npy,StrongNegative,0.0,
Chol-GNN,../../../Data/SplitData/Cholesterol/cholesterol-graph-5A/Test/CombinedUnlabeled/8IRR-f3-positive_combined_matrix.npy,StrongPositive,0.265,
Chol-GNN,../../../Data/SplitData/Cholesterol/cholesterol-graph-5A/Test/CombinedUnlabeled/8IRU-f3_combined_matrix.npy,StrongNegative,0.0,
Chol-GNN,../../../Data/SplitData/Cholesterol/cholesterol-graph-5A/Test/CombinedUnlabeled/8IRV-f1_combined_matrix.npy,PseudoPositive,0.175,
Chol-GNN,../../../Data/SplitData/Cholesterol/cholesterol-graph-5A/Test/CombinedUnlabeled/8IRV-f3_combined_matrix.npy,StrongNegative,0.0,
Chol-GNN,../../../Data/SplitData/Cholesterol/cholesterol-graph-5A/Test/CombinedUnlabeled/8IRV-f4-positive_combined_matrix.npy,StrongNegative,0.321,
Chol-GNN,../../../Data/SplitData/Cholesterol/cholesterol-graph-5A/Test/CombinedUnlabeled/8IVL-f1_combined_matrix.npy,StrongNegative,0.0,
Chol-GNN,../../../Data/SplitData/Cholesterol/cholesterol-graph-5A/Test/CombinedUnlabeled/8IVL-f4_combined_matrix.npy,PseudoPositive,0.0,
Chol-GNN,../../../Data/SplitData/Cholesterol/cholesterol-graph-5A/Test/CombinedUnlabeled/8IZ4-f2_combined_matrix.npy,StrongNegative,0.0,
Chol-GNN,../../../Data/SplitData/Cholesterol/cholesterol-graph-5A/Test/CombinedUnlabeled/8IZ4-f5_combined_matrix.npy,StrongNegative,0.0,
Chol-GNN,../../../Data/SplitData/Cholesterol/cholesterol-graph-5A/Test/CombinedUnlabeled/8IZB-f1_combined_matrix.npy,StrongNegative,0.19,
Chol-GNN,../../../Data/SplitData/Cholesterol/cholesterol-graph-5A/Test/CombinedUnlabeled/8IZB-f4_combined_matrix.npy,StrongNegative,0.0,
Chol-GNN,../../../Data/SplitData/Cholesterol/cholesterol-graph-5A/Test/CombinedUnlabeled/8IZB-f5_combined_matrix.npy,StrongPositive,0.12,
Chol-GNN,../../../Data/SplitData/Cholesterol/cholesterol-graph-5A/Test/CombinedUnlabeled/8J6M-f1-positive_combined_matrix.npy,StrongNegative,0.259,
Chol-GNN,../../../Data/SplitData/Cholesterol/cholesterol-graph-5A/Test/CombinedUnlabeled/8J6Q-f3-positive_combined_matrix.npy,PseudoNegative,0.227,
Chol-GNN,../../../Data/SplitData/Cholesterol/cholesterol-graph-5A/Test/CombinedUnlabeled/8J6Q-f4-positive_combined_matrix.npy,StrongNegative,0.221,
Chol-GNN,../../../Data/SplitData/Cholesterol/cholesterol-graph-5A/Test/CombinedUnlabeled/8J7F-f3-positive_combined_matrix.npy,PseudoPositive,0.231,
Chol-GNN,../../../Data/SplitData/Cholesterol/cholesterol-graph-5A/Test/CombinedUnlabeled/8J7F-f4-positive_combined_matrix.npy,StrongPositive,0.231,
Chol-GNN,../../../Data/SplitData/Cholesterol/cholesterol-graph-5A/Test/CombinedUnlabeled/8J7M-f3_combined_matrix.npy,StrongNegative,0.0,
Chol-GNN,../../../Data/SplitData/Cholesterol/cholesterol-graph-5A/Test/CombinedUnlabeled/8JBK-f1-positive_combined_matrix.npy,StrongNegative,0.212,
Chol-GNN,../../../Data/SplitData/Cholesterol/cholesterol-graph-5A/Test/CombinedUnlabeled/8JBK-f2-positive_combined_matrix.npy,PseudoPositive,0.319,
Chol-GNN,../../../Data/SplitData/Cholesterol/cholesterol-graph-5A/Test/CombinedUnlabeled/8JBK-f3_combined_matrix.npy,StrongNegative,0.0,
Chol-GNN,../../../Data/SplitData/Cholesterol/cholesterol-graph-5A/Test/CombinedUnlabeled/8JBK-f4_combined_matrix.npy,StrongNegative,0.0,
Chol-GNN,../../../Data/SplitData/Cholesterol/cholesterol-graph-5A/Test/CombinedUnlabeled/8JBL-f1-positive_combined_matrix.npy,StrongNegative,0.305,
Chol-GNN,../../../Data/SplitData/Cholesterol/cholesterol-graph-5A/Test/CombinedUnlabeled/8JBL-f2-positive_combined_matrix.npy,StrongNegative,0.208,
Chol-GNN,../../../Data/SplitData/Cholesterol/cholesterol-graph-5A/Test/CombinedUnlabeled/8JBL-f5_combined_matrix.npy,StrongNegative,0.0,
Chol-GNN,../../../Data/SplitData/Cholesterol/cholesterol-graph-5A/Test/CombinedUnlabeled/8JBM-f1-positive_combined_matrix.npy,PseudoNegative,0.308,
Chol-GNN,../../../Data/SplitData/Cholesterol/cholesterol-graph-5A/Test/CombinedUnlabeled/8JBM-f2-positive_combined_matrix.npy,PseudoNegative,0.4,
Chol-GNN,../../../Data/SplitData/Cholesterol/cholesterol-graph-5A/Test/CombinedUnlabeled/8JC0-f3-positive_combined_matrix.npy,StrongNegative,0.268,
Chol-GNN,../../../Data/SplitData/Cholesterol/cholesterol-graph-5A/Test/CombinedUnlabeled/8JC0-f4_combined_matrix.npy,PseudoPositive,0.0,
Chol-GNN,../../../Data/SplitData/Cholesterol/cholesterol-graph-5A/Test/CombinedUnlabeled/8JC0-f5_combined_matrix.npy,StrongNegative,0.179,
Chol-GNN,../../../Data/SplitData/Cholesterol/cholesterol-graph-5A/Test/CombinedUnlabeled/8JCY-f1_combined_matrix.npy,StrongNegative,0.031,
Chol-GNN,../../../Data/SplitData/Cholesterol/cholesterol-graph-5A/Test/CombinedUnlabeled/8JCY-f4_combined_matrix.npy,StrongPositive,0.081,
Chol-GNN,../../../Data/SplitData/Cholesterol/cholesterol-graph-5A/Test/CombinedUnlabeled/8JCY-f5_combined_matrix.npy,StrongNegative,0.0,
Chol-GNN,../../../Data/SplitData/Cholesterol/cholesterol-graph-5A/Test/CombinedUnlabeled/8JD0-f3_combined_matrix.npy,StrongNegative,0.0,
Chol-GNN,../../../Data/SplitData/Cholesterol/cholesterol-graph-5A/Test/CombinedUnlabeled/8JEZ-f1_combined_matrix.npy,StrongNegative,0.0,
Chol-GNN,../../../Data/SplitData/Cholesterol/cholesterol-graph-5A/Test/CombinedUnlabeled/8JHY-f3_combined_matrix.npy,StrongNegative,0.053,
Chol-GNN,../../../Data/SplitData/Cholesterol/cholesterol-graph-5A/Test/CombinedUnlabeled/8JII-f2_combined_matrix.npy,StrongNegative,0.056,
Chol-GNN,../../../Data/SplitData/Cholesterol/cholesterol-graph-5A/Test/CombinedUnlabeled/8JIM-f1_combined_matrix.npy,StrongNegative,0.0,
Chol-GNN,../../../Data/SplitData/Cholesterol/cholesterol-graph-5A/Test/CombinedUnlabeled/8JIM-f5-positive_combined_matrix.npy,StrongPositive,0.234,
Chol-GNN,../../../Data/SplitData/Cholesterol/cholesterol-graph-5A/Test/CombinedUnlabeled/8JJP-f1_combined_matrix.npy,StrongNegative,0.0,
Chol-GNN,../../../Data/SplitData/Cholesterol/cholesterol-graph-5A/Test/CombinedUnlabeled/8JJP-f4_combined_matrix.npy,PseudoNegative,0.0,
Chol-GNN,../../../Data/SplitData/Cholesterol/cholesterol-graph-5A/Test/CombinedUnlabeled/8JKV-f2_combined_matrix.npy,StrongNegative,0.0,
Chol-GNN,../../../Data/SplitData/Cholesterol/cholesterol-graph-5A/Test/CombinedUnlabeled/8JL1-f4_combined_matrix.npy,StrongNegative,0.0,
Chol-GNN,../../../Data/SplitData/Cholesterol/cholesterol-graph-5A/Test/CombinedUnlabeled/8JL3-f1_combined_matrix.npy,StrongNegative,0.0,
Chol-GNN,../../../Data/SplitData/Cholesterol/cholesterol-graph-5A/Test/CombinedUnlabeled/8JL3-f3_combined_matrix.npy,StrongNegative,0.0,
Chol-GNN,../../../Data/SplitData/Cholesterol/cholesterol-graph-5A/Test/CombinedUnlabeled/8JL4-f1_combined_matrix.npy,StrongNegative,0.0,
Chol-GNN,../../../Data/SplitData/Cholesterol/cholesterol-graph-5A/Test/CombinedUnlabeled/8JMN-f1_combined_matrix.npy,StrongNegative,0.0,
Chol-GNN,../../../Data/SplitData/Cholesterol/cholesterol-graph-5A/Test/CombinedUnlabeled/8JMN-f3-positive_combined_matrix.npy,StrongNegative,0.255,
Chol-GNN,../../../Data/SplitData/Cholesterol/cholesterol-graph-5A/Test/CombinedUnlabeled/8JMN-f5_combined_matrix.npy,StrongNegative,0.0,
Chol-GNN,../../../Data/SplitData/Cholesterol/cholesterol-graph-5A/Test/CombinedUnlabeled/8JQR-f1_combined_matrix.npy,StrongNegative,0.0,
Chol-GNN,../../../Data/SplitData/Cholesterol/cholesterol-graph-5A/Test/CombinedUnlabeled/8JQR-f2_combined_matrix.npy,StrongNegative,0.0,
Chol-GNN,../../../Data/SplitData/Cholesterol/cholesterol-graph-5A/Test/CombinedUnlabeled/8JQR-f3-positive_combined_matrix.npy,StrongNegative,0.203,
Chol-GNN,../../../Data/SplitData/Cholesterol/cholesterol-graph-5A/Test/CombinedUnlabeled/8JT6-f2-positive_combined_matrix.npy,StrongNegative,0.295,
Chol-GNN,../../../Data/SplitData/Cholesterol/cholesterol-graph-5A/Test/CombinedUnlabeled/8JWZ-f1_combined_matrix.npy,StrongNegative,0.0,
Chol-GNN,../../../Data/SplitData/Cholesterol/cholesterol-graph-5A/Test/CombinedUnlabeled/8JXQ-f1_combined_matrix.npy,StrongNegative,0.0,
Chol-GNN,../../../Data/SplitData/Cholesterol/cholesterol-graph-5A/Test/CombinedUnlabeled/8JZS-f5_combined_matrix.npy,StrongNegative,0.0,
Chol-GNN,../../../Data/SplitData/Cholesterol/cholesterol-graph-5A/Test/CombinedUnlabeled/8JZX-f1-positive_combined_matrix.npy,StrongNegative,0.304,
Chol-GNN,../../../Data/SplitData/Cholesterol/cholesterol-graph-5A/Test/CombinedUnlabeled/8JZX-f3-positive_combined_matrix.npy,PseudoNegative,0.25,
Chol-GNN,../../../Data/SplitData/Cholesterol/cholesterol-graph-5A/Test/CombinedUnlabeled/8K2W-f1_combined_matrix.npy,StrongNegative,0.0,
Chol-GNN,../../../Data/SplitData/Cholesterol/cholesterol-graph-5A/Test/CombinedUnlabeled/8K2X-f2-positive_combined_matrix.npy,StrongPositive,0.2,
Chol-GNN,../../../Data/SplitData/Cholesterol/cholesterol-graph-5A/Test/CombinedUnlabeled/8K66-f1_combined_matrix.npy,StrongNegative,0.0,
Chol-GNN,../../../Data/SplitData/Cholesterol/cholesterol-graph-5A/Test/CombinedUnlabeled/8K66-f3_combined_matrix.npy,StrongNegative,0.0,
Chol-GNN,../../../Data/SplitData/Cholesterol/cholesterol-graph-5A/Test/CombinedUnlabeled/8K66-f5-positive_combined_matrix.npy,StrongPositive,0.299,
Chol-GNN,../../../Data/SplitData/Cholesterol/cholesterol-graph-5A/Test/CombinedUnlabeled/8K9R-f3_combined_matrix.npy,StrongNegative,0.0,
Chol-GNN,../../../Data/SplitData/Cholesterol/cholesterol-graph-5A/Test/CombinedUnlabeled/8K9R-f5_combined_matrix.npy,StrongNegative,0.0,
Chol-GNN,../../../Data/SplitData/Cholesterol/cholesterol-graph-5A/Test/CombinedUnlabeled/8K9T-f4_combined_matrix.npy,StrongNegative,0.0,
Chol-GNN,../../../Data/SplitData/Cholesterol/cholesterol-graph-5A/Test/CombinedUnlabeled/8KCT-f3_combined_matrix.npy,StrongNegative,0.0,
Chol-GNN,../../../Data/SplitData/Cholesterol/cholesterol-graph-5A/Test/CombinedUnlabeled/8KCW-f2_combined_matrix.npy,StrongNegative,0.122,
Chol-GNN,../../../Data/SplitData/Cholesterol/cholesterol-graph-5A/Test/CombinedUnlabeled/8KH4-f4_combined_matrix.npy,StrongNegative,0.0,
Chol-GNN,../../../Data/SplitData/Cholesterol/cholesterol-graph-5A/Test/CombinedUnlabeled/8KH5-f1-positive_combined_matrix.npy,StrongNegative,0.271,
Chol-GNN,../../../Data/SplitData/Cholesterol/cholesterol-graph-5A/Test/CombinedUnlabeled/8KH5-f2_combined_matrix.npy,StrongNegative,0.0,
Chol-GNN,../../../Data/SplitData/Cholesterol/cholesterol-graph-5A/Test/CombinedUnlabeled/8KH5-f4_combined_matrix.npy,StrongNegative,0.0,
Chol-GNN,../../../Data/SplitData/Cholesterol/cholesterol-graph-5A/Test/CombinedUnlabeled/8PG0-f2-positive_combined_matrix.npy,StrongNegative,0.34,
Chol-GNN,../../../Data/SplitData/Cholesterol/cholesterol-graph-5A/Test/CombinedUnlabeled/8PG0-f5_combined_matrix.npy,StrongNegative,0.0,
Chol-GNN,../../../Data/SplitData/Cholesterol/cholesterol-graph-5A/Test/CombinedUnlabeled/8PM6-f2-positive_combined_matrix.npy,StrongNegative,0.231,
Chol-GNN,../../../Data/SplitData/Cholesterol/cholesterol-graph-5A/Test/CombinedUnlabeled/8PWN-f3-positive_combined_matrix.npy,StrongNegative,0.214,
Chol-GNN,../../../Data/SplitData/Cholesterol/cholesterol-graph-5A/Test/CombinedUnlabeled/8PXO-f2_combined_matrix.npy,StrongNegative,0.074,
Chol-GNN,../../../Data/SplitData/Cholesterol/cholesterol-graph-5A/Test/CombinedUnlabeled/8PXO-f3_combined_matrix.npy,StrongNegative,0.0,
Chol-GNN,../../../Data/SplitData/Cholesterol/cholesterol-graph-5A/Test/CombinedUnlabeled/8PXO-f4-positive_combined_matrix.npy,StrongNegative,0.417,
Chol-GNN,../../../Data/SplitData/Cholesterol/cholesterol-graph-5A/Test/CombinedUnlabeled/8PY4-f3-positive_combined_matrix.npy,StrongNegative,0.333,
Chol-GNN,../../../Data/SplitData/Cholesterol/cholesterol-graph-5A/Test/CombinedUnlabeled/8PY4-f4_combined_matrix.npy,StrongNegative,0.0,
Chol-GNN,../../../Data/SplitData/Cholesterol/cholesterol-graph-5A/Test/CombinedUnlabeled/8PY4-f5_combined_matrix.npy,StrongNegative,0.097,
Chol-GNN,../../../Data/SplitData/Cholesterol/cholesterol-graph-5A/Test/CombinedUnlabeled/8Q7B-f4-positive_combined_matrix.npy,StrongNegative,0.217,
Chol-GNN,../../../Data/SplitData/Cholesterol/cholesterol-graph-5A/Test/CombinedUnlabeled/8Q7B-f5-positive_combined_matrix.npy,StrongNegative,0.314,
Chol-GNN,../../../Data/SplitData/Cholesterol/cholesterol-graph-5A/Test/CombinedUnlabeled/8QCM-f4-positive_combined_matrix.npy,StrongNegative,0.375,
Chol-GNN,../../../Data/SplitData/Cholesterol/cholesterol-graph-5A/Test/CombinedUnlabeled/8QCM-f5-positive_combined_matrix.npy,StrongNegative,0.302,
Chol-GNN,../../../Data/SplitData/Cholesterol/cholesterol-graph-5A/Test/CombinedUnlabeled/8QJF-f2_combined_matrix.npy,StrongNegative,0.0,
Chol-GNN,../../../Data/SplitData/Cholesterol/cholesterol-graph-5A/Test/CombinedUnlabeled/8QJF-f3_combined_matrix.npy,StrongNegative,0.0,
Chol-GNN,../../../Data/SplitData/Cholesterol/cholesterol-graph-5A/Test/CombinedUnlabeled/8QJF-f4_combined_matrix.npy,StrongNegative,0.0,
Chol-GNN,../../../Data/SplitData/Cholesterol/cholesterol-graph-5A/Test/CombinedUnlabeled/8QKI-f3_combined_matrix.npy,StrongNegative,0.0,
Chol-GNN,../../../Data/SplitData/Cholesterol/cholesterol-graph-5A/Test/CombinedUnlabeled/8RLN-f1_combined_matrix.npy,StrongNegative,0.0,
Chol-GNN,../../../Data/SplitData/Cholesterol/cholesterol-graph-5A/Test/CombinedUnlabeled/8RQQ-f1_combined_matrix.npy,StrongNegative,0.0,
Chol-GNN,../../../Data/SplitData/Cholesterol/cholesterol-graph-5A/Test/CombinedUnlabeled/8RQQ-f5_combined_matrix.npy,StrongNegative,0.0,
Chol-GNN,../../../Data/SplitData/Cholesterol/cholesterol-graph-5A/Test/CombinedUnlabeled/8RVW-f3-positive_combined_matrix.npy,StrongNegative,0.2,
Chol-GNN,../../../Data/SplitData/Cholesterol/cholesterol-graph-5A/Test/CombinedUnlabeled/8RWC-f1-positive_combined_matrix.npy,StrongPositive,0.326,
Chol-GNN,../../../Data/SplitData/Cholesterol/cholesterol-graph-5A/Test/CombinedUnlabeled/8RWC-f4-positive_combined_matrix.npy,StrongNegative,0.25,
Chol-GNN,../../../Data/SplitData/Cholesterol/cholesterol-graph-5A/Test/CombinedUnlabeled/8RWC-f5_combined_matrix.npy,StrongNegative,0.0,
Chol-GNN,../../../Data/SplitData/Cholesterol/cholesterol-graph-5A/Test/CombinedUnlabeled/8RWD-f5_combined_matrix.npy,StrongNegative,0.0,
Chol-GNN,../../../Data/SplitData/Cholesterol/cholesterol-graph-5A/Test/CombinedUnlabeled/8RWE-f2_combined_matrix.npy,StrongNegative,0.0,
Chol-GNN,../../../Data/SplitData/Cholesterol/cholesterol-graph-5A/Test/CombinedUnlabeled/8RWE-f3_combined_matrix.npy,StrongNegative,0.0,
Chol-GNN,../../../Data/SplitData/Cholesterol/cholesterol-graph-5A/Test/CombinedUnlabeled/8RWE-f4-positive_combined_matrix.npy,StrongNegative,0.267,
Chol-GNN,../../../Data/SplitData/Cholesterol/cholesterol-graph-5A/Test/CombinedUnlabeled/8RWE-f5_combined_matrix.npy,StrongNegative,0.0,
Chol-GNN,../../../Data/SplitData/Cholesterol/cholesterol-graph-5A/Test/CombinedUnlabeled/8RWH-f3_combined_matrix.npy,StrongNegative,0.0,
Chol-GNN,../../../Data/SplitData/Cholesterol/cholesterol-graph-5A/Test/CombinedUnlabeled/8RWI-f3_combined_matrix.npy,StrongNegative,0.0,
Chol-GNN,../../../Data/SplitData/Cholesterol/cholesterol-graph-5A/Test/CombinedUnlabeled/8RWI-f5-positive_combined_matrix.npy,StrongNegative,0.225,
Chol-GNN,../../../Data/SplitData/Cholesterol/cholesterol-graph-5A/Test/CombinedUnlabeled/8S3E-f1-positive_combined_matrix.npy,PseudoNegative,0.2,
Chol-GNN,../../../Data/SplitData/Cholesterol/cholesterol-graph-5A/Test/CombinedUnlabeled/8S3E-f4-positive_combined_matrix.npy,StrongNegative,0.234,
Chol-GNN,../../../Data/SplitData/Cholesterol/cholesterol-graph-5A/Test/CombinedUnlabeled/8S3E-f5-positive_combined_matrix.npy,StrongPositive,0.271,
Chol-GNN,../../../Data/SplitData/Cholesterol/cholesterol-graph-5A/Test/CombinedUnlabeled/8SH3-f1_combined_matrix.npy,StrongNegative,0.0,
Chol-GNN,../../../Data/SplitData/Cholesterol/cholesterol-graph-5A/Test/CombinedUnlabeled/8SH3-f3_combined_matrix.npy,StrongNegative,0.0,
Chol-GNN,../../../Data/SplitData/Cholesterol/cholesterol-graph-5A/Test/CombinedUnlabeled/8SH3-f4_combined_matrix.npy,StrongNegative,0.0,
Chol-GNN,../../../Data/SplitData/Cholesterol/cholesterol-graph-5A/Test/CombinedUnlabeled/8SHC-f1_combined_matrix.npy,StrongNegative,0.0,
Chol-GNN,../../../Data/SplitData/Cholesterol/cholesterol-graph-5A/Test/CombinedUnlabeled/8SI2-f1-positive_combined_matrix.npy,StrongNegative,0.245,
Chol-GNN,../../../Data/SplitData/Cholesterol/cholesterol-graph-5A/Test/CombinedUnlabeled/8SI2-f2-positive_combined_matrix.npy,StrongNegative,0.24,
Chol-GNN,../../../Data/SplitData/Cholesterol/cholesterol-graph-5A/Test/CombinedUnlabeled/8SI2-f3-positive_combined_matrix.npy,StrongNegative,0.264,
Chol-GNN,../../../Data/SplitData/Cholesterol/cholesterol-graph-5A/Test/CombinedUnlabeled/8SI4-f2_combined_matrix.npy,StrongNegative,0.0,
Chol-GNN,../../../Data/SplitData/Cholesterol/cholesterol-graph-5A/Test/CombinedUnlabeled/8SI4-f3-positive_combined_matrix.npy,PseudoNegative,0.318,
Chol-GNN,../../../Data/SplitData/Cholesterol/cholesterol-graph-5A/Test/CombinedUnlabeled/8SI5-f1-positive_combined_matrix.npy,PseudoPositive,0.385,
Chol-GNN,../../../Data/SplitData/Cholesterol/cholesterol-graph-5A/Test/CombinedUnlabeled/8SI5-f2-positive_combined_matrix.npy,StrongPositive,0.354,
Chol-GNN,../../../Data/SplitData/Cholesterol/cholesterol-graph-5A/Test/CombinedUnlabeled/8SI6-f2-positive_combined_matrix.npy,StrongNegative,0.312,
Chol-GNN,../../../Data/SplitData/Cholesterol/cholesterol-graph-5A/Test/CombinedUnlabeled/8SI7-f1-positive_combined_matrix.npy,StrongNegative,0.323,
Chol-GNN,../../../Data/SplitData/Cholesterol/cholesterol-graph-5A/Test/CombinedUnlabeled/8SI7-f3-positive_combined_matrix.npy,PseudoPositive,0.354,
Chol-GNN,../../../Data/SplitData/Cholesterol/cholesterol-graph-5A/Test/CombinedUnlabeled/8SI8-f1-positive_combined_matrix.npy,StrongNegative,0.317,
Chol-GNN,../../../Data/SplitData/Cholesterol/cholesterol-graph-5A/Test/CombinedUnlabeled/8SI8-f3-positive_combined_matrix.npy,StrongPositive,0.317,
Chol-GNN,../../../Data/SplitData/Cholesterol/cholesterol-graph-5A/Test/CombinedUnlabeled/8SIA-f1-positive_combined_matrix.npy,StrongNegative,0.207,
Chol-GNN,../../../Data/SplitData/Cholesterol/cholesterol-graph-5A/Test/CombinedUnlabeled/8SIA-f2-positive_combined_matrix.npy,StrongNegative,0.356,
Chol-GNN,../../../Data/SplitData/Cholesterol/cholesterol-graph-5A/Test/CombinedUnlabeled/8SIA-f3-positive_combined_matrix.npy,StrongNegative,0.328,
Chol-GNN,../../../Data/SplitData/Cholesterol/cholesterol-graph-5A/Test/CombinedUnlabeled/8SIA-f4_combined_matrix.npy,StrongNegative,0.0,
Chol-GNN,../../../Data/SplitData/Cholesterol/cholesterol-graph-5A/Test/CombinedUnlabeled/8SIE-f1_combined_matrix.npy,StrongNegative,0.0,
Chol-GNN,../../../Data/SplitData/Cholesterol/cholesterol-graph-5A/Test/CombinedUnlabeled/8SMV-f4_combined_matrix.npy,StrongNegative,0.0,
Chol-GNN,../../../Data/SplitData/Cholesterol/cholesterol-graph-5A/Test/CombinedUnlabeled/8SR7-f2_combined_matrix.npy,StrongNegative,0.0,
Chol-GNN,../../../Data/SplitData/Cholesterol/cholesterol-graph-5A/Test/CombinedUnlabeled/8SR7-f5_combined_matrix.npy,StrongNegative,0.0,
Chol-GNN,../../../Data/SplitData/Cholesterol/cholesterol-graph-5A/Test/CombinedUnlabeled/8SR8-f4-positive_combined_matrix.npy,StrongPositive,0.324,
Chol-GNN,../../../Data/SplitData/Cholesterol/cholesterol-graph-5A/Test/CombinedUnlabeled/8SRA-f1-positive_combined_matrix.npy,StrongPositive,0.361,
Chol-GNN,../../../Data/SplitData/Cholesterol/cholesterol-graph-5A/Test/CombinedUnlabeled/8SRA-f2-positive_combined_matrix.npy,StrongPositive,0.351,
Chol-GNN,../../../Data/SplitData/Cholesterol/cholesterol-graph-5A/Test/CombinedUnlabeled/8SRB-f1-positive_combined_matrix.npy,StrongPositive,0.324,
Chol-GNN,../../../Data/SplitData/Cholesterol/cholesterol-graph-5A/Test/CombinedUnlabeled/8SRB-f2-positive_combined_matrix.npy,StrongPositive,0.333,
Chol-GNN,../../../Data/SplitData/Cholesterol/cholesterol-graph-5A/Test/CombinedUnlabeled/8SRB-f3-positive_combined_matrix.npy,StrongPositive,0.333,
Chol-GNN,../../../Data/SplitData/Cholesterol/cholesterol-graph-5A/Test/CombinedUnlabeled/8SRB-f5_combined_matrix.npy,StrongNegative,0.0,
Chol-GNN,../../../Data/SplitData/Cholesterol/cholesterol-graph-5A/Test/CombinedUnlabeled/8SRC-f5-positive_combined_matrix.npy,StrongPositive,0.333,
Chol-GNN,../../../Data/SplitData/Cholesterol/cholesterol-graph-5A/Test/CombinedUnlabeled/8SRD-f1-positive_combined_matrix.npy,StrongPositive,0.368,
Chol-GNN,../../../Data/SplitData/Cholesterol/cholesterol-graph-5A/Test/CombinedUnlabeled/8SRE-f3-positive_combined_matrix.npy,StrongPositive,0.342,
Chol-GNN,../../../Data/SplitData/Cholesterol/cholesterol-graph-5A/Test/CombinedUnlabeled/8SRE-f4_combined_matrix.npy,StrongNegative,0.0,
Chol-GNN,../../../Data/SplitData/Cholesterol/cholesterol-graph-5A/Test/CombinedUnlabeled/8SRF-f1-positive_combined_matrix.npy,StrongPositive,0.359,
Chol-GNN,../../../Data/SplitData/Cholesterol/cholesterol-graph-5A/Test/CombinedUnlabeled/8SRF-f3-positive_combined_matrix.npy,StrongPositive,0.333,
Chol-GNN,../../../Data/SplitData/Cholesterol/cholesterol-graph-5A/Test/CombinedUnlabeled/8SRF-f4-positive_combined_matrix.npy,StrongPositive,0.241,
Chol-GNN,../../../Data/SplitData/Cholesterol/cholesterol-graph-5A/Test/CombinedUnlabeled/8SRF-f5_combined_matrix.npy,StrongNegative,0.0,
Chol-GNN,../../../Data/SplitData/Cholesterol/cholesterol-graph-5A/Test/CombinedUnlabeled/8SRG-f3-positive_combined_matrix.npy,StrongPositive,0.368,
Chol-GNN,../../../Data/SplitData/Cholesterol/cholesterol-graph-5A/Test/CombinedUnlabeled/8SRG-f4-positive_combined_matrix.npy,PseudoPositive,0.316,
Chol-GNN,../../../Data/SplitData/Cholesterol/cholesterol-graph-5A/Test/CombinedUnlabeled/8SRI-f1-positive_combined_matrix.npy,StrongPositive,0.385,
Chol-GNN,../../../Data/SplitData/Cholesterol/cholesterol-graph-5A/Test/CombinedUnlabeled/8SRI-f4_combined_matrix.npy,StrongNegative,0.0,
Chol-GNN,../../../Data/SplitData/Cholesterol/cholesterol-graph-5A/Test/CombinedUnlabeled/8SS3-f2_combined_matrix.npy,StrongNegative,0.0,
Chol-GNN,../../../Data/SplitData/Cholesterol/cholesterol-graph-5A/Test/CombinedUnlabeled/8SS6-f3_combined_matrix.npy,StrongNegative,0.0,
Chol-GNN,../../../Data/SplitData/Cholesterol/cholesterol-graph-5A/Test/CombinedUnlabeled/8SS7-f2_combined_matrix.npy,StrongNegative,0.0,
Chol-GNN,../../../Data/SplitData/Cholesterol/cholesterol-graph-5A/Test/CombinedUnlabeled/8SZA-f5_combined_matrix.npy,StrongNegative,0.014,
Chol-GNN,../../../Data/SplitData/Cholesterol/cholesterol-graph-5A/Test/CombinedUnlabeled/8SZB-f1-positive_combined_matrix.npy,StrongPositive,0.258,
Chol-GNN,../../../Data/SplitData/Cholesterol/cholesterol-graph-5A/Test/CombinedUnlabeled/8SZB-f2-positive_combined_matrix.npy,StrongPositive,0.289,
Chol-GNN,../../../Data/SplitData/Cholesterol/cholesterol-graph-5A/Test/CombinedUnlabeled/8SZH-f3_combined_matrix.npy,StrongNegative,0.068,
Chol-GNN,../../../Data/SplitData/Cholesterol/cholesterol-graph-5A/Test/CombinedUnlabeled/8SZH-f5_combined_matrix.npy,StrongNegative,0.047,
Chol-GNN,../../../Data/SplitData/Cholesterol/cholesterol-graph-5A/Test/CombinedUnlabeled/8T04-f2_combined_matrix.npy,StrongNegative,0.0,
Chol-GNN,../../../Data/SplitData/Cholesterol/cholesterol-graph-5A/Test/CombinedUnlabeled/8T04-f3_combined_matrix.npy,StrongNegative,0.079,
Chol-GNN,../../../Data/SplitData/Cholesterol/cholesterol-graph-5A/Test/CombinedUnlabeled/8T05-f1-positive_combined_matrix.npy,StrongPositive,0.22,
Chol-GNN,../../../Data/SplitData/Cholesterol/cholesterol-graph-5A/Test/CombinedUnlabeled/8T3S-f1_combined_matrix.npy,StrongNegative,0.0,
Chol-GNN,../../../Data/SplitData/Cholesterol/cholesterol-graph-5A/Test/CombinedUnlabeled/8T3V-f2_combined_matrix.npy,StrongNegative,0.0,
Chol-GNN,../../../Data/SplitData/Cholesterol/cholesterol-graph-5A/Test/CombinedUnlabeled/8T56-f2_combined_matrix.npy,StrongNegative,0.0,
Chol-GNN,../../../Data/SplitData/Cholesterol/cholesterol-graph-5A/Test/CombinedUnlabeled/8T6U-f5_combined_matrix.npy,StrongNegative,0.0,
Chol-GNN,../../../Data/SplitData/Cholesterol/cholesterol-graph-5A/Test/CombinedUnlabeled/8TF5-f1-positive_combined_matrix.npy,StrongNegative,0.259,
Chol-GNN,../../../Data/SplitData/Cholesterol/cholesterol-graph-5A/Test/CombinedUnlabeled/8TF5-f4-positive_combined_matrix.npy,PseudoNegative,0.222,
Chol-GNN,../../../Data/SplitData/Cholesterol/cholesterol-graph-5A/Test/CombinedUnlabeled/8TKP-f1_combined_matrix.npy,StrongNegative,0.0,
Chol-GNN,../../../Data/SplitData/Cholesterol/cholesterol-graph-5A/Test/CombinedUnlabeled/8U4R-f1_combined_matrix.npy,StrongNegative,0.0,
Chol-GNN,../../../Data/SplitData/Cholesterol/cholesterol-graph-5A/Test/CombinedUnlabeled/8U4R-f3_combined_matrix.npy,StrongNegative,0.0,
Chol-GNN,../../../Data/SplitData/Cholesterol/cholesterol-graph-5A/Test/CombinedUnlabeled/8U4R-f4_combined_matrix.npy,StrongNegative,0.0,
Chol-GNN,../../../Data/SplitData/Cholesterol/cholesterol-graph-5A/Test/CombinedUnlabeled/8U4R-f5_combined_matrix.npy,StrongNegative,0.0,
Chol-GNN,../../../Data/SplitData/Cholesterol/cholesterol-graph-5A/Test/CombinedUnlabeled/8U4S-f1_combined_matrix.npy,StrongPositive,0.0,
Chol-GNN,../../../Data/SplitData/Cholesterol/cholesterol-graph-5A/Test/CombinedUnlabeled/8U4S-f4_combined_matrix.npy,StrongPositive,0.0,
Chol-GNN,../../../Data/SplitData/Cholesterol/cholesterol-graph-5A/Test/CombinedUnlabeled/8U4T-f1-positive_combined_matrix.npy,StrongNegative,0.4,
Chol-GNN,../../../Data/SplitData/Cholesterol/cholesterol-graph-5A/Test/CombinedUnlabeled/8U4T-f2-positive_combined_matrix.npy,StrongNegative,0.4,
Chol-GNN,../../../Data/SplitData/Cholesterol/cholesterol-graph-5A/Test/CombinedUnlabeled/8U4T-f3-positive_combined_matrix.npy,PseudoNegative,0.4,
Chol-GNN,../../../Data/SplitData/Cholesterol/cholesterol-graph-5A/Test/CombinedUnlabeled/8U4T-f5-positive_combined_matrix.npy,StrongNegative,0.44,
Chol-GNN,../../../Data/SplitData/Cholesterol/cholesterol-graph-5A/Test/CombinedUnlabeled/8UGY-f1-positive_combined_matrix.npy,StrongNegative,0.3,
Chol-GNN,../../../Data/SplitData/Cholesterol/cholesterol-graph-5A/Test/CombinedUnlabeled/8UGY-f4_combined_matrix.npy,StrongNegative,0.0,
Chol-GNN,../../../Data/SplitData/Cholesterol/cholesterol-graph-5A/Test/CombinedUnlabeled/8UH3-f4_combined_matrix.npy,StrongNegative,0.068,
Chol-GNN,../../../Data/SplitData/Cholesterol/cholesterol-graph-5A/Test/CombinedUnlabeled/8UH3-f5_combined_matrix.npy,StrongNegative,0.0,
Chol-GNN,../../../Data/SplitData/Cholesterol/cholesterol-graph-5A/Test/CombinedUnlabeled/8UUK-f5-positive_combined_matrix.npy,StrongPositive,0.259,
Chol-GNN,../../../Data/SplitData/Cholesterol/cholesterol-graph-5A/Test/CombinedUnlabeled/8UVC-f3_combined_matrix.npy,StrongNegative,0.0,
Chol-GNN,../../../Data/SplitData/Cholesterol/cholesterol-graph-5A/Test/CombinedUnlabeled/8UVD-f2_combined_matrix.npy,StrongNegative,0.0,
Chol-GNN,../../../Data/SplitData/Cholesterol/cholesterol-graph-5A/Test/CombinedUnlabeled/8UVD-f3_combined_matrix.npy,StrongNegative,0.0,
Chol-GNN,../../../Data/SplitData/Cholesterol/cholesterol-graph-5A/Test/CombinedUnlabeled/8UVE-f1_combined_matrix.npy,StrongNegative,0.118,
Chol-GNN,../../../Data/SplitData/Cholesterol/cholesterol-graph-5A/Test/CombinedUnlabeled/8UVF-f3_combined_matrix.npy,StrongNegative,0.0,
Chol-GNN,../../../Data/SplitData/Cholesterol/cholesterol-graph-5A/Test/CombinedUnlabeled/8UVG-f1_combined_matrix.npy,PseudoPositive,0.0,
Chol-GNN,../../../Data/SplitData/Cholesterol/cholesterol-graph-5A/Test/CombinedUnlabeled/8V1G-f2_combined_matrix.npy,StrongNegative,0.0,
Chol-GNN,../../../Data/SplitData/Cholesterol/cholesterol-graph-5A/Test/CombinedUnlabeled/8V63-f1_combined_matrix.npy,StrongNegative,0.0,
Chol-GNN,../../../Data/SplitData/Cholesterol/cholesterol-graph-5A/Test/CombinedUnlabeled/8V63-f4_combined_matrix.npy,StrongNegative,0.039,
Chol-GNN,../../../Data/SplitData/Cholesterol/cholesterol-graph-5A/Test/CombinedUnlabeled/8V64-f3_combined_matrix.npy,StrongNegative,0.0,
Chol-GNN,../../../Data/SplitData/Cholesterol/cholesterol-graph-5A/Test/CombinedUnlabeled/8V64-f4_combined_matrix.npy,StrongNegative,0.0,
Chol-GNN,../../../Data/SplitData/Cholesterol/cholesterol-graph-5A/Test/CombinedUnlabeled/8VAV-f4_combined_matrix.npy,StrongNegative,0.0,
Chol-GNN,../../../Data/SplitData/Cholesterol/cholesterol-graph-5A/Test/CombinedUnlabeled/8VAV-f5_combined_matrix.npy,PseudoNegative,0.0,
Chol-GNN,../../../Data/SplitData/Cholesterol/cholesterol-graph-5A/Test/CombinedUnlabeled/8VY7-f4_combined_matrix.npy,StrongNegative,0.0,
Chol-GNN,../../../Data/SplitData/Cholesterol/cholesterol-graph-5A/Test/CombinedUnlabeled/8VY9-f1_combined_matrix.npy,StrongNegative,0.0,
Chol-GNN,../../../Data/SplitData/Cholesterol/cholesterol-graph-5A/Test/CombinedUnlabeled/8W2L-f1_combined_matrix.npy,StrongNegative,0.0,
Chol-GNN,../../../Data/SplitData/Cholesterol/cholesterol-graph-5A/Test/CombinedUnlabeled/8W2L-f2_combined_matrix.npy,StrongNegative,0.0,
Chol-GNN,../../../Data/SplitData/Cholesterol/cholesterol-graph-5A/Test/CombinedUnlabeled/8W2L-f4-positive_combined_matrix.npy,StrongPositive,0.327,
Chol-GNN,../../../Data/SplitData/Cholesterol/cholesterol-graph-5A/Test/CombinedUnlabeled/8W4A-f1-positive_combined_matrix.npy,StrongPositive,0.325,
Chol-GNN,../../../Data/SplitData/Cholesterol/cholesterol-graph-5A/Test/CombinedUnlabeled/8W4A-f2-positive_combined_matrix.npy,StrongPositive,0.318,
Chol-GNN,../../../Data/SplitData/Cholesterol/cholesterol-graph-5A/Test/CombinedUnlabeled/8W6O-f4-positive_combined_matrix.npy,StrongNegative,0.211,
Chol-GNN,../../../Data/SplitData/Cholesterol/cholesterol-graph-5A/Test/CombinedUnlabeled/8W88-f2-positive_combined_matrix.npy,StrongNegative,0.245,
Chol-GNN,../../../Data/SplitData/Cholesterol/cholesterol-graph-5A/Test/CombinedUnlabeled/8W88-f4-positive_combined_matrix.npy,StrongPositive,0.229,
Chol-GNN,../../../Data/SplitData/Cholesterol/cholesterol-graph-5A/Test/CombinedUnlabeled/8W88-f5_combined_matrix.npy,StrongNegative,0.0,
Chol-GNN,../../../Data/SplitData/Cholesterol/cholesterol-graph-5A/Test/CombinedUnlabeled/8W8B-f1-positive_combined_matrix.npy,StrongNegative,0.41,
Chol-GNN,../../../Data/SplitData/Cholesterol/cholesterol-graph-5A/Test/CombinedUnlabeled/8W8B-f2-positive_combined_matrix.npy,StrongPositive,0.246,
Chol-GNN,../../../Data/SplitData/Cholesterol/cholesterol-graph-5A/Test/CombinedUnlabeled/8WE6-f2_combined_matrix.npy,StrongNegative,0.0,
Chol-GNN,../../../Data/SplitData/Cholesterol/cholesterol-graph-5A/Test/CombinedUnlabeled/8WE6-f5-positive_combined_matrix.npy,StrongNegative,0.228,
Chol-GNN,../../../Data/SplitData/Cholesterol/cholesterol-graph-5A/Test/CombinedUnlabeled/8WE7-f2_combined_matrix.npy,StrongNegative,0.0,
Chol-GNN,../../../Data/SplitData/Cholesterol/cholesterol-graph-5A/Test/CombinedUnlabeled/8WE8-f4-positive_combined_matrix.npy,StrongNegative,0.274,
Chol-GNN,../../../Data/SplitData/Cholesterol/cholesterol-graph-5A/Test/CombinedUnlabeled/8WE8-f5-positive_combined_matrix.npy,StrongPositive,0.211,
Chol-GNN,../../../Data/SplitData/Cholesterol/cholesterol-graph-5A/Test/CombinedUnlabeled/8WE9-f1_combined_matrix.npy,StrongNegative,0.0,
Chol-GNN,../../../Data/SplitData/Cholesterol/cholesterol-graph-5A/Test/CombinedUnlabeled/8WOQ-f1_combined_matrix.npy,StrongNegative,0.108,
Chol-GNN,../../../Data/SplitData/Cholesterol/cholesterol-graph-5A/Test/CombinedUnlabeled/8WOQ-f2_combined_matrix.npy,StrongNegative,0.0,
Chol-GNN,../../../Data/SplitData/Cholesterol/cholesterol-graph-5A/Test/CombinedUnlabeled/8WOR-f1-positive_combined_matrix.npy,StrongNegative,0.207,
Chol-GNN,../../../Data/SplitData/Cholesterol/cholesterol-graph-5A/Test/CombinedUnlabeled/8WPU-f1_combined_matrix.npy,StrongNegative,0.117,
Chol-GNN,../../../Data/SplitData/Cholesterol/cholesterol-graph-5A/Test/CombinedUnlabeled/8WRB-f1_combined_matrix.npy,StrongNegative,0.0,
Chol-GNN,../../../Data/SplitData/Cholesterol/cholesterol-graph-5A/Test/CombinedUnlabeled/8WRB-f3_combined_matrix.npy,StrongPositive,0.0,
Chol-GNN,../../../Data/SplitData/Cholesterol/cholesterol-graph-5A/Test/CombinedUnlabeled/8X52-f1_combined_matrix.npy,StrongNegative,0.0,
Chol-GNN,../../../Data/SplitData/Cholesterol/cholesterol-graph-5A/Test/CombinedUnlabeled/8X52-f2_combined_matrix.npy,StrongNegative,0.0,
Chol-GNN,../../../Data/SplitData/Cholesterol/cholesterol-graph-5A/Test/CombinedUnlabeled/8X54-f1_combined_matrix.npy,StrongNegative,0.0,
Chol-GNN,../../../Data/SplitData/Cholesterol/cholesterol-graph-5A/Test/CombinedUnlabeled/8X5B-f3_combined_matrix.npy,StrongNegative,0.0,
Chol-GNN,../../../Data/SplitData/Cholesterol/cholesterol-graph-5A/Test/CombinedUnlabeled/8X5F-f3_combined_matrix.npy,StrongNegative,0.0,
Chol-GNN,../../../Data/SplitData/Cholesterol/cholesterol-graph-5A/Test/CombinedUnlabeled/8X90-f5_combined_matrix.npy,StrongNegative,0.0,
Chol-GNN,../../../Data/SplitData/Cholesterol/cholesterol-graph-5A/Test/CombinedUnlabeled/8X91-f3_combined_matrix.npy,PseudoPositive,0.0,
Chol-GNN,../../../Data/SplitData/Cholesterol/cholesterol-graph-5A/Test/CombinedUnlabeled/8XBS-f4_combined_matrix.npy,StrongNegative,0.0,
Chol-GNN,../../../Data/SplitData/Cholesterol/cholesterol-graph-5A/Test/CombinedUnlabeled/8XBS-f5_combined_matrix.npy,StrongNegative,0.0,
Chol-GNN,../../../Data/SplitData/Cholesterol/cholesterol-graph-5A/Test/CombinedUnlabeled/8XGM-f2_combined_matrix.npy,StrongNegative,0.0,
Chol-GNN,../../../Data/SplitData/Cholesterol/cholesterol-graph-5A/Test/CombinedUnlabeled/8XGM-f3_combined_matrix.npy,StrongNegative,0.0,
Chol-GNN,../../../Data/SplitData/Cholesterol/cholesterol-graph-5A/Test/CombinedUnlabeled/8XOR-f1-positive_combined_matrix.npy,StrongPositive,0.439,
Chol-GNN,../../../Data/SplitData/Cholesterol/cholesterol-graph-5A/Test/CombinedUnlabeled/8XOR-f5-positive_combined_matrix.npy,StrongNegative,0.327,
Chol-GNN,../../../Data/SplitData/Cholesterol/cholesterol-graph-5A/Test/CombinedUnlabeled/8XQJ-f2-positive_combined_matrix.npy,StrongPositive,0.32,
Chol-GNN,../../../Data/SplitData/Cholesterol/cholesterol-graph-5A/Test/CombinedUnlabeled/8XQJ-f4-positive_combined_matrix.npy,StrongPositive,0.325,
Chol-GNN,../../../Data/SplitData/Cholesterol/cholesterol-graph-5A/Test/CombinedUnlabeled/8XQL-f2_combined_matrix.npy,StrongNegative,0.023,
Chol-GNN,../../../Data/SplitData/Cholesterol/cholesterol-graph-5A/Test/CombinedUnlabeled/8XQL-f5_combined_matrix.npy,StrongNegative,0.0,
Chol-GNN,../../../Data/SplitData/Cholesterol/cholesterol-graph-5A/Test/CombinedUnlabeled/8XQN-f4_combined_matrix.npy,StrongNegative,0.0,
Chol-GNN,../../../Data/SplitData/Cholesterol/cholesterol-graph-5A/Test/CombinedUnlabeled/8XQO-f5_combined_matrix.npy,StrongNegative,0.093,
Chol-GNN,../../../Data/SplitData/Cholesterol/cholesterol-graph-5A/Test/CombinedUnlabeled/8XQP-f1_combined_matrix.npy,StrongNegative,0.0,
Chol-GNN,../../../Data/SplitData/Cholesterol/cholesterol-graph-5A/Test/CombinedUnlabeled/8XQP-f2_combined_matrix.npy,StrongNegative,0.0,
Chol-GNN,../../../Data/SplitData/Cholesterol/cholesterol-graph-5A/Test/CombinedUnlabeled/8XQS-f3_combined_matrix.npy,StrongNegative,0.0,
Chol-GNN,../../../Data/SplitData/Cholesterol/cholesterol-graph-5A/Test/CombinedUnlabeled/8XQS-f4_combined_matrix.npy,StrongNegative,0.0,
Chol-GNN,../../../Data/SplitData/Cholesterol/cholesterol-graph-5A/Test/CombinedUnlabeled/8XQT-f4_combined_matrix.npy,StrongNegative,0.0,
Chol-GNN,../../../Data/SplitData/Cholesterol/cholesterol-graph-5A/Test/CombinedUnlabeled/8Y56-f1-positive_combined_matrix.npy,StrongNegative,0.291,
Chol-GNN,../../../Data/SplitData/Cholesterol/cholesterol-graph-5A/Test/CombinedUnlabeled/8Y69-f2_combined_matrix.npy,StrongNegative,0.0,
Chol-GNN,../../../Data/SplitData/Cholesterol/cholesterol-graph-5A/Test/CombinedUnlabeled/8Y69-f3_combined_matrix.npy,StrongNegative,0.0,
Chol-GNN,../../../Data/SplitData/Cholesterol/cholesterol-graph-5A/Test/CombinedUnlabeled/8Y69-f4_combined_matrix.npy,StrongNegative,0.0,
Chol-GNN,../../../Data/SplitData/Cholesterol/cholesterol-graph-5A/Test/CombinedUnlabeled/8Y6I-f2-positive_combined_matrix.npy,PseudoNegative,0.233,
Chol-GNN,../../../Data/SplitData/Cholesterol/cholesterol-graph-5A/Test/CombinedUnlabeled/8Y6I-f5-positive_combined_matrix.npy,StrongPositive,0.244,
Chol-GNN,../../../Data/SplitData/Cholesterol/cholesterol-graph-5A/Test/CombinedUnlabeled/8YJP-f1_combined_matrix.npy,StrongNegative,0.0,
Chol-GNN,../../../Data/SplitData/Cholesterol/cholesterol-graph-5A/Test/CombinedUnlabeled/8YJP-f2_combined_matrix.npy,StrongNegative,0.0,
Chol-GNN,../../../Data/SplitData/Cholesterol/cholesterol-graph-5A/Test/CombinedUnlabeled/8YKY-f3_combined_matrix.npy,StrongPositive,0.0,
Chol-GNN,../../../Data/SplitData/Cholesterol/cholesterol-graph-5A/Test/CombinedUnlabeled/8YKY-f4_combined_matrix.npy,StrongNegative,0.0,
Chol-GNN,../../../Data/SplitData/Cholesterol/cholesterol-graph-5A/Test/CombinedUnlabeled/8YN2-f1_combined_matrix.npy,StrongNegative,0.0,
Chol-GNN,../../../Data/SplitData/Cholesterol/cholesterol-graph-5A/Test/CombinedUnlabeled/8YN2-f4-positive_combined_matrix.npy,PseudoPositive,0.2,
Chol-GNN,../../../Data/SplitData/Cholesterol/cholesterol-graph-5A/Test/CombinedUnlabeled/8YN3-f2_combined_matrix.npy,StrongNegative,0.0,
Chol-GNN,../../../Data/SplitData/Cholesterol/cholesterol-graph-5A/Test/CombinedUnlabeled/8YN4-f1_combined_matrix.npy,StrongNegative,0.0,
Chol-GNN,../../../Data/SplitData/Cholesterol/cholesterol-graph-5A/Test/CombinedUnlabeled/8YN8-f5-positive_combined_matrix.npy,StrongNegative,0.231,
Chol-GNN,../../../Data/SplitData/Cholesterol/cholesterol-graph-5A/Test/CombinedUnlabeled/8YN9-f2-positive_combined_matrix.npy,StrongPositive,0.244,
Chol-GNN,../../../Data/SplitData/Cholesterol/cholesterol-graph-5A/Test/CombinedUnlabeled/8YN9-f3_combined_matrix.npy,StrongNegative,0.0,
Chol-GNN,../../../Data/SplitData/Cholesterol/cholesterol-graph-5A/Test/CombinedUnlabeled/8YN9-f5-positive_combined_matrix.npy,StrongNegative,0.31,
Chol-GNN,../../../Data/SplitData/Cholesterol/cholesterol-graph-5A/Test/CombinedUnlabeled/8YNA-f2_combined_matrix.npy,StrongNegative,0.0,
Chol-GNN,../../../Data/SplitData/Cholesterol/cholesterol-graph-5A/Test/CombinedUnlabeled/8YR2-f3-positive_combined_matrix.npy,StrongNegative,0.2,
Chol-GNN,../../../Data/SplitData/Cholesterol/cholesterol-graph-5A/Test/CombinedUnlabeled/8YU7-f1-positive_combined_matrix.npy,StrongNegative,0.227,
Chol-GNN,../../../Data/SplitData/Cholesterol/cholesterol-graph-5A/Test/CombinedUnlabeled/8YU7-f2-positive_combined_matrix.npy,StrongNegative,0.212,
Chol-GNN,../../../Data/SplitData/Cholesterol/cholesterol-graph-5A/Test/CombinedUnlabeled/8YU7-f3-positive_combined_matrix.npy,StrongNegative,0.215,
Chol-GNN,../../../Data/SplitData/Cholesterol/cholesterol-graph-5A/Test/CombinedUnlabeled/8Z74-f1_combined_matrix.npy,StrongNegative,0.0,
Chol-GNN,../../../Data/SplitData/Cholesterol/cholesterol-graph-5A/Test/CombinedUnlabeled/8ZLE-f1-positive_combined_matrix.npy,StrongNegative,0.209,
Chol-GNN,../../../Data/SplitData/Cholesterol/cholesterol-graph-5A/Test/CombinedUnlabeled/8ZSJ-f5-positive_combined_matrix.npy,StrongPositive,0.256,
Chol-GNN,../../../Data/SplitData/Cholesterol/cholesterol-graph-5A/Test/CombinedUnlabeled/8ZYJ-f5_combined_matrix.npy,StrongNegative,0.0,
Chol-GNN,../../../Data/SplitData/Cholesterol/cholesterol-graph-5A/Test/CombinedUnlabeled/9B8O-f2_combined_matrix.npy,StrongNegative,0.046,
Chol-GNN,../../../Data/SplitData/Cholesterol/cholesterol-graph-5A/Test/CombinedUnlabeled/9BBC-f5-positive_combined_matrix.npy,StrongNegative,0.254,
Chol-GNN,../../../Data/SplitData/Cholesterol/cholesterol-graph-5A/Test/CombinedUnlabeled/9BR2-f1_combined_matrix.npy,StrongNegative,0.0,
Chol-GNN,../../../Data/SplitData/Cholesterol/cholesterol-graph-5A/Test/CombinedUnlabeled/9BR2-f3_combined_matrix.npy,PseudoPositive,0.0,
Chol-GNN,../../../Data/SplitData/Cholesterol/cholesterol-graph-5A/Test/CombinedUnlabeled/9BUK-f5_combined_matrix.npy,StrongNegative,0.0,
Chol-GNN,../../../Data/SplitData/Cholesterol/cholesterol-graph-5A/Test/CombinedUnlabeled/9BUX-f2_combined_matrix.npy,StrongNegative,0.0,
Chol-GNN,../../../Data/SplitData/Cholesterol/cholesterol-graph-5A/Test/CombinedUnlabeled/9BVH-f1_combined_matrix.npy,StrongNegative,0.0,
Chol-GNN,../../../Data/SplitData/Cholesterol/cholesterol-graph-5A/Test/CombinedUnlabeled/9BVH-f4_combined_matrix.npy,StrongNegative,0.0,
Chol-GNN,../../../Data/SplitData/Cholesterol/cholesterol-graph-5A/Test/CombinedUnlabeled/9CDC-f1-positive_combined_matrix.npy,StrongPositive,0.205,
Chol-GNN,../../../Data/SplitData/Cholesterol/cholesterol-graph-5A/Test/CombinedUnlabeled/9CDD-f1-positive_combined_matrix.npy,PseudoNegative,0.277,
Chol-GNN,../../../Data/SplitData/Cholesterol/cholesterol-graph-5A/Test/CombinedUnlabeled/9CDD-f2-positive_combined_matrix.npy,StrongNegative,0.229,
Chol-GNN,../../../Data/SplitData/Cholesterol/cholesterol-graph-5A/Test/CombinedUnlabeled/9CDD-f4_combined_matrix.npy,StrongPositive,0.14,
Chol-GNN,../../../Data/SplitData/Cholesterol/cholesterol-graph-5A/Test/CombinedUnlabeled/9CDE-f2-positive_combined_matrix.npy,StrongPositive,0.306,
Chol-GNN,../../../Data/SplitData/Cholesterol/cholesterol-graph-5A/Test/CombinedUnlabeled/9CIA-f4_combined_matrix.npy,StrongPositive,0.0,
Chol-GNN,../../../Data/SplitData/Cholesterol/cholesterol-graph-5A/Test/CombinedUnlabeled/9CIA-f5_combined_matrix.npy,StrongNegative,0.0,
Chol-GNN,../../../Data/SplitData/Cholesterol/cholesterol-graph-5A/Test/CombinedUnlabeled/9CUI-f1_combined_matrix.npy,StrongPositive,0.0,
Chol-GNN,../../../Data/SplitData/Cholesterol/cholesterol-graph-5A/Test/CombinedUnlabeled/9CUI-f5_combined_matrix.npy,PseudoPositive,0.0,
Chol-GNN,../../../Data/SplitData/Cholesterol/cholesterol-graph-5A/Test/CombinedUnlabeled/9D3G-f2_combined_matrix.npy,StrongNegative,0.0,
Chol-GNN,../../../Data/SplitData/Cholesterol/cholesterol-graph-5A/Test/CombinedUnlabeled/9D3G-f4_combined_matrix.npy,StrongNegative,0.0,
Chol-GNN,../../../Data/SplitData/Cholesterol/cholesterol-graph-5A/Test/CombinedUnlabeled/9DBK-f1_combined_matrix.npy,StrongNegative,0.0,
Chol-GNN,../../../Data/SplitData/Cholesterol/cholesterol-graph-5A/Test/CombinedUnlabeled/9DBM-f4_combined_matrix.npy,StrongNegative,0.0,
Chol-GNN,../../../Data/SplitData/Cholesterol/cholesterol-graph-5A/Test/CombinedUnlabeled/9DBM-f5_combined_matrix.npy,StrongNegative,0.0,
Chol-GNN,../../../Data/SplitData/Cholesterol/cholesterol-graph-5A/Test/CombinedUnlabeled/9DNW-f1_combined_matrix.npy,StrongNegative,0.0,
Chol-GNN,../../../Data/SplitData/Cholesterol/cholesterol-graph-5A/Test/CombinedUnlabeled/9DNW-f2_combined_matrix.npy,StrongNegative,0.0,
Chol-GNN,../../../Data/SplitData/Cholesterol/cholesterol-graph-5A/Test/CombinedUnlabeled/9DNX-f3-positive_combined_matrix.npy,StrongNegative,0.25,
Chol-GNN,../../../Data/SplitData/Cholesterol/cholesterol-graph-5A/Test/CombinedUnlabeled/9DNY-f1_combined_matrix.npy,StrongNegative,0.0,
Chol-GNN,../../../Data/SplitData/Cholesterol/cholesterol-graph-5A/Test/CombinedUnlabeled/9DNY-f3_combined_matrix.npy,StrongNegative,0.0,
Chol-GNN,../../../Data/SplitData/Cholesterol/cholesterol-graph-5A/Test/CombinedUnlabeled/9DNZ-f1_combined_matrix.npy,StrongNegative,0.095,
Chol-GNN,../../../Data/SplitData/Cholesterol/cholesterol-graph-5A/Test/CombinedUnlabeled/9DNZ-f2-positive_combined_matrix.npy,StrongNegative,0.266,
Chol-GNN,../../../Data/SplitData/Cholesterol/cholesterol-graph-5A/Test/CombinedUnlabeled/9DNZ-f3-positive_combined_matrix.npy,StrongNegative,0.25,
Chol-GNN,../../../Data/SplitData/Cholesterol/cholesterol-graph-5A/Test/CombinedUnlabeled/9DO0-f2_combined_matrix.npy,StrongNegative,0.0,
Chol-GNN,../../../Data/SplitData/Cholesterol/cholesterol-graph-5A/Test/CombinedUnlabeled/9DVJ-f4_combined_matrix.npy,StrongNegative,0.0,
Chol-GNN,../../../Data/SplitData/Cholesterol/cholesterol-graph-5A/Test/CombinedUnlabeled/9DVK-f3_combined_matrix.npy,StrongNegative,0.0,
Chol-GNN,../../../Data/SplitData/Cholesterol/cholesterol-graph-5A/Test/CombinedUnlabeled/9DVL-f4_combined_matrix.npy,StrongNegative,0.0,
Chol-GNN,../../../Data/SplitData/Cholesterol/cholesterol-graph-5A/Test/CombinedUnlabeled/9DVM-f1_combined_matrix.npy,StrongNegative,0.0,
Chol-GNN,../../../Data/SplitData/Cholesterol/cholesterol-graph-5A/Test/CombinedUnlabeled/9DVM-f2_combined_matrix.npy,StrongNegative,0.13,
Chol-GNN,../../../Data/SplitData/Cholesterol/cholesterol-graph-5A/Test/CombinedUnlabeled/9DVN-f5_combined_matrix.npy,StrongNegative,0.0,
Chol-GNN,../../../Data/SplitData/Cholesterol/cholesterol-graph-5A/Test/CombinedUnlabeled/9DW9-f4_combined_matrix.npy,StrongNegative,0.0,
Chol-GNN,../../../Data/SplitData/Cholesterol/cholesterol-graph-5A/Test/CombinedUnlabeled/9EUO-f1_combined_matrix.npy,StrongNegative,0.0,
Chol-GNN,../../../Data/SplitData/Cholesterol/cholesterol-graph-5A/Test/CombinedUnlabeled/9EUP-f2-positive_combined_matrix.npy,PseudoNegative,0.23,
Chol-GNN,../../../Data/SplitData/Cholesterol/cholesterol-graph-5A/Test/CombinedUnlabeled/9EUP-f3-positive_combined_matrix.npy,PseudoPositive,0.328,
Chol-GNN,../../../Data/SplitData/Cholesterol/cholesterol-graph-5A/Test/CombinedUnlabeled/9F41-f1_combined_matrix.npy,StrongNegative,0.0,
Chol-GNN,../../../Data/SplitData/Cholesterol/cholesterol-graph-5A/Test/CombinedUnlabeled/9GE2-f1-positive_combined_matrix.npy,StrongNegative,0.294,
Chol-GNN,../../../Data/SplitData/Cholesterol/cholesterol-graph-5A/Test/CombinedUnlabeled/9GYO-f1-positive_combined_matrix.npy,StrongPositive,0.265,
Chol-GNN,../../../Data/SplitData/Cholesterol/cholesterol-graph-5A/Test/CombinedUnlabeled/9GYO-f3_combined_matrix.npy,StrongNegative,0.0,
Chol-GNN,../../../Data/SplitData/Cholesterol/cholesterol-graph-5A/Test/CombinedUnlabeled/9GYO-f4_combined_matrix.npy,StrongNegative,0.0,
Chol-GNN,../../../Data/SplitData/Cholesterol/cholesterol-graph-5A/Test/CombinedUnlabeled/9IJ9-f1_combined_matrix.npy,StrongNegative,0.0,
Chol-GNN,../../../Data/SplitData/Cholesterol/cholesterol-graph-5A/Test/CombinedUnlabeled/9IJA-f4_combined_matrix.npy,StrongNegative,0.0,
Chol-GNN,../../../Data/SplitData/Cholesterol/cholesterol-graph-5A/Test/CombinedUnlabeled/9IMA-f1-positive_combined_matrix.npy,PseudoNegative,0.212,
Chol-GNN,../../../Data/SplitData/Cholesterol/cholesterol-graph-5A/Test/CombinedUnlabeled/9IMA-f3-positive_combined_matrix.npy,StrongNegative,0.273,
Chol-GNN,../../../Data/SplitData/Cholesterol/cholesterol-graph-5A/Test/CombinedUnlabeled/9IMA-f4_combined_matrix.npy,StrongNegative,0.0,
Chol-GNN,../../../Data/SplitData/Cholesterol/cholesterol-graph-5A/Test/CombinedUnlabeled/9INE-f5_combined_matrix.npy,StrongNegative,0.129,
Chol-GNN,../../../Data/SplitData/Cholesterol/cholesterol-graph-5A/Test/CombinedUnlabeled/9INF-f3_combined_matrix.npy,StrongNegative,0.0,
Chol-GNN,../../../Data/SplitData/Cholesterol/cholesterol-graph-5A/Test/CombinedUnlabeled/9ITE-f1-positive_combined_matrix.npy,StrongNegative,0.243,
Chol-GNN,../../../Data/SplitData/Cholesterol/cholesterol-graph-5A/Test/CombinedUnlabeled/9ITE-f2_combined_matrix.npy,PseudoPositive,0.03,
Chol-GNN,../../../Data/SplitData/Cholesterol/cholesterol-graph-5A/Test/CombinedUnlabeled/9ITG-f5_combined_matrix.npy,StrongNegative,0.0,
Chol-GNN,../../../Data/SplitData/Cholesterol/cholesterol-graph-5A/Test/CombinedUnlabeled/9J7M-f4_combined_matrix.npy,StrongNegative,0.0,
Chol-GNN,../../../Data/SplitData/Cholesterol/cholesterol-graph-5A/Test/CombinedUnlabeled/9J7M-f5-positive_combined_matrix.npy,StrongNegative,0.217,
Chol-GNN,../../../Data/SplitData/Cholesterol/cholesterol-graph-5A/Test/CombinedUnlabeled/9J7N-f1_combined_matrix.npy,StrongNegative,0.113,
Chol-GNN,../../../Data/SplitData/Cholesterol/cholesterol-graph-5A/Test/CombinedUnlabeled/9J7N-f2_combined_matrix.npy,StrongNegative,0.0,
Chol-GNN,../../../Data/SplitData/Cholesterol/cholesterol-graph-5A/Test/CombinedUnlabeled/9J7N-f4-positive_combined_matrix.npy,StrongPositive,0.28,
Chol-GNN,../../../Data/SplitData/Cholesterol/cholesterol-graph-5A/Test/CombinedUnlabeled/9J7O-f3_combined_matrix.npy,StrongNegative,0.0,
Chol-GNN,../../../Data/SplitData/Cholesterol/cholesterol-graph-5A/Test/CombinedUnlabeled/9J7O-f4_combined_matrix.npy,StrongNegative,0.037,
Chol-GNN,../../../Data/SplitData/Cholesterol/cholesterol-graph-5A/Test/CombinedUnlabeled/9J7O-f5_combined_matrix.npy,StrongNegative,0.0,
Chol-GNN,../../../Data/SplitData/Cholesterol/cholesterol-graph-5A/Test/CombinedUnlabeled/9J8D-f1_combined_matrix.npy,StrongNegative,0.0,
Chol-GNN,../../../Data/SplitData/Cholesterol/cholesterol-graph-5A/Test/CombinedUnlabeled/9J8D-f5_combined_matrix.npy,StrongNegative,0.0,
Chol-GNN,../../../Data/SplitData/Cholesterol/cholesterol-graph-5A/Test/CombinedUnlabeled/9J97-f3_combined_matrix.npy,StrongNegative,0.0,
Chol-GNN,../../../Data/SplitData/Cholesterol/cholesterol-graph-5A/Test/CombinedUnlabeled/9K1D-f1-positive_combined_matrix.npy,StrongPositive,0.553,
Chol-GNN,../../../Data/SplitData/Cholesterol/cholesterol-graph-5A/Test/CombinedUnlabeled/9K1D-f2-positive_combined_matrix.npy,PseudoNegative,0.308,
Chol-GNN,../../../Data/SplitData/Cholesterol/cholesterol-graph-5A/Test/CombinedUnlabeled/9K1D-f3_combined_matrix.npy,StrongNegative,0.0,
Chol-GNN,../../../Data/SplitData/Cholesterol/cholesterol-graph-5A/Test/CombinedUnlabeled/9K7B-f2_combined_matrix.npy,StrongNegative,0.0,
Chol-GAT,../../../Data/SplitData/Cholesterol/cholesterol-separate-graphs-5A_exp1/Test/CombinedUnlabeled/1ZHY-f3_graphs.npy,StrongNegative,0.0,
Chol-GAT,../../../Data/SplitData/Cholesterol/cholesterol-separate-graphs-5A_exp1/Test/CombinedUnlabeled/2RH1-f2-positive_graphs.npy,PseudoPositive,0.34,
Chol-GAT,../../../Data/SplitData/Cholesterol/cholesterol-separate-graphs-5A_exp1/Test/CombinedUnlabeled/2RH1-f3-positive_graphs.npy,StrongPositive,0.238,
Chol-GAT,../../../Data/SplitData/Cholesterol/cholesterol-separate-graphs-5A_exp1/Test/CombinedUnlabeled/2ZXE-f1-positive_graphs.npy,StrongNegative,0.278,
Chol-GAT,../../../Data/SplitData/Cholesterol/cholesterol-separate-graphs-5A_exp1/Test/CombinedUnlabeled/3A3Y-f1-positive_graphs.npy,StrongNegative,0.255,
Chol-GAT,../../../Data/SplitData/Cholesterol/cholesterol-separate-graphs-5A_exp1/Test/CombinedUnlabeled/3GKI-f5_graphs.npy,StrongNegative,0.0,
Chol-GAT,../../../Data/SplitData/Cholesterol/cholesterol-separate-graphs-5A_exp1/Test/CombinedUnlabeled/3NY8-f1_graphs.npy,StrongNegative,0.186,
Chol-GAT,../../../Data/SplitData/Cholesterol/cholesterol-separate-graphs-5A_exp1/Test/CombinedUnlabeled/3NY9-f2_graphs.npy,StrongNegative,0.167,
Chol-GAT,../../../Data/SplitData/Cholesterol/cholesterol-separate-graphs-5A_exp1/Test/CombinedUnlabeled/3NYA-f5_graphs.npy,StrongNegative,0.0,
Chol-GAT,../../../Data/SplitData/Cholesterol/cholesterol-separate-graphs-5A_exp1/Test/CombinedUnlabeled/3WGU-f1-positive_graphs.npy,StrongNegative,0.326,
Chol-GAT,../../../Data/SplitData/Cholesterol/cholesterol-separate-graphs-5A_exp1/Test/CombinedUnlabeled/3WGU-f2-positive_graphs.npy,PseudoNegative,0.208,
Chol-GAT,../../../Data/SplitData/Cholesterol/cholesterol-separate-graphs-5A_exp1/Test/CombinedUnlabeled/3WGU-f3-positive_graphs.npy,PseudoNegative,0.292,
Chol-GAT,../../../Data/SplitData/Cholesterol/cholesterol-separate-graphs-5A_exp1/Test/CombinedUnlabeled/3WGV-f1-positive_graphs.npy,StrongNegative,0.333,
Chol-GAT,../../../Data/SplitData/Cholesterol/cholesterol-separate-graphs-5A_exp1/Test/CombinedUnlabeled/3WGV-f3_graphs.npy,StrongNegative,0.0,
Chol-GAT,../../../Data/SplitData/Cholesterol/cholesterol-separate-graphs-5A_exp1/Test/CombinedUnlabeled/3WGV-f4-positive_graphs.npy,StrongNegative,0.246,
Chol-GAT,../../../Data/SplitData/Cholesterol/cholesterol-separate-graphs-5A_exp1/Test/CombinedUnlabeled/4BQU-f2_graphs.npy,StrongNegative,0.0,
Chol-GAT,../../../Data/SplitData/Cholesterol/cholesterol-separate-graphs-5A_exp1/Test/CombinedUnlabeled/4BQU-f4_graphs.npy,StrongNegative,0.0,
Chol-GAT,../../../Data/SplitData/Cholesterol/cholesterol-separate-graphs-5A_exp1/Test/CombinedUnlabeled/4DKL-f3_graphs.npy,StrongNegative,0.0,
Chol-GAT,../../../Data/SplitData/Cholesterol/cholesterol-separate-graphs-5A_exp1/Test/CombinedUnlabeled/4EIY-f4_graphs.npy,StrongNegative,0.0,
Chol-GAT,../../../Data/SplitData/Cholesterol/cholesterol-separate-graphs-5A_exp1/Test/CombinedUnlabeled/4HYT-f1_graphs.npy,StrongNegative,0.0,
Chol-GAT,../../../Data/SplitData/Cholesterol/cholesterol-separate-graphs-5A_exp1/Test/CombinedUnlabeled/4HYT-f2_graphs.npy,StrongNegative,0.0,
Chol-GAT,../../../Data/SplitData/Cholesterol/cholesterol-separate-graphs-5A_exp1/Test/CombinedUnlabeled/4HYT-f3_graphs.npy,StrongNegative,0.0,
Chol-GAT,../../../Data/SplitData/Cholesterol/cholesterol-separate-graphs-5A_exp1/Test/CombinedUnlabeled/4M48-f4-positive_graphs.npy,PseudoNegative,0.225,
Chol-GAT,../../../Data/SplitData/Cholesterol/cholesterol-separate-graphs-5A_exp1/Test/CombinedUnlabeled/4NTJ-f4-positive_graphs.npy,StrongNegative,0.2,
Chol-GAT,../../../Data/SplitData/Cholesterol/cholesterol-separate-graphs-5A_exp1/Test/CombinedUnlabeled/4PXZ-f1-positive_graphs.npy,StrongNegative,0.2,
Chol-GAT,../../../Data/SplitData/Cholesterol/cholesterol-separate-graphs-5A_exp1/Test/CombinedUnlabeled/4PXZ-f5_graphs.npy,StrongNegative,0.108,
Chol-GAT,../../../Data/SplitData/Cholesterol/cholesterol-separate-graphs-5A_exp1/Test/CombinedUnlabeled/4XNU-f1-positive_graphs.npy,StrongNegative,0.277,
Chol-GAT,../../../Data/SplitData/Cholesterol/cholesterol-separate-graphs-5A_exp1/Test/CombinedUnlabeled/4XNU-f5_graphs.npy,StrongNegative,0.071,
Chol-GAT,../../../Data/SplitData/Cholesterol/cholesterol-separate-graphs-5A_exp1/Test/CombinedUnlabeled/4XNV-f2_graphs.npy,StrongNegative,0.164,
Chol-GAT,../../../Data/SplitData/Cholesterol/cholesterol-separate-graphs-5A_exp1/Test/CombinedUnlabeled/4XNX-f3_graphs.npy,StrongNegative,0.0,
Chol-GAT,../../../Data/SplitData/Cholesterol/cholesterol-separate-graphs-5A_exp1/Test/CombinedUnlabeled/4XP1-f1-positive_graphs.npy,StrongNegative,0.25,
Chol-GAT,../../../Data/SplitData/Cholesterol/cholesterol-separate-graphs-5A_exp1/Test/CombinedUnlabeled/4XP4-f1-positive_graphs.npy,StrongNegative,0.261,
Chol-GAT,../../../Data/SplitData/Cholesterol/cholesterol-separate-graphs-5A_exp1/Test/CombinedUnlabeled/4XP5-f1-positive_graphs.npy,StrongNegative,0.269,
Chol-GAT,../../../Data/SplitData/Cholesterol/cholesterol-separate-graphs-5A_exp1/Test/CombinedUnlabeled/4XP5-f3_graphs.npy,StrongNegative,0.0,
Chol-GAT,../../../Data/SplitData/Cholesterol/cholesterol-separate-graphs-5A_exp1/Test/CombinedUnlabeled/4XP9-f1-positive_graphs.npy,StrongNegative,0.255,
Chol-GAT,../../../Data/SplitData/Cholesterol/cholesterol-separate-graphs-5A_exp1/Test/CombinedUnlabeled/4XPA-f1-positive_graphs.npy,StrongNegative,0.286,
Chol-GAT,../../../Data/SplitData/Cholesterol/cholesterol-separate-graphs-5A_exp1/Test/CombinedUnlabeled/4XPA-f5_graphs.npy,StrongNegative,0.0,
Chol-GAT,../../../Data/SplitData/Cholesterol/cholesterol-separate-graphs-5A_exp1/Test/CombinedUnlabeled/4XPB-f1-positive_graphs.npy,StrongNegative,0.302,
Chol-GAT,../../../Data/SplitData/Cholesterol/cholesterol-separate-graphs-5A_exp1/Test/CombinedUnlabeled/4XPB-f2_graphs.npy,StrongNegative,0.0,
Chol-GAT,../../../Data/SplitData/Cholesterol/cholesterol-separate-graphs-5A_exp1/Test/CombinedUnlabeled/4XPF-f1-positive_graphs.npy,StrongNegative,0.227,
Chol-GAT,../../../Data/SplitData/Cholesterol/cholesterol-separate-graphs-5A_exp1/Test/CombinedUnlabeled/4XPF-f2_graphs.npy,StrongNegative,0.0,
Chol-GAT,../../../Data/SplitData/Cholesterol/cholesterol-separate-graphs-5A_exp1/Test/CombinedUnlabeled/4XPG-f1-positive_graphs.npy,StrongNegative,0.262,
Chol-GAT,../../../Data/SplitData/Cholesterol/cholesterol-separate-graphs-5A_exp1/Test/CombinedUnlabeled/4XPH-f1-positive_graphs.npy,StrongNegative,0.239,
Chol-GAT,../../../Data/SplitData/Cholesterol/cholesterol-separate-graphs-5A_exp1/Test/CombinedUnlabeled/4XT1-f4_graphs.npy,StrongNegative,0.0,
Chol-GAT,../../../Data/SplitData/Cholesterol/cholesterol-separate-graphs-5A_exp1/Test/CombinedUnlabeled/5AVQ-f1-positive_graphs.npy,StrongNegative,0.236,
Chol-GAT,../../../Data/SplitData/Cholesterol/cholesterol-separate-graphs-5A_exp1/Test/CombinedUnlabeled/5AVQ-f4_graphs.npy,StrongNegative,0.0,
Chol-GAT,../../../Data/SplitData/Cholesterol/cholesterol-separate-graphs-5A_exp1/Test/CombinedUnlabeled/5AVR-f1_graphs.npy,StrongNegative,0.0,
Chol-GAT,../../../Data/SplitData/Cholesterol/cholesterol-separate-graphs-5A_exp1/Test/CombinedUnlabeled/5AVR-f5-positive_graphs.npy,StrongNegative,0.214,
Chol-GAT,../../../Data/SplitData/Cholesterol/cholesterol-separate-graphs-5A_exp1/Test/CombinedUnlabeled/5AVT-f1_graphs.npy,StrongNegative,0.0,
Chol-GAT,../../../Data/SplitData/Cholesterol/cholesterol-separate-graphs-5A_exp1/Test/CombinedUnlabeled/5AVT-f2-positive_graphs.npy,StrongNegative,0.203,
Chol-GAT,../../../Data/SplitData/Cholesterol/cholesterol-separate-graphs-5A_exp1/Test/CombinedUnlabeled/5AVU-f1-positive_graphs.npy,PseudoNegative,0.286,
Chol-GAT,../../../Data/SplitData/Cholesterol/cholesterol-separate-graphs-5A_exp1/Test/CombinedUnlabeled/5AVU-f3_graphs.npy,PseudoNegative,0.119,
Chol-GAT,../../../Data/SplitData/Cholesterol/cholesterol-separate-graphs-5A_exp1/Test/CombinedUnlabeled/5AVV-f1-positive_graphs.npy,PseudoNegative,0.237,
Chol-GAT,../../../Data/SplitData/Cholesterol/cholesterol-separate-graphs-5A_exp1/Test/CombinedUnlabeled/5AVV-f4-positive_graphs.npy,StrongNegative,0.24,
Chol-GAT,../../../Data/SplitData/Cholesterol/cholesterol-separate-graphs-5A_exp1/Test/CombinedUnlabeled/5AVW-f1-positive_graphs.npy,StrongNegative,0.278,
Chol-GAT,../../../Data/SplitData/Cholesterol/cholesterol-separate-graphs-5A_exp1/Test/CombinedUnlabeled/5AVX-f1-positive_graphs.npy,PseudoNegative,0.274,
Chol-GAT,../../../Data/SplitData/Cholesterol/cholesterol-separate-graphs-5A_exp1/Test/CombinedUnlabeled/5AVY-f1-positive_graphs.npy,StrongNegative,0.262,
Chol-GAT,../../../Data/SplitData/Cholesterol/cholesterol-separate-graphs-5A_exp1/Test/CombinedUnlabeled/5AVY-f2-positive_graphs.npy,StrongNegative,0.245,
Chol-GAT,../../../Data/SplitData/Cholesterol/cholesterol-separate-graphs-5A_exp1/Test/CombinedUnlabeled/5AVZ-f1-positive_graphs.npy,StrongNegative,0.24,
Chol-GAT,../../../Data/SplitData/Cholesterol/cholesterol-separate-graphs-5A_exp1/Test/CombinedUnlabeled/5AVZ-f2-positive_graphs.npy,StrongNegative,0.255,
Chol-GAT,../../../Data/SplitData/Cholesterol/cholesterol-separate-graphs-5A_exp1/Test/CombinedUnlabeled/5AW0-f1-positive_graphs.npy,StrongNegative,0.214,
Chol-GAT,../../../Data/SplitData/Cholesterol/cholesterol-separate-graphs-5A_exp1/Test/CombinedUnlabeled/5AW0-f4_graphs.npy,StrongNegative,0.0,
Chol-GAT,../../../Data/SplitData/Cholesterol/cholesterol-separate-graphs-5A_exp1/Test/CombinedUnlabeled/5AW1-f1-positive_graphs.npy,StrongNegative,0.226,
Chol-GAT,../../../Data/SplitData/Cholesterol/cholesterol-separate-graphs-5A_exp1/Test/CombinedUnlabeled/5AW1-f5_graphs.npy,StrongNegative,0.0,
Chol-GAT,../../../Data/SplitData/Cholesterol/cholesterol-separate-graphs-5A_exp1/Test/CombinedUnlabeled/5AW2-f1-positive_graphs.npy,PseudoNegative,0.254,
Chol-GAT,../../../Data/SplitData/Cholesterol/cholesterol-separate-graphs-5A_exp1/Test/CombinedUnlabeled/5AW2-f2-positive_graphs.npy,StrongNegative,0.24,
Chol-GAT,../../../Data/SplitData/Cholesterol/cholesterol-separate-graphs-5A_exp1/Test/CombinedUnlabeled/5AW3-f1-positive_graphs.npy,StrongNegative,0.222,
Chol-GAT,../../../Data/SplitData/Cholesterol/cholesterol-separate-graphs-5A_exp1/Test/CombinedUnlabeled/5AW4-f1-positive_graphs.npy,StrongNegative,0.26,
Chol-GAT,../../../Data/SplitData/Cholesterol/cholesterol-separate-graphs-5A_exp1/Test/CombinedUnlabeled/5AW5-f1-positive_graphs.npy,StrongNegative,0.232,
Chol-GAT,../../../Data/SplitData/Cholesterol/cholesterol-separate-graphs-5A_exp1/Test/CombinedUnlabeled/5AW7-f1-positive_graphs.npy,StrongNegative,0.214,
Chol-GAT,../../../Data/SplitData/Cholesterol/cholesterol-separate-graphs-5A_exp1/Test/CombinedUnlabeled/5AW7-f2-positive_graphs.npy,PseudoPositive,0.237,
Chol-GAT,../../../Data/SplitData/Cholesterol/cholesterol-separate-graphs-5A_exp1/Test/CombinedUnlabeled/5AW8-f1-positive_graphs.npy,StrongNegative,0.236,
Chol-GAT,../../../Data/SplitData/Cholesterol/cholesterol-separate-graphs-5A_exp1/Test/CombinedUnlabeled/5AW8-f5_graphs.npy,StrongNegative,0.0,
Chol-GAT,../../../Data/SplitData/Cholesterol/cholesterol-separate-graphs-5A_exp1/Test/CombinedUnlabeled/5AW9-f1-positive_graphs.npy,StrongNegative,0.2,
Chol-GAT,../../../Data/SplitData/Cholesterol/cholesterol-separate-graphs-5A_exp1/Test/CombinedUnlabeled/5AW9-f4-positive_graphs.npy,PseudoNegative,0.254,
Chol-GAT,../../../Data/SplitData/Cholesterol/cholesterol-separate-graphs-5A_exp1/Test/CombinedUnlabeled/5D5A-f3-positive_graphs.npy,StrongPositive,0.25,
Chol-GAT,../../../Data/SplitData/Cholesterol/cholesterol-separate-graphs-5A_exp1/Test/CombinedUnlabeled/5D5A-f5-positive_graphs.npy,StrongNegative,0.22,
Chol-GAT,../../../Data/SplitData/Cholesterol/cholesterol-separate-graphs-5A_exp1/Test/CombinedUnlabeled/5D6L-f2-positive_graphs.npy,StrongPositive,0.267,
Chol-GAT,../../../Data/SplitData/Cholesterol/cholesterol-separate-graphs-5A_exp1/Test/CombinedUnlabeled/5D6L-f4-positive_graphs.npy,PseudoNegative,0.296,
Chol-GAT,../../../Data/SplitData/Cholesterol/cholesterol-separate-graphs-5A_exp1/Test/CombinedUnlabeled/5I6X-f4_graphs.npy,StrongNegative,0.0,
Chol-GAT,../../../Data/SplitData/Cholesterol/cholesterol-separate-graphs-5A_exp1/Test/CombinedUnlabeled/5I71-f5_graphs.npy,StrongNegative,0.0,
Chol-GAT,../../../Data/SplitData/Cholesterol/cholesterol-separate-graphs-5A_exp1/Test/CombinedUnlabeled/5I73-f1_graphs.npy,StrongNegative,0.0,
Chol-GAT,../../../Data/SplitData/Cholesterol/cholesterol-separate-graphs-5A_exp1/Test/CombinedUnlabeled/5I75-f3_graphs.npy,StrongNegative,0.0,
Chol-GAT,../../../Data/SplitData/Cholesterol/cholesterol-separate-graphs-5A_exp1/Test/CombinedUnlabeled/5IU7-f4_graphs.npy,StrongNegative,0.031,
Chol-GAT,../../../Data/SplitData/Cholesterol/cholesterol-separate-graphs-5A_exp1/Test/CombinedUnlabeled/5IUA-f1_graphs.npy,StrongNegative,0.0,
Chol-GAT,../../../Data/SplitData/Cholesterol/cholesterol-separate-graphs-5A_exp1/Test/CombinedUnlabeled/5IUA-f3_graphs.npy,PseudoNegative,0.129,
Chol-GAT,../../../Data/SplitData/Cholesterol/cholesterol-separate-graphs-5A_exp1/Test/CombinedUnlabeled/5JTB-f1_graphs.npy,StrongNegative,0.0,
Chol-GAT,../../../Data/SplitData/Cholesterol/cholesterol-separate-graphs-5A_exp1/Test/CombinedUnlabeled/5JTB-f2-positive_graphs.npy,StrongNegative,0.222,
Chol-GAT,../../../Data/SplitData/Cholesterol/cholesterol-separate-graphs-5A_exp1/Test/CombinedUnlabeled/5K2A-f1-positive_graphs.npy,StrongNegative,0.238,
Chol-GAT,../../../Data/SplitData/Cholesterol/cholesterol-separate-graphs-5A_exp1/Test/CombinedUnlabeled/5K2B-f2_graphs.npy,StrongNegative,0.0,
Chol-GAT,../../../Data/SplitData/Cholesterol/cholesterol-separate-graphs-5A_exp1/Test/CombinedUnlabeled/5K2C-f5_graphs.npy,StrongNegative,0.0,
Chol-GAT,../../../Data/SplitData/Cholesterol/cholesterol-separate-graphs-5A_exp1/Test/CombinedUnlabeled/5L7D-f3_graphs.npy,PseudoNegative,0.0,
Chol-GAT,../../../Data/SplitData/Cholesterol/cholesterol-separate-graphs-5A_exp1/Test/CombinedUnlabeled/5MZJ-f2_graphs.npy,StrongNegative,0.0,
Chol-GAT,../../../Data/SplitData/Cholesterol/cholesterol-separate-graphs-5A_exp1/Test/CombinedUnlabeled/5MZP-f1-positive_graphs.npy,PseudoNegative,0.302,
Chol-GAT,../../../Data/SplitData/Cholesterol/cholesterol-separate-graphs-5A_exp1/Test/CombinedUnlabeled/5MZP-f2-positive_graphs.npy,StrongNegative,0.205,
Chol-GAT,../../../Data/SplitData/Cholesterol/cholesterol-separate-graphs-5A_exp1/Test/CombinedUnlabeled/5N2R-f3-positive_graphs.npy,StrongNegative,0.213,
Chol-GAT,../../../Data/SplitData/Cholesterol/cholesterol-separate-graphs-5A_exp1/Test/CombinedUnlabeled/5NLX-f3-positive_graphs.npy,PseudoPositive,0.366,
Chol-GAT,../../../Data/SplitData/Cholesterol/cholesterol-separate-graphs-5A_exp1/Test/CombinedUnlabeled/5NLX-f4_graphs.npy,StrongNegative,0.0,
Chol-GAT,../../../Data/SplitData/Cholesterol/cholesterol-separate-graphs-5A_exp1/Test/CombinedUnlabeled/5NM2-f1_graphs.npy,StrongNegative,0.0,
Chol-GAT,../../../Data/SplitData/Cholesterol/cholesterol-separate-graphs-5A_exp1/Test/CombinedUnlabeled/5NM2-f3_graphs.npy,StrongNegative,0.0,
Chol-GAT,../../../Data/SplitData/Cholesterol/cholesterol-separate-graphs-5A_exp1/Test/CombinedUnlabeled/5NM2-f5_graphs.npy,StrongNegative,0.0,
Chol-GAT,../../../Data/SplitData/Cholesterol/cholesterol-separate-graphs-5A_exp1/Test/CombinedUnlabeled/5NM4-f3-positive_graphs.npy,StrongNegative,0.306,
Chol-GAT,../../../Data/SplitData/Cholesterol/cholesterol-separate-graphs-5A_exp1/Test/CombinedUnlabeled/5OLG-f4_graphs.npy,StrongNegative,0.0,
Chol-GAT,../../../Data/SplitData/Cholesterol/cholesterol-separate-graphs-5A_exp1/Test/CombinedUnlabeled/5OLH-f1_graphs.npy,StrongNegative,0.0,
Chol-GAT,../../../Data/SplitData/Cholesterol/cholesterol-separate-graphs-5A_exp1/Test/CombinedUnlabeled/5OLO-f2-positive_graphs.npy,PseudoNegative,0.25,
Chol-GAT,../../../Data/SplitData/Cholesterol/cholesterol-separate-graphs-5A_exp1/Test/CombinedUnlabeled/5OLV-f1-positive_graphs.npy,PseudoNegative,0.255,
Chol-GAT,../../../Data/SplitData/Cholesterol/cholesterol-separate-graphs-5A_exp1/Test/CombinedUnlabeled/5OLZ-f1-positive_graphs.npy,PseudoNegative,0.283,
Chol-GAT,../../../Data/SplitData/Cholesterol/cholesterol-separate-graphs-5A_exp1/Test/CombinedUnlabeled/5OLZ-f3-positive_graphs.npy,StrongNegative,0.3,
Chol-GAT,../../../Data/SplitData/Cholesterol/cholesterol-separate-graphs-5A_exp1/Test/CombinedUnlabeled/5OLZ-f5-positive_graphs.npy,StrongNegative,0.205,
Chol-GAT,../../../Data/SplitData/Cholesterol/cholesterol-separate-graphs-5A_exp1/Test/CombinedUnlabeled/5OM1-f3_graphs.npy,StrongNegative,0.0,
Chol-GAT,../../../Data/SplitData/Cholesterol/cholesterol-separate-graphs-5A_exp1/Test/CombinedUnlabeled/5OM1-f4_graphs.npy,StrongNegative,0.042,
Chol-GAT,../../../Data/SplitData/Cholesterol/cholesterol-separate-graphs-5A_exp1/Test/CombinedUnlabeled/5OM1-f5-positive_graphs.npy,PseudoNegative,0.278,
Chol-GAT,../../../Data/SplitData/Cholesterol/cholesterol-separate-graphs-5A_exp1/Test/CombinedUnlabeled/5OM4-f1_graphs.npy,StrongNegative,0.067,
Chol-GAT,../../../Data/SplitData/Cholesterol/cholesterol-separate-graphs-5A_exp1/Test/CombinedUnlabeled/5OM4-f5_graphs.npy,StrongNegative,0.0,
Chol-GAT,../../../Data/SplitData/Cholesterol/cholesterol-separate-graphs-5A_exp1/Test/CombinedUnlabeled/5TVN-f1_graphs.npy,StrongNegative,0.0,
Chol-GAT,../../../Data/SplitData/Cholesterol/cholesterol-separate-graphs-5A_exp1/Test/CombinedUnlabeled/5UPH-f1_graphs.npy,StrongNegative,0.0,
Chol-GAT,../../../Data/SplitData/Cholesterol/cholesterol-separate-graphs-5A_exp1/Test/CombinedUnlabeled/5UPH-f4_graphs.npy,StrongNegative,0.0,
Chol-GAT,../../../Data/SplitData/Cholesterol/cholesterol-separate-graphs-5A_exp1/Test/CombinedUnlabeled/5WVR-f1_graphs.npy,StrongNegative,0.0,
Chol-GAT,../../../Data/SplitData/Cholesterol/cholesterol-separate-graphs-5A_exp1/Test/CombinedUnlabeled/5X7D-f4_graphs.npy,StrongNegative,0.0,
Chol-GAT,../../../Data/SplitData/Cholesterol/cholesterol-separate-graphs-5A_exp1/Test/CombinedUnlabeled/5X93-f1_graphs.npy,StrongNegative,0.014,
Chol-GAT,../../../Data/SplitData/Cholesterol/cholesterol-separate-graphs-5A_exp1/Test/CombinedUnlabeled/5XR8-f4_graphs.npy,StrongNegative,0.0,
Chol-GAT,../../../Data/SplitData/Cholesterol/cholesterol-separate-graphs-5A_exp1/Test/CombinedUnlabeled/5XRA-f1_graphs.npy,StrongNegative,0.073,
Chol-GAT,../../../Data/SplitData/Cholesterol/cholesterol-separate-graphs-5A_exp1/Test/CombinedUnlabeled/5ZM5-f4_graphs.npy,StrongNegative,0.0,
Chol-GAT,../../../Data/SplitData/Cholesterol/cholesterol-separate-graphs-5A_exp1/Test/CombinedUnlabeled/5ZM7-f3_graphs.npy,StrongNegative,0.0,
Chol-GAT,../../../Data/SplitData/Cholesterol/cholesterol-separate-graphs-5A_exp1/Test/CombinedUnlabeled/6A15-f1_graphs.npy,StrongNegative,0.0,
Chol-GAT,../../../Data/SplitData/Cholesterol/cholesterol-separate-graphs-5A_exp1/Test/CombinedUnlabeled/6A15-f3_graphs.npy,StrongNegative,0.0,
Chol-GAT,../../../Data/SplitData/Cholesterol/cholesterol-separate-graphs-5A_exp1/Test/CombinedUnlabeled/6A93-f4_graphs.npy,StrongNegative,0.107,
Chol-GAT,../../../Data/SplitData/Cholesterol/cholesterol-separate-graphs-5A_exp1/Test/CombinedUnlabeled/6AQF-f2-positive_graphs.npy,StrongNegative,0.255,
Chol-GAT,../../../Data/SplitData/Cholesterol/cholesterol-separate-graphs-5A_exp1/Test/CombinedUnlabeled/6B73-f2_graphs.npy,StrongNegative,0.0,
Chol-GAT,../../../Data/SplitData/Cholesterol/cholesterol-separate-graphs-5A_exp1/Test/CombinedUnlabeled/6BHU-f3-positive_graphs.npy,PseudoNegative,0.37,
Chol-GAT,../../../Data/SplitData/Cholesterol/cholesterol-separate-graphs-5A_exp1/Test/CombinedUnlabeled/6BHU-f4-positive_graphs.npy,PseudoPositive,0.348,
Chol-GAT,../../../Data/SplitData/Cholesterol/cholesterol-separate-graphs-5A_exp1/Test/CombinedUnlabeled/6CO7-f2_graphs.npy,StrongNegative,0.0,
Chol-GAT,../../../Data/SplitData/Cholesterol/cholesterol-separate-graphs-5A_exp1/Test/CombinedUnlabeled/6CO7-f3_graphs.npy,StrongNegative,0.0,
Chol-GAT,../../../Data/SplitData/Cholesterol/cholesterol-separate-graphs-5A_exp1/Test/CombinedUnlabeled/6DRX-f1_graphs.npy,StrongNegative,0.0,
Chol-GAT,../../../Data/SplitData/Cholesterol/cholesterol-separate-graphs-5A_exp1/Test/CombinedUnlabeled/6DRY-f3_graphs.npy,StrongNegative,0.0,
Chol-GAT,../../../Data/SplitData/Cholesterol/cholesterol-separate-graphs-5A_exp1/Test/CombinedUnlabeled/6GT3-f2_graphs.npy,StrongNegative,0.0,
Chol-GAT,../../../Data/SplitData/Cholesterol/cholesterol-separate-graphs-5A_exp1/Test/CombinedUnlabeled/6GYH-f2_graphs.npy,StrongNegative,0.135,
Chol-GAT,../../../Data/SplitData/Cholesterol/cholesterol-separate-graphs-5A_exp1/Test/CombinedUnlabeled/6IBB-f5_graphs.npy,StrongNegative,0.0,
Chol-GAT,../../../Data/SplitData/Cholesterol/cholesterol-separate-graphs-5A_exp1/Test/CombinedUnlabeled/6IDF-f5-positive_graphs.npy,PseudoNegative,0.257,
Chol-GAT,../../../Data/SplitData/Cholesterol/cholesterol-separate-graphs-5A_exp1/Test/CombinedUnlabeled/6IIV-f1_graphs.npy,StrongNegative,0.079,
Chol-GAT,../../../Data/SplitData/Cholesterol/cholesterol-separate-graphs-5A_exp1/Test/CombinedUnlabeled/6IIV-f5-positive_graphs.npy,StrongNegative,0.355,
Chol-GAT,../../../Data/SplitData/Cholesterol/cholesterol-separate-graphs-5A_exp1/Test/CombinedUnlabeled/6JMQ-f4-positive_graphs.npy,StrongPositive,0.237,
Chol-GAT,../../../Data/SplitData/Cholesterol/cholesterol-separate-graphs-5A_exp1/Test/CombinedUnlabeled/6JXH-f1-positive_graphs.npy,PseudoPositive,0.2,
Chol-GAT,../../../Data/SplitData/Cholesterol/cholesterol-separate-graphs-5A_exp1/Test/CombinedUnlabeled/6JXH-f5_graphs.npy,StrongNegative,0.0,
Chol-GAT,../../../Data/SplitData/Cholesterol/cholesterol-separate-graphs-5A_exp1/Test/CombinedUnlabeled/6JXI-f2-positive_graphs.npy,StrongNegative,0.318,
Chol-GAT,../../../Data/SplitData/Cholesterol/cholesterol-separate-graphs-5A_exp1/Test/CombinedUnlabeled/6JXI-f4_graphs.npy,PseudoNegative,0.0,
Chol-GAT,../../../Data/SplitData/Cholesterol/cholesterol-separate-graphs-5A_exp1/Test/CombinedUnlabeled/6JXJ-f4_graphs.npy,StrongNegative,0.0,
Chol-GAT,../../../Data/SplitData/Cholesterol/cholesterol-separate-graphs-5A_exp1/Test/CombinedUnlabeled/6JZH-f2_graphs.npy,StrongNegative,0.0,
Chol-GAT,../../../Data/SplitData/Cholesterol/cholesterol-separate-graphs-5A_exp1/Test/CombinedUnlabeled/6JZH-f3_graphs.npy,StrongNegative,0.079,
Chol-GAT,../../../Data/SplitData/Cholesterol/cholesterol-separate-graphs-5A_exp1/Test/CombinedUnlabeled/6KUW-f1_graphs.npy,StrongNegative,0.0,
Chol-GAT,../../../Data/SplitData/Cholesterol/cholesterol-separate-graphs-5A_exp1/Test/CombinedUnlabeled/6KUW-f5_graphs.npy,StrongNegative,0.083,
Chol-GAT,../../../Data/SplitData/Cholesterol/cholesterol-separate-graphs-5A_exp1/Test/CombinedUnlabeled/6LFO-f3_graphs.npy,PseudoNegative,0.0,
Chol-GAT,../../../Data/SplitData/Cholesterol/cholesterol-separate-graphs-5A_exp1/Test/CombinedUnlabeled/6LPK-f1_graphs.npy,StrongNegative,0.0,
Chol-GAT,../../../Data/SplitData/Cholesterol/cholesterol-separate-graphs-5A_exp1/Test/CombinedUnlabeled/6LPL-f5_graphs.npy,StrongNegative,0.047,
Chol-GAT,../../../Data/SplitData/Cholesterol/cholesterol-separate-graphs-5A_exp1/Test/CombinedUnlabeled/6LR4-f3_graphs.npy,StrongNegative,0.0,
Chol-GAT,../../../Data/SplitData/Cholesterol/cholesterol-separate-graphs-5A_exp1/Test/CombinedUnlabeled/6LW5-f1_graphs.npy,StrongNegative,0.154,
Chol-GAT,../../../Data/SplitData/Cholesterol/cholesterol-separate-graphs-5A_exp1/Test/CombinedUnlabeled/6M0Z-f1-positive_graphs.npy,PseudoNegative,0.372,
Chol-GAT,../../../Data/SplitData/Cholesterol/cholesterol-separate-graphs-5A_exp1/Test/CombinedUnlabeled/6M0Z-f3_graphs.npy,StrongNegative,0.0,
Chol-GAT,../../../Data/SplitData/Cholesterol/cholesterol-separate-graphs-5A_exp1/Test/CombinedUnlabeled/6M0Z-f5_graphs.npy,StrongNegative,0.0,
Chol-GAT,../../../Data/SplitData/Cholesterol/cholesterol-separate-graphs-5A_exp1/Test/CombinedUnlabeled/6M2R-f1-positive_graphs.npy,StrongNegative,0.278,
Chol-GAT,../../../Data/SplitData/Cholesterol/cholesterol-separate-graphs-5A_exp1/Test/CombinedUnlabeled/6M2R-f5_graphs.npy,StrongNegative,0.0,
Chol-GAT,../../../Data/SplitData/Cholesterol/cholesterol-separate-graphs-5A_exp1/Test/CombinedUnlabeled/6M38-f3-positive_graphs.npy,StrongNegative,0.222,
Chol-GAT,../../../Data/SplitData/Cholesterol/cholesterol-separate-graphs-5A_exp1/Test/CombinedUnlabeled/6M47-f1-positive_graphs.npy,StrongNegative,0.289,
Chol-GAT,../../../Data/SplitData/Cholesterol/cholesterol-separate-graphs-5A_exp1/Test/CombinedUnlabeled/6M47-f4_graphs.npy,StrongNegative,0.0,
Chol-GAT,../../../Data/SplitData/Cholesterol/cholesterol-separate-graphs-5A_exp1/Test/CombinedUnlabeled/6MSM-f2_graphs.npy,StrongNegative,0.0,
Chol-GAT,../../../Data/SplitData/Cholesterol/cholesterol-separate-graphs-5A_exp1/Test/CombinedUnlabeled/6MSM-f3_graphs.npy,StrongNegative,0.0,
Chol-GAT,../../../Data/SplitData/Cholesterol/cholesterol-separate-graphs-5A_exp1/Test/CombinedUnlabeled/6MSM-f4_graphs.npy,StrongNegative,0.0,
Chol-GAT,../../../Data/SplitData/Cholesterol/cholesterol-separate-graphs-5A_exp1/Test/CombinedUnlabeled/6N4B-f5_graphs.npy,StrongNegative,0.0,
Chol-GAT,../../../Data/SplitData/Cholesterol/cholesterol-separate-graphs-5A_exp1/Test/CombinedUnlabeled/6NBF-f2-positive_graphs.npy,StrongPositive,0.259,
Chol-GAT,../../../Data/SplitData/Cholesterol/cholesterol-separate-graphs-5A_exp1/Test/CombinedUnlabeled/6O1V-f1_graphs.npy,PseudoPositive,0.0,
Chol-GAT,../../../Data/SplitData/Cholesterol/cholesterol-separate-graphs-5A_exp1/Test/CombinedUnlabeled/6OBA-f1_graphs.npy,StrongNegative,0.0,
Chol-GAT,../../../Data/SplitData/Cholesterol/cholesterol-separate-graphs-5A_exp1/Test/CombinedUnlabeled/6OBA-f4_graphs.npy,StrongNegative,0.0,
Chol-GAT,../../../Data/SplitData/Cholesterol/cholesterol-separate-graphs-5A_exp1/Test/CombinedUnlabeled/6OMM-f3-positive_graphs.npy,StrongNegative,0.212,
Chol-GAT,../../../Data/SplitData/Cholesterol/cholesterol-separate-graphs-5A_exp1/Test/CombinedUnlabeled/6OS1-f2_graphs.npy,StrongNegative,0.0,
Chol-GAT,../../../Data/SplitData/Cholesterol/cholesterol-separate-graphs-5A_exp1/Test/CombinedUnlabeled/6OS2-f3-positive_graphs.npy,StrongNegative,0.387,
Chol-GAT,../../../Data/SplitData/Cholesterol/cholesterol-separate-graphs-5A_exp1/Test/CombinedUnlabeled/6OS2-f4-positive_graphs.npy,PseudoNegative,0.393,
Chol-GAT,../../../Data/SplitData/Cholesterol/cholesterol-separate-graphs-5A_exp1/Test/CombinedUnlabeled/6PB0-f1_graphs.npy,StrongNegative,0.0,
Chol-GAT,../../../Data/SplitData/Cholesterol/cholesterol-separate-graphs-5A_exp1/Test/CombinedUnlabeled/6PEQ-f2_graphs.npy,StrongNegative,0.0,
Chol-GAT,../../../Data/SplitData/Cholesterol/cholesterol-separate-graphs-5A_exp1/Test/CombinedUnlabeled/6PEQ-f3_graphs.npy,StrongNegative,0.0,
Chol-GAT,../../../Data/SplitData/Cholesterol/cholesterol-separate-graphs-5A_exp1/Test/CombinedUnlabeled/6PEQ-f5_graphs.npy,StrongNegative,0.0,
Chol-GAT,../../../Data/SplitData/Cholesterol/cholesterol-separate-graphs-5A_exp1/Test/CombinedUnlabeled/6PRZ-f3_graphs.npy,StrongNegative,0.13,
Chol-GAT,../../../Data/SplitData/Cholesterol/cholesterol-separate-graphs-5A_exp1/Test/CombinedUnlabeled/6PRZ-f4_graphs.npy,StrongNegative,0.0,
Chol-GAT,../../../Data/SplitData/Cholesterol/cholesterol-separate-graphs-5A_exp1/Test/CombinedUnlabeled/6PS0-f4_graphs.npy,StrongNegative,0.0,
Chol-GAT,../../../Data/SplitData/Cholesterol/cholesterol-separate-graphs-5A_exp1/Test/CombinedUnlabeled/6PS1-f2_graphs.npy,StrongNegative,0.0,
Chol-GAT,../../../Data/SplitData/Cholesterol/cholesterol-separate-graphs-5A_exp1/Test/CombinedUnlabeled/6PS1-f5_graphs.npy,StrongNegative,0.0,
Chol-GAT,../../../Data/SplitData/Cholesterol/cholesterol-separate-graphs-5A_exp1/Test/CombinedUnlabeled/6PS3-f3-positive_graphs.npy,StrongPositive,0.345,
Chol-GAT,../../../Data/SplitData/Cholesterol/cholesterol-separate-graphs-5A_exp1/Test/CombinedUnlabeled/6PS3-f5_graphs.npy,StrongNegative,0.0,
Chol-GAT,../../../Data/SplitData/Cholesterol/cholesterol-separate-graphs-5A_exp1/Test/CombinedUnlabeled/6PS4-f3_graphs.npy,StrongNegative,0.0,
Chol-GAT,../../../Data/SplitData/Cholesterol/cholesterol-separate-graphs-5A_exp1/Test/CombinedUnlabeled/6PS7-f4_graphs.npy,StrongNegative,0.0,
Chol-GAT,../../../Data/SplitData/Cholesterol/cholesterol-separate-graphs-5A_exp1/Test/CombinedUnlabeled/6PS7-f5_graphs.npy,StrongNegative,0.0,
Chol-GAT,../../../Data/SplitData/Cholesterol/cholesterol-separate-graphs-5A_exp1/Test/CombinedUnlabeled/6PT2-f2_graphs.npy,StrongNegative,0.0,
Chol-GAT,../../../Data/SplitData/Cholesterol/cholesterol-separate-graphs-5A_exp1/Test/CombinedUnlabeled/6RZ6-f2_graphs.npy,StrongNegative,0.0,
Chol-GAT,../../../Data/SplitData/Cholesterol/cholesterol-separate-graphs-5A_exp1/Test/CombinedUnlabeled/6RZ6-f3_graphs.npy,PseudoNegative,0.0,
Chol-GAT,../../../Data/SplitData/Cholesterol/cholesterol-separate-graphs-5A_exp1/Test/CombinedUnlabeled/6RZ6-f4_graphs.npy,StrongNegative,0.0,
Chol-GAT,../../../Data/SplitData/Cholesterol/cholesterol-separate-graphs-5A_exp1/Test/CombinedUnlabeled/6RZ7-f5_graphs.npy,StrongNegative,0.122,
Chol-GAT,../../../Data/SplitData/Cholesterol/cholesterol-separate-graphs-5A_exp1/Test/CombinedUnlabeled/6RZ9-f1_graphs.npy,StrongNegative,0.0,
Chol-GAT,../../../Data/SplitData/Cholesterol/cholesterol-separate-graphs-5A_exp1/Test/CombinedUnlabeled/6S0L-f1_graphs.npy,StrongNegative,0.0,
Chol-GAT,../../../Data/SplitData/Cholesterol/cholesterol-separate-graphs-5A_exp1/Test/CombinedUnlabeled/6S0L-f4-positive_graphs.npy,PseudoPositive,0.278,
Chol-GAT,../../../Data/SplitData/Cholesterol/cholesterol-separate-graphs-5A_exp1/Test/CombinedUnlabeled/6S0L-f5_graphs.npy,StrongNegative,0.0,
Chol-GAT,../../../Data/SplitData/Cholesterol/cholesterol-separate-graphs-5A_exp1/Test/CombinedUnlabeled/6S0Q-f1_graphs.npy,StrongNegative,0.0,
Chol-GAT,../../../Data/SplitData/Cholesterol/cholesterol-separate-graphs-5A_exp1/Test/CombinedUnlabeled/6S0Q-f5_graphs.npy,StrongNegative,0.0,
Chol-GAT,../../../Data/SplitData/Cholesterol/cholesterol-separate-graphs-5A_exp1/Test/CombinedUnlabeled/6T4I-f1_graphs.npy,StrongNegative,0.0,
Chol-GAT,../../../Data/SplitData/Cholesterol/cholesterol-separate-graphs-5A_exp1/Test/CombinedUnlabeled/6T4I-f3_graphs.npy,StrongNegative,0.188,
Chol-GAT,../../../Data/SplitData/Cholesterol/cholesterol-separate-graphs-5A_exp1/Test/CombinedUnlabeled/6T9N-f5_graphs.npy,StrongNegative,0.0,
Chol-GAT,../../../Data/SplitData/Cholesterol/cholesterol-separate-graphs-5A_exp1/Test/CombinedUnlabeled/6T9O-f3_graphs.npy,StrongNegative,0.0,
Chol-GAT,../../../Data/SplitData/Cholesterol/cholesterol-separate-graphs-5A_exp1/Test/CombinedUnlabeled/6T9O-f4_graphs.npy,StrongNegative,0.0,
Chol-GAT,../../../Data/SplitData/Cholesterol/cholesterol-separate-graphs-5A_exp1/Test/CombinedUnlabeled/6TLQ-f1_graphs.npy,StrongNegative,0.0,
Chol-GAT,../../../Data/SplitData/Cholesterol/cholesterol-separate-graphs-5A_exp1/Test/CombinedUnlabeled/6TPK-f1-positive_graphs.npy,PseudoPositive,0.4,
Chol-GAT,../../../Data/SplitData/Cholesterol/cholesterol-separate-graphs-5A_exp1/Test/CombinedUnlabeled/6TPK-f2_graphs.npy,StrongNegative,0.0,
Chol-GAT,../../../Data/SplitData/Cholesterol/cholesterol-separate-graphs-5A_exp1/Test/CombinedUnlabeled/6UCB-f5_graphs.npy,StrongNegative,0.0,
Chol-GAT,../../../Data/SplitData/Cholesterol/cholesterol-separate-graphs-5A_exp1/Test/CombinedUnlabeled/6UD4-f5-positive_graphs.npy,StrongNegative,0.226,
Chol-GAT,../../../Data/SplitData/Cholesterol/cholesterol-separate-graphs-5A_exp1/Test/CombinedUnlabeled/6UY0-f4-positive_graphs.npy,StrongNegative,0.22,
Chol-GAT,../../../Data/SplitData/Cholesterol/cholesterol-separate-graphs-5A_exp1/Test/CombinedUnlabeled/6V22-f5_graphs.npy,StrongNegative,0.0,
Chol-GAT,../../../Data/SplitData/Cholesterol/cholesterol-separate-graphs-5A_exp1/Test/CombinedUnlabeled/6VI4-f1_graphs.npy,StrongNegative,0.0,
Chol-GAT,../../../Data/SplitData/Cholesterol/cholesterol-separate-graphs-5A_exp1/Test/CombinedUnlabeled/6VI4-f4_graphs.npy,StrongNegative,0.0,
Chol-GAT,../../../Data/SplitData/Cholesterol/cholesterol-separate-graphs-5A_exp1/Test/CombinedUnlabeled/6W5S-f2_graphs.npy,StrongNegative,0.0,
Chol-GAT,../../../Data/SplitData/Cholesterol/cholesterol-separate-graphs-5A_exp1/Test/CombinedUnlabeled/6WBF-f5_graphs.npy,StrongNegative,0.0,
Chol-GAT,../../../Data/SplitData/Cholesterol/cholesterol-separate-graphs-5A_exp1/Test/CombinedUnlabeled/6WBG-f3_graphs.npy,StrongNegative,0.0,
Chol-GAT,../../../Data/SplitData/Cholesterol/cholesterol-separate-graphs-5A_exp1/Test/CombinedUnlabeled/6WBN-f3_graphs.npy,StrongNegative,0.0,
Chol-GAT,../../../Data/SplitData/Cholesterol/cholesterol-separate-graphs-5A_exp1/Test/CombinedUnlabeled/6WH4-f3_graphs.npy,StrongNegative,0.0,
Chol-GAT,../../../Data/SplitData/Cholesterol/cholesterol-separate-graphs-5A_exp1/Test/CombinedUnlabeled/6WH4-f4_graphs.npy,StrongNegative,0.0,
Chol-GAT,../../../Data/SplitData/Cholesterol/cholesterol-separate-graphs-5A_exp1/Test/CombinedUnlabeled/6WH4-f5_graphs.npy,StrongNegative,0.0,
Chol-GAT,../../../Data/SplitData/Cholesterol/cholesterol-separate-graphs-5A_exp1/Test/CombinedUnlabeled/6WIV-f5_graphs.npy,StrongPositive,0.0,
Chol-GAT,../../../Data/SplitData/Cholesterol/cholesterol-separate-graphs-5A_exp1/Test/CombinedUnlabeled/6WM2-f2_graphs.npy,StrongNegative,0.0,
Chol-GAT,../../../Data/SplitData/Cholesterol/cholesterol-separate-graphs-5A_exp1/Test/CombinedUnlabeled/6WQA-f1-positive_graphs.npy,StrongNegative,0.227,
Chol-GAT,../../../Data/SplitData/Cholesterol/cholesterol-separate-graphs-5A_exp1/Test/CombinedUnlabeled/6ZDR-f1-positive_graphs.npy,StrongNegative,0.273,
Chol-GAT,../../../Data/SplitData/Cholesterol/cholesterol-separate-graphs-5A_exp1/Test/CombinedUnlabeled/6ZDV-f4-positive_graphs.npy,StrongNegative,0.286,
Chol-GAT,../../../Data/SplitData/Cholesterol/cholesterol-separate-graphs-5A_exp1/Test/CombinedUnlabeled/7BU7-f5-positive_graphs.npy,PseudoPositive,0.429,
Chol-GAT,../../../Data/SplitData/Cholesterol/cholesterol-separate-graphs-5A_exp1/Test/CombinedUnlabeled/7BVQ-f1-positive_graphs.npy,PseudoPositive,0.261,
Chol-GAT,../../../Data/SplitData/Cholesterol/cholesterol-separate-graphs-5A_exp1/Test/CombinedUnlabeled/7BVQ-f4_graphs.npy,StrongNegative,0.0,
Chol-GAT,../../../Data/SplitData/Cholesterol/cholesterol-separate-graphs-5A_exp1/Test/CombinedUnlabeled/7C9I-f2_graphs.npy,StrongNegative,0.0,
Chol-GAT,../../../Data/SplitData/Cholesterol/cholesterol-separate-graphs-5A_exp1/Test/CombinedUnlabeled/7CFN-f2_graphs.npy,StrongNegative,0.0,
Chol-GAT,../../../Data/SplitData/Cholesterol/cholesterol-separate-graphs-5A_exp1/Test/CombinedUnlabeled/7CKW-f2_graphs.npy,StrongNegative,0.0,
Chol-GAT,../../../Data/SplitData/Cholesterol/cholesterol-separate-graphs-5A_exp1/Test/CombinedUnlabeled/7CKW-f3-positive_graphs.npy,StrongNegative,0.256,
Chol-GAT,../../../Data/SplitData/Cholesterol/cholesterol-separate-graphs-5A_exp1/Test/CombinedUnlabeled/7CKW-f5-positive_graphs.npy,StrongPositive,0.256,
Chol-GAT,../../../Data/SplitData/Cholesterol/cholesterol-separate-graphs-5A_exp1/Test/CombinedUnlabeled/7CKY-f3-positive_graphs.npy,StrongNegative,0.359,
Chol-GAT,../../../Data/SplitData/Cholesterol/cholesterol-separate-graphs-5A_exp1/Test/CombinedUnlabeled/7CKZ-f3-positive_graphs.npy,StrongNegative,0.286,
Chol-GAT,../../../Data/SplitData/Cholesterol/cholesterol-separate-graphs-5A_exp1/Test/CombinedUnlabeled/7CU3-f4_graphs.npy,StrongNegative,0.0,
Chol-GAT,../../../Data/SplitData/Cholesterol/cholesterol-separate-graphs-5A_exp1/Test/CombinedUnlabeled/7CU3-f5_graphs.npy,StrongNegative,0.0,
Chol-GAT,../../../Data/SplitData/Cholesterol/cholesterol-separate-graphs-5A_exp1/Test/CombinedUnlabeled/7CZ5-f1-positive_graphs.npy,PseudoNegative,0.2,
Chol-GAT,../../../Data/SplitData/Cholesterol/cholesterol-separate-graphs-5A_exp1/Test/CombinedUnlabeled/7CZ5-f3-positive_graphs.npy,StrongNegative,0.25,
Chol-GAT,../../../Data/SplitData/Cholesterol/cholesterol-separate-graphs-5A_exp1/Test/CombinedUnlabeled/7CZ5-f4-positive_graphs.npy,StrongPositive,0.333,
Chol-GAT,../../../Data/SplitData/Cholesterol/cholesterol-separate-graphs-5A_exp1/Test/CombinedUnlabeled/7D76-f3_graphs.npy,PseudoNegative,0.0,
Chol-GAT,../../../Data/SplitData/Cholesterol/cholesterol-separate-graphs-5A_exp1/Test/CombinedUnlabeled/7D77-f5_graphs.npy,StrongNegative,0.0,
Chol-GAT,../../../Data/SplitData/Cholesterol/cholesterol-separate-graphs-5A_exp1/Test/CombinedUnlabeled/7D91-f1-positive_graphs.npy,StrongNegative,0.241,
Chol-GAT,../../../Data/SplitData/Cholesterol/cholesterol-separate-graphs-5A_exp1/Test/CombinedUnlabeled/7D91-f5_graphs.npy,StrongNegative,0.0,
Chol-GAT,../../../Data/SplitData/Cholesterol/cholesterol-separate-graphs-5A_exp1/Test/CombinedUnlabeled/7DDH-f2_graphs.npy,StrongNegative,0.12,
Chol-GAT,../../../Data/SplitData/Cholesterol/cholesterol-separate-graphs-5A_exp1/Test/CombinedUnlabeled/7DDH-f4_graphs.npy,StrongNegative,0.0,
Chol-GAT,../../../Data/SplitData/Cholesterol/cholesterol-separate-graphs-5A_exp1/Test/CombinedUnlabeled/7DF8-f3_graphs.npy,StrongNegative,0.0,
Chol-GAT,../../../Data/SplitData/Cholesterol/cholesterol-separate-graphs-5A_exp1/Test/CombinedUnlabeled/7DFW-f4_graphs.npy,PseudoNegative,0.182,
Chol-GAT,../../../Data/SplitData/Cholesterol/cholesterol-separate-graphs-5A_exp1/Test/CombinedUnlabeled/7DUR-f1_graphs.npy,StrongNegative,0.0,
Chol-GAT,../../../Data/SplitData/Cholesterol/cholesterol-separate-graphs-5A_exp1/Test/CombinedUnlabeled/7DW9-f2_graphs.npy,StrongNegative,0.082,
Chol-GAT,../../../Data/SplitData/Cholesterol/cholesterol-separate-graphs-5A_exp1/Test/CombinedUnlabeled/7DW9-f3_graphs.npy,StrongNegative,0.0,
Chol-GAT,../../../Data/SplitData/Cholesterol/cholesterol-separate-graphs-5A_exp1/Test/CombinedUnlabeled/7DW9-f4_graphs.npy,StrongNegative,0.0,
Chol-GAT,../../../Data/SplitData/Cholesterol/cholesterol-separate-graphs-5A_exp1/Test/CombinedUnlabeled/7E14-f2_graphs.npy,PseudoPositive,0.0,
Chol-GAT,../../../Data/SplitData/Cholesterol/cholesterol-separate-graphs-5A_exp1/Test/CombinedUnlabeled/7E2X-f1_graphs.npy,StrongNegative,0.0,
Chol-GAT,../../../Data/SplitData/Cholesterol/cholesterol-separate-graphs-5A_exp1/Test/CombinedUnlabeled/7E2Y-f1_graphs.npy,StrongNegative,0.0,
Chol-GAT,../../../Data/SplitData/Cholesterol/cholesterol-separate-graphs-5A_exp1/Test/CombinedUnlabeled/7E2Y-f2_graphs.npy,StrongNegative,0.0,
Chol-GAT,../../../Data/SplitData/Cholesterol/cholesterol-separate-graphs-5A_exp1/Test/CombinedUnlabeled/7EJX-f1_graphs.npy,StrongNegative,0.0,
Chol-GAT,../../../Data/SplitData/Cholesterol/cholesterol-separate-graphs-5A_exp1/Test/CombinedUnlabeled/7EJX-f2_graphs.npy,StrongNegative,0.077,
Chol-GAT,../../../Data/SplitData/Cholesterol/cholesterol-separate-graphs-5A_exp1/Test/CombinedUnlabeled/7EJX-f3-positive_graphs.npy,StrongPositive,0.294,
Chol-GAT,../../../Data/SplitData/Cholesterol/cholesterol-separate-graphs-5A_exp1/Test/CombinedUnlabeled/7EKI-f1_graphs.npy,StrongNegative,0.0,
Chol-GAT,../../../Data/SplitData/Cholesterol/cholesterol-separate-graphs-5A_exp1/Test/CombinedUnlabeled/7EKP-f2_graphs.npy,StrongNegative,0.0,
Chol-GAT,../../../Data/SplitData/Cholesterol/cholesterol-separate-graphs-5A_exp1/Test/CombinedUnlabeled/7EKP-f3_graphs.npy,StrongNegative,0.0,
Chol-GAT,../../../Data/SplitData/Cholesterol/cholesterol-separate-graphs-5A_exp1/Test/CombinedUnlabeled/7EKT-f3_graphs.npy,StrongNegative,0.0,
Chol-GAT,../../../Data/SplitData/Cholesterol/cholesterol-separate-graphs-5A_exp1/Test/CombinedUnlabeled/7ET1-f2_graphs.npy,StrongNegative,0.0,
Chol-GAT,../../../Data/SplitData/Cholesterol/cholesterol-separate-graphs-5A_exp1/Test/CombinedUnlabeled/7EVM-f2_graphs.npy,StrongNegative,0.0,
Chol-GAT,../../../Data/SplitData/Cholesterol/cholesterol-separate-graphs-5A_exp1/Test/CombinedUnlabeled/7F16-f4-positive_graphs.npy,StrongNegative,0.208,
Chol-GAT,../../../Data/SplitData/Cholesterol/cholesterol-separate-graphs-5A_exp1/Test/CombinedUnlabeled/7F61-f4-positive_graphs.npy,StrongNegative,0.254,
Chol-GAT,../../../Data/SplitData/Cholesterol/cholesterol-separate-graphs-5A_exp1/Test/CombinedUnlabeled/7F61-f5_graphs.npy,StrongNegative,0.022,
Chol-GAT,../../../Data/SplitData/Cholesterol/cholesterol-separate-graphs-5A_exp1/Test/CombinedUnlabeled/7F6G-f3_graphs.npy,StrongNegative,0.0,
Chol-GAT,../../../Data/SplitData/Cholesterol/cholesterol-separate-graphs-5A_exp1/Test/CombinedUnlabeled/7F6G-f4_graphs.npy,StrongPositive,0.176,
Chol-GAT,../../../Data/SplitData/Cholesterol/cholesterol-separate-graphs-5A_exp1/Test/CombinedUnlabeled/7F6G-f5-positive_graphs.npy,PseudoPositive,0.205,
Chol-GAT,../../../Data/SplitData/Cholesterol/cholesterol-separate-graphs-5A_exp1/Test/CombinedUnlabeled/7F6H-f1_graphs.npy,StrongNegative,0.0,
Chol-GAT,../../../Data/SplitData/Cholesterol/cholesterol-separate-graphs-5A_exp1/Test/CombinedUnlabeled/7F6I-f1_graphs.npy,StrongNegative,0.0,
Chol-GAT,../../../Data/SplitData/Cholesterol/cholesterol-separate-graphs-5A_exp1/Test/CombinedUnlabeled/7F6I-f2_graphs.npy,StrongNegative,0.0,
Chol-GAT,../../../Data/SplitData/Cholesterol/cholesterol-separate-graphs-5A_exp1/Test/CombinedUnlabeled/7F9Y-f1-positive_graphs.npy,StrongNegative,0.2,
Chol-GAT,../../../Data/SplitData/Cholesterol/cholesterol-separate-graphs-5A_exp1/Test/CombinedUnlabeled/7F9Y-f2-positive_graphs.npy,StrongNegative,0.39,
Chol-GAT,../../../Data/SplitData/Cholesterol/cholesterol-separate-graphs-5A_exp1/Test/CombinedUnlabeled/7FEE-f1_graphs.npy,StrongNegative,0.0,
Chol-GAT,../../../Data/SplitData/Cholesterol/cholesterol-separate-graphs-5A_exp1/Test/CombinedUnlabeled/7FEE-f2-positive_graphs.npy,PseudoPositive,0.286,
Chol-GAT,../../../Data/SplitData/Cholesterol/cholesterol-separate-graphs-5A_exp1/Test/CombinedUnlabeled/7FEE-f5-positive_graphs.npy,PseudoPositive,0.242,
Chol-GAT,../../../Data/SplitData/Cholesterol/cholesterol-separate-graphs-5A_exp1/Test/CombinedUnlabeled/7FIN-f2_graphs.npy,StrongNegative,0.1,
Chol-GAT,../../../Data/SplitData/Cholesterol/cholesterol-separate-graphs-5A_exp1/Test/CombinedUnlabeled/7FJD-f5_graphs.npy,StrongNegative,0.0,
Chol-GAT,../../../Data/SplitData/Cholesterol/cholesterol-separate-graphs-5A_exp1/Test/CombinedUnlabeled/7JV5-f1-positive_graphs.npy,PseudoPositive,0.21,
Chol-GAT,../../../Data/SplitData/Cholesterol/cholesterol-separate-graphs-5A_exp1/Test/CombinedUnlabeled/7KY7-f5_graphs.npy,StrongNegative,0.0,
Chol-GAT,../../../Data/SplitData/Cholesterol/cholesterol-separate-graphs-5A_exp1/Test/CombinedUnlabeled/7LFT-f1-positive_graphs.npy,StrongNegative,0.262,
Chol-GAT,../../../Data/SplitData/Cholesterol/cholesterol-separate-graphs-5A_exp1/Test/CombinedUnlabeled/7LFT-f3-positive_graphs.npy,PseudoPositive,0.315,
Chol-GAT,../../../Data/SplitData/Cholesterol/cholesterol-separate-graphs-5A_exp1/Test/CombinedUnlabeled/7LFT-f4-positive_graphs.npy,PseudoPositive,0.315,
Chol-GAT,../../../Data/SplitData/Cholesterol/cholesterol-separate-graphs-5A_exp1/Test/CombinedUnlabeled/7LFT-f5-positive_graphs.npy,PseudoPositive,0.333,
Chol-GAT,../../../Data/SplitData/Cholesterol/cholesterol-separate-graphs-5A_exp1/Test/CombinedUnlabeled/7LGW-f3-positive_graphs.npy,StrongNegative,0.204,
Chol-GAT,../../../Data/SplitData/Cholesterol/cholesterol-separate-graphs-5A_exp1/Test/CombinedUnlabeled/7LGW-f4-positive_graphs.npy,PseudoNegative,0.235,
Chol-GAT,../../../Data/SplitData/Cholesterol/cholesterol-separate-graphs-5A_exp1/Test/CombinedUnlabeled/7LH2-f1_graphs.npy,StrongNegative,0.0,
Chol-GAT,../../../Data/SplitData/Cholesterol/cholesterol-separate-graphs-5A_exp1/Test/CombinedUnlabeled/7LH2-f2_graphs.npy,StrongNegative,0.0,
Chol-GAT,../../../Data/SplitData/Cholesterol/cholesterol-separate-graphs-5A_exp1/Test/CombinedUnlabeled/7LH2-f3_graphs.npy,StrongNegative,0.099,
Chol-GAT,../../../Data/SplitData/Cholesterol/cholesterol-separate-graphs-5A_exp1/Test/CombinedUnlabeled/7LH2-f4_graphs.npy,StrongNegative,0.0,
Chol-GAT,../../../Data/SplitData/Cholesterol/cholesterol-separate-graphs-5A_exp1/Test/CombinedUnlabeled/7LH2-f5-positive_graphs.npy,StrongPositive,0.29,
Chol-GAT,../../../Data/SplitData/Cholesterol/cholesterol-separate-graphs-5A_exp1/Test/CombinedUnlabeled/7LIA-f1-positive_graphs.npy,StrongPositive,0.2,
Chol-GAT,../../../Data/SplitData/Cholesterol/cholesterol-separate-graphs-5A_exp1/Test/CombinedUnlabeled/7LIA-f2_graphs.npy,StrongNegative,0.0,
Chol-GAT,../../../Data/SplitData/Cholesterol/cholesterol-separate-graphs-5A_exp1/Test/CombinedUnlabeled/7LJC-f1_graphs.npy,StrongNegative,0.0,
Chol-GAT,../../../Data/SplitData/Cholesterol/cholesterol-separate-graphs-5A_exp1/Test/CombinedUnlabeled/7LJC-f5-positive_graphs.npy,StrongNegative,0.204,
Chol-GAT,../../../Data/SplitData/Cholesterol/cholesterol-separate-graphs-5A_exp1/Test/CombinedUnlabeled/7M5X-f3-positive_graphs.npy,PseudoPositive,0.309,
Chol-GAT,../../../Data/SplitData/Cholesterol/cholesterol-separate-graphs-5A_exp1/Test/CombinedUnlabeled/7M5X-f5_graphs.npy,StrongNegative,0.0,
Chol-GAT,../../../Data/SplitData/Cholesterol/cholesterol-separate-graphs-5A_exp1/Test/CombinedUnlabeled/7M5Y-f1-positive_graphs.npy,StrongNegative,0.293,
Chol-GAT,../../../Data/SplitData/Cholesterol/cholesterol-separate-graphs-5A_exp1/Test/CombinedUnlabeled/7M95-f4_graphs.npy,StrongNegative,0.011,
Chol-GAT,../../../Data/SplitData/Cholesterol/cholesterol-separate-graphs-5A_exp1/Test/CombinedUnlabeled/7MFI-f1_graphs.npy,StrongNegative,0.013,
Chol-GAT,../../../Data/SplitData/Cholesterol/cholesterol-separate-graphs-5A_exp1/Test/CombinedUnlabeled/7MFI-f2_graphs.npy,StrongNegative,0.0,
Chol-GAT,../../../Data/SplitData/Cholesterol/cholesterol-separate-graphs-5A_exp1/Test/CombinedUnlabeled/7MFI-f4_graphs.npy,StrongNegative,0.176,
Chol-GAT,../../../Data/SplitData/Cholesterol/cholesterol-separate-graphs-5A_exp1/Test/CombinedUnlabeled/7MIX-f4_graphs.npy,StrongNegative,0.156,
Chol-GAT,../../../Data/SplitData/Cholesterol/cholesterol-separate-graphs-5A_exp1/Test/CombinedUnlabeled/7MIY-f4_graphs.npy,StrongNegative,0.0,
Chol-GAT,../../../Data/SplitData/Cholesterol/cholesterol-separate-graphs-5A_exp1/Test/CombinedUnlabeled/7MIY-f5_graphs.npy,StrongNegative,0.0,
Chol-GAT,../../../Data/SplitData/Cholesterol/cholesterol-separate-graphs-5A_exp1/Test/CombinedUnlabeled/7N4U-f1-positive_graphs.npy,StrongNegative,0.224,
Chol-GAT,../../../Data/SplitData/Cholesterol/cholesterol-separate-graphs-5A_exp1/Test/CombinedUnlabeled/7N4U-f2-positive_graphs.npy,PseudoNegative,0.25,
Chol-GAT,../../../Data/SplitData/Cholesterol/cholesterol-separate-graphs-5A_exp1/Test/CombinedUnlabeled/7N4U-f4-positive_graphs.npy,PseudoNegative,0.239,
Chol-GAT,../../../Data/SplitData/Cholesterol/cholesterol-separate-graphs-5A_exp1/Test/CombinedUnlabeled/7N4X-f3_graphs.npy,StrongNegative,0.0,
Chol-GAT,../../../Data/SplitData/Cholesterol/cholesterol-separate-graphs-5A_exp1/Test/CombinedUnlabeled/7N4X-f5-positive_graphs.npy,StrongPositive,0.297,
Chol-GAT,../../../Data/SplitData/Cholesterol/cholesterol-separate-graphs-5A_exp1/Test/CombinedUnlabeled/7NA7-f2-positive_graphs.npy,StrongNegative,0.244,
Chol-GAT,../../../Data/SplitData/Cholesterol/cholesterol-separate-graphs-5A_exp1/Test/CombinedUnlabeled/7NA7-f5_graphs.npy,StrongNegative,0.0,
Chol-GAT,../../../Data/SplitData/Cholesterol/cholesterol-separate-graphs-5A_exp1/Test/CombinedUnlabeled/7NA8-f3_graphs.npy,StrongNegative,0.191,
Chol-GAT,../../../Data/SplitData/Cholesterol/cholesterol-separate-graphs-5A_exp1/Test/CombinedUnlabeled/7NEQ-f2-positive_graphs.npy,StrongNegative,0.382,
Chol-GAT,../../../Data/SplitData/Cholesterol/cholesterol-separate-graphs-5A_exp1/Test/CombinedUnlabeled/7NEQ-f5-positive_graphs.npy,StrongNegative,0.317,
Chol-GAT,../../../Data/SplitData/Cholesterol/cholesterol-separate-graphs-5A_exp1/Test/CombinedUnlabeled/7NF6-f2-positive_graphs.npy,StrongNegative,0.2,
Chol-GAT,../../../Data/SplitData/Cholesterol/cholesterol-separate-graphs-5A_exp1/Test/CombinedUnlabeled/7NF6-f3_graphs.npy,StrongNegative,0.0,
Chol-GAT,../../../Data/SplitData/Cholesterol/cholesterol-separate-graphs-5A_exp1/Test/CombinedUnlabeled/7NF8-f1-positive_graphs.npy,StrongPositive,0.4,
Chol-GAT,../../../Data/SplitData/Cholesterol/cholesterol-separate-graphs-5A_exp1/Test/CombinedUnlabeled/7NF8-f5_graphs.npy,StrongNegative,0.0,
Chol-GAT,../../../Data/SplitData/Cholesterol/cholesterol-separate-graphs-5A_exp1/Test/CombinedUnlabeled/7OCA-f1_graphs.npy,StrongNegative,0.0,
Chol-GAT,../../../Data/SplitData/Cholesterol/cholesterol-separate-graphs-5A_exp1/Test/CombinedUnlabeled/7OCA-f3-positive_graphs.npy,StrongNegative,0.238,
Chol-GAT,../../../Data/SplitData/Cholesterol/cholesterol-separate-graphs-5A_exp1/Test/CombinedUnlabeled/7OCA-f4_graphs.npy,StrongNegative,0.0,
Chol-GAT,../../../Data/SplitData/Cholesterol/cholesterol-separate-graphs-5A_exp1/Test/CombinedUnlabeled/7OCE-f1_graphs.npy,StrongNegative,0.0,
Chol-GAT,../../../Data/SplitData/Cholesterol/cholesterol-separate-graphs-5A_exp1/Test/CombinedUnlabeled/7OJI-f5-positive_graphs.npy,StrongNegative,0.205,
Chol-GAT,../../../Data/SplitData/Cholesterol/cholesterol-separate-graphs-5A_exp1/Test/CombinedUnlabeled/7P00-f1_graphs.npy,StrongNegative,0.077,
Chol-GAT,../../../Data/SplitData/Cholesterol/cholesterol-separate-graphs-5A_exp1/Test/CombinedUnlabeled/7P00-f2_graphs.npy,StrongNegative,0.0,
Chol-GAT,../../../Data/SplitData/Cholesterol/cholesterol-separate-graphs-5A_exp1/Test/CombinedUnlabeled/7P00-f4-positive_graphs.npy,StrongPositive,0.273,
Chol-GAT,../../../Data/SplitData/Cholesterol/cholesterol-separate-graphs-5A_exp1/Test/CombinedUnlabeled/7P02-f3_graphs.npy,StrongNegative,0.0,
Chol-GAT,../../../Data/SplitData/Cholesterol/cholesterol-separate-graphs-5A_exp1/Test/CombinedUnlabeled/7PP1-f5_graphs.npy,StrongNegative,0.095,
Chol-GAT,../../../Data/SplitData/Cholesterol/cholesterol-separate-graphs-5A_exp1/Test/CombinedUnlabeled/7PX4-f4-positive_graphs.npy,StrongNegative,0.214,
Chol-GAT,../../../Data/SplitData/Cholesterol/cholesterol-separate-graphs-5A_exp1/Test/CombinedUnlabeled/7PXE-f3_graphs.npy,StrongNegative,0.0,
Chol-GAT,../../../Data/SplitData/Cholesterol/cholesterol-separate-graphs-5A_exp1/Test/CombinedUnlabeled/7PYR-f4_graphs.npy,StrongNegative,0.0,
Chol-GAT,../../../Data/SplitData/Cholesterol/cholesterol-separate-graphs-5A_exp1/Test/CombinedUnlabeled/7Q1U-f1_graphs.npy,StrongNegative,0.0,
Chol-GAT,../../../Data/SplitData/Cholesterol/cholesterol-separate-graphs-5A_exp1/Test/CombinedUnlabeled/7Q1U-f4_graphs.npy,StrongNegative,0.0,
Chol-GAT,../../../Data/SplitData/Cholesterol/cholesterol-separate-graphs-5A_exp1/Test/CombinedUnlabeled/7R8B-f1_graphs.npy,StrongNegative,0.137,
Chol-GAT,../../../Data/SplitData/Cholesterol/cholesterol-separate-graphs-5A_exp1/Test/CombinedUnlabeled/7R8B-f2-positive_graphs.npy,StrongNegative,0.207,
Chol-GAT,../../../Data/SplitData/Cholesterol/cholesterol-separate-graphs-5A_exp1/Test/CombinedUnlabeled/7R8B-f5_graphs.npy,StrongNegative,0.0,
Chol-GAT,../../../Data/SplitData/Cholesterol/cholesterol-separate-graphs-5A_exp1/Test/CombinedUnlabeled/7R8D-f1-positive_graphs.npy,StrongNegative,0.202,
Chol-GAT,../../../Data/SplitData/Cholesterol/cholesterol-separate-graphs-5A_exp1/Test/CombinedUnlabeled/7R8D-f3_graphs.npy,StrongNegative,0.0,
Chol-GAT,../../../Data/SplitData/Cholesterol/cholesterol-separate-graphs-5A_exp1/Test/CombinedUnlabeled/7RHR-f2-positive_graphs.npy,StrongNegative,0.302,
Chol-GAT,../../../Data/SplitData/Cholesterol/cholesterol-separate-graphs-5A_exp1/Test/CombinedUnlabeled/7SHF-f3-positive_graphs.npy,StrongNegative,0.226,
Chol-GAT,../../../Data/SplitData/Cholesterol/cholesterol-separate-graphs-5A_exp1/Test/CombinedUnlabeled/7SIL-f1-positive_graphs.npy,PseudoNegative,0.333,
Chol-GAT,../../../Data/SplitData/Cholesterol/cholesterol-separate-graphs-5A_exp1/Test/CombinedUnlabeled/7SIL-f2_graphs.npy,StrongNegative,0.0,
Chol-GAT,../../../Data/SplitData/Cholesterol/cholesterol-separate-graphs-5A_exp1/Test/CombinedUnlabeled/7SIL-f3-positive_graphs.npy,StrongNegative,0.279,
Chol-GAT,../../../Data/SplitData/Cholesterol/cholesterol-separate-graphs-5A_exp1/Test/CombinedUnlabeled/7SIL-f4-positive_graphs.npy,StrongNegative,0.25,
Chol-GAT,../../../Data/SplitData/Cholesterol/cholesterol-separate-graphs-5A_exp1/Test/CombinedUnlabeled/7SIL-f5-positive_graphs.npy,StrongNegative,0.312,
Chol-GAT,../../../Data/SplitData/Cholesterol/cholesterol-separate-graphs-5A_exp1/Test/CombinedUnlabeled/7SIM-f2-positive_graphs.npy,StrongNegative,0.24,
Chol-GAT,../../../Data/SplitData/Cholesterol/cholesterol-separate-graphs-5A_exp1/Test/CombinedUnlabeled/7SIM-f3-positive_graphs.npy,StrongNegative,0.323,
Chol-GAT,../../../Data/SplitData/Cholesterol/cholesterol-separate-graphs-5A_exp1/Test/CombinedUnlabeled/7SIM-f4-positive_graphs.npy,StrongNegative,0.387,
Chol-GAT,../../../Data/SplitData/Cholesterol/cholesterol-separate-graphs-5A_exp1/Test/CombinedUnlabeled/7SK4-f1-positive_graphs.npy,PseudoPositive,0.29,
Chol-GAT,../../../Data/SplitData/Cholesterol/cholesterol-separate-graphs-5A_exp1/Test/CombinedUnlabeled/7SK4-f3-positive_graphs.npy,StrongNegative,0.226,
Chol-GAT,../../../Data/SplitData/Cholesterol/cholesterol-separate-graphs-5A_exp1/Test/CombinedUnlabeled/7SK7-f1_graphs.npy,StrongNegative,0.0,
Chol-GAT,../../../Data/SplitData/Cholesterol/cholesterol-separate-graphs-5A_exp1/Test/CombinedUnlabeled/7SK7-f4_graphs.npy,StrongNegative,0.0,
Chol-GAT,../../../Data/SplitData/Cholesterol/cholesterol-separate-graphs-5A_exp1/Test/CombinedUnlabeled/7SK8-f1-positive_graphs.npy,PseudoPositive,0.224,
Chol-GAT,../../../Data/SplitData/Cholesterol/cholesterol-separate-graphs-5A_exp1/Test/CombinedUnlabeled/7SK8-f3-positive_graphs.npy,StrongNegative,0.429,
Chol-GAT,../../../Data/SplitData/Cholesterol/cholesterol-separate-graphs-5A_exp1/Test/CombinedUnlabeled/7SL8-f1-positive_graphs.npy,StrongPositive,0.421,
Chol-GAT,../../../Data/SplitData/Cholesterol/cholesterol-separate-graphs-5A_exp1/Test/CombinedUnlabeled/7SMM-f2_graphs.npy,StrongNegative,0.088,
Chol-GAT,../../../Data/SplitData/Cholesterol/cholesterol-separate-graphs-5A_exp1/Test/CombinedUnlabeled/7SMR-f4_graphs.npy,StrongNegative,0.0,
Chol-GAT,../../../Data/SplitData/Cholesterol/cholesterol-separate-graphs-5A_exp1/Test/CombinedUnlabeled/7SMR-f5-positive_graphs.npy,StrongPositive,0.257,
Chol-GAT,../../../Data/SplitData/Cholesterol/cholesterol-separate-graphs-5A_exp1/Test/CombinedUnlabeled/7SMS-f4-positive_graphs.npy,PseudoPositive,0.212,
Chol-GAT,../../../Data/SplitData/Cholesterol/cholesterol-separate-graphs-5A_exp1/Test/CombinedUnlabeled/7SMS-f5-positive_graphs.npy,PseudoPositive,0.3,
Chol-GAT,../../../Data/SplitData/Cholesterol/cholesterol-separate-graphs-5A_exp1/Test/CombinedUnlabeled/7SMT-f4_graphs.npy,StrongNegative,0.0,
Chol-GAT,../../../Data/SplitData/Cholesterol/cholesterol-separate-graphs-5A_exp1/Test/CombinedUnlabeled/7SMT-f5-positive_graphs.npy,StrongPositive,0.286,
Chol-GAT,../../../Data/SplitData/Cholesterol/cholesterol-separate-graphs-5A_exp1/Test/CombinedUnlabeled/7SVD-f5_graphs.npy,StrongNegative,0.0,
Chol-GAT,../../../Data/SplitData/Cholesterol/cholesterol-separate-graphs-5A_exp1/Test/CombinedUnlabeled/7TBW-f4_graphs.npy,StrongNegative,0.0,
Chol-GAT,../../../Data/SplitData/Cholesterol/cholesterol-separate-graphs-5A_exp1/Test/CombinedUnlabeled/7TC0-f4_graphs.npy,StrongNegative,0.0,
Chol-GAT,../../../Data/SplitData/Cholesterol/cholesterol-separate-graphs-5A_exp1/Test/CombinedUnlabeled/7TJ9-f1_graphs.npy,StrongNegative,0.0,
Chol-GAT,../../../Data/SplitData/Cholesterol/cholesterol-separate-graphs-5A_exp1/Test/CombinedUnlabeled/7TY4-f4_graphs.npy,StrongNegative,0.0,
Chol-GAT,../../../Data/SplitData/Cholesterol/cholesterol-separate-graphs-5A_exp1/Test/CombinedUnlabeled/7TY6-f1_graphs.npy,StrongNegative,0.0,
Chol-GAT,../../../Data/SplitData/Cholesterol/cholesterol-separate-graphs-5A_exp1/Test/CombinedUnlabeled/7TY6-f2_graphs.npy,StrongNegative,0.0,
Chol-GAT,../../../Data/SplitData/Cholesterol/cholesterol-separate-graphs-5A_exp1/Test/CombinedUnlabeled/7TY6-f3_graphs.npy,StrongNegative,0.0,
Chol-GAT,../../../Data/SplitData/Cholesterol/cholesterol-separate-graphs-5A_exp1/Test/CombinedUnlabeled/7TY7-f2_graphs.npy,StrongNegative,0.0,
Chol-GAT,../../../Data/SplitData/Cholesterol/cholesterol-separate-graphs-5A_exp1/Test/CombinedUnlabeled/7UHG-f1_graphs.npy,StrongNegative,0.0,
Chol-GAT,../../../Data/SplitData/Cholesterol/cholesterol-separate-graphs-5A_exp1/Test/CombinedUnlabeled/7UHG-f3_graphs.npy,StrongNegative,0.012,
Chol-GAT,../../../Data/SplitData/Cholesterol/cholesterol-separate-graphs-5A_exp1/Test/CombinedUnlabeled/7URC-f2_graphs.npy,StrongNegative,0.0,
Chol-GAT,../../../Data/SplitData/Cholesterol/cholesterol-separate-graphs-5A_exp1/Test/CombinedUnlabeled/7URD-f2_graphs.npy,StrongNegative,0.0,
Chol-GAT,../../../Data/SplitData/Cholesterol/cholesterol-separate-graphs-5A_exp1/Test/CombinedUnlabeled/7USW-f1_graphs.npy,StrongNegative,0.0,
Chol-GAT,../../../Data/SplitData/Cholesterol/cholesterol-separate-graphs-5A_exp1/Test/CombinedUnlabeled/7USX-f3_graphs.npy,StrongNegative,0.0,
Chol-GAT,../../../Data/SplitData/Cholesterol/cholesterol-separate-graphs-5A_exp1/Test/CombinedUnlabeled/7UZ3-f2_graphs.npy,StrongNegative,0.0,
Chol-GAT,../../../Data/SplitData/Cholesterol/cholesterol-separate-graphs-5A_exp1/Test/CombinedUnlabeled/7UZ3-f4_graphs.npy,StrongNegative,0.0,
Chol-GAT,../../../Data/SplitData/Cholesterol/cholesterol-separate-graphs-5A_exp1/Test/CombinedUnlabeled/7UZE-f1_graphs.npy,StrongNegative,0.0,
Chol-GAT,../../../Data/SplitData/Cholesterol/cholesterol-separate-graphs-5A_exp1/Test/CombinedUnlabeled/7UZQ-f2_graphs.npy,StrongNegative,0.0,
Chol-GAT,../../../Data/SplitData/Cholesterol/cholesterol-separate-graphs-5A_exp1/Test/CombinedUnlabeled/7UZQ-f3_graphs.npy,StrongNegative,0.0,
Chol-GAT,../../../Data/SplitData/Cholesterol/cholesterol-separate-graphs-5A_exp1/Test/CombinedUnlabeled/7V07-f4-positive_graphs.npy,StrongNegative,0.244,
Chol-GAT,../../../Data/SplitData/Cholesterol/cholesterol-separate-graphs-5A_exp1/Test/CombinedUnlabeled/7V0K-f1-positive_graphs.npy,StrongNegative,0.28,
Chol-GAT,../../../Data/SplitData/Cholesterol/cholesterol-separate-graphs-5A_exp1/Test/CombinedUnlabeled/7V0K-f2-positive_graphs.npy,StrongNegative,0.282,
Chol-GAT,../../../Data/SplitData/Cholesterol/cholesterol-separate-graphs-5A_exp1/Test/CombinedUnlabeled/7V0K-f3_graphs.npy,StrongNegative,0.0,
Chol-GAT,../../../Data/SplitData/Cholesterol/cholesterol-separate-graphs-5A_exp1/Test/CombinedUnlabeled/7V0K-f5_graphs.npy,StrongNegative,0.0,
Chol-GAT,../../../Data/SplitData/Cholesterol/cholesterol-separate-graphs-5A_exp1/Test/CombinedUnlabeled/7V0S-f2_graphs.npy,StrongNegative,0.0,
Chol-GAT,../../../Data/SplitData/Cholesterol/cholesterol-separate-graphs-5A_exp1/Test/CombinedUnlabeled/7V19-f3_graphs.npy,StrongNegative,0.0,
Chol-GAT,../../../Data/SplitData/Cholesterol/cholesterol-separate-graphs-5A_exp1/Test/CombinedUnlabeled/7V3Z-f4_graphs.npy,StrongNegative,0.0,
Chol-GAT,../../../Data/SplitData/Cholesterol/cholesterol-separate-graphs-5A_exp1/Test/CombinedUnlabeled/7V3Z-f5-positive_graphs.npy,StrongNegative,0.222,
Chol-GAT,../../../Data/SplitData/Cholesterol/cholesterol-separate-graphs-5A_exp1/Test/CombinedUnlabeled/7VAB-f2-positive_graphs.npy,StrongNegative,0.319,
Chol-GAT,../../../Data/SplitData/Cholesterol/cholesterol-separate-graphs-5A_exp1/Test/CombinedUnlabeled/7VAB-f3-positive_graphs.npy,StrongPositive,0.275,
Chol-GAT,../../../Data/SplitData/Cholesterol/cholesterol-separate-graphs-5A_exp1/Test/CombinedUnlabeled/7VDH-f1_graphs.npy,StrongNegative,0.0,
Chol-GAT,../../../Data/SplitData/Cholesterol/cholesterol-separate-graphs-5A_exp1/Test/CombinedUnlabeled/7VDH-f3-positive_graphs.npy,PseudoPositive,0.293,
Chol-GAT,../../../Data/SplitData/Cholesterol/cholesterol-separate-graphs-5A_exp1/Test/CombinedUnlabeled/7VDL-f2-positive_graphs.npy,StrongNegative,0.267,
Chol-GAT,../../../Data/SplitData/Cholesterol/cholesterol-separate-graphs-5A_exp1/Test/CombinedUnlabeled/7VDL-f3_graphs.npy,StrongNegative,0.106,
Chol-GAT,../../../Data/SplitData/Cholesterol/cholesterol-separate-graphs-5A_exp1/Test/CombinedUnlabeled/7VFX-f1-positive_graphs.npy,PseudoNegative,0.298,
Chol-GAT,../../../Data/SplitData/Cholesterol/cholesterol-separate-graphs-5A_exp1/Test/CombinedUnlabeled/7VFX-f4-positive_graphs.npy,StrongNegative,0.204,
Chol-GAT,../../../Data/SplitData/Cholesterol/cholesterol-separate-graphs-5A_exp1/Test/CombinedUnlabeled/7VGZ-f1_graphs.npy,StrongNegative,0.0,
Chol-GAT,../../../Data/SplitData/Cholesterol/cholesterol-separate-graphs-5A_exp1/Test/CombinedUnlabeled/7VLA-f4-positive_graphs.npy,PseudoNegative,0.282,
Chol-GAT,../../../Data/SplitData/Cholesterol/cholesterol-separate-graphs-5A_exp1/Test/CombinedUnlabeled/7VLA-f5_graphs.npy,StrongNegative,0.167,
Chol-GAT,../../../Data/SplitData/Cholesterol/cholesterol-separate-graphs-5A_exp1/Test/CombinedUnlabeled/7VR7-f4_graphs.npy,StrongNegative,0.0,
Chol-GAT,../../../Data/SplitData/Cholesterol/cholesterol-separate-graphs-5A_exp1/Test/CombinedUnlabeled/7VUY-f5_graphs.npy,StrongNegative,0.0,
Chol-GAT,../../../Data/SplitData/Cholesterol/cholesterol-separate-graphs-5A_exp1/Test/CombinedUnlabeled/7VUZ-f1_graphs.npy,StrongNegative,0.133,
Chol-GAT,../../../Data/SplitData/Cholesterol/cholesterol-separate-graphs-5A_exp1/Test/CombinedUnlabeled/7VUZ-f2_graphs.npy,StrongNegative,0.0,
Chol-GAT,../../../Data/SplitData/Cholesterol/cholesterol-separate-graphs-5A_exp1/Test/CombinedUnlabeled/7VV3-f4_graphs.npy,StrongNegative,0.0,
Chol-GAT,../../../Data/SplitData/Cholesterol/cholesterol-separate-graphs-5A_exp1/Test/CombinedUnlabeled/7VV4-f3_graphs.npy,StrongNegative,0.0,
Chol-GAT,../../../Data/SplitData/Cholesterol/cholesterol-separate-graphs-5A_exp1/Test/CombinedUnlabeled/7VV5-f2_graphs.npy,StrongNegative,0.0,
Chol-GAT,../../../Data/SplitData/Cholesterol/cholesterol-separate-graphs-5A_exp1/Test/CombinedUnlabeled/7W2Z-f1-positive_graphs.npy,PseudoPositive,0.311,
Chol-GAT,../../../Data/SplitData/Cholesterol/cholesterol-separate-graphs-5A_exp1/Test/CombinedUnlabeled/7W2Z-f2-positive_graphs.npy,StrongNegative,0.25,
Chol-GAT,../../../Data/SplitData/Cholesterol/cholesterol-separate-graphs-5A_exp1/Test/CombinedUnlabeled/7W2Z-f3-positive_graphs.npy,PseudoPositive,0.222,
Chol-GAT,../../../Data/SplitData/Cholesterol/cholesterol-separate-graphs-5A_exp1/Test/CombinedUnlabeled/7W9W-f1-positive_graphs.npy,StrongNegative,0.208,
Chol-GAT,../../../Data/SplitData/Cholesterol/cholesterol-separate-graphs-5A_exp1/Test/CombinedUnlabeled/7W9W-f3_graphs.npy,StrongNegative,0.0,
Chol-GAT,../../../Data/SplitData/Cholesterol/cholesterol-separate-graphs-5A_exp1/Test/CombinedUnlabeled/7WC4-f1_graphs.npy,StrongNegative,0.0,
Chol-GAT,../../../Data/SplitData/Cholesterol/cholesterol-separate-graphs-5A_exp1/Test/CombinedUnlabeled/7WC4-f3_graphs.npy,StrongNegative,0.0,
Chol-GAT,../../../Data/SplitData/Cholesterol/cholesterol-separate-graphs-5A_exp1/Test/CombinedUnlabeled/7WC5-f1_graphs.npy,StrongNegative,0.134,
Chol-GAT,../../../Data/SplitData/Cholesterol/cholesterol-separate-graphs-5A_exp1/Test/CombinedUnlabeled/7WC6-f4_graphs.npy,PseudoNegative,0.0,
Chol-GAT,../../../Data/SplitData/Cholesterol/cholesterol-separate-graphs-5A_exp1/Test/CombinedUnlabeled/7WC7-f1_graphs.npy,StrongNegative,0.0,
Chol-GAT,../../../Data/SplitData/Cholesterol/cholesterol-separate-graphs-5A_exp1/Test/CombinedUnlabeled/7WC7-f2_graphs.npy,PseudoNegative,0.0,
Chol-GAT,../../../Data/SplitData/Cholesterol/cholesterol-separate-graphs-5A_exp1/Test/CombinedUnlabeled/7WC7-f3_graphs.npy,StrongNegative,0.0,
Chol-GAT,../../../Data/SplitData/Cholesterol/cholesterol-separate-graphs-5A_exp1/Test/CombinedUnlabeled/7WC7-f4_graphs.npy,PseudoNegative,0.0,
Chol-GAT,../../../Data/SplitData/Cholesterol/cholesterol-separate-graphs-5A_exp1/Test/CombinedUnlabeled/7WC8-f1_graphs.npy,StrongNegative,0.0,
Chol-GAT,../../../Data/SplitData/Cholesterol/cholesterol-separate-graphs-5A_exp1/Test/CombinedUnlabeled/7WC8-f2-positive_graphs.npy,StrongPositive,0.204,
Chol-GAT,../../../Data/SplitData/Cholesterol/cholesterol-separate-graphs-5A_exp1/Test/CombinedUnlabeled/7WEL-f4_graphs.npy,StrongNegative,0.0,
Chol-GAT,../../../Data/SplitData/Cholesterol/cholesterol-separate-graphs-5A_exp1/Test/CombinedUnlabeled/7WFR-f3_graphs.npy,StrongNegative,0.0,
Chol-GAT,../../../Data/SplitData/Cholesterol/cholesterol-separate-graphs-5A_exp1/Test/CombinedUnlabeled/7WFW-f1_graphs.npy,StrongNegative,0.0,
Chol-GAT,../../../Data/SplitData/Cholesterol/cholesterol-separate-graphs-5A_exp1/Test/CombinedUnlabeled/7WGD-f4_graphs.npy,StrongNegative,0.0,
Chol-GAT,../../../Data/SplitData/Cholesterol/cholesterol-separate-graphs-5A_exp1/Test/CombinedUnlabeled/7WGT-f1-positive_graphs.npy,StrongNegative,0.238,
Chol-GAT,../../../Data/SplitData/Cholesterol/cholesterol-separate-graphs-5A_exp1/Test/CombinedUnlabeled/7WLD-f3_graphs.npy,StrongNegative,0.0,
Chol-GAT,../../../Data/SplitData/Cholesterol/cholesterol-separate-graphs-5A_exp1/Test/CombinedUnlabeled/7WLW-f1-positive_graphs.npy,StrongNegative,0.25,
Chol-GAT,../../../Data/SplitData/Cholesterol/cholesterol-separate-graphs-5A_exp1/Test/CombinedUnlabeled/7WLW-f5_graphs.npy,StrongNegative,0.0,
Chol-GAT,../../../Data/SplitData/Cholesterol/cholesterol-separate-graphs-5A_exp1/Test/CombinedUnlabeled/7WQ3-f5_graphs.npy,PseudoNegative,0.037,
Chol-GAT,../../../Data/SplitData/Cholesterol/cholesterol-separate-graphs-5A_exp1/Test/CombinedUnlabeled/7WU4-f1-positive_graphs.npy,StrongPositive,0.29,
Chol-GAT,../../../Data/SplitData/Cholesterol/cholesterol-separate-graphs-5A_exp1/Test/CombinedUnlabeled/7WU5-f1_graphs.npy,StrongNegative,0.0,
Chol-GAT,../../../Data/SplitData/Cholesterol/cholesterol-separate-graphs-5A_exp1/Test/CombinedUnlabeled/7WU5-f2-positive_graphs.npy,StrongNegative,0.304,
Chol-GAT,../../../Data/SplitData/Cholesterol/cholesterol-separate-graphs-5A_exp1/Test/CombinedUnlabeled/7WU5-f4_graphs.npy,StrongNegative,0.0,
Chol-GAT,../../../Data/SplitData/Cholesterol/cholesterol-separate-graphs-5A_exp1/Test/CombinedUnlabeled/7WYU-f2-positive_graphs.npy,StrongNegative,0.314,
Chol-GAT,../../../Data/SplitData/Cholesterol/cholesterol-separate-graphs-5A_exp1/Test/CombinedUnlabeled/7WYZ-f3-positive_graphs.npy,StrongNegative,0.317,
Chol-GAT,../../../Data/SplitData/Cholesterol/cholesterol-separate-graphs-5A_exp1/Test/CombinedUnlabeled/7WYZ-f4_graphs.npy,StrongNegative,0.0,
Chol-GAT,../../../Data/SplitData/Cholesterol/cholesterol-separate-graphs-5A_exp1/Test/CombinedUnlabeled/7WYZ-f5-positive_graphs.npy,StrongNegative,0.2,
Chol-GAT,../../../Data/SplitData/Cholesterol/cholesterol-separate-graphs-5A_exp1/Test/CombinedUnlabeled/7WZ0-f1-positive_graphs.npy,PseudoNegative,0.206,
Chol-GAT,../../../Data/SplitData/Cholesterol/cholesterol-separate-graphs-5A_exp1/Test/CombinedUnlabeled/7WZ0-f3-positive_graphs.npy,StrongNegative,0.265,
Chol-GAT,../../../Data/SplitData/Cholesterol/cholesterol-separate-graphs-5A_exp1/Test/CombinedUnlabeled/7WZ0-f5_graphs.npy,StrongNegative,0.0,
Chol-GAT,../../../Data/SplitData/Cholesterol/cholesterol-separate-graphs-5A_exp1/Test/CombinedUnlabeled/7X24-f1-positive_graphs.npy,StrongNegative,0.236,
Chol-GAT,../../../Data/SplitData/Cholesterol/cholesterol-separate-graphs-5A_exp1/Test/CombinedUnlabeled/7X2C-f1_graphs.npy,StrongNegative,0.0,
Chol-GAT,../../../Data/SplitData/Cholesterol/cholesterol-separate-graphs-5A_exp1/Test/CombinedUnlabeled/7X2F-f5_graphs.npy,StrongNegative,0.0,
Chol-GAT,../../../Data/SplitData/Cholesterol/cholesterol-separate-graphs-5A_exp1/Test/CombinedUnlabeled/7XBX-f3-positive_graphs.npy,PseudoPositive,0.25,
Chol-GAT,../../../Data/SplitData/Cholesterol/cholesterol-separate-graphs-5A_exp1/Test/CombinedUnlabeled/7XBX-f4_graphs.npy,StrongNegative,0.0,
Chol-GAT,../../../Data/SplitData/Cholesterol/cholesterol-separate-graphs-5A_exp1/Test/CombinedUnlabeled/7XBX-f5-positive_graphs.npy,StrongPositive,0.286,
Chol-GAT,../../../Data/SplitData/Cholesterol/cholesterol-separate-graphs-5A_exp1/Test/CombinedUnlabeled/7XEM-f4_graphs.npy,StrongNegative,0.0,
Chol-GAT,../../../Data/SplitData/Cholesterol/cholesterol-separate-graphs-5A_exp1/Test/CombinedUnlabeled/7XER-f1_graphs.npy,StrongNegative,0.0,
Chol-GAT,../../../Data/SplitData/Cholesterol/cholesterol-separate-graphs-5A_exp1/Test/CombinedUnlabeled/7XER-f3_graphs.npy,StrongNegative,0.0,
Chol-GAT,../../../Data/SplitData/Cholesterol/cholesterol-separate-graphs-5A_exp1/Test/CombinedUnlabeled/7XEU-f3-positive_graphs.npy,StrongNegative,0.246,
Chol-GAT,../../../Data/SplitData/Cholesterol/cholesterol-separate-graphs-5A_exp1/Test/CombinedUnlabeled/7XT8-f2-positive_graphs.npy,StrongNegative,0.328,
Chol-GAT,../../../Data/SplitData/Cholesterol/cholesterol-separate-graphs-5A_exp1/Test/CombinedUnlabeled/7XT8-f3_graphs.npy,StrongNegative,0.0,
Chol-GAT,../../../Data/SplitData/Cholesterol/cholesterol-separate-graphs-5A_exp1/Test/CombinedUnlabeled/7XT9-f1_graphs.npy,StrongNegative,0.0,
Chol-GAT,../../../Data/SplitData/Cholesterol/cholesterol-separate-graphs-5A_exp1/Test/CombinedUnlabeled/7XT9-f3-positive_graphs.npy,StrongNegative,0.306,
Chol-GAT,../../../Data/SplitData/Cholesterol/cholesterol-separate-graphs-5A_exp1/Test/CombinedUnlabeled/7XTC-f1_graphs.npy,StrongNegative,0.0,
Chol-GAT,../../../Data/SplitData/Cholesterol/cholesterol-separate-graphs-5A_exp1/Test/CombinedUnlabeled/7XVE-f4-positive_graphs.npy,StrongNegative,0.211,
Chol-GAT,../../../Data/SplitData/Cholesterol/cholesterol-separate-graphs-5A_exp1/Test/CombinedUnlabeled/7XW5-f3-positive_graphs.npy,StrongNegative,0.227,
Chol-GAT,../../../Data/SplitData/Cholesterol/cholesterol-separate-graphs-5A_exp1/Test/CombinedUnlabeled/7XW6-f1-positive_graphs.npy,PseudoNegative,0.222,
Chol-GAT,../../../Data/SplitData/Cholesterol/cholesterol-separate-graphs-5A_exp1/Test/CombinedUnlabeled/7XW6-f3_graphs.npy,StrongNegative,0.0,
Chol-GAT,../../../Data/SplitData/Cholesterol/cholesterol-separate-graphs-5A_exp1/Test/CombinedUnlabeled/7XZH-f4-positive_graphs.npy,StrongNegative,0.27,
Chol-GAT,../../../Data/SplitData/Cholesterol/cholesterol-separate-graphs-5A_exp1/Test/CombinedUnlabeled/7Y45-f1-positive_graphs.npy,StrongNegative,0.228,
Chol-GAT,../../../Data/SplitData/Cholesterol/cholesterol-separate-graphs-5A_exp1/Test/CombinedUnlabeled/7Y45-f3-positive_graphs.npy,StrongNegative,0.214,
Chol-GAT,../../../Data/SplitData/Cholesterol/cholesterol-separate-graphs-5A_exp1/Test/CombinedUnlabeled/7Y45-f5_graphs.npy,StrongNegative,0.085,
Chol-GAT,../../../Data/SplitData/Cholesterol/cholesterol-separate-graphs-5A_exp1/Test/CombinedUnlabeled/7Y5T-f5_graphs.npy,StrongNegative,0.0,
Chol-GAT,../../../Data/SplitData/Cholesterol/cholesterol-separate-graphs-5A_exp1/Test/CombinedUnlabeled/7Y5X-f1_graphs.npy,StrongNegative,0.0,
Chol-GAT,../../../Data/SplitData/Cholesterol/cholesterol-separate-graphs-5A_exp1/Test/CombinedUnlabeled/7Y5X-f4-positive_graphs.npy,PseudoPositive,0.273,
Chol-GAT,../../../Data/SplitData/Cholesterol/cholesterol-separate-graphs-5A_exp1/Test/CombinedUnlabeled/7Y5Z-f2_graphs.npy,StrongNegative,0.0,
Chol-GAT,../../../Data/SplitData/Cholesterol/cholesterol-separate-graphs-5A_exp1/Test/CombinedUnlabeled/7YAE-f3-positive_graphs.npy,PseudoNegative,0.214,
Chol-GAT,../../../Data/SplitData/Cholesterol/cholesterol-separate-graphs-5A_exp1/Test/CombinedUnlabeled/7YAE-f4_graphs.npy,StrongNegative,0.147,
Chol-GAT,../../../Data/SplitData/Cholesterol/cholesterol-separate-graphs-5A_exp1/Test/CombinedUnlabeled/7YFC-f4_graphs.npy,StrongNegative,0.154,
Chol-GAT,../../../Data/SplitData/Cholesterol/cholesterol-separate-graphs-5A_exp1/Test/CombinedUnlabeled/7YKD-f1-positive_graphs.npy,PseudoPositive,0.333,
Chol-GAT,../../../Data/SplitData/Cholesterol/cholesterol-separate-graphs-5A_exp1/Test/CombinedUnlabeled/7ZI0-f1_graphs.npy,StrongNegative,0.0,
Chol-GAT,../../../Data/SplitData/Cholesterol/cholesterol-separate-graphs-5A_exp1/Test/CombinedUnlabeled/7ZXN-f4_graphs.npy,StrongNegative,0.0,
Chol-GAT,../../../Data/SplitData/Cholesterol/cholesterol-separate-graphs-5A_exp1/Test/CombinedUnlabeled/7ZXN-f5_graphs.npy,StrongNegative,0.0,
Chol-GAT,../../../Data/SplitData/Cholesterol/cholesterol-separate-graphs-5A_exp1/Test/CombinedUnlabeled/7ZYI-f1_graphs.npy,StrongNegative,0.0,
Chol-GAT,../../../Data/SplitData/Cholesterol/cholesterol-separate-graphs-5A_exp1/Test/CombinedUnlabeled/7ZYI-f3_graphs.npy,StrongNegative,0.0,
Chol-GAT,../../../Data/SplitData/Cholesterol/cholesterol-separate-graphs-5A_exp1/Test/CombinedUnlabeled/7ZYI-f5-positive_graphs.npy,StrongNegative,0.234,
Chol-GAT,../../../Data/SplitData/Cholesterol/cholesterol-separate-graphs-5A_exp1/Test/CombinedUnlabeled/8A2O-f3_graphs.npy,StrongNegative,0.0,
Chol-GAT,../../../Data/SplitData/Cholesterol/cholesterol-separate-graphs-5A_exp1/Test/CombinedUnlabeled/8BHT-f1_graphs.npy,StrongNegative,0.0,
Chol-GAT,../../../Data/SplitData/Cholesterol/cholesterol-separate-graphs-5A_exp1/Test/CombinedUnlabeled/8BHT-f5-positive_graphs.npy,PseudoPositive,0.35,
Chol-GAT,../../../Data/SplitData/Cholesterol/cholesterol-separate-graphs-5A_exp1/Test/CombinedUnlabeled/8BI0-f5-positive_graphs.npy,PseudoPositive,0.3,
Chol-GAT,../../../Data/SplitData/Cholesterol/cholesterol-separate-graphs-5A_exp1/Test/CombinedUnlabeled/8BJF-f1_graphs.npy,StrongNegative,0.0,
Chol-GAT,../../../Data/SplitData/Cholesterol/cholesterol-separate-graphs-5A_exp1/Test/CombinedUnlabeled/8BJF-f5_graphs.npy,StrongNegative,0.0,
Chol-GAT,../../../Data/SplitData/Cholesterol/cholesterol-separate-graphs-5A_exp1/Test/CombinedUnlabeled/8C9W-f2-positive_graphs.npy,StrongNegative,0.218,
Chol-GAT,../../../Data/SplitData/Cholesterol/cholesterol-separate-graphs-5A_exp1/Test/CombinedUnlabeled/8C9W-f3_graphs.npy,StrongNegative,0.011,
Chol-GAT,../../../Data/SplitData/Cholesterol/cholesterol-separate-graphs-5A_exp1/Test/CombinedUnlabeled/8CIC-f1_graphs.npy,StrongNegative,0.0,
Chol-GAT,../../../Data/SplitData/Cholesterol/cholesterol-separate-graphs-5A_exp1/Test/CombinedUnlabeled/8CIC-f3_graphs.npy,StrongNegative,0.0,
Chol-GAT,../../../Data/SplitData/Cholesterol/cholesterol-separate-graphs-5A_exp1/Test/CombinedUnlabeled/8CRT-f3_graphs.npy,StrongNegative,0.0,
Chol-GAT,../../../Data/SplitData/Cholesterol/cholesterol-separate-graphs-5A_exp1/Test/CombinedUnlabeled/8CS9-f1_graphs.npy,StrongNegative,0.0,
Chol-GAT,../../../Data/SplitData/Cholesterol/cholesterol-separate-graphs-5A_exp1/Test/CombinedUnlabeled/8CS9-f3_graphs.npy,StrongNegative,0.0,
Chol-GAT,../../../Data/SplitData/Cholesterol/cholesterol-separate-graphs-5A_exp1/Test/CombinedUnlabeled/8CT2-f3_graphs.npy,StrongNegative,0.0,
Chol-GAT,../../../Data/SplitData/Cholesterol/cholesterol-separate-graphs-5A_exp1/Test/CombinedUnlabeled/8CT2-f4_graphs.npy,StrongNegative,0.0,
Chol-GAT,../../../Data/SplitData/Cholesterol/cholesterol-separate-graphs-5A_exp1/Test/CombinedUnlabeled/8CU6-f5_graphs.npy,StrongNegative,0.0,
Chol-GAT,../../../Data/SplitData/Cholesterol/cholesterol-separate-graphs-5A_exp1/Test/CombinedUnlabeled/8CU7-f2-positive_graphs.npy,StrongNegative,0.22,
Chol-GAT,../../../Data/SplitData/Cholesterol/cholesterol-separate-graphs-5A_exp1/Test/CombinedUnlabeled/8DPF-f2_graphs.npy,StrongNegative,0.0,
Chol-GAT,../../../Data/SplitData/Cholesterol/cholesterol-separate-graphs-5A_exp1/Test/CombinedUnlabeled/8DPI-f1_graphs.npy,StrongNegative,0.0,
Chol-GAT,../../../Data/SplitData/Cholesterol/cholesterol-separate-graphs-5A_exp1/Test/CombinedUnlabeled/8DU3-f2-positive_graphs.npy,StrongNegative,0.205,
Chol-GAT,../../../Data/SplitData/Cholesterol/cholesterol-separate-graphs-5A_exp1/Test/CombinedUnlabeled/8E0G-f2-positive_graphs.npy,StrongPositive,0.208,
Chol-GAT,../../../Data/SplitData/Cholesterol/cholesterol-separate-graphs-5A_exp1/Test/CombinedUnlabeled/8EF5-f2-positive_graphs.npy,PseudoPositive,0.344,
Chol-GAT,../../../Data/SplitData/Cholesterol/cholesterol-separate-graphs-5A_exp1/Test/CombinedUnlabeled/8EF5-f4-positive_graphs.npy,StrongNegative,0.25,
Chol-GAT,../../../Data/SplitData/Cholesterol/cholesterol-separate-graphs-5A_exp1/Test/CombinedUnlabeled/8EF6-f1-positive_graphs.npy,StrongNegative,0.294,
Chol-GAT,../../../Data/SplitData/Cholesterol/cholesterol-separate-graphs-5A_exp1/Test/CombinedUnlabeled/8EF6-f3-positive_graphs.npy,StrongNegative,0.333,
Chol-GAT,../../../Data/SplitData/Cholesterol/cholesterol-separate-graphs-5A_exp1/Test/CombinedUnlabeled/8EF6-f4-positive_graphs.npy,StrongNegative,0.25,
Chol-GAT,../../../Data/SplitData/Cholesterol/cholesterol-separate-graphs-5A_exp1/Test/CombinedUnlabeled/8EFL-f1-positive_graphs.npy,StrongNegative,0.277,
Chol-GAT,../../../Data/SplitData/Cholesterol/cholesterol-separate-graphs-5A_exp1/Test/CombinedUnlabeled/8EFL-f2-positive_graphs.npy,StrongNegative,0.277,
Chol-GAT,../../../Data/SplitData/Cholesterol/cholesterol-separate-graphs-5A_exp1/Test/CombinedUnlabeled/8EFL-f4-positive_graphs.npy,PseudoPositive,0.312,
Chol-GAT,../../../Data/SplitData/Cholesterol/cholesterol-separate-graphs-5A_exp1/Test/CombinedUnlabeled/8EFO-f1-positive_graphs.npy,StrongPositive,0.302,
Chol-GAT,../../../Data/SplitData/Cholesterol/cholesterol-separate-graphs-5A_exp1/Test/CombinedUnlabeled/8EFO-f4-positive_graphs.npy,PseudoPositive,0.238,
Chol-GAT,../../../Data/SplitData/Cholesterol/cholesterol-separate-graphs-5A_exp1/Test/CombinedUnlabeled/8EIO-f2_graphs.npy,StrongNegative,0.0,
Chol-GAT,../../../Data/SplitData/Cholesterol/cholesterol-separate-graphs-5A_exp1/Test/CombinedUnlabeled/8EIQ-f2_graphs.npy,StrongNegative,0.0,
Chol-GAT,../../../Data/SplitData/Cholesterol/cholesterol-separate-graphs-5A_exp1/Test/CombinedUnlabeled/8EIQ-f3_graphs.npy,StrongNegative,0.0,
Chol-GAT,../../../Data/SplitData/Cholesterol/cholesterol-separate-graphs-5A_exp1/Test/CombinedUnlabeled/8EOG-f4_graphs.npy,StrongNegative,0.0,
Chol-GAT,../../../Data/SplitData/Cholesterol/cholesterol-separate-graphs-5A_exp1/Test/CombinedUnlabeled/8ESK-f1_graphs.npy,StrongNegative,0.0,
Chol-GAT,../../../Data/SplitData/Cholesterol/cholesterol-separate-graphs-5A_exp1/Test/CombinedUnlabeled/8ESK-f4-positive_graphs.npy,PseudoNegative,0.25,
Chol-GAT,../../../Data/SplitData/Cholesterol/cholesterol-separate-graphs-5A_exp1/Test/CombinedUnlabeled/8ESK-f5_graphs.npy,StrongNegative,0.09,
Chol-GAT,../../../Data/SplitData/Cholesterol/cholesterol-separate-graphs-5A_exp1/Test/CombinedUnlabeled/8F1D-f3_graphs.npy,StrongNegative,0.0,
Chol-GAT,../../../Data/SplitData/Cholesterol/cholesterol-separate-graphs-5A_exp1/Test/CombinedUnlabeled/8F2S-f2-positive_graphs.npy,PseudoPositive,0.241,
Chol-GAT,../../../Data/SplitData/Cholesterol/cholesterol-separate-graphs-5A_exp1/Test/CombinedUnlabeled/8F2S-f3-positive_graphs.npy,PseudoNegative,0.273,
Chol-GAT,../../../Data/SplitData/Cholesterol/cholesterol-separate-graphs-5A_exp1/Test/CombinedUnlabeled/8F6Y-f1-positive_graphs.npy,PseudoPositive,0.286,
Chol-GAT,../../../Data/SplitData/Cholesterol/cholesterol-separate-graphs-5A_exp1/Test/CombinedUnlabeled/8F6Y-f3-positive_graphs.npy,PseudoPositive,0.229,
Chol-GAT,../../../Data/SplitData/Cholesterol/cholesterol-separate-graphs-5A_exp1/Test/CombinedUnlabeled/8F6Y-f4_graphs.npy,StrongNegative,0.0,
Chol-GAT,../../../Data/SplitData/Cholesterol/cholesterol-separate-graphs-5A_exp1/Test/CombinedUnlabeled/8F6Z-f3_graphs.npy,StrongNegative,0.0,
Chol-GAT,../../../Data/SplitData/Cholesterol/cholesterol-separate-graphs-5A_exp1/Test/CombinedUnlabeled/8F6Z-f5_graphs.npy,StrongNegative,0.0,
Chol-GAT,../../../Data/SplitData/Cholesterol/cholesterol-separate-graphs-5A_exp1/Test/CombinedUnlabeled/8F7Q-f1-positive_graphs.npy,StrongNegative,0.222,
Chol-GAT,../../../Data/SplitData/Cholesterol/cholesterol-separate-graphs-5A_exp1/Test/CombinedUnlabeled/8F7Q-f2-positive_graphs.npy,StrongNegative,0.239,
Chol-GAT,../../../Data/SplitData/Cholesterol/cholesterol-separate-graphs-5A_exp1/Test/CombinedUnlabeled/8F7Q-f5-positive_graphs.npy,StrongPositive,0.381,
Chol-GAT,../../../Data/SplitData/Cholesterol/cholesterol-separate-graphs-5A_exp1/Test/CombinedUnlabeled/8F7R-f1-positive_graphs.npy,StrongNegative,0.241,
Chol-GAT,../../../Data/SplitData/Cholesterol/cholesterol-separate-graphs-5A_exp1/Test/CombinedUnlabeled/8F7R-f3-positive_graphs.npy,PseudoPositive,0.333,
Chol-GAT,../../../Data/SplitData/Cholesterol/cholesterol-separate-graphs-5A_exp1/Test/CombinedUnlabeled/8F7R-f5-positive_graphs.npy,PseudoNegative,0.212,
Chol-GAT,../../../Data/SplitData/Cholesterol/cholesterol-separate-graphs-5A_exp1/Test/CombinedUnlabeled/8F7S-f1-positive_graphs.npy,StrongNegative,0.286,
Chol-GAT,../../../Data/SplitData/Cholesterol/cholesterol-separate-graphs-5A_exp1/Test/CombinedUnlabeled/8F7S-f3_graphs.npy,StrongNegative,0.0,
Chol-GAT,../../../Data/SplitData/Cholesterol/cholesterol-separate-graphs-5A_exp1/Test/CombinedUnlabeled/8FD7-f3_graphs.npy,StrongNegative,0.0,
Chol-GAT,../../../Data/SplitData/Cholesterol/cholesterol-separate-graphs-5A_exp1/Test/CombinedUnlabeled/8FHS-f1_graphs.npy,StrongNegative,0.0,
Chol-GAT,../../../Data/SplitData/Cholesterol/cholesterol-separate-graphs-5A_exp1/Test/CombinedUnlabeled/8FHS-f4_graphs.npy,StrongNegative,0.0,
Chol-GAT,../../../Data/SplitData/Cholesterol/cholesterol-separate-graphs-5A_exp1/Test/CombinedUnlabeled/8G05-f5-positive_graphs.npy,PseudoNegative,0.436,
Chol-GAT,../../../Data/SplitData/Cholesterol/cholesterol-separate-graphs-5A_exp1/Test/CombinedUnlabeled/8GHF-f1-positive_graphs.npy,StrongNegative,0.261,
Chol-GAT,../../../Data/SplitData/Cholesterol/cholesterol-separate-graphs-5A_exp1/Test/CombinedUnlabeled/8GI8-f4-positive_graphs.npy,PseudoNegative,0.298,
Chol-GAT,../../../Data/SplitData/Cholesterol/cholesterol-separate-graphs-5A_exp1/Test/CombinedUnlabeled/8GI8-f5-positive_graphs.npy,StrongNegative,0.218,
Chol-GAT,../../../Data/SplitData/Cholesterol/cholesterol-separate-graphs-5A_exp1/Test/CombinedUnlabeled/8GI9-f3-positive_graphs.npy,PseudoNegative,0.212,
Chol-GAT,../../../Data/SplitData/Cholesterol/cholesterol-separate-graphs-5A_exp1/Test/CombinedUnlabeled/8GI9-f4-positive_graphs.npy,StrongNegative,0.484,
Chol-GAT,../../../Data/SplitData/Cholesterol/cholesterol-separate-graphs-5A_exp1/Test/CombinedUnlabeled/8GI9-f5-positive_graphs.npy,StrongNegative,0.232,
Chol-GAT,../../../Data/SplitData/Cholesterol/cholesterol-separate-graphs-5A_exp1/Test/CombinedUnlabeled/8GN7-f3_graphs.npy,StrongNegative,0.0,
Chol-GAT,../../../Data/SplitData/Cholesterol/cholesterol-separate-graphs-5A_exp1/Test/CombinedUnlabeled/8GNE-f2-positive_graphs.npy,PseudoPositive,0.311,
Chol-GAT,../../../Data/SplitData/Cholesterol/cholesterol-separate-graphs-5A_exp1/Test/CombinedUnlabeled/8GNE-f3-positive_graphs.npy,StrongNegative,0.205,
Chol-GAT,../../../Data/SplitData/Cholesterol/cholesterol-separate-graphs-5A_exp1/Test/CombinedUnlabeled/8GNK-f5-positive_graphs.npy,PseudoPositive,0.379,
Chol-GAT,../../../Data/SplitData/Cholesterol/cholesterol-separate-graphs-5A_exp1/Test/CombinedUnlabeled/8HA0-f1_graphs.npy,StrongNegative,0.162,
Chol-GAT,../../../Data/SplitData/Cholesterol/cholesterol-separate-graphs-5A_exp1/Test/CombinedUnlabeled/8HA0-f2-positive_graphs.npy,StrongPositive,0.278,
Chol-GAT,../../../Data/SplitData/Cholesterol/cholesterol-separate-graphs-5A_exp1/Test/CombinedUnlabeled/8HA0-f5-positive_graphs.npy,StrongPositive,0.225,
Chol-GAT,../../../Data/SplitData/Cholesterol/cholesterol-separate-graphs-5A_exp1/Test/CombinedUnlabeled/8HDO-f1-positive_graphs.npy,StrongNegative,0.261,
Chol-GAT,../../../Data/SplitData/Cholesterol/cholesterol-separate-graphs-5A_exp1/Test/CombinedUnlabeled/8HDO-f2_graphs.npy,StrongNegative,0.0,
Chol-GAT,../../../Data/SplitData/Cholesterol/cholesterol-separate-graphs-5A_exp1/Test/CombinedUnlabeled/8HDO-f3-positive_graphs.npy,PseudoPositive,0.233,
Chol-GAT,../../../Data/SplitData/Cholesterol/cholesterol-separate-graphs-5A_exp1/Test/CombinedUnlabeled/8HDO-f4_graphs.npy,StrongNegative,0.0,
Chol-GAT,../../../Data/SplitData/Cholesterol/cholesterol-separate-graphs-5A_exp1/Test/CombinedUnlabeled/8HDP-f1-positive_graphs.npy,StrongNegative,0.295,
Chol-GAT,../../../Data/SplitData/Cholesterol/cholesterol-separate-graphs-5A_exp1/Test/CombinedUnlabeled/8HDP-f3-positive_graphs.npy,StrongNegative,0.259,
Chol-GAT,../../../Data/SplitData/Cholesterol/cholesterol-separate-graphs-5A_exp1/Test/CombinedUnlabeled/8HNK-f1_graphs.npy,StrongNegative,0.0,
Chol-GAT,../../../Data/SplitData/Cholesterol/cholesterol-separate-graphs-5A_exp1/Test/CombinedUnlabeled/8HNK-f4_graphs.npy,StrongNegative,0.0,
Chol-GAT,../../../Data/SplitData/Cholesterol/cholesterol-separate-graphs-5A_exp1/Test/CombinedUnlabeled/8HNL-f4_graphs.npy,StrongNegative,0.0,
Chol-GAT,../../../Data/SplitData/Cholesterol/cholesterol-separate-graphs-5A_exp1/Test/CombinedUnlabeled/8HSI-f3_graphs.npy,StrongNegative,0.13,
Chol-GAT,../../../Data/SplitData/Cholesterol/cholesterol-separate-graphs-5A_exp1/Test/CombinedUnlabeled/8HSI-f4-positive_graphs.npy,StrongNegative,0.226,
Chol-GAT,../../../Data/SplitData/Cholesterol/cholesterol-separate-graphs-5A_exp1/Test/CombinedUnlabeled/8I2G-f1-positive_graphs.npy,StrongNegative,0.238,
Chol-GAT,../../../Data/SplitData/Cholesterol/cholesterol-separate-graphs-5A_exp1/Test/CombinedUnlabeled/8IJM-f3_graphs.npy,StrongNegative,0.0,
Chol-GAT,../../../Data/SplitData/Cholesterol/cholesterol-separate-graphs-5A_exp1/Test/CombinedUnlabeled/8IJW-f2-positive_graphs.npy,PseudoNegative,0.292,
Chol-GAT,../../../Data/SplitData/Cholesterol/cholesterol-separate-graphs-5A_exp1/Test/CombinedUnlabeled/8IJW-f3_graphs.npy,StrongNegative,0.0,
Chol-GAT,../../../Data/SplitData/Cholesterol/cholesterol-separate-graphs-5A_exp1/Test/CombinedUnlabeled/8IJW-f4-positive_graphs.npy,StrongNegative,0.211,
Chol-GAT,../../../Data/SplitData/Cholesterol/cholesterol-separate-graphs-5A_exp1/Test/CombinedUnlabeled/8IJX-f2-positive_graphs.npy,StrongNegative,0.309,
Chol-GAT,../../../Data/SplitData/Cholesterol/cholesterol-separate-graphs-5A_exp1/Test/CombinedUnlabeled/8IM7-f4-positive_graphs.npy,StrongPositive,0.24,
Chol-GAT,../../../Data/SplitData/Cholesterol/cholesterol-separate-graphs-5A_exp1/Test/CombinedUnlabeled/8IRR-f1_graphs.npy,StrongNegative,0.0,
Chol-GAT,../../../Data/SplitData/Cholesterol/cholesterol-separate-graphs-5A_exp1/Test/CombinedUnlabeled/8IRR-f2_graphs.npy,StrongNegative,0.0,
Chol-GAT,../../../Data/SplitData/Cholesterol/cholesterol-separate-graphs-5A_exp1/Test/CombinedUnlabeled/8IRR-f3-positive_graphs.npy,StrongNegative,0.265,
Chol-GAT,../../../Data/SplitData/Cholesterol/cholesterol-separate-graphs-5A_exp1/Test/CombinedUnlabeled/8IRU-f3_graphs.npy,StrongPositive,0.0,
Chol-GAT,../../../Data/SplitData/Cholesterol/cholesterol-separate-graphs-5A_exp1/Test/CombinedUnlabeled/8IRV-f1_graphs.npy,PseudoNegative,0.175,
Chol-GAT,../../../Data/SplitData/Cholesterol/cholesterol-separate-graphs-5A_exp1/Test/CombinedUnlabeled/8IRV-f3_graphs.npy,StrongNegative,0.0,
Chol-GAT,../../../Data/SplitData/Cholesterol/cholesterol-separate-graphs-5A_exp1/Test/CombinedUnlabeled/8IRV-f4-positive_graphs.npy,StrongNegative,0.321,
Chol-GAT,../../../Data/SplitData/Cholesterol/cholesterol-separate-graphs-5A_exp1/Test/CombinedUnlabeled/8IVL-f1_graphs.npy,StrongNegative,0.0,
Chol-GAT,../../../Data/SplitData/Cholesterol/cholesterol-separate-graphs-5A_exp1/Test/CombinedUnlabeled/8IVL-f4_graphs.npy,StrongNegative,0.0,
Chol-GAT,../../../Data/SplitData/Cholesterol/cholesterol-separate-graphs-5A_exp1/Test/CombinedUnlabeled/8IZ4-f2_graphs.npy,StrongNegative,0.0,
Chol-GAT,../../../Data/SplitData/Cholesterol/cholesterol-separate-graphs-5A_exp1/Test/CombinedUnlabeled/8IZ4-f5_graphs.npy,StrongNegative,0.0,
Chol-GAT,../../../Data/SplitData/Cholesterol/cholesterol-separate-graphs-5A_exp1/Test/CombinedUnlabeled/8IZB-f1_graphs.npy,StrongNegative,0.19,
Chol-GAT,../../../Data/SplitData/Cholesterol/cholesterol-separate-graphs-5A_exp1/Test/CombinedUnlabeled/8IZB-f4_graphs.npy,StrongNegative,0.0,
Chol-GAT,../../../Data/SplitData/Cholesterol/cholesterol-separate-graphs-5A_exp1/Test/CombinedUnlabeled/8IZB-f5_graphs.npy,PseudoPositive,0.12,
Chol-GAT,../../../Data/SplitData/Cholesterol/cholesterol-separate-graphs-5A_exp1/Test/CombinedUnlabeled/8J6M-f1-positive_graphs.npy,StrongNegative,0.259,
Chol-GAT,../../../Data/SplitData/Cholesterol/cholesterol-separate-graphs-5A_exp1/Test/CombinedUnlabeled/8J6Q-f3-positive_graphs.npy,PseudoNegative,0.227,
Chol-GAT,../../../Data/SplitData/Cholesterol/cholesterol-separate-graphs-5A_exp1/Test/CombinedUnlabeled/8J6Q-f4-positive_graphs.npy,StrongNegative,0.221,
Chol-GAT,../../../Data/SplitData/Cholesterol/cholesterol-separate-graphs-5A_exp1/Test/CombinedUnlabeled/8J7F-f3-positive_graphs.npy,StrongNegative,0.231,
Chol-GAT,../../../Data/SplitData/Cholesterol/cholesterol-separate-graphs-5A_exp1/Test/CombinedUnlabeled/8J7F-f4-positive_graphs.npy,PseudoPositive,0.231,
Chol-GAT,../../../Data/SplitData/Cholesterol/cholesterol-separate-graphs-5A_exp1/Test/CombinedUnlabeled/8J7M-f3_graphs.npy,StrongNegative,0.0,
Chol-GAT,../../../Data/SplitData/Cholesterol/cholesterol-separate-graphs-5A_exp1/Test/CombinedUnlabeled/8JBK-f1-positive_graphs.npy,StrongNegative,0.212,
Chol-GAT,../../../Data/SplitData/Cholesterol/cholesterol-separate-graphs-5A_exp1/Test/CombinedUnlabeled/8JBK-f2-positive_graphs.npy,StrongNegative,0.319,
Chol-GAT,../../../Data/SplitData/Cholesterol/cholesterol-separate-graphs-5A_exp1/Test/CombinedUnlabeled/8JBK-f3_graphs.npy,StrongNegative,0.0,
Chol-GAT,../../../Data/SplitData/Cholesterol/cholesterol-separate-graphs-5A_exp1/Test/CombinedUnlabeled/8JBK-f4_graphs.npy,StrongNegative,0.0,
Chol-GAT,../../../Data/SplitData/Cholesterol/cholesterol-separate-graphs-5A_exp1/Test/CombinedUnlabeled/8JBL-f1-positive_graphs.npy,StrongNegative,0.305,
Chol-GAT,../../../Data/SplitData/Cholesterol/cholesterol-separate-graphs-5A_exp1/Test/CombinedUnlabeled/8JBL-f2-positive_graphs.npy,StrongNegative,0.208,
Chol-GAT,../../../Data/SplitData/Cholesterol/cholesterol-separate-graphs-5A_exp1/Test/CombinedUnlabeled/8JBL-f5_graphs.npy,StrongNegative,0.0,
Chol-GAT,../../../Data/SplitData/Cholesterol/cholesterol-separate-graphs-5A_exp1/Test/CombinedUnlabeled/8JBM-f1-positive_graphs.npy,StrongNegative,0.308,
Chol-GAT,../../../Data/SplitData/Cholesterol/cholesterol-separate-graphs-5A_exp1/Test/CombinedUnlabeled/8JBM-f2-positive_graphs.npy,StrongNegative,0.4,
Chol-GAT,../../../Data/SplitData/Cholesterol/cholesterol-separate-graphs-5A_exp1/Test/CombinedUnlabeled/8JC0-f3-positive_graphs.npy,StrongNegative,0.268,
Chol-GAT,../../../Data/SplitData/Cholesterol/cholesterol-separate-graphs-5A_exp1/Test/CombinedUnlabeled/8JC0-f4_graphs.npy,PseudoNegative,0.0,
Chol-GAT,../../../Data/SplitData/Cholesterol/cholesterol-separate-graphs-5A_exp1/Test/CombinedUnlabeled/8JC0-f5_graphs.npy,StrongNegative,0.179,
Chol-GAT,../../../Data/SplitData/Cholesterol/cholesterol-separate-graphs-5A_exp1/Test/CombinedUnlabeled/8JCY-f1_graphs.npy,StrongNegative,0.031,
Chol-GAT,../../../Data/SplitData/Cholesterol/cholesterol-separate-graphs-5A_exp1/Test/CombinedUnlabeled/8JCY-f4_graphs.npy,PseudoNegative,0.081,
Chol-GAT,../../../Data/SplitData/Cholesterol/cholesterol-separate-graphs-5A_exp1/Test/CombinedUnlabeled/8JCY-f5_graphs.npy,StrongNegative,0.0,
Chol-GAT,../../../Data/SplitData/Cholesterol/cholesterol-separate-graphs-5A_exp1/Test/CombinedUnlabeled/8JD0-f3_graphs.npy,StrongNegative,0.0,
Chol-GAT,../../../Data/SplitData/Cholesterol/cholesterol-separate-graphs-5A_exp1/Test/CombinedUnlabeled/8JEZ-f1_graphs.npy,StrongNegative,0.0,
Chol-GAT,../../../Data/SplitData/Cholesterol/cholesterol-separate-graphs-5A_exp1/Test/CombinedUnlabeled/8JHY-f3_graphs.npy,StrongNegative,0.053,
Chol-GAT,../../../Data/SplitData/Cholesterol/cholesterol-separate-graphs-5A_exp1/Test/CombinedUnlabeled/8JII-f2_graphs.npy,StrongNegative,0.056,
Chol-GAT,../../../Data/SplitData/Cholesterol/cholesterol-separate-graphs-5A_exp1/Test/CombinedUnlabeled/8JIM-f1_graphs.npy,StrongNegative,0.0,
Chol-GAT,../../../Data/SplitData/Cholesterol/cholesterol-separate-graphs-5A_exp1/Test/CombinedUnlabeled/8JIM-f5-positive_graphs.npy,StrongPositive,0.234,
Chol-GAT,../../../Data/SplitData/Cholesterol/cholesterol-separate-graphs-5A_exp1/Test/CombinedUnlabeled/8JJP-f1_graphs.npy,StrongNegative,0.0,
Chol-GAT,../../../Data/SplitData/Cholesterol/cholesterol-separate-graphs-5A_exp1/Test/CombinedUnlabeled/8JJP-f4_graphs.npy,StrongNegative,0.0,
Chol-GAT,../../../Data/SplitData/Cholesterol/cholesterol-separate-graphs-5A_exp1/Test/CombinedUnlabeled/8JKV-f2_graphs.npy,StrongNegative,0.0,
Chol-GAT,../../../Data/SplitData/Cholesterol/cholesterol-separate-graphs-5A_exp1/Test/CombinedUnlabeled/8JL1-f4_graphs.npy,StrongNegative,0.0,
Chol-GAT,../../../Data/SplitData/Cholesterol/cholesterol-separate-graphs-5A_exp1/Test/CombinedUnlabeled/8JL3-f1_graphs.npy,StrongNegative,0.0,
Chol-GAT,../../../Data/SplitData/Cholesterol/cholesterol-separate-graphs-5A_exp1/Test/CombinedUnlabeled/8JL3-f3_graphs.npy,StrongNegative,0.0,
Chol-GAT,../../../Data/SplitData/Cholesterol/cholesterol-separate-graphs-5A_exp1/Test/CombinedUnlabeled/8JL4-f1_graphs.npy,StrongNegative,0.0,
Chol-GAT,../../../Data/SplitData/Cholesterol/cholesterol-separate-graphs-5A_exp1/Test/CombinedUnlabeled/8JMN-f1_graphs.npy,StrongNegative,0.0,
Chol-GAT,../../../Data/SplitData/Cholesterol/cholesterol-separate-graphs-5A_exp1/Test/CombinedUnlabeled/8JMN-f3-positive_graphs.npy,StrongNegative,0.255,
Chol-GAT,../../../Data/SplitData/Cholesterol/cholesterol-separate-graphs-5A_exp1/Test/CombinedUnlabeled/8JMN-f5_graphs.npy,StrongNegative,0.0,
Chol-GAT,../../../Data/SplitData/Cholesterol/cholesterol-separate-graphs-5A_exp1/Test/CombinedUnlabeled/8JQR-f1_graphs.npy,StrongNegative,0.0,
Chol-GAT,../../../Data/SplitData/Cholesterol/cholesterol-separate-graphs-5A_exp1/Test/CombinedUnlabeled/8JQR-f2_graphs.npy,StrongNegative,0.0,
Chol-GAT,../../../Data/SplitData/Cholesterol/cholesterol-separate-graphs-5A_exp1/Test/CombinedUnlabeled/8JQR-f3-positive_graphs.npy,StrongNegative,0.203,
Chol-GAT,../../../Data/SplitData/Cholesterol/cholesterol-separate-graphs-5A_exp1/Test/CombinedUnlabeled/8JT6-f2-positive_graphs.npy,StrongNegative,0.295,
Chol-GAT,../../../Data/SplitData/Cholesterol/cholesterol-separate-graphs-5A_exp1/Test/CombinedUnlabeled/8JWZ-f1_graphs.npy,StrongNegative,0.0,
Chol-GAT,../../../Data/SplitData/Cholesterol/cholesterol-separate-graphs-5A_exp1/Test/CombinedUnlabeled/8JXQ-f1_graphs.npy,StrongNegative,0.0,
Chol-GAT,../../../Data/SplitData/Cholesterol/cholesterol-separate-graphs-5A_exp1/Test/CombinedUnlabeled/8JZS-f5_graphs.npy,StrongNegative,0.0,
Chol-GAT,../../../Data/SplitData/Cholesterol/cholesterol-separate-graphs-5A_exp1/Test/CombinedUnlabeled/8JZX-f1-positive_graphs.npy,StrongNegative,0.304,
Chol-GAT,../../../Data/SplitData/Cholesterol/cholesterol-separate-graphs-5A_exp1/Test/CombinedUnlabeled/8JZX-f3-positive_graphs.npy,StrongNegative,0.25,
Chol-GAT,../../../Data/SplitData/Cholesterol/cholesterol-separate-graphs-5A_exp1/Test/CombinedUnlabeled/8K2W-f1_graphs.npy,StrongNegative,0.0,
Chol-GAT,../../../Data/SplitData/Cholesterol/cholesterol-separate-graphs-5A_exp1/Test/CombinedUnlabeled/8K2X-f2-positive_graphs.npy,PseudoPositive,0.2,
Chol-GAT,../../../Data/SplitData/Cholesterol/cholesterol-separate-graphs-5A_exp1/Test/CombinedUnlabeled/8K66-f1_graphs.npy,StrongNegative,0.0,
Chol-GAT,../../../Data/SplitData/Cholesterol/cholesterol-separate-graphs-5A_exp1/Test/CombinedUnlabeled/8K66-f3_graphs.npy,StrongNegative,0.0,
Chol-GAT,../../../Data/SplitData/Cholesterol/cholesterol-separate-graphs-5A_exp1/Test/CombinedUnlabeled/8K66-f5-positive_graphs.npy,StrongNegative,0.299,
Chol-GAT,../../../Data/SplitData/Cholesterol/cholesterol-separate-graphs-5A_exp1/Test/CombinedUnlabeled/8K9R-f3_graphs.npy,StrongNegative,0.0,
Chol-GAT,../../../Data/SplitData/Cholesterol/cholesterol-separate-graphs-5A_exp1/Test/CombinedUnlabeled/8K9R-f5_graphs.npy,StrongNegative,0.0,
Chol-GAT,../../../Data/SplitData/Cholesterol/cholesterol-separate-graphs-5A_exp1/Test/CombinedUnlabeled/8K9T-f4_graphs.npy,StrongNegative,0.0,
Chol-GAT,../../../Data/SplitData/Cholesterol/cholesterol-separate-graphs-5A_exp1/Test/CombinedUnlabeled/8KCT-f3_graphs.npy,StrongNegative,0.0,
Chol-GAT,../../../Data/SplitData/Cholesterol/cholesterol-separate-graphs-5A_exp1/Test/CombinedUnlabeled/8KCW-f2_graphs.npy,StrongNegative,0.122,
Chol-GAT,../../../Data/SplitData/Cholesterol/cholesterol-separate-graphs-5A_exp1/Test/CombinedUnlabeled/8KH4-f4_graphs.npy,StrongNegative,0.0,
Chol-GAT,../../../Data/SplitData/Cholesterol/cholesterol-separate-graphs-5A_exp1/Test/CombinedUnlabeled/8KH5-f1-positive_graphs.npy,StrongNegative,0.271,
Chol-GAT,../../../Data/SplitData/Cholesterol/cholesterol-separate-graphs-5A_exp1/Test/CombinedUnlabeled/8KH5-f2_graphs.npy,StrongNegative,0.0,
Chol-GAT,../../../Data/SplitData/Cholesterol/cholesterol-separate-graphs-5A_exp1/Test/CombinedUnlabeled/8KH5-f4_graphs.npy,StrongNegative,0.0,
Chol-GAT,../../../Data/SplitData/Cholesterol/cholesterol-separate-graphs-5A_exp1/Test/CombinedUnlabeled/8PG0-f2-positive_graphs.npy,StrongNegative,0.34,
Chol-GAT,../../../Data/SplitData/Cholesterol/cholesterol-separate-graphs-5A_exp1/Test/CombinedUnlabeled/8PG0-f5_graphs.npy,StrongNegative,0.0,
Chol-GAT,../../../Data/SplitData/Cholesterol/cholesterol-separate-graphs-5A_exp1/Test/CombinedUnlabeled/8PM6-f2-positive_graphs.npy,StrongNegative,0.231,
Chol-GAT,../../../Data/SplitData/Cholesterol/cholesterol-separate-graphs-5A_exp1/Test/CombinedUnlabeled/8PWN-f3-positive_graphs.npy,StrongNegative,0.214,
Chol-GAT,../../../Data/SplitData/Cholesterol/cholesterol-separate-graphs-5A_exp1/Test/CombinedUnlabeled/8PXO-f2_graphs.npy,StrongNegative,0.074,
Chol-GAT,../../../Data/SplitData/Cholesterol/cholesterol-separate-graphs-5A_exp1/Test/CombinedUnlabeled/8PXO-f3_graphs.npy,StrongNegative,0.0,
Chol-GAT,../../../Data/SplitData/Cholesterol/cholesterol-separate-graphs-5A_exp1/Test/CombinedUnlabeled/8PXO-f4-positive_graphs.npy,StrongNegative,0.417,
Chol-GAT,../../../Data/SplitData/Cholesterol/cholesterol-separate-graphs-5A_exp1/Test/CombinedUnlabeled/8PY4-f3-positive_graphs.npy,StrongNegative,0.333,
Chol-GAT,../../../Data/SplitData/Cholesterol/cholesterol-separate-graphs-5A_exp1/Test/CombinedUnlabeled/8PY4-f4_graphs.npy,StrongNegative,0.0,
Chol-GAT,../../../Data/SplitData/Cholesterol/cholesterol-separate-graphs-5A_exp1/Test/CombinedUnlabeled/8PY4-f5_graphs.npy,StrongNegative,0.097,
Chol-GAT,../../../Data/SplitData/Cholesterol/cholesterol-separate-graphs-5A_exp1/Test/CombinedUnlabeled/8Q7B-f4-positive_graphs.npy,StrongNegative,0.217,
Chol-GAT,../../../Data/SplitData/Cholesterol/cholesterol-separate-graphs-5A_exp1/Test/CombinedUnlabeled/8Q7B-f5-positive_graphs.npy,PseudoNegative,0.314,
Chol-GAT,../../../Data/SplitData/Cholesterol/cholesterol-separate-graphs-5A_exp1/Test/CombinedUnlabeled/8QCM-f4-positive_graphs.npy,StrongNegative,0.375,
Chol-GAT,../../../Data/SplitData/Cholesterol/cholesterol-separate-graphs-5A_exp1/Test/CombinedUnlabeled/8QCM-f5-positive_graphs.npy,StrongNegative,0.302,
Chol-GAT,../../../Data/SplitData/Cholesterol/cholesterol-separate-graphs-5A_exp1/Test/CombinedUnlabeled/8QJF-f2_graphs.npy,StrongNegative,0.0,
Chol-GAT,../../../Data/SplitData/Cholesterol/cholesterol-separate-graphs-5A_exp1/Test/CombinedUnlabeled/8QJF-f3_graphs.npy,StrongNegative,0.0,
Chol-GAT,../../../Data/SplitData/Cholesterol/cholesterol-separate-graphs-5A_exp1/Test/CombinedUnlabeled/8QJF-f4_graphs.npy,StrongNegative,0.0,
Chol-GAT,../../../Data/SplitData/Cholesterol/cholesterol-separate-graphs-5A_exp1/Test/CombinedUnlabeled/8QKI-f3_graphs.npy,StrongNegative,0.0,
Chol-GAT,../../../Data/SplitData/Cholesterol/cholesterol-separate-graphs-5A_exp1/Test/CombinedUnlabeled/8RLN-f1_graphs.npy,StrongNegative,0.0,
Chol-GAT,../../../Data/SplitData/Cholesterol/cholesterol-separate-graphs-5A_exp1/Test/CombinedUnlabeled/8RQQ-f1_graphs.npy,StrongNegative,0.0,
Chol-GAT,../../../Data/SplitData/Cholesterol/cholesterol-separate-graphs-5A_exp1/Test/CombinedUnlabeled/8RQQ-f5_graphs.npy,StrongNegative,0.0,
Chol-GAT,../../../Data/SplitData/Cholesterol/cholesterol-separate-graphs-5A_exp1/Test/CombinedUnlabeled/8RVW-f3-positive_graphs.npy,StrongNegative,0.2,
Chol-GAT,../../../Data/SplitData/Cholesterol/cholesterol-separate-graphs-5A_exp1/Test/CombinedUnlabeled/8RWC-f1-positive_graphs.npy,PseudoNegative,0.326,
Chol-GAT,../../../Data/SplitData/Cholesterol/cholesterol-separate-graphs-5A_exp1/Test/CombinedUnlabeled/8RWC-f4-positive_graphs.npy,PseudoNegative,0.25,
Chol-GAT,../../../Data/SplitData/Cholesterol/cholesterol-separate-graphs-5A_exp1/Test/CombinedUnlabeled/8RWC-f5_graphs.npy,StrongNegative,0.0,
Chol-GAT,../../../Data/SplitData/Cholesterol/cholesterol-separate-graphs-5A_exp1/Test/CombinedUnlabeled/8RWD-f5_graphs.npy,StrongNegative,0.0,
Chol-GAT,../../../Data/SplitData/Cholesterol/cholesterol-separate-graphs-5A_exp1/Test/CombinedUnlabeled/8RWE-f2_graphs.npy,StrongNegative,0.0,
Chol-GAT,../../../Data/SplitData/Cholesterol/cholesterol-separate-graphs-5A_exp1/Test/CombinedUnlabeled/8RWE-f3_graphs.npy,StrongNegative,0.0,
Chol-GAT,../../../Data/SplitData/Cholesterol/cholesterol-separate-graphs-5A_exp1/Test/CombinedUnlabeled/8RWE-f4-positive_graphs.npy,StrongNegative,0.267,
Chol-GAT,../../../Data/SplitData/Cholesterol/cholesterol-separate-graphs-5A_exp1/Test/CombinedUnlabeled/8RWE-f5_graphs.npy,StrongNegative,0.0,
Chol-GAT,../../../Data/SplitData/Cholesterol/cholesterol-separate-graphs-5A_exp1/Test/CombinedUnlabeled/8RWH-f3_graphs.npy,StrongNegative,0.0,
Chol-GAT,../../../Data/SplitData/Cholesterol/cholesterol-separate-graphs-5A_exp1/Test/CombinedUnlabeled/8RWI-f3_graphs.npy,StrongNegative,0.0,
Chol-GAT,../../../Data/SplitData/Cholesterol/cholesterol-separate-graphs-5A_exp1/Test/CombinedUnlabeled/8RWI-f5-positive_graphs.npy,StrongNegative,0.225,
Chol-GAT,../../../Data/SplitData/Cholesterol/cholesterol-separate-graphs-5A_exp1/Test/CombinedUnlabeled/8S3E-f1-positive_graphs.npy,StrongNegative,0.2,
Chol-GAT,../../../Data/SplitData/Cholesterol/cholesterol-separate-graphs-5A_exp1/Test/CombinedUnlabeled/8S3E-f4-positive_graphs.npy,StrongNegative,0.234,
Chol-GAT,../../../Data/SplitData/Cholesterol/cholesterol-separate-graphs-5A_exp1/Test/CombinedUnlabeled/8S3E-f5-positive_graphs.npy,StrongPositive,0.271,
Chol-GAT,../../../Data/SplitData/Cholesterol/cholesterol-separate-graphs-5A_exp1/Test/CombinedUnlabeled/8SH3-f1_graphs.npy,StrongNegative,0.0,
Chol-GAT,../../../Data/SplitData/Cholesterol/cholesterol-separate-graphs-5A_exp1/Test/CombinedUnlabeled/8SH3-f3_graphs.npy,StrongNegative,0.0,
Chol-GAT,../../../Data/SplitData/Cholesterol/cholesterol-separate-graphs-5A_exp1/Test/CombinedUnlabeled/8SH3-f4_graphs.npy,StrongNegative,0.0,
Chol-GAT,../../../Data/SplitData/Cholesterol/cholesterol-separate-graphs-5A_exp1/Test/CombinedUnlabeled/8SHC-f1_graphs.npy,StrongNegative,0.0,
Chol-GAT,../../../Data/SplitData/Cholesterol/cholesterol-separate-graphs-5A_exp1/Test/CombinedUnlabeled/8SI2-f1-positive_graphs.npy,StrongNegative,0.245,
Chol-GAT,../../../Data/SplitData/Cholesterol/cholesterol-separate-graphs-5A_exp1/Test/CombinedUnlabeled/8SI2-f2-positive_graphs.npy,StrongNegative,0.24,
Chol-GAT,../../../Data/SplitData/Cholesterol/cholesterol-separate-graphs-5A_exp1/Test/CombinedUnlabeled/8SI2-f3-positive_graphs.npy,StrongNegative,0.264,
Chol-GAT,../../../Data/SplitData/Cholesterol/cholesterol-separate-graphs-5A_exp1/Test/CombinedUnlabeled/8SI4-f2_graphs.npy,StrongNegative,0.0,
Chol-GAT,../../../Data/SplitData/Cholesterol/cholesterol-separate-graphs-5A_exp1/Test/CombinedUnlabeled/8SI4-f3-positive_graphs.npy,PseudoNegative,0.318,
Chol-GAT,../../../Data/SplitData/Cholesterol/cholesterol-separate-graphs-5A_exp1/Test/CombinedUnlabeled/8SI5-f1-positive_graphs.npy,StrongNegative,0.385,
Chol-GAT,../../../Data/SplitData/Cholesterol/cholesterol-separate-graphs-5A_exp1/Test/CombinedUnlabeled/8SI5-f2-positive_graphs.npy,PseudoNegative,0.354,
Chol-GAT,../../../Data/SplitData/Cholesterol/cholesterol-separate-graphs-5A_exp1/Test/CombinedUnlabeled/8SI6-f2-positive_graphs.npy,StrongNegative,0.312,
Chol-GAT,../../../Data/SplitData/Cholesterol/cholesterol-separate-graphs-5A_exp1/Test/CombinedUnlabeled/8SI7-f1-positive_graphs.npy,StrongNegative,0.323,
Chol-GAT,../../../Data/SplitData/Cholesterol/cholesterol-separate-graphs-5A_exp1/Test/CombinedUnlabeled/8SI7-f3-positive_graphs.npy,StrongNegative,0.354,
Chol-GAT,../../../Data/SplitData/Cholesterol/cholesterol-separate-graphs-5A_exp1/Test/CombinedUnlabeled/8SI8-f1-positive_graphs.npy,StrongNegative,0.317,
Chol-GAT,../../../Data/SplitData/Cholesterol/cholesterol-separate-graphs-5A_exp1/Test/CombinedUnlabeled/8SI8-f3-positive_graphs.npy,StrongNegative,0.317,
Chol-GAT,../../../Data/SplitData/Cholesterol/cholesterol-separate-graphs-5A_exp1/Test/CombinedUnlabeled/8SIA-f1-positive_graphs.npy,StrongNegative,0.207,
Chol-GAT,../../../Data/SplitData/Cholesterol/cholesterol-separate-graphs-5A_exp1/Test/CombinedUnlabeled/8SIA-f2-positive_graphs.npy,StrongNegative,0.356,
Chol-GAT,../../../Data/SplitData/Cholesterol/cholesterol-separate-graphs-5A_exp1/Test/CombinedUnlabeled/8SIA-f3-positive_graphs.npy,StrongNegative,0.328,
Chol-GAT,../../../Data/SplitData/Cholesterol/cholesterol-separate-graphs-5A_exp1/Test/CombinedUnlabeled/8SIA-f4_graphs.npy,StrongNegative,0.0,
Chol-GAT,../../../Data/SplitData/Cholesterol/cholesterol-separate-graphs-5A_exp1/Test/CombinedUnlabeled/8SIE-f1_graphs.npy,StrongNegative,0.0,
Chol-GAT,../../../Data/SplitData/Cholesterol/cholesterol-separate-graphs-5A_exp1/Test/CombinedUnlabeled/8SMV-f4_graphs.npy,StrongNegative,0.0,
Chol-GAT,../../../Data/SplitData/Cholesterol/cholesterol-separate-graphs-5A_exp1/Test/CombinedUnlabeled/8SR7-f2_graphs.npy,StrongNegative,0.0,
Chol-GAT,../../../Data/SplitData/Cholesterol/cholesterol-separate-graphs-5A_exp1/Test/CombinedUnlabeled/8SR7-f5_graphs.npy,StrongNegative,0.0,
Chol-GAT,../../../Data/SplitData/Cholesterol/cholesterol-separate-graphs-5A_exp1/Test/CombinedUnlabeled/8SR8-f4-positive_graphs.npy,StrongPositive,0.324,
Chol-GAT,../../../Data/SplitData/Cholesterol/cholesterol-separate-graphs-5A_exp1/Test/CombinedUnlabeled/8SRA-f1-positive_graphs.npy,StrongPositive,0.361,
Chol-GAT,../../../Data/SplitData/Cholesterol/cholesterol-separate-graphs-5A_exp1/Test/CombinedUnlabeled/8SRA-f2-positive_graphs.npy,StrongPositive,0.351,
Chol-GAT,../../../Data/SplitData/Cholesterol/cholesterol-separate-graphs-5A_exp1/Test/CombinedUnlabeled/8SRB-f1-positive_graphs.npy,PseudoPositive,0.324,
Chol-GAT,../../../Data/SplitData/Cholesterol/cholesterol-separate-graphs-5A_exp1/Test/CombinedUnlabeled/8SRB-f2-positive_graphs.npy,PseudoPositive,0.333,
Chol-GAT,../../../Data/SplitData/Cholesterol/cholesterol-separate-graphs-5A_exp1/Test/CombinedUnlabeled/8SRB-f3-positive_graphs.npy,PseudoNegative,0.333,
Chol-GAT,../../../Data/SplitData/Cholesterol/cholesterol-separate-graphs-5A_exp1/Test/CombinedUnlabeled/8SRB-f5_graphs.npy,StrongNegative,0.0,
Chol-GAT,../../../Data/SplitData/Cholesterol/cholesterol-separate-graphs-5A_exp1/Test/CombinedUnlabeled/8SRC-f5-positive_graphs.npy,StrongPositive,0.333,
Chol-GAT,../../../Data/SplitData/Cholesterol/cholesterol-separate-graphs-5A_exp1/Test/CombinedUnlabeled/8SRD-f1-positive_graphs.npy,StrongPositive,0.368,
Chol-GAT,../../../Data/SplitData/Cholesterol/cholesterol-separate-graphs-5A_exp1/Test/CombinedUnlabeled/8SRE-f3-positive_graphs.npy,StrongPositive,0.342,
Chol-GAT,../../../Data/SplitData/Cholesterol/cholesterol-separate-graphs-5A_exp1/Test/CombinedUnlabeled/8SRE-f4_graphs.npy,StrongNegative,0.0,
Chol-GAT,../../../Data/SplitData/Cholesterol/cholesterol-separate-graphs-5A_exp1/Test/CombinedUnlabeled/8SRF-f1-positive_graphs.npy,StrongPositive,0.359,
Chol-GAT,../../../Data/SplitData/Cholesterol/cholesterol-separate-graphs-5A_exp1/Test/CombinedUnlabeled/8SRF-f3-positive_graphs.npy,PseudoPositive,0.333,
Chol-GAT,../../../Data/SplitData/Cholesterol/cholesterol-separate-graphs-5A_exp1/Test/CombinedUnlabeled/8SRF-f4-positive_graphs.npy,PseudoNegative,0.241,
Chol-GAT,../../../Data/SplitData/Cholesterol/cholesterol-separate-graphs-5A_exp1/Test/CombinedUnlabeled/8SRF-f5_graphs.npy,StrongNegative,0.0,
Chol-GAT,../../../Data/SplitData/Cholesterol/cholesterol-separate-graphs-5A_exp1/Test/CombinedUnlabeled/8SRG-f3-positive_graphs.npy,StrongPositive,0.368,
Chol-GAT,../../../Data/SplitData/Cholesterol/cholesterol-separate-graphs-5A_exp1/Test/CombinedUnlabeled/8SRG-f4-positive_graphs.npy,StrongPositive,0.316,
Chol-GAT,../../../Data/SplitData/Cholesterol/cholesterol-separate-graphs-5A_exp1/Test/CombinedUnlabeled/8SRI-f1-positive_graphs.npy,PseudoNegative,0.385,
Chol-GAT,../../../Data/SplitData/Cholesterol/cholesterol-separate-graphs-5A_exp1/Test/CombinedUnlabeled/8SRI-f4_graphs.npy,StrongNegative,0.0,
Chol-GAT,../../../Data/SplitData/Cholesterol/cholesterol-separate-graphs-5A_exp1/Test/CombinedUnlabeled/8SS3-f2_graphs.npy,StrongNegative,0.0,
Chol-GAT,../../../Data/SplitData/Cholesterol/cholesterol-separate-graphs-5A_exp1/Test/CombinedUnlabeled/8SS6-f3_graphs.npy,StrongNegative,0.0,
Chol-GAT,../../../Data/SplitData/Cholesterol/cholesterol-separate-graphs-5A_exp1/Test/CombinedUnlabeled/8SS7-f2_graphs.npy,StrongNegative,0.0,
Chol-GAT,../../../Data/SplitData/Cholesterol/cholesterol-separate-graphs-5A_exp1/Test/CombinedUnlabeled/8SZA-f5_graphs.npy,StrongNegative,0.014,
Chol-GAT,../../../Data/SplitData/Cholesterol/cholesterol-separate-graphs-5A_exp1/Test/CombinedUnlabeled/8SZB-f1-positive_graphs.npy,PseudoPositive,0.258,
Chol-GAT,../../../Data/SplitData/Cholesterol/cholesterol-separate-graphs-5A_exp1/Test/CombinedUnlabeled/8SZB-f2-positive_graphs.npy,PseudoPositive,0.289,
Chol-GAT,../../../Data/SplitData/Cholesterol/cholesterol-separate-graphs-5A_exp1/Test/CombinedUnlabeled/8SZH-f3_graphs.npy,StrongNegative,0.068,
Chol-GAT,../../../Data/SplitData/Cholesterol/cholesterol-separate-graphs-5A_exp1/Test/CombinedUnlabeled/8SZH-f5_graphs.npy,StrongNegative,0.047,
Chol-GAT,../../../Data/SplitData/Cholesterol/cholesterol-separate-graphs-5A_exp1/Test/CombinedUnlabeled/8T04-f2_graphs.npy,StrongNegative,0.0,
Chol-GAT,../../../Data/SplitData/Cholesterol/cholesterol-separate-graphs-5A_exp1/Test/CombinedUnlabeled/8T04-f3_graphs.npy,StrongNegative,0.079,
Chol-GAT,../../../Data/SplitData/Cholesterol/cholesterol-separate-graphs-5A_exp1/Test/CombinedUnlabeled/8T05-f1-positive_graphs.npy,PseudoPositive,0.22,
Chol-GAT,../../../Data/SplitData/Cholesterol/cholesterol-separate-graphs-5A_exp1/Test/CombinedUnlabeled/8T3S-f1_graphs.npy,StrongNegative,0.0,
Chol-GAT,../../../Data/SplitData/Cholesterol/cholesterol-separate-graphs-5A_exp1/Test/CombinedUnlabeled/8T3V-f2_graphs.npy,StrongNegative,0.0,
Chol-GAT,../../../Data/SplitData/Cholesterol/cholesterol-separate-graphs-5A_exp1/Test/CombinedUnlabeled/8T56-f2_graphs.npy,StrongNegative,0.0,
Chol-GAT,../../../Data/SplitData/Cholesterol/cholesterol-separate-graphs-5A_exp1/Test/CombinedUnlabeled/8T6U-f5_graphs.npy,StrongNegative,0.0,
Chol-GAT,../../../Data/SplitData/Cholesterol/cholesterol-separate-graphs-5A_exp1/Test/CombinedUnlabeled/8TF5-f1-positive_graphs.npy,StrongNegative,0.259,
Chol-GAT,../../../Data/SplitData/Cholesterol/cholesterol-separate-graphs-5A_exp1/Test/CombinedUnlabeled/8TF5-f4-positive_graphs.npy,StrongNegative,0.222,
Chol-GAT,../../../Data/SplitData/Cholesterol/cholesterol-separate-graphs-5A_exp1/Test/CombinedUnlabeled/8TKP-f1_graphs.npy,StrongNegative,0.0,
Chol-GAT,../../../Data/SplitData/Cholesterol/cholesterol-separate-graphs-5A_exp1/Test/CombinedUnlabeled/8U4R-f1_graphs.npy,StrongNegative,0.0,
Chol-GAT,../../../Data/SplitData/Cholesterol/cholesterol-separate-graphs-5A_exp1/Test/CombinedUnlabeled/8U4R-f3_graphs.npy,StrongNegative,0.0,
Chol-GAT,../../../Data/SplitData/Cholesterol/cholesterol-separate-graphs-5A_exp1/Test/CombinedUnlabeled/8U4R-f4_graphs.npy,StrongNegative,0.0,
Chol-GAT,../../../Data/SplitData/Cholesterol/cholesterol-separate-graphs-5A_exp1/Test/CombinedUnlabeled/8U4R-f5_graphs.npy,StrongNegative,0.0,
Chol-GAT,../../../Data/SplitData/Cholesterol/cholesterol-separate-graphs-5A_exp1/Test/CombinedUnlabeled/8U4S-f1_graphs.npy,PseudoNegative,0.0,
Chol-GAT,../../../Data/SplitData/Cholesterol/cholesterol-separate-graphs-5A_exp1/Test/CombinedUnlabeled/8U4S-f4_graphs.npy,PseudoNegative,0.0,
Chol-GAT,../../../Data/SplitData/Cholesterol/cholesterol-separate-graphs-5A_exp1/Test/CombinedUnlabeled/8U4T-f1-positive_graphs.npy,PseudoPositive,0.4,
Chol-GAT,../../../Data/SplitData/Cholesterol/cholesterol-separate-graphs-5A_exp1/Test/CombinedUnlabeled/8U4T-f2-positive_graphs.npy,PseudoPositive,0.4,
Chol-GAT,../../../Data/SplitData/Cholesterol/cholesterol-separate-graphs-5A_exp1/Test/CombinedUnlabeled/8U4T-f3-positive_graphs.npy,StrongPositive,0.4,
Chol-GAT,../../../Data/SplitData/Cholesterol/cholesterol-separate-graphs-5A_exp1/Test/CombinedUnlabeled/8U4T-f5-positive_graphs.npy,PseudoNegative,0.44,
Chol-GAT,../../../Data/SplitData/Cholesterol/cholesterol-separate-graphs-5A_exp1/Test/CombinedUnlabeled/8UGY-f1-positive_graphs.npy,PseudoNegative,0.3,
Chol-GAT,../../../Data/SplitData/Cholesterol/cholesterol-separate-graphs-5A_exp1/Test/CombinedUnlabeled/8UGY-f4_graphs.npy,StrongNegative,0.0,
Chol-GAT,../../../Data/SplitData/Cholesterol/cholesterol-separate-graphs-5A_exp1/Test/CombinedUnlabeled/8UH3-f4_graphs.npy,StrongNegative,0.068,
Chol-GAT,../../../Data/SplitData/Cholesterol/cholesterol-separate-graphs-5A_exp1/Test/CombinedUnlabeled/8UH3-f5_graphs.npy,StrongNegative,0.0,
Chol-GAT,../../../Data/SplitData/Cholesterol/cholesterol-separate-graphs-5A_exp1/Test/CombinedUnlabeled/8UUK-f5-positive_graphs.npy,StrongPositive,0.259,
Chol-GAT,../../../Data/SplitData/Cholesterol/cholesterol-separate-graphs-5A_exp1/Test/CombinedUnlabeled/8UVC-f3_graphs.npy,StrongNegative,0.0,
Chol-GAT,../../../Data/SplitData/Cholesterol/cholesterol-separate-graphs-5A_exp1/Test/CombinedUnlabeled/8UVD-f2_graphs.npy,StrongNegative,0.0,
Chol-GAT,../../../Data/SplitData/Cholesterol/cholesterol-separate-graphs-5A_exp1/Test/CombinedUnlabeled/8UVD-f3_graphs.npy,StrongNegative,0.0,
Chol-GAT,../../../Data/SplitData/Cholesterol/cholesterol-separate-graphs-5A_exp1/Test/CombinedUnlabeled/8UVE-f1_graphs.npy,StrongNegative,0.118,
Chol-GAT,../../../Data/SplitData/Cholesterol/cholesterol-separate-graphs-5A_exp1/Test/CombinedUnlabeled/8UVF-f3_graphs.npy,StrongNegative,0.0,
Chol-GAT,../../../Data/SplitData/Cholesterol/cholesterol-separate-graphs-5A_exp1/Test/CombinedUnlabeled/8UVG-f1_graphs.npy,StrongNegative,0.0,
Chol-GAT,../../../Data/SplitData/Cholesterol/cholesterol-separate-graphs-5A_exp1/Test/CombinedUnlabeled/8V1G-f2_graphs.npy,StrongNegative,0.0,
Chol-GAT,../../../Data/SplitData/Cholesterol/cholesterol-separate-graphs-5A_exp1/Test/CombinedUnlabeled/8V63-f1_graphs.npy,PseudoNegative,0.0,
Chol-GAT,../../../Data/SplitData/Cholesterol/cholesterol-separate-graphs-5A_exp1/Test/CombinedUnlabeled/8V63-f4_graphs.npy,StrongNegative,0.039,
Chol-GAT,../../../Data/SplitData/Cholesterol/cholesterol-separate-graphs-5A_exp1/Test/CombinedUnlabeled/8V64-f3_graphs.npy,StrongNegative,0.0,
Chol-GAT,../../../Data/SplitData/Cholesterol/cholesterol-separate-graphs-5A_exp1/Test/CombinedUnlabeled/8V64-f4_graphs.npy,StrongNegative,0.0,
Chol-GAT,../../../Data/SplitData/Cholesterol/cholesterol-separate-graphs-5A_exp1/Test/CombinedUnlabeled/8VAV-f4_graphs.npy,StrongNegative,0.0,
Chol-GAT,../../../Data/SplitData/Cholesterol/cholesterol-separate-graphs-5A_exp1/Test/CombinedUnlabeled/8VAV-f5_graphs.npy,PseudoNegative,0.0,
Chol-GAT,../../../Data/SplitData/Cholesterol/cholesterol-separate-graphs-5A_exp1/Test/CombinedUnlabeled/8VY7-f4_graphs.npy,StrongNegative,0.0,
Chol-GAT,../../../Data/SplitData/Cholesterol/cholesterol-separate-graphs-5A_exp1/Test/CombinedUnlabeled/8VY9-f1_graphs.npy,StrongNegative,0.0,
Chol-GAT,../../../Data/SplitData/Cholesterol/cholesterol-separate-graphs-5A_exp1/Test/CombinedUnlabeled/8W2L-f1_graphs.npy,StrongNegative,0.0,
Chol-GAT,../../../Data/SplitData/Cholesterol/cholesterol-separate-graphs-5A_exp1/Test/CombinedUnlabeled/8W2L-f2_graphs.npy,StrongNegative,0.0,
Chol-GAT,../../../Data/SplitData/Cholesterol/cholesterol-separate-graphs-5A_exp1/Test/CombinedUnlabeled/8W2L-f4-positive_graphs.npy,PseudoNegative,0.327,
Chol-GAT,../../../Data/SplitData/Cholesterol/cholesterol-separate-graphs-5A_exp1/Test/CombinedUnlabeled/8W4A-f1-positive_graphs.npy,PseudoNegative,0.325,
Chol-GAT,../../../Data/SplitData/Cholesterol/cholesterol-separate-graphs-5A_exp1/Test/CombinedUnlabeled/8W4A-f2-positive_graphs.npy,PseudoNegative,0.318,
Chol-GAT,../../../Data/SplitData/Cholesterol/cholesterol-separate-graphs-5A_exp1/Test/CombinedUnlabeled/8W6O-f4-positive_graphs.npy,StrongNegative,0.211,
Chol-GAT,../../../Data/SplitData/Cholesterol/cholesterol-separate-graphs-5A_exp1/Test/CombinedUnlabeled/8W88-f2-positive_graphs.npy,StrongNegative,0.245,
Chol-GAT,../../../Data/SplitData/Cholesterol/cholesterol-separate-graphs-5A_exp1/Test/CombinedUnlabeled/8W88-f4-positive_graphs.npy,StrongPositive,0.229,
Chol-GAT,../../../Data/SplitData/Cholesterol/cholesterol-separate-graphs-5A_exp1/Test/CombinedUnlabeled/8W88-f5_graphs.npy,StrongNegative,0.0,
Chol-GAT,../../../Data/SplitData/Cholesterol/cholesterol-separate-graphs-5A_exp1/Test/CombinedUnlabeled/8W8B-f1-positive_graphs.npy,StrongNegative,0.41,
Chol-GAT,../../../Data/SplitData/Cholesterol/cholesterol-separate-graphs-5A_exp1/Test/CombinedUnlabeled/8W8B-f2-positive_graphs.npy,StrongPositive,0.246,
Chol-GAT,../../../Data/SplitData/Cholesterol/cholesterol-separate-graphs-5A_exp1/Test/CombinedUnlabeled/8WE6-f2_graphs.npy,StrongNegative,0.0,
Chol-GAT,../../../Data/SplitData/Cholesterol/cholesterol-separate-graphs-5A_exp1/Test/CombinedUnlabeled/8WE6-f5-positive_graphs.npy,StrongNegative,0.228,
Chol-GAT,../../../Data/SplitData/Cholesterol/cholesterol-separate-graphs-5A_exp1/Test/CombinedUnlabeled/8WE7-f2_graphs.npy,StrongNegative,0.0,
Chol-GAT,../../../Data/SplitData/Cholesterol/cholesterol-separate-graphs-5A_exp1/Test/CombinedUnlabeled/8WE8-f4-positive_graphs.npy,PseudoNegative,0.274,
Chol-GAT,../../../Data/SplitData/Cholesterol/cholesterol-separate-graphs-5A_exp1/Test/CombinedUnlabeled/8WE8-f5-positive_graphs.npy,PseudoNegative,0.211,
Chol-GAT,../../../Data/SplitData/Cholesterol/cholesterol-separate-graphs-5A_exp1/Test/CombinedUnlabeled/8WE9-f1_graphs.npy,StrongNegative,0.0,
Chol-GAT,../../../Data/SplitData/Cholesterol/cholesterol-separate-graphs-5A_exp1/Test/CombinedUnlabeled/8WOQ-f1_graphs.npy,StrongNegative,0.108,
Chol-GAT,../../../Data/SplitData/Cholesterol/cholesterol-separate-graphs-5A_exp1/Test/CombinedUnlabeled/8WOQ-f2_graphs.npy,StrongNegative,0.0,
Chol-GAT,../../../Data/SplitData/Cholesterol/cholesterol-separate-graphs-5A_exp1/Test/CombinedUnlabeled/8WOR-f1-positive_graphs.npy,StrongNegative,0.207,
Chol-GAT,../../../Data/SplitData/Cholesterol/cholesterol-separate-graphs-5A_exp1/Test/CombinedUnlabeled/8WPU-f1_graphs.npy,StrongNegative,0.117,
Chol-GAT,../../../Data/SplitData/Cholesterol/cholesterol-separate-graphs-5A_exp1/Test/CombinedUnlabeled/8WRB-f1_graphs.npy,StrongNegative,0.0,
Chol-GAT,../../../Data/SplitData/Cholesterol/cholesterol-separate-graphs-5A_exp1/Test/CombinedUnlabeled/8WRB-f3_graphs.npy,PseudoNegative,0.0,
Chol-GAT,../../../Data/SplitData/Cholesterol/cholesterol-separate-graphs-5A_exp1/Test/CombinedUnlabeled/8X52-f1_graphs.npy,StrongNegative,0.0,
Chol-GAT,../../../Data/SplitData/Cholesterol/cholesterol-separate-graphs-5A_exp1/Test/CombinedUnlabeled/8X52-f2_graphs.npy,StrongNegative,0.0,
Chol-GAT,../../../Data/SplitData/Cholesterol/cholesterol-separate-graphs-5A_exp1/Test/CombinedUnlabeled/8X54-f1_graphs.npy,StrongNegative,0.0,
Chol-GAT,../../../Data/SplitData/Cholesterol/cholesterol-separate-graphs-5A_exp1/Test/CombinedUnlabeled/8X5B-f3_graphs.npy,StrongNegative,0.0,
Chol-GAT,../../../Data/SplitData/Cholesterol/cholesterol-separate-graphs-5A_exp1/Test/CombinedUnlabeled/8X5F-f3_graphs.npy,StrongNegative,0.0,
Chol-GAT,../../../Data/SplitData/Cholesterol/cholesterol-separate-graphs-5A_exp1/Test/CombinedUnlabeled/8X90-f5_graphs.npy,StrongNegative,0.0,
Chol-GAT,../../../Data/SplitData/Cholesterol/cholesterol-separate-graphs-5A_exp1/Test/CombinedUnlabeled/8X91-f3_graphs.npy,PseudoNegative,0.0,
Chol-GAT,../../../Data/SplitData/Cholesterol/cholesterol-separate-graphs-5A_exp1/Test/CombinedUnlabeled/8XBS-f4_graphs.npy,StrongNegative,0.0,
Chol-GAT,../../../Data/SplitData/Cholesterol/cholesterol-separate-graphs-5A_exp1/Test/CombinedUnlabeled/8XBS-f5_graphs.npy,StrongNegative,0.0,
Chol-GAT,../../../Data/SplitData/Cholesterol/cholesterol-separate-graphs-5A_exp1/Test/CombinedUnlabeled/8XGM-f2_graphs.npy,StrongNegative,0.0,
Chol-GAT,../../../Data/SplitData/Cholesterol/cholesterol-separate-graphs-5A_exp1/Test/CombinedUnlabeled/8XGM-f3_graphs.npy,StrongNegative,0.0,
Chol-GAT,../../../Data/SplitData/Cholesterol/cholesterol-separate-graphs-5A_exp1/Test/CombinedUnlabeled/8XOR-f1-positive_graphs.npy,StrongNegative,0.439,
Chol-GAT,../../../Data/SplitData/Cholesterol/cholesterol-separate-graphs-5A_exp1/Test/CombinedUnlabeled/8XOR-f5-positive_graphs.npy,StrongNegative,0.327,
Chol-GAT,../../../Data/SplitData/Cholesterol/cholesterol-separate-graphs-5A_exp1/Test/CombinedUnlabeled/8XQJ-f2-positive_graphs.npy,PseudoNegative,0.32,
Chol-GAT,../../../Data/SplitData/Cholesterol/cholesterol-separate-graphs-5A_exp1/Test/CombinedUnlabeled/8XQJ-f4-positive_graphs.npy,StrongPositive,0.325,
Chol-GAT,../../../Data/SplitData/Cholesterol/cholesterol-separate-graphs-5A_exp1/Test/CombinedUnlabeled/8XQL-f2_graphs.npy,StrongNegative,0.023,
Chol-GAT,../../../Data/SplitData/Cholesterol/cholesterol-separate-graphs-5A_exp1/Test/CombinedUnlabeled/8XQL-f5_graphs.npy,StrongNegative,0.0,
Chol-GAT,../../../Data/SplitData/Cholesterol/cholesterol-separate-graphs-5A_exp1/Test/CombinedUnlabeled/8XQN-f4_graphs.npy,StrongNegative,0.0,
Chol-GAT,../../../Data/SplitData/Cholesterol/cholesterol-separate-graphs-5A_exp1/Test/CombinedUnlabeled/8XQO-f5_graphs.npy,StrongNegative,0.093,
Chol-GAT,../../../Data/SplitData/Cholesterol/cholesterol-separate-graphs-5A_exp1/Test/CombinedUnlabeled/8XQP-f1_graphs.npy,StrongNegative,0.0,
Chol-GAT,../../../Data/SplitData/Cholesterol/cholesterol-separate-graphs-5A_exp1/Test/CombinedUnlabeled/8XQP-f2_graphs.npy,StrongNegative,0.0,
Chol-GAT,../../../Data/SplitData/Cholesterol/cholesterol-separate-graphs-5A_exp1/Test/CombinedUnlabeled/8XQS-f3_graphs.npy,StrongNegative,0.0,
Chol-GAT,../../../Data/SplitData/Cholesterol/cholesterol-separate-graphs-5A_exp1/Test/CombinedUnlabeled/8XQS-f4_graphs.npy,StrongNegative,0.0,
Chol-GAT,../../../Data/SplitData/Cholesterol/cholesterol-separate-graphs-5A_exp1/Test/CombinedUnlabeled/8XQT-f4_graphs.npy,StrongNegative,0.0,
Chol-GAT,../../../Data/SplitData/Cholesterol/cholesterol-separate-graphs-5A_exp1/Test/CombinedUnlabeled/8Y56-f1-positive_graphs.npy,StrongNegative,0.291,
Chol-GAT,../../../Data/SplitData/Cholesterol/cholesterol-separate-graphs-5A_exp1/Test/CombinedUnlabeled/8Y69-f2_graphs.npy,StrongNegative,0.0,
Chol-GAT,../../../Data/SplitData/Cholesterol/cholesterol-separate-graphs-5A_exp1/Test/CombinedUnlabeled/8Y69-f3_graphs.npy,StrongNegative,0.0,
Chol-GAT,../../../Data/SplitData/Cholesterol/cholesterol-separate-graphs-5A_exp1/Test/CombinedUnlabeled/8Y69-f4_graphs.npy,StrongNegative,0.0,
Chol-GAT,../../../Data/SplitData/Cholesterol/cholesterol-separate-graphs-5A_exp1/Test/CombinedUnlabeled/8Y6I-f2-positive_graphs.npy,StrongPositive,0.233,
Chol-GAT,../../../Data/SplitData/Cholesterol/cholesterol-separate-graphs-5A_exp1/Test/CombinedUnlabeled/8Y6I-f5-positive_graphs.npy,StrongPositive,0.244,
Chol-GAT,../../../Data/SplitData/Cholesterol/cholesterol-separate-graphs-5A_exp1/Test/CombinedUnlabeled/8YJP-f1_graphs.npy,StrongNegative,0.0,
Chol-GAT,../../../Data/SplitData/Cholesterol/cholesterol-separate-graphs-5A_exp1/Test/CombinedUnlabeled/8YJP-f2_graphs.npy,StrongNegative,0.0,
Chol-GAT,../../../Data/SplitData/Cholesterol/cholesterol-separate-graphs-5A_exp1/Test/CombinedUnlabeled/8YKY-f3_graphs.npy,PseudoNegative,0.0,
Chol-GAT,../../../Data/SplitData/Cholesterol/cholesterol-separate-graphs-5A_exp1/Test/CombinedUnlabeled/8YKY-f4_graphs.npy,StrongNegative,0.0,
Chol-GAT,../../../Data/SplitData/Cholesterol/cholesterol-separate-graphs-5A_exp1/Test/CombinedUnlabeled/8YN2-f1_graphs.npy,StrongNegative,0.0,
Chol-GAT,../../../Data/SplitData/Cholesterol/cholesterol-separate-graphs-5A_exp1/Test/CombinedUnlabeled/8YN2-f4-positive_graphs.npy,StrongPositive,0.2,
Chol-GAT,../../../Data/SplitData/Cholesterol/cholesterol-separate-graphs-5A_exp1/Test/CombinedUnlabeled/8YN3-f2_graphs.npy,StrongNegative,0.0,
Chol-GAT,../../../Data/SplitData/Cholesterol/cholesterol-separate-graphs-5A_exp1/Test/CombinedUnlabeled/8YN4-f1_graphs.npy,StrongNegative,0.0,
Chol-GAT,../../../Data/SplitData/Cholesterol/cholesterol-separate-graphs-5A_exp1/Test/CombinedUnlabeled/8YN8-f5-positive_graphs.npy,PseudoNegative,0.231,
Chol-GAT,../../../Data/SplitData/Cholesterol/cholesterol-separate-graphs-5A_exp1/Test/CombinedUnlabeled/8YN9-f2-positive_graphs.npy,StrongNegative,0.244,
Chol-GAT,../../../Data/SplitData/Cholesterol/cholesterol-separate-graphs-5A_exp1/Test/CombinedUnlabeled/8YN9-f3_graphs.npy,StrongNegative,0.0,
Chol-GAT,../../../Data/SplitData/Cholesterol/cholesterol-separate-graphs-5A_exp1/Test/CombinedUnlabeled/8YN9-f5-positive_graphs.npy,StrongNegative,0.31,
Chol-GAT,../../../Data/SplitData/Cholesterol/cholesterol-separate-graphs-5A_exp1/Test/CombinedUnlabeled/8YNA-f2_graphs.npy,StrongNegative,0.0,
Chol-GAT,../../../Data/SplitData/Cholesterol/cholesterol-separate-graphs-5A_exp1/Test/CombinedUnlabeled/8YR2-f3-positive_graphs.npy,StrongNegative,0.2,
Chol-GAT,../../../Data/SplitData/Cholesterol/cholesterol-separate-graphs-5A_exp1/Test/CombinedUnlabeled/8YU7-f1-positive_graphs.npy,StrongNegative,0.227,
Chol-GAT,../../../Data/SplitData/Cholesterol/cholesterol-separate-graphs-5A_exp1/Test/CombinedUnlabeled/8YU7-f2-positive_graphs.npy,StrongNegative,0.212,
Chol-GAT,../../../Data/SplitData/Cholesterol/cholesterol-separate-graphs-5A_exp1/Test/CombinedUnlabeled/8YU7-f3-positive_graphs.npy,StrongNegative,0.215,
Chol-GAT,../../../Data/SplitData/Cholesterol/cholesterol-separate-graphs-5A_exp1/Test/CombinedUnlabeled/8Z74-f1_graphs.npy,StrongNegative,0.0,
Chol-GAT,../../../Data/SplitData/Cholesterol/cholesterol-separate-graphs-5A_exp1/Test/CombinedUnlabeled/8ZLE-f1-positive_graphs.npy,StrongNegative,0.209,
Chol-GAT,../../../Data/SplitData/Cholesterol/cholesterol-separate-graphs-5A_exp1/Test/CombinedUnlabeled/8ZSJ-f5-positive_graphs.npy,StrongPositive,0.256,
Chol-GAT,../../../Data/SplitData/Cholesterol/cholesterol-separate-graphs-5A_exp1/Test/CombinedUnlabeled/8ZYJ-f5_graphs.npy,StrongNegative,0.0,
Chol-GAT,../../../Data/SplitData/Cholesterol/cholesterol-separate-graphs-5A_exp1/Test/CombinedUnlabeled/9B8O-f2_graphs.npy,StrongNegative,0.046,
Chol-GAT,../../../Data/SplitData/Cholesterol/cholesterol-separate-graphs-5A_exp1/Test/CombinedUnlabeled/9BBC-f5-positive_graphs.npy,StrongNegative,0.254,
Chol-GAT,../../../Data/SplitData/Cholesterol/cholesterol-separate-graphs-5A_exp1/Test/CombinedUnlabeled/9BR2-f1_graphs.npy,StrongNegative,0.0,
Chol-GAT,../../../Data/SplitData/Cholesterol/cholesterol-separate-graphs-5A_exp1/Test/CombinedUnlabeled/9BR2-f3_graphs.npy,StrongNegative,0.0,
Chol-GAT,../../../Data/SplitData/Cholesterol/cholesterol-separate-graphs-5A_exp1/Test/CombinedUnlabeled/9BUK-f5_graphs.npy,StrongNegative,0.0,
Chol-GAT,../../../Data/SplitData/Cholesterol/cholesterol-separate-graphs-5A_exp1/Test/CombinedUnlabeled/9BUX-f2_graphs.npy,StrongNegative,0.0,
Chol-GAT,../../../Data/SplitData/Cholesterol/cholesterol-separate-graphs-5A_exp1/Test/CombinedUnlabeled/9BVH-f1_graphs.npy,StrongNegative,0.0,
Chol-GAT,../../../Data/SplitData/Cholesterol/cholesterol-separate-graphs-5A_exp1/Test/CombinedUnlabeled/9BVH-f4_graphs.npy,StrongNegative,0.0,
Chol-GAT,../../../Data/SplitData/Cholesterol/cholesterol-separate-graphs-5A_exp1/Test/CombinedUnlabeled/9CDC-f1-positive_graphs.npy,PseudoPositive,0.205,
Chol-GAT,../../../Data/SplitData/Cholesterol/cholesterol-separate-graphs-5A_exp1/Test/CombinedUnlabeled/9CDD-f1-positive_graphs.npy,StrongNegative,0.277,
Chol-GAT,../../../Data/SplitData/Cholesterol/cholesterol-separate-graphs-5A_exp1/Test/CombinedUnlabeled/9CDD-f2-positive_graphs.npy,PseudoNegative,0.229,
Chol-GAT,../../../Data/SplitData/Cholesterol/cholesterol-separate-graphs-5A_exp1/Test/CombinedUnlabeled/9CDD-f4_graphs.npy,StrongNegative,0.14,
Chol-GAT,../../../Data/SplitData/Cholesterol/cholesterol-separate-graphs-5A_exp1/Test/CombinedUnlabeled/9CDE-f2-positive_graphs.npy,StrongNegative,0.306,
Chol-GAT,../../../Data/SplitData/Cholesterol/cholesterol-separate-graphs-5A_exp1/Test/CombinedUnlabeled/9CIA-f4_graphs.npy,PseudoPositive,0.0,
Chol-GAT,../../../Data/SplitData/Cholesterol/cholesterol-separate-graphs-5A_exp1/Test/CombinedUnlabeled/9CIA-f5_graphs.npy,StrongNegative,0.0,
Chol-GAT,../../../Data/SplitData/Cholesterol/cholesterol-separate-graphs-5A_exp1/Test/CombinedUnlabeled/9CUI-f1_graphs.npy,PseudoNegative,0.0,
Chol-GAT,../../../Data/SplitData/Cholesterol/cholesterol-separate-graphs-5A_exp1/Test/CombinedUnlabeled/9CUI-f5_graphs.npy,PseudoPositive,0.0,
Chol-GAT,../../../Data/SplitData/Cholesterol/cholesterol-separate-graphs-5A_exp1/Test/CombinedUnlabeled/9D3G-f2_graphs.npy,StrongNegative,0.0,
Chol-GAT,../../../Data/SplitData/Cholesterol/cholesterol-separate-graphs-5A_exp1/Test/CombinedUnlabeled/9D3G-f4_graphs.npy,StrongNegative,0.0,
Chol-GAT,../../../Data/SplitData/Cholesterol/cholesterol-separate-graphs-5A_exp1/Test/CombinedUnlabeled/9DBK-f1_graphs.npy,StrongNegative,0.0,
Chol-GAT,../../../Data/SplitData/Cholesterol/cholesterol-separate-graphs-5A_exp1/Test/CombinedUnlabeled/9DBM-f4_graphs.npy,StrongNegative,0.0,
Chol-GAT,../../../Data/SplitData/Cholesterol/cholesterol-separate-graphs-5A_exp1/Test/CombinedUnlabeled/9DBM-f5_graphs.npy,StrongNegative,0.0,
Chol-GAT,../../../Data/SplitData/Cholesterol/cholesterol-separate-graphs-5A_exp1/Test/CombinedUnlabeled/9DNW-f1_graphs.npy,StrongNegative,0.0,
Chol-GAT,../../../Data/SplitData/Cholesterol/cholesterol-separate-graphs-5A_exp1/Test/CombinedUnlabeled/9DNW-f2_graphs.npy,StrongNegative,0.0,
Chol-GAT,../../../Data/SplitData/Cholesterol/cholesterol-separate-graphs-5A_exp1/Test/CombinedUnlabeled/9DNX-f3-positive_graphs.npy,StrongNegative,0.25,
Chol-GAT,../../../Data/SplitData/Cholesterol/cholesterol-separate-graphs-5A_exp1/Test/CombinedUnlabeled/9DNY-f1_graphs.npy,StrongNegative,0.0,
Chol-GAT,../../../Data/SplitData/Cholesterol/cholesterol-separate-graphs-5A_exp1/Test/CombinedUnlabeled/9DNY-f3_graphs.npy,StrongNegative,0.0,
Chol-GAT,../../../Data/SplitData/Cholesterol/cholesterol-separate-graphs-5A_exp1/Test/CombinedUnlabeled/9DNZ-f1_graphs.npy,StrongNegative,0.095,
Chol-GAT,../../../Data/SplitData/Cholesterol/cholesterol-separate-graphs-5A_exp1/Test/CombinedUnlabeled/9DNZ-f2-positive_graphs.npy,StrongNegative,0.266,
Chol-GAT,../../../Data/SplitData/Cholesterol/cholesterol-separate-graphs-5A_exp1/Test/CombinedUnlabeled/9DNZ-f3-positive_graphs.npy,StrongNegative,0.25,
Chol-GAT,../../../Data/SplitData/Cholesterol/cholesterol-separate-graphs-5A_exp1/Test/CombinedUnlabeled/9DO0-f2_graphs.npy,StrongNegative,0.0,
Chol-GAT,../../../Data/SplitData/Cholesterol/cholesterol-separate-graphs-5A_exp1/Test/CombinedUnlabeled/9DVJ-f4_graphs.npy,StrongNegative,0.0,
Chol-GAT,../../../Data/SplitData/Cholesterol/cholesterol-separate-graphs-5A_exp1/Test/CombinedUnlabeled/9DVK-f3_graphs.npy,StrongNegative,0.0,
Chol-GAT,../../../Data/SplitData/Cholesterol/cholesterol-separate-graphs-5A_exp1/Test/CombinedUnlabeled/9DVL-f4_graphs.npy,StrongNegative,0.0,
Chol-GAT,../../../Data/SplitData/Cholesterol/cholesterol-separate-graphs-5A_exp1/Test/CombinedUnlabeled/9DVM-f1_graphs.npy,StrongNegative,0.0,
Chol-GAT,../../../Data/SplitData/Cholesterol/cholesterol-separate-graphs-5A_exp1/Test/CombinedUnlabeled/9DVM-f2_graphs.npy,StrongNegative,0.13,
Chol-GAT,../../../Data/SplitData/Cholesterol/cholesterol-separate-graphs-5A_exp1/Test/CombinedUnlabeled/9DVN-f5_graphs.npy,StrongNegative,0.0,
Chol-GAT,../../../Data/SplitData/Cholesterol/cholesterol-separate-graphs-5A_exp1/Test/CombinedUnlabeled/9DW9-f4_graphs.npy,StrongNegative,0.0,
Chol-GAT,../../../Data/SplitData/Cholesterol/cholesterol-separate-graphs-5A_exp1/Test/CombinedUnlabeled/9EUO-f1_graphs.npy,StrongNegative,0.0,
Chol-GAT,../../../Data/SplitData/Cholesterol/cholesterol-separate-graphs-5A_exp1/Test/CombinedUnlabeled/9EUP-f2-positive_graphs.npy,PseudoPositive,0.23,
Chol-GAT,../../../Data/SplitData/Cholesterol/cholesterol-separate-graphs-5A_exp1/Test/CombinedUnlabeled/9EUP-f3-positive_graphs.npy,StrongNegative,0.328,
Chol-GAT,../../../Data/SplitData/Cholesterol/cholesterol-separate-graphs-5A_exp1/Test/CombinedUnlabeled/9F41-f1_graphs.npy,StrongNegative,0.0,
Chol-GAT,../../../Data/SplitData/Cholesterol/cholesterol-separate-graphs-5A_exp1/Test/CombinedUnlabeled/9GE2-f1-positive_graphs.npy,StrongNegative,0.294,
Chol-GAT,../../../Data/SplitData/Cholesterol/cholesterol-separate-graphs-5A_exp1/Test/CombinedUnlabeled/9GYO-f1-positive_graphs.npy,PseudoPositive,0.265,
Chol-GAT,../../../Data/SplitData/Cholesterol/cholesterol-separate-graphs-5A_exp1/Test/CombinedUnlabeled/9GYO-f3_graphs.npy,StrongNegative,0.0,
Chol-GAT,../../../Data/SplitData/Cholesterol/cholesterol-separate-graphs-5A_exp1/Test/CombinedUnlabeled/9GYO-f4_graphs.npy,StrongNegative,0.0,
Chol-GAT,../../../Data/SplitData/Cholesterol/cholesterol-separate-graphs-5A_exp1/Test/CombinedUnlabeled/9IJ9-f1_graphs.npy,StrongNegative,0.0,
Chol-GAT,../../../Data/SplitData/Cholesterol/cholesterol-separate-graphs-5A_exp1/Test/CombinedUnlabeled/9IJA-f4_graphs.npy,StrongNegative,0.0,
Chol-GAT,../../../Data/SplitData/Cholesterol/cholesterol-separate-graphs-5A_exp1/Test/CombinedUnlabeled/9IMA-f1-positive_graphs.npy,StrongNegative,0.212,
Chol-GAT,../../../Data/SplitData/Cholesterol/cholesterol-separate-graphs-5A_exp1/Test/CombinedUnlabeled/9IMA-f3-positive_graphs.npy,StrongNegative,0.273,
Chol-GAT,../../../Data/SplitData/Cholesterol/cholesterol-separate-graphs-5A_exp1/Test/CombinedUnlabeled/9IMA-f4_graphs.npy,StrongNegative,0.0,
Chol-GAT,../../../Data/SplitData/Cholesterol/cholesterol-separate-graphs-5A_exp1/Test/CombinedUnlabeled/9INE-f5_graphs.npy,StrongNegative,0.129,
Chol-GAT,../../../Data/SplitData/Cholesterol/cholesterol-separate-graphs-5A_exp1/Test/CombinedUnlabeled/9INF-f3_graphs.npy,StrongNegative,0.0,
Chol-GAT,../../../Data/SplitData/Cholesterol/cholesterol-separate-graphs-5A_exp1/Test/CombinedUnlabeled/9ITE-f1-positive_graphs.npy,StrongNegative,0.243,
Chol-GAT,../../../Data/SplitData/Cholesterol/cholesterol-separate-graphs-5A_exp1/Test/CombinedUnlabeled/9ITE-f2_graphs.npy,PseudoPositive,0.03,
Chol-GAT,../../../Data/SplitData/Cholesterol/cholesterol-separate-graphs-5A_exp1/Test/CombinedUnlabeled/9ITG-f5_graphs.npy,StrongNegative,0.0,
Chol-GAT,../../../Data/SplitData/Cholesterol/cholesterol-separate-graphs-5A_exp1/Test/CombinedUnlabeled/9J7M-f4_graphs.npy,StrongNegative,0.0,
Chol-GAT,../../../Data/SplitData/Cholesterol/cholesterol-separate-graphs-5A_exp1/Test/CombinedUnlabeled/9J7M-f5-positive_graphs.npy,StrongNegative,0.217,
Chol-GAT,../../../Data/SplitData/Cholesterol/cholesterol-separate-graphs-5A_exp1/Test/CombinedUnlabeled/9J7N-f1_graphs.npy,StrongNegative,0.113,
Chol-GAT,../../../Data/SplitData/Cholesterol/cholesterol-separate-graphs-5A_exp1/Test/CombinedUnlabeled/9J7N-f2_graphs.npy,StrongNegative,0.0,
Chol-GAT,../../../Data/SplitData/Cholesterol/cholesterol-separate-graphs-5A_exp1/Test/CombinedUnlabeled/9J7N-f4-positive_graphs.npy,PseudoPositive,0.28,
Chol-GAT,../../../Data/SplitData/Cholesterol/cholesterol-separate-graphs-5A_exp1/Test/CombinedUnlabeled/9J7O-f3_graphs.npy,StrongNegative,0.0,
Chol-GAT,../../../Data/SplitData/Cholesterol/cholesterol-separate-graphs-5A_exp1/Test/CombinedUnlabeled/9J7O-f4_graphs.npy,StrongNegative,0.037,
Chol-GAT,../../../Data/SplitData/Cholesterol/cholesterol-separate-graphs-5A_exp1/Test/CombinedUnlabeled/9J7O-f5_graphs.npy,StrongNegative,0.0,
Chol-GAT,../../../Data/SplitData/Cholesterol/cholesterol-separate-graphs-5A_exp1/Test/CombinedUnlabeled/9J8D-f1_graphs.npy,StrongNegative,0.0,
Chol-GAT,../../../Data/SplitData/Cholesterol/cholesterol-separate-graphs-5A_exp1/Test/CombinedUnlabeled/9J8D-f5_graphs.npy,StrongNegative,0.0,
Chol-GAT,../../../Data/SplitData/Cholesterol/cholesterol-separate-graphs-5A_exp1/Test/CombinedUnlabeled/9J97-f3_graphs.npy,StrongNegative,0.0,
Chol-GAT,../../../Data/SplitData/Cholesterol/cholesterol-separate-graphs-5A_exp1/Test/CombinedUnlabeled/9K1D-f1-positive_graphs.npy,PseudoNegative,0.553,
Chol-GAT,../../../Data/SplitData/Cholesterol/cholesterol-separate-graphs-5A_exp1/Test/CombinedUnlabeled/9K1D-f2-positive_graphs.npy,StrongNegative,0.308,
Chol-GAT,../../../Data/SplitData/Cholesterol/cholesterol-separate-graphs-5A_exp1/Test/CombinedUnlabeled/9K1D-f3_graphs.npy,StrongNegative,0.0,
Chol-GAT,../../../Data/SplitData/Cholesterol/cholesterol-separate-graphs-5A_exp1/Test/CombinedUnlabeled/9K7B-f2_graphs.npy,StrongNegative,0.0,
Chol-3DCNN,,StrongNegative,0.0,1ZHY-f3
Chol-3DCNN,,PseudoPositive,0.34,2RH1-f2
Chol-3DCNN,,StrongPositive,0.238,2RH1-f3
Chol-3DCNN,,StrongNegative,0.278,2ZXE-f1
Chol-3DCNN,,StrongNegative,0.255,3A3Y-f1
Chol-3DCNN,,StrongNegative,0.0,3GKI-f5
Chol-3DCNN,,StrongNegative,0.186,3NY8-f1
Chol-3DCNN,,StrongNegative,0.167,3NY9-f2
Chol-3DCNN,,StrongNegative,0.0,3NYA-f5
Chol-3DCNN,,PseudoNegative,0.326,3WGU-f1
Chol-3DCNN,,PseudoNegative,0.208,3WGU-f2
Chol-3DCNN,,PseudoPositive,0.292,3WGU-f3
Chol-3DCNN,,StrongNegative,0.333,3WGV-f1
Chol-3DCNN,,StrongNegative,0.0,3WGV-f3
Chol-3DCNN,,StrongNegative,0.246,3WGV-f4
Chol-3DCNN,,StrongNegative,0.0,4BQU-f2
Chol-3DCNN,,StrongNegative,0.0,4BQU-f4
Chol-3DCNN,,StrongNegative,0.0,4DKL-f3
Chol-3DCNN,,StrongNegative,0.0,4EIY-f4
Chol-3DCNN,,StrongNegative,0.0,4HYT-f1
Chol-3DCNN,,StrongNegative,0.0,4HYT-f2
Chol-3DCNN,,StrongNegative,0.0,4HYT-f3
Chol-3DCNN,,PseudoPositive,0.225,4M48-f4
Chol-3DCNN,,StrongNegative,0.2,4NTJ-f4
Chol-3DCNN,,StrongPositive,0.2,4PXZ-f1
Chol-3DCNN,,StrongNegative,0.108,4PXZ-f5
Chol-3DCNN,,StrongNegative,0.277,4XNU-f1
Chol-3DCNN,,StrongNegative,0.071,4XNU-f5
Chol-3DCNN,,StrongNegative,0.164,4XNV-f2
Chol-3DCNN,,StrongNegative,0.0,4XNX-f3
Chol-3DCNN,,StrongNegative,0.25,4XP1-f1
Chol-3DCNN,,StrongNegative,0.261,4XP4-f1
Chol-3DCNN,,StrongNegative,0.269,4XP5-f1
Chol-3DCNN,,StrongNegative,0.0,4XP5-f3
Chol-3DCNN,,StrongNegative,0.255,4XP9-f1
Chol-3DCNN,,StrongNegative,0.286,4XPA-f1
Chol-3DCNN,,StrongNegative,0.0,4XPA-f5
Chol-3DCNN,,StrongNegative,0.302,4XPB-f1
Chol-3DCNN,,StrongNegative,0.0,4XPB-f2
Chol-3DCNN,,StrongNegative,0.227,4XPF-f1
Chol-3DCNN,,StrongNegative,0.0,4XPF-f2
Chol-3DCNN,,StrongNegative,0.262,4XPG-f1
Chol-3DCNN,,StrongNegative,0.239,4XPH-f1
Chol-3DCNN,,StrongNegative,0.0,4XT1-f4
Chol-3DCNN,,StrongNegative,0.236,5AVQ-f1
Chol-3DCNN,,StrongNegative,0.0,5AVQ-f4
Chol-3DCNN,,StrongNegative,0.0,5AVR-f1
Chol-3DCNN,,StrongNegative,0.214,5AVR-f5
Chol-3DCNN,,StrongNegative,0.0,5AVT-f1
Chol-3DCNN,,StrongNegative,0.203,5AVT-f2
Chol-3DCNN,,PseudoNegative,0.286,5AVU-f1
Chol-3DCNN,,PseudoNegative,0.119,5AVU-f3
Chol-3DCNN,,PseudoNegative,0.237,5AVV-f1
Chol-3DCNN,,PseudoNegative,0.24,5AVV-f4
Chol-3DCNN,,PseudoNegative,0.278,5AVW-f1
Chol-3DCNN,,StrongNegative,0.274,5AVX-f1
Chol-3DCNN,,PseudoNegative,0.262,5AVY-f1
Chol-3DCNN,,PseudoNegative,0.245,5AVY-f2
Chol-3DCNN,,PseudoNegative,0.24,5AVZ-f1
Chol-3DCNN,,PseudoNegative,0.255,5AVZ-f2
Chol-3DCNN,,StrongNegative,0.214,5AW0-f1
Chol-3DCNN,,StrongNegative,0.0,5AW0-f4
Chol-3DCNN,,PseudoNegative,0.226,5AW1-f1
Chol-3DCNN,,StrongNegative,0.0,5AW1-f5
Chol-3DCNN,,PseudoPositive,0.254,5AW2-f1
Chol-3DCNN,,PseudoNegative,0.24,5AW2-f2
Chol-3DCNN,,PseudoPositive,0.222,5AW3-f1
Chol-3DCNN,,StrongNegative,0.26,5AW4-f1
Chol-3DCNN,,StrongNegative,0.232,5AW5-f1
Chol-3DCNN,,StrongNegative,0.214,5AW7-f1
Chol-3DCNN,,PseudoNegative,0.237,5AW7-f2
Chol-3DCNN,,StrongNegative,0.236,5AW8-f1
Chol-3DCNN,,StrongNegative,0.0,5AW8-f5
Chol-3DCNN,,PseudoNegative,0.2,5AW9-f1
Chol-3DCNN,,StrongNegative,0.254,5AW9-f4
Chol-3DCNN,,StrongPositive,0.25,5D5A-f3
Chol-3DCNN,,StrongNegative,0.22,5D5A-f5
Chol-3DCNN,,StrongPositive,0.267,5D6L-f2
Chol-3DCNN,,PseudoNegative,0.296,5D6L-f4
Chol-3DCNN,,StrongNegative,0.0,5I6X-f4
Chol-3DCNN,,StrongNegative,0.0,5I71-f5
Chol-3DCNN,,StrongNegative,0.0,5I73-f1
Chol-3DCNN,,StrongNegative,0.0,5I75-f3
Chol-3DCNN,,StrongNegative,0.031,5IU7-f4
Chol-3DCNN,,StrongNegative,0.0,5IUA-f1
Chol-3DCNN,,StrongPositive,0.129,5IUA-f3
Chol-3DCNN,,StrongNegative,0.0,5JTB-f1
Chol-3DCNN,,StrongNegative,0.222,5JTB-f2
Chol-3DCNN,,StrongNegative,0.238,5K2A-f1
Chol-3DCNN,,StrongNegative,0.0,5K2B-f2
Chol-3DCNN,,StrongNegative,0.0,5K2C-f5
Chol-3DCNN,,StrongNegative,0.0,5L7D-f3
Chol-3DCNN,,StrongNegative,0.0,5MZJ-f2
Chol-3DCNN,,StrongNegative,0.302,5MZP-f1
Chol-3DCNN,,StrongNegative,0.205,5MZP-f2
Chol-3DCNN,,StrongNegative,0.213,5N2R-f3
Chol-3DCNN,,PseudoNegative,0.366,5NLX-f3
Chol-3DCNN,,StrongNegative,0.0,5NLX-f4
Chol-3DCNN,,StrongNegative,0.0,5NM2-f1
Chol-3DCNN,,StrongNegative,0.0,5NM2-f3
Chol-3DCNN,,StrongNegative,0.0,5NM2-f5
Chol-3DCNN,,StrongNegative,0.306,5NM4-f3
Chol-3DCNN,,StrongNegative,0.0,5OLG-f4
Chol-3DCNN,,StrongNegative,0.0,5OLH-f1
Chol-3DCNN,,StrongPositive,0.25,5OLO-f2
Chol-3DCNN,,StrongNegative,0.255,5OLV-f1
Chol-3DCNN,,StrongNegative,0.283,5OLZ-f1
Chol-3DCNN,,StrongPositive,0.3,5OLZ-f3
Chol-3DCNN,,StrongNegative,0.205,5OLZ-f5
Chol-3DCNN,,StrongNegative,0.0,5OM1-f3
Chol-3DCNN,,StrongNegative,0.042,5OM1-f4
Chol-3DCNN,,StrongPositive,0.278,5OM1-f5
Chol-3DCNN,,StrongPositive,0.067,5OM4-f1
Chol-3DCNN,,StrongNegative,0.0,5OM4-f5
Chol-3DCNN,,StrongNegative,0.0,5TVN-f1
Chol-3DCNN,,StrongNegative,0.0,5UPH-f1
Chol-3DCNN,,StrongNegative,0.0,5UPH-f4
Chol-3DCNN,,StrongNegative,0.0,5WVR-f1
Chol-3DCNN,,StrongNegative,0.0,5X7D-f4
Chol-3DCNN,,StrongNegative,0.014,5X93-f1
Chol-3DCNN,,StrongNegative,0.0,5XR8-f4
Chol-3DCNN,,StrongNegative,0.073,5XRA-f1
Chol-3DCNN,,StrongNegative,0.0,5ZM5-f4
Chol-3DCNN,,StrongNegative,0.0,5ZM7-f3
Chol-3DCNN,,StrongNegative,0.0,6A15-f1
Chol-3DCNN,,StrongNegative,0.0,6A15-f3
Chol-3DCNN,,StrongNegative,0.107,6A93-f4
Chol-3DCNN,,StrongNegative,0.255,6AQF-f2
Chol-3DCNN,,StrongNegative,0.0,6B73-f2
Chol-3DCNN,,StrongPositive,0.37,6BHU-f3
Chol-3DCNN,,PseudoNegative,0.348,6BHU-f4
Chol-3DCNN,,StrongNegative,0.0,6CO7-f2
Chol-3DCNN,,StrongNegative,0.0,6CO7-f3
Chol-3DCNN,,StrongNegative,0.0,6DRX-f1
Chol-3DCNN,,StrongNegative,0.0,6DRY-f3
Chol-3DCNN,,StrongNegative,0.0,6GT3-f2
Chol-3DCNN,,StrongNegative,0.135,6GYH-f2
Chol-3DCNN,,StrongNegative,0.0,6IBB-f5
Chol-3DCNN,,StrongNegative,0.257,6IDF-f5
Chol-3DCNN,,StrongNegative,0.079,6IIV-f1
Chol-3DCNN,,StrongNegative,0.355,6IIV-f5
Chol-3DCNN,,StrongPositive,0.237,6JMQ-f4
Chol-3DCNN,,StrongNegative,0.2,6JXH-f1
Chol-3DCNN,,StrongNegative,0.0,6JXH-f5
Chol-3DCNN,,PseudoNegative,0.318,6JXI-f2
Chol-3DCNN,,StrongNegative,0.0,6JXI-f4
Chol-3DCNN,,StrongNegative,0.0,6JXJ-f4
Chol-3DCNN,,StrongNegative,0.0,6JZH-f2
Chol-3DCNN,,StrongNegative,0.079,6JZH-f3
Chol-3DCNN,,StrongNegative,0.0,6KUW-f1
Chol-3DCNN,,StrongNegative,0.083,6KUW-f5
Chol-3DCNN,,StrongNegative,0.0,6LFO-f3
Chol-3DCNN,,StrongNegative,0.0,6LPK-f1
Chol-3DCNN,,StrongNegative,0.047,6LPL-f5
Chol-3DCNN,,StrongNegative,0.0,6LR4-f3
Chol-3DCNN,,StrongNegative,0.154,6LW5-f1
Chol-3DCNN,,StrongNegative,0.372,6M0Z-f1
Chol-3DCNN,,StrongNegative,0.0,6M0Z-f3
Chol-3DCNN,,StrongNegative,0.0,6M0Z-f5
Chol-3DCNN,,PseudoPositive,0.278,6M2R-f1
Chol-3DCNN,,StrongNegative,0.0,6M2R-f5
Chol-3DCNN,,PseudoPositive,0.222,6M38-f3
Chol-3DCNN,,StrongNegative,0.289,6M47-f1
Chol-3DCNN,,StrongNegative,0.0,6M47-f4
Chol-3DCNN,,StrongNegative,0.0,6MSM-f2
Chol-3DCNN,,StrongNegative,0.0,6MSM-f3
Chol-3DCNN,,StrongNegative,0.0,6MSM-f4
Chol-3DCNN,,StrongNegative,0.0,6N4B-f5
Chol-3DCNN,,PseudoPositive,0.259,6NBF-f2
Chol-3DCNN,,StrongNegative,0.0,6O1V-f1
Chol-3DCNN,,StrongNegative,0.0,6OBA-f1
Chol-3DCNN,,StrongNegative,0.0,6OBA-f4
Chol-3DCNN,,StrongNegative,0.212,6OMM-f3
Chol-3DCNN,,StrongNegative,0.0,6OS1-f2
Chol-3DCNN,,StrongNegative,0.387,6OS2-f3
Chol-3DCNN,,PseudoPositive,0.393,6OS2-f4
Chol-3DCNN,,StrongNegative,0.0,6PB0-f1
Chol-3DCNN,,StrongNegative,0.0,6PEQ-f2
Chol-3DCNN,,StrongNegative,0.0,6PEQ-f3
Chol-3DCNN,,StrongNegative,0.0,6PEQ-f5
Chol-3DCNN,,StrongNegative,0.13,6PRZ-f3
Chol-3DCNN,,StrongNegative,0.0,6PRZ-f4
Chol-3DCNN,,StrongNegative,0.0,6PS0-f4
Chol-3DCNN,,StrongNegative,0.0,6PS1-f2
Chol-3DCNN,,StrongNegative,0.0,6PS1-f5
Chol-3DCNN,,StrongNegative,0.345,6PS3-f3
Chol-3DCNN,,StrongNegative,0.0,6PS3-f5
Chol-3DCNN,,StrongNegative,0.0,6PS4-f3
Chol-3DCNN,,StrongNegative,0.0,6PS7-f4
Chol-3DCNN,,StrongNegative,0.0,6PS7-f5
Chol-3DCNN,,StrongNegative,0.0,6PT2-f2
Chol-3DCNN,,StrongNegative,0.0,6RZ6-f2
Chol-3DCNN,,StrongNegative,0.0,6RZ6-f3
Chol-3DCNN,,StrongNegative,0.0,6RZ6-f4
Chol-3DCNN,,StrongNegative,0.122,6RZ7-f5
Chol-3DCNN,,StrongNegative,0.0,6RZ9-f1
Chol-3DCNN,,StrongNegative,0.0,6S0L-f1
Chol-3DCNN,,PseudoNegative,0.278,6S0L-f4
Chol-3DCNN,,StrongNegative,0.0,6S0L-f5
Chol-3DCNN,,StrongNegative,0.0,6S0Q-f1
Chol-3DCNN,,StrongNegative,0.0,6S0Q-f5
Chol-3DCNN,,StrongNegative,0.0,6T4I-f1
Chol-3DCNN,,StrongNegative,0.188,6T4I-f3
Chol-3DCNN,,StrongNegative,0.0,6T9N-f5
Chol-3DCNN,,StrongNegative,0.0,6T9O-f3
Chol-3DCNN,,StrongNegative,0.0,6T9O-f4
Chol-3DCNN,,StrongNegative,0.0,6TLQ-f1
Chol-3DCNN,,PseudoNegative,0.4,6TPK-f1
Chol-3DCNN,,StrongNegative,0.0,6TPK-f2
Chol-3DCNN,,StrongNegative,0.0,6UCB-f5
Chol-3DCNN,,StrongNegative,0.226,6UD4-f5
Chol-3DCNN,,StrongNegative,0.22,6UY0-f4
Chol-3DCNN,,StrongNegative,0.0,6V22-f5
Chol-3DCNN,,StrongNegative,0.0,6VI4-f1
Chol-3DCNN,,StrongNegative,0.0,6VI4-f4
Chol-3DCNN,,StrongNegative,0.0,6W5S-f2
Chol-3DCNN,,StrongNegative,0.0,6WBF-f5
Chol-3DCNN,,StrongNegative,0.0,6WBG-f3
Chol-3DCNN,,StrongNegative,0.0,6WBN-f3
Chol-3DCNN,,StrongNegative,0.0,6WH4-f3
Chol-3DCNN,,StrongNegative,0.0,6WH4-f4
Chol-3DCNN,,StrongNegative,0.0,6WH4-f5
Chol-3DCNN,,StrongPositive,0.0,6WIV-f5
Chol-3DCNN,,StrongNegative,0.0,6WM2-f2
Chol-3DCNN,,PseudoNegative,0.227,6WQA-f1
Chol-3DCNN,,PseudoNegative,0.273,6ZDR-f1
Chol-3DCNN,,PseudoNegative,0.286,6ZDV-f4
Chol-3DCNN,,PseudoPositive,0.429,7BU7-f5
Chol-3DCNN,,PseudoNegative,0.261,7BVQ-f1
Chol-3DCNN,,StrongNegative,0.0,7BVQ-f4
Chol-3DCNN,,StrongNegative,0.0,7C9I-f2
Chol-3DCNN,,StrongNegative,0.0,7CFN-f2
Chol-3DCNN,,StrongNegative,0.0,7CKW-f2
Chol-3DCNN,,PseudoPositive,0.256,7CKW-f3
Chol-3DCNN,,StrongPositive,0.256,7CKW-f5
Chol-3DCNN,,PseudoNegative,0.359,7CKY-f3
Chol-3DCNN,,StrongNegative,0.286,7CKZ-f3
Chol-3DCNN,,StrongNegative,0.0,7CU3-f4
Chol-3DCNN,,StrongNegative,0.0,7CU3-f5
Chol-3DCNN,,StrongNegative,0.2,7CZ5-f1
Chol-3DCNN,,StrongNegative,0.25,7CZ5-f3
Chol-3DCNN,,PseudoPositive,0.333,7CZ5-f4
Chol-3DCNN,,StrongNegative,0.0,7D76-f3
Chol-3DCNN,,StrongNegative,0.0,7D77-f5
Chol-3DCNN,,StrongNegative,0.241,7D91-f1
Chol-3DCNN,,StrongNegative,0.0,7D91-f5
Chol-3DCNN,,PseudoNegative,0.12,7DDH-f2
Chol-3DCNN,,StrongNegative,0.0,7DDH-f4
Chol-3DCNN,,StrongNegative,0.0,7DF8-f3
Chol-3DCNN,,StrongNegative,0.182,7DFW-f4
Chol-3DCNN,,StrongNegative,0.0,7DUR-f1
Chol-3DCNN,,StrongNegative,0.082,7DW9-f2
Chol-3DCNN,,StrongNegative,0.0,7DW9-f3
Chol-3DCNN,,StrongNegative,0.0,7DW9-f4
Chol-3DCNN,,PseudoNegative,0.0,7E14-f2
Chol-3DCNN,,StrongNegative,0.0,7E2X-f1
Chol-3DCNN,,StrongNegative,0.0,7E2Y-f1
Chol-3DCNN,,StrongNegative,0.0,7E2Y-f2
Chol-3DCNN,,StrongNegative,0.0,7EJX-f1
Chol-3DCNN,,StrongNegative,0.077,7EJX-f2
Chol-3DCNN,,StrongPositive,0.294,7EJX-f3
Chol-3DCNN,,StrongNegative,0.0,7EKI-f1
Chol-3DCNN,,StrongNegative,0.0,7EKP-f2
Chol-3DCNN,,StrongNegative,0.0,7EKP-f3
Chol-3DCNN,,StrongNegative,0.0,7EKT-f3
Chol-3DCNN,,StrongNegative,0.0,7ET1-f2
Chol-3DCNN,,StrongNegative,0.0,7EVM-f2
Chol-3DCNN,,StrongNegative,0.208,7F16-f4
Chol-3DCNN,,StrongNegative,0.254,7F61-f4
Chol-3DCNN,,StrongNegative,0.022,7F61-f5
Chol-3DCNN,,StrongNegative,0.0,7F6G-f3
Chol-3DCNN,,StrongPositive,0.176,7F6G-f4
Chol-3DCNN,,StrongPositive,0.205,7F6G-f5
Chol-3DCNN,,StrongNegative,0.0,7F6H-f1
Chol-3DCNN,,StrongNegative,0.0,7F6I-f1
Chol-3DCNN,,StrongNegative,0.0,7F6I-f2
Chol-3DCNN,,StrongNegative,0.2,7F9Y-f1
Chol-3DCNN,,StrongNegative,0.39,7F9Y-f2
Chol-3DCNN,,StrongNegative,0.0,7FEE-f1
Chol-3DCNN,,PseudoNegative,0.286,7FEE-f2
Chol-3DCNN,,StrongPositive,0.242,7FEE-f5
Chol-3DCNN,,StrongNegative,0.1,7FIN-f2
Chol-3DCNN,,StrongNegative,0.0,7FJD-f5
Chol-3DCNN,,StrongNegative,0.21,7JV5-f1
Chol-3DCNN,,StrongNegative,0.0,7KY7-f5
Chol-3DCNN,,StrongNegative,0.262,7LFT-f1
Chol-3DCNN,,StrongNegative,0.315,7LFT-f3
Chol-3DCNN,,StrongNegative,0.315,7LFT-f4
Chol-3DCNN,,StrongNegative,0.333,7LFT-f5
Chol-3DCNN,,StrongNegative,0.204,7LGW-f3
Chol-3DCNN,,PseudoNegative,0.235,7LGW-f4
Chol-3DCNN,,StrongNegative,0.0,7LH2-f1
Chol-3DCNN,,StrongNegative,0.0,7LH2-f2
Chol-3DCNN,,StrongNegative,0.099,7LH2-f3
Chol-3DCNN,,StrongNegative,0.0,7LH2-f4
Chol-3DCNN,,StrongPositive,0.29,7LH2-f5
Chol-3DCNN,,StrongNegative,0.2,7LIA-f1
Chol-3DCNN,,StrongNegative,0.0,7LIA-f2
Chol-3DCNN,,StrongNegative,0.0,7LJC-f1
Chol-3DCNN,,StrongNegative,0.204,7LJC-f5
Chol-3DCNN,,PseudoPositive,0.309,7M5X-f3
Chol-3DCNN,,StrongNegative,0.0,7M5X-f5
Chol-3DCNN,,PseudoPositive,0.293,7M5Y-f1
Chol-3DCNN,,StrongNegative,0.011,7M95-f4
Chol-3DCNN,,StrongNegative,0.013,7MFI-f1
Chol-3DCNN,,StrongNegative,0.0,7MFI-f2
Chol-3DCNN,,StrongNegative,0.176,7MFI-f4
Chol-3DCNN,,StrongNegative,0.156,7MIX-f4
Chol-3DCNN,,StrongNegative,0.0,7MIY-f4
Chol-3DCNN,,StrongNegative,0.0,7MIY-f5
Chol-3DCNN,,StrongNegative,0.224,7N4U-f1
Chol-3DCNN,,StrongNegative,0.25,7N4U-f2
Chol-3DCNN,,StrongNegative,0.239,7N4U-f4
Chol-3DCNN,,StrongNegative,0.0,7N4X-f3
Chol-3DCNN,,PseudoPositive,0.297,7N4X-f5
Chol-3DCNN,,StrongPositive,0.244,7NA7-f2
Chol-3DCNN,,StrongNegative,0.0,7NA7-f5
Chol-3DCNN,,PseudoPositive,0.191,7NA8-f3
Chol-3DCNN,,StrongNegative,0.382,7NEQ-f2
Chol-3DCNN,,StrongNegative,0.317,7NEQ-f5
Chol-3DCNN,,PseudoNegative,0.2,7NF6-f2
Chol-3DCNN,,StrongNegative,0.0,7NF6-f3
Chol-3DCNN,,StrongPositive,0.4,7NF8-f1
Chol-3DCNN,,StrongNegative,0.0,7NF8-f5
Chol-3DCNN,,StrongNegative,0.0,7OCA-f1
Chol-3DCNN,,StrongNegative,0.238,7OCA-f3
Chol-3DCNN,,StrongNegative,0.0,7OCA-f4
Chol-3DCNN,,StrongNegative,0.0,7OCE-f1
Chol-3DCNN,,PseudoNegative,0.205,7OJI-f5
Chol-3DCNN,,StrongNegative,0.077,7P00-f1
Chol-3DCNN,,StrongNegative,0.0,7P00-f2
Chol-3DCNN,,StrongPositive,0.273,7P00-f4
Chol-3DCNN,,StrongNegative,0.0,7P02-f3
Chol-3DCNN,,StrongNegative,0.095,7PP1-f5
Chol-3DCNN,,StrongNegative,0.214,7PX4-f4
Chol-3DCNN,,StrongNegative,0.0,7PXE-f3
Chol-3DCNN,,StrongNegative,0.0,7PYR-f4
Chol-3DCNN,,StrongNegative,0.0,7Q1U-f1
Chol-3DCNN,,StrongNegative,0.0,7Q1U-f4
Chol-3DCNN,,StrongNegative,0.137,7R8B-f1
Chol-3DCNN,,StrongNegative,0.207,7R8B-f2
Chol-3DCNN,,StrongNegative,0.0,7R8B-f5
Chol-3DCNN,,StrongNegative,0.202,7R8D-f1
Chol-3DCNN,,StrongNegative,0.0,7R8D-f3
Chol-3DCNN,,PseudoNegative,0.302,7RHR-f2
Chol-3DCNN,,StrongNegative,0.226,7SHF-f3
Chol-3DCNN,,PseudoPositive,0.333,7SIL-f1
Chol-3DCNN,,StrongNegative,0.0,7SIL-f2
Chol-3DCNN,,StrongNegative,0.279,7SIL-f3
Chol-3DCNN,,PseudoNegative,0.25,7SIL-f4
Chol-3DCNN,,StrongPositive,0.312,7SIL-f5
Chol-3DCNN,,StrongNegative,0.24,7SIM-f2
Chol-3DCNN,,PseudoPositive,0.323,7SIM-f3
Chol-3DCNN,,PseudoNegative,0.387,7SIM-f4
Chol-3DCNN,,PseudoPositive,0.29,7SK4-f1
Chol-3DCNN,,StrongNegative,0.226,7SK4-f3
Chol-3DCNN,,StrongNegative,0.0,7SK7-f1
Chol-3DCNN,,StrongNegative,0.0,7SK7-f4
Chol-3DCNN,,PseudoNegative,0.224,7SK8-f1
Chol-3DCNN,,StrongNegative,0.429,7SK8-f3
Chol-3DCNN,,StrongPositive,0.421,7SL8-f1
Chol-3DCNN,,StrongNegative,0.088,7SMM-f2
Chol-3DCNN,,StrongNegative,0.0,7SMR-f4
Chol-3DCNN,,PseudoNegative,0.257,7SMR-f5
Chol-3DCNN,,PseudoNegative,0.212,7SMS-f4
Chol-3DCNN,,StrongPositive,0.3,7SMS-f5
Chol-3DCNN,,StrongNegative,0.0,7SMT-f4
Chol-3DCNN,,StrongPositive,0.286,7SMT-f5
Chol-3DCNN,,StrongNegative,0.0,7SVD-f5
Chol-3DCNN,,StrongNegative,0.0,7TBW-f4
Chol-3DCNN,,StrongNegative,0.0,7TC0-f4
Chol-3DCNN,,StrongNegative,0.0,7TJ9-f1
Chol-3DCNN,,StrongNegative,0.0,7TY4-f4
Chol-3DCNN,,StrongNegative,0.0,7TY6-f1
Chol-3DCNN,,StrongNegative,0.0,7TY6-f2
Chol-3DCNN,,StrongNegative,0.0,7TY6-f3
Chol-3DCNN,,StrongNegative,0.0,7TY7-f2
Chol-3DCNN,,StrongNegative,0.0,7UHG-f1
Chol-3DCNN,,StrongNegative,0.012,7UHG-f3
Chol-3DCNN,,StrongNegative,0.0,7URC-f2
Chol-3DCNN,,StrongNegative,0.0,7URD-f2
Chol-3DCNN,,StrongNegative,0.0,7USW-f1
Chol-3DCNN,,StrongNegative,0.0,7USX-f3
Chol-3DCNN,,StrongNegative,0.0,7UZ3-f2
Chol-3DCNN,,StrongNegative,0.0,7UZ3-f4
Chol-3DCNN,,StrongNegative,0.0,7UZE-f1
Chol-3DCNN,,StrongNegative,0.0,7UZQ-f2
Chol-3DCNN,,StrongNegative,0.0,7UZQ-f3
Chol-3DCNN,,StrongNegative,0.244,7V07-f4
Chol-3DCNN,,StrongNegative,0.28,7V0K-f1
Chol-3DCNN,,StrongNegative,0.282,7V0K-f2
Chol-3DCNN,,StrongNegative,0.0,7V0K-f3
Chol-3DCNN,,StrongNegative,0.0,7V0K-f5
Chol-3DCNN,,StrongNegative,0.0,7V0S-f2
Chol-3DCNN,,StrongNegative,0.0,7V19-f3
Chol-3DCNN,,StrongNegative,0.0,7V3Z-f4
Chol-3DCNN,,StrongNegative,0.222,7V3Z-f5
Chol-3DCNN,,StrongNegative,0.319,7VAB-f2
Chol-3DCNN,,PseudoPositive,0.275,7VAB-f3
Chol-3DCNN,,StrongNegative,0.0,7VDH-f1
Chol-3DCNN,,StrongPositive,0.293,7VDH-f3
Chol-3DCNN,,StrongPositive,0.267,7VDL-f2
Chol-3DCNN,,PseudoNegative,0.106,7VDL-f3
Chol-3DCNN,,PseudoPositive,0.298,7VFX-f1
Chol-3DCNN,,StrongNegative,0.204,7VFX-f4
Chol-3DCNN,,StrongNegative,0.0,7VGZ-f1
Chol-3DCNN,,PseudoPositive,0.282,7VLA-f4
Chol-3DCNN,,StrongNegative,0.167,7VLA-f5
Chol-3DCNN,,StrongNegative,0.0,7VR7-f4
Chol-3DCNN,,StrongNegative,0.0,7VUY-f5
Chol-3DCNN,,StrongNegative,0.133,7VUZ-f1
Chol-3DCNN,,StrongNegative,0.0,7VUZ-f2
Chol-3DCNN,,StrongNegative,0.0,7VV3-f4
Chol-3DCNN,,StrongNegative,0.0,7VV4-f3
Chol-3DCNN,,StrongNegative,0.0,7VV5-f2
Chol-3DCNN,,PseudoNegative,0.311,7W2Z-f1
Chol-3DCNN,,PseudoPositive,0.25,7W2Z-f2
Chol-3DCNN,,PseudoNegative,0.222,7W2Z-f3
Chol-3DCNN,,StrongNegative,0.208,7W9W-f1
Chol-3DCNN,,StrongNegative,0.0,7W9W-f3
Chol-3DCNN,,StrongNegative,0.0,7WC4-f1
Chol-3DCNN,,StrongNegative,0.0,7WC4-f3
Chol-3DCNN,,StrongNegative,0.134,7WC5-f1
Chol-3DCNN,,StrongNegative,0.0,7WC6-f4
Chol-3DCNN,,StrongNegative,0.0,7WC7-f1
Chol-3DCNN,,StrongNegative,0.0,7WC7-f2
Chol-3DCNN,,StrongNegative,0.0,7WC7-f3
Chol-3DCNN,,StrongNegative,0.0,7WC7-f4
Chol-3DCNN,,StrongNegative,0.0,7WC8-f1
Chol-3DCNN,,StrongPositive,0.204,7WC8-f2
Chol-3DCNN,,StrongNegative,0.0,7WEL-f4
Chol-3DCNN,,StrongNegative,0.0,7WFR-f3
Chol-3DCNN,,StrongNegative,0.0,7WFW-f1
Chol-3DCNN,,StrongNegative,0.0,7WGD-f4
Chol-3DCNN,,StrongNegative,0.238,7WGT-f1
Chol-3DCNN,,StrongNegative,0.0,7WLD-f3
Chol-3DCNN,,StrongNegative,0.25,7WLW-f1
Chol-3DCNN,,StrongNegative,0.0,7WLW-f5
Chol-3DCNN,,StrongNegative,0.037,7WQ3-f5
Chol-3DCNN,,PseudoPositive,0.29,7WU4-f1
Chol-3DCNN,,StrongNegative,0.0,7WU5-f1
Chol-3DCNN,,StrongNegative,0.304,7WU5-f2
Chol-3DCNN,,StrongNegative,0.0,7WU5-f4
Chol-3DCNN,,StrongNegative,0.314,7WYU-f2
Chol-3DCNN,,StrongNegative,0.317,7WYZ-f3
Chol-3DCNN,,StrongNegative,0.0,7WYZ-f4
Chol-3DCNN,,StrongNegative,0.2,7WYZ-f5
Chol-3DCNN,,StrongNegative,0.206,7WZ0-f1
Chol-3DCNN,,StrongNegative,0.265,7WZ0-f3
Chol-3DCNN,,StrongNegative,0.0,7WZ0-f5
Chol-3DCNN,,StrongNegative,0.236,7X24-f1
Chol-3DCNN,,StrongNegative,0.0,7X2C-f1
Chol-3DCNN,,StrongNegative,0.0,7X2F-f5
Chol-3DCNN,,PseudoPositive,0.25,7XBX-f3
Chol-3DCNN,,StrongNegative,0.0,7XBX-f4
Chol-3DCNN,,StrongPositive,0.286,7XBX-f5
Chol-3DCNN,,StrongNegative,0.0,7XEM-f4
Chol-3DCNN,,StrongNegative,0.0,7XER-f1
Chol-3DCNN,,StrongNegative,0.0,7XER-f3
Chol-3DCNN,,StrongNegative,0.246,7XEU-f3
Chol-3DCNN,,StrongNegative,0.328,7XT8-f2
Chol-3DCNN,,StrongNegative,0.0,7XT8-f3
Chol-3DCNN,,StrongNegative,0.0,7XT9-f1
Chol-3DCNN,,StrongNegative,0.306,7XT9-f3
Chol-3DCNN,,StrongNegative,0.0,7XTC-f1
Chol-3DCNN,,StrongNegative,0.211,7XVE-f4
Chol-3DCNN,,StrongPositive,0.227,7XW5-f3
Chol-3DCNN,,StrongNegative,0.222,7XW6-f1
Chol-3DCNN,,StrongNegative,0.0,7XW6-f3
Chol-3DCNN,,StrongNegative,0.27,7XZH-f4
Chol-3DCNN,,StrongNegative,0.228,7Y45-f1
Chol-3DCNN,,StrongNegative,0.214,7Y45-f3
Chol-3DCNN,,StrongNegative,0.085,7Y45-f5
Chol-3DCNN,,StrongNegative,0.0,7Y5T-f5
Chol-3DCNN,,StrongNegative,0.0,7Y5X-f1
Chol-3DCNN,,StrongPositive,0.273,7Y5X-f4
Chol-3DCNN,,StrongNegative,0.0,7Y5Z-f2
Chol-3DCNN,,PseudoNegative,0.214,7YAE-f3
Chol-3DCNN,,StrongNegative,0.147,7YAE-f4
Chol-3DCNN,,StrongNegative,0.154,7YFC-f4
Chol-3DCNN,,PseudoNegative,0.333,7YKD-f1
Chol-3DCNN,,StrongNegative,0.0,7ZI0-f1
Chol-3DCNN,,StrongNegative,0.0,7ZXN-f4
Chol-3DCNN,,StrongNegative,0.0,7ZXN-f5
Chol-3DCNN,,StrongNegative,0.0,7ZYI-f1
Chol-3DCNN,,StrongNegative,0.0,7ZYI-f3
Chol-3DCNN,,StrongNegative,0.234,7ZYI-f5
Chol-3DCNN,,StrongNegative,0.0,8A2O-f3
Chol-3DCNN,,StrongNegative,0.0,8BHT-f1
Chol-3DCNN,,PseudoNegative,0.35,8BHT-f5
Chol-3DCNN,,StrongPositive,0.3,8BI0-f5
Chol-3DCNN,,StrongNegative,0.0,8BJF-f1
Chol-3DCNN,,PseudoPositive,0.0,8BJF-f5
Chol-3DCNN,,StrongNegative,0.218,8C9W-f2
Chol-3DCNN,,StrongNegative,0.011,8C9W-f3
Chol-3DCNN,,StrongNegative,0.0,8CIC-f1
Chol-3DCNN,,StrongNegative,0.0,8CIC-f3
Chol-3DCNN,,StrongNegative,0.0,8CRT-f3
Chol-3DCNN,,StrongNegative,0.0,8CS9-f1
Chol-3DCNN,,StrongNegative,0.0,8CS9-f3
Chol-3DCNN,,StrongNegative,0.0,8CT2-f3
Chol-3DCNN,,StrongNegative,0.0,8CT2-f4
Chol-3DCNN,,StrongNegative,0.0,8CU6-f5
Chol-3DCNN,,StrongNegative,0.22,8CU7-f2
Chol-3DCNN,,StrongNegative,0.0,8DPF-f2
Chol-3DCNN,,StrongNegative,0.0,8DPI-f1
Chol-3DCNN,,StrongNegative,0.205,8DU3-f2
Chol-3DCNN,,StrongNegative,0.208,8E0G-f2
Chol-3DCNN,,PseudoPositive,0.344,8EF5-f2
Chol-3DCNN,,StrongNegative,0.25,8EF5-f4
Chol-3DCNN,,StrongNegative,0.294,8EF6-f1
Chol-3DCNN,,StrongNegative,0.333,8EF6-f3
Chol-3DCNN,,StrongNegative,0.25,8EF6-f4
Chol-3DCNN,,StrongNegative,0.277,8EFL-f1
Chol-3DCNN,,StrongNegative,0.277,8EFL-f2
Chol-3DCNN,,PseudoPositive,0.312,8EFL-f4
Chol-3DCNN,,PseudoNegative,0.302,8EFO-f1
Chol-3DCNN,,StrongNegative,0.238,8EFO-f4
Chol-3DCNN,,StrongNegative,0.0,8EIO-f2
Chol-3DCNN,,StrongNegative,0.0,8EIQ-f2
Chol-3DCNN,,StrongNegative,0.0,8EIQ-f3
Chol-3DCNN,,StrongNegative,0.0,8EOG-f4
Chol-3DCNN,,StrongNegative,0.0,8ESK-f1
Chol-3DCNN,,PseudoPositive,0.25,8ESK-f4
Chol-3DCNN,,StrongNegative,0.09,8ESK-f5
Chol-3DCNN,,StrongNegative,0.0,8F1D-f3
Chol-3DCNN,,StrongPositive,0.241,8F2S-f2
Chol-3DCNN,,PseudoPositive,0.273,8F2S-f3
Chol-3DCNN,,PseudoNegative,0.286,8F6Y-f1
Chol-3DCNN,,PseudoNegative,0.229,8F6Y-f3
Chol-3DCNN,,StrongNegative,0.0,8F6Y-f4
Chol-3DCNN,,StrongNegative,0.0,8F6Z-f3
Chol-3DCNN,,StrongNegative,0.0,8F6Z-f5
Chol-3DCNN,,StrongNegative,0.222,8F7Q-f1
Chol-3DCNN,,StrongNegative,0.239,8F7Q-f2
Chol-3DCNN,,PseudoNegative,0.381,8F7Q-f5
Chol-3DCNN,,StrongNegative,0.241,8F7R-f1
Chol-3DCNN,,PseudoNegative,0.333,8F7R-f3
Chol-3DCNN,,PseudoNegative,0.212,8F7R-f5
Chol-3DCNN,,StrongNegative,0.286,8F7S-f1
Chol-3DCNN,,StrongPositive,0.0,8F7S-f3
Chol-3DCNN,,StrongNegative,0.0,8FD7-f3
Chol-3DCNN,,StrongNegative,0.0,8FHS-f1
Chol-3DCNN,,StrongNegative,0.0,8FHS-f4
Chol-3DCNN,,StrongNegative,0.436,8G05-f5
Chol-3DCNN,,StrongNegative,0.261,8GHF-f1
Chol-3DCNN,,StrongPositive,0.298,8GI8-f4
Chol-3DCNN,,StrongNegative,0.218,8GI8-f5
Chol-3DCNN,,StrongPositive,0.212,8GI9-f3
Chol-3DCNN,,StrongNegative,0.484,8GI9-f4
Chol-3DCNN,,StrongNegative,0.232,8GI9-f5
Chol-3DCNN,,StrongNegative,0.0,8GN7-f3
Chol-3DCNN,,StrongPositive,0.311,8GNE-f2
Chol-3DCNN,,StrongNegative,0.205,8GNE-f3
Chol-3DCNN,,StrongPositive,0.379,8GNK-f5
Chol-3DCNN,,StrongNegative,0.162,8HA0-f1
Chol-3DCNN,,PseudoPositive,0.278,8HA0-f2
Chol-3DCNN,,StrongPositive,0.225,8HA0-f5
Chol-3DCNN,,StrongNegative,0.261,8HDO-f1
Chol-3DCNN,,StrongNegative,0.0,8HDO-f2
Chol-3DCNN,,StrongNegative,0.233,8HDO-f3
Chol-3DCNN,,StrongNegative,0.0,8HDO-f4
Chol-3DCNN,,StrongNegative,0.295,8HDP-f1
Chol-3DCNN,,StrongNegative,0.259,8HDP-f3
Chol-3DCNN,,StrongNegative,0.0,8HNK-f1
Chol-3DCNN,,StrongNegative,0.0,8HNK-f4
Chol-3DCNN,,StrongNegative,0.0,8HNL-f4
Chol-3DCNN,,StrongNegative,0.13,8HSI-f3
Chol-3DCNN,,StrongNegative,0.226,8HSI-f4
Chol-3DCNN,,StrongNegative,0.238,8I2G-f1
Chol-3DCNN,,StrongNegative,0.0,8IJM-f3
Chol-3DCNN,,StrongNegative,0.292,8IJW-f2
Chol-3DCNN,,StrongNegative,0.0,8IJW-f3
Chol-3DCNN,,StrongNegative,0.211,8IJW-f4
Chol-3DCNN,,StrongNegative,0.309,8IJX-f2
Chol-3DCNN,,PseudoPositive,0.24,8IM7-f4
Chol-3DCNN,,StrongNegative,0.0,8IRR-f1
Chol-3DCNN,,StrongNegative,0.0,8IRR-f2
Chol-3DCNN,,StrongNegative,0.265,8IRR-f3
Chol-3DCNN,,StrongPositive,0.0,8IRU-f3
Chol-3DCNN,,StrongPositive,0.175,8IRV-f1
Chol-3DCNN,,StrongNegative,0.0,8IRV-f3
Chol-3DCNN,,StrongNegative,0.321,8IRV-f4
Chol-3DCNN,,StrongNegative,0.0,8IVL-f1
Chol-3DCNN,,StrongNegative,0.0,8IVL-f4
Chol-3DCNN,,StrongNegative,0.0,8IZ4-f2
Chol-3DCNN,,StrongNegative,0.0,8IZ4-f5
Chol-3DCNN,,StrongNegative,0.19,8IZB-f1
Chol-3DCNN,,StrongNegative,0.0,8IZB-f4
Chol-3DCNN,,StrongNegative,0.12,8IZB-f5
Chol-3DCNN,,StrongNegative,0.259,8J6M-f1
Chol-3DCNN,,StrongPositive,0.227,8J6Q-f3
Chol-3DCNN,,PseudoNegative,0.221,8J6Q-f4
Chol-3DCNN,,PseudoNegative,0.231,8J7F-f3
Chol-3DCNN,,PseudoNegative,0.231,8J7F-f4
Chol-3DCNN,,StrongNegative,0.0,8J7M-f3
Chol-3DCNN,,StrongNegative,0.212,8JBK-f1
Chol-3DCNN,,PseudoNegative,0.319,8JBK-f2
Chol-3DCNN,,StrongNegative,0.0,8JBK-f3
Chol-3DCNN,,StrongNegative,0.0,8JBK-f4
Chol-3DCNN,,StrongNegative,0.305,8JBL-f1
Chol-3DCNN,,StrongNegative,0.208,8JBL-f2
Chol-3DCNN,,StrongNegative,0.0,8JBL-f5
Chol-3DCNN,,StrongNegative,0.308,8JBM-f1
Chol-3DCNN,,StrongNegative,0.4,8JBM-f2
Chol-3DCNN,,StrongNegative,0.268,8JC0-f3
Chol-3DCNN,,StrongNegative,0.0,8JC0-f4
Chol-3DCNN,,StrongNegative,0.179,8JC0-f5
Chol-3DCNN,,StrongNegative,0.031,8JCY-f1
Chol-3DCNN,,PseudoNegative,0.081,8JCY-f4
Chol-3DCNN,,StrongNegative,0.0,8JCY-f5
Chol-3DCNN,,StrongNegative,0.0,8JD0-f3
Chol-3DCNN,,StrongNegative,0.0,8JEZ-f1
Chol-3DCNN,,StrongNegative,0.053,8JHY-f3
Chol-3DCNN,,StrongNegative,0.056,8JII-f2
Chol-3DCNN,,StrongNegative,0.0,8JIM-f1
Chol-3DCNN,,StrongPositive,0.234,8JIM-f5
Chol-3DCNN,,StrongNegative,0.0,8JJP-f1
Chol-3DCNN,,StrongNegative,0.0,8JJP-f4
Chol-3DCNN,,StrongNegative,0.0,8JKV-f2
Chol-3DCNN,,StrongNegative,0.0,8JL1-f4
Chol-3DCNN,,StrongNegative,0.0,8JL3-f1
Chol-3DCNN,,StrongNegative,0.0,8JL3-f3
Chol-3DCNN,,StrongNegative,0.0,8JL4-f1
Chol-3DCNN,,StrongNegative,0.0,8JMN-f1
Chol-3DCNN,,StrongNegative,0.255,8JMN-f3
Chol-3DCNN,,StrongNegative,0.0,8JMN-f5
Chol-3DCNN,,StrongNegative,0.0,8JQR-f1
Chol-3DCNN,,StrongNegative,0.0,8JQR-f2
Chol-3DCNN,,StrongNegative,0.203,8JQR-f3
Chol-3DCNN,,StrongNegative,0.295,8JT6-f2
Chol-3DCNN,,StrongNegative,0.0,8JWZ-f1
Chol-3DCNN,,StrongNegative,0.0,8JXQ-f1
Chol-3DCNN,,StrongNegative,0.0,8JZS-f5
Chol-3DCNN,,StrongNegative,0.304,8JZX-f1
Chol-3DCNN,,StrongNegative,0.25,8JZX-f3
Chol-3DCNN,,StrongNegative,0.0,8K2W-f1
Chol-3DCNN,,StrongNegative,0.2,8K2X-f2
Chol-3DCNN,,StrongNegative,0.0,8K66-f1
Chol-3DCNN,,StrongNegative,0.0,8K66-f3
Chol-3DCNN,,PseudoNegative,0.299,8K66-f5
Chol-3DCNN,,StrongNegative,0.0,8K9R-f3
Chol-3DCNN,,StrongNegative,0.0,8K9R-f5
Chol-3DCNN,,StrongNegative,0.0,8K9T-f4
Chol-3DCNN,,StrongNegative,0.0,8KCT-f3
Chol-3DCNN,,StrongNegative,0.122,8KCW-f2
Chol-3DCNN,,StrongNegative,0.0,8KH4-f4
Chol-3DCNN,,StrongNegative,0.271,8KH5-f1
Chol-3DCNN,,StrongNegative,0.0,8KH5-f2
Chol-3DCNN,,StrongNegative,0.0,8KH5-f4
Chol-3DCNN,,StrongNegative,0.34,8PG0-f2
Chol-3DCNN,,StrongNegative,0.0,8PG0-f5
Chol-3DCNN,,StrongNegative,0.231,8PM6-f2
Chol-3DCNN,,StrongNegative,0.214,8PWN-f3
Chol-3DCNN,,StrongNegative,0.074,8PXO-f2
Chol-3DCNN,,StrongNegative,0.0,8PXO-f3
Chol-3DCNN,,StrongNegative,0.417,8PXO-f4
Chol-3DCNN,,StrongNegative,0.333,8PY4-f3
Chol-3DCNN,,StrongNegative,0.0,8PY4-f4
Chol-3DCNN,,StrongNegative,0.097,8PY4-f5
Chol-3DCNN,,StrongNegative,0.217,8Q7B-f4
Chol-3DCNN,,PseudoNegative,0.314,8Q7B-f5
Chol-3DCNN,,StrongNegative,0.375,8QCM-f4
Chol-3DCNN,,StrongNegative,0.302,8QCM-f5
Chol-3DCNN,,StrongNegative,0.0,8QJF-f2
Chol-3DCNN,,StrongNegative,0.0,8QJF-f3
Chol-3DCNN,,StrongNegative,0.0,8QJF-f4
Chol-3DCNN,,StrongNegative,0.0,8QKI-f3
Chol-3DCNN,,StrongNegative,0.0,8RLN-f1
Chol-3DCNN,,StrongNegative,0.0,8RQQ-f1
Chol-3DCNN,,StrongNegative,0.0,8RQQ-f5
Chol-3DCNN,,PseudoNegative,0.2,8RVW-f3
Chol-3DCNN,,StrongNegative,0.326,8RWC-f1
Chol-3DCNN,,StrongPositive,0.25,8RWC-f4
Chol-3DCNN,,StrongNegative,0.0,8RWC-f5
Chol-3DCNN,,StrongNegative,0.0,8RWD-f5
Chol-3DCNN,,StrongNegative,0.0,8RWE-f2
Chol-3DCNN,,StrongNegative,0.0,8RWE-f3
Chol-3DCNN,,PseudoNegative,0.267,8RWE-f4
Chol-3DCNN,,StrongNegative,0.0,8RWE-f5
Chol-3DCNN,,StrongNegative,0.0,8RWH-f3
Chol-3DCNN,,StrongNegative,0.0,8RWI-f3
Chol-3DCNN,,PseudoNegative,0.225,8RWI-f5
Chol-3DCNN,,StrongNegative,0.2,8S3E-f1
Chol-3DCNN,,PseudoNegative,0.234,8S3E-f4
Chol-3DCNN,,StrongPositive,0.271,8S3E-f5
Chol-3DCNN,,StrongNegative,0.0,8SH3-f1
Chol-3DCNN,,StrongNegative,0.0,8SH3-f3
Chol-3DCNN,,StrongNegative,0.0,8SH3-f4
Chol-3DCNN,,StrongNegative,0.0,8SHC-f1
Chol-3DCNN,,StrongNegative,0.245,8SI2-f1
Chol-3DCNN,,StrongNegative,0.24,8SI2-f2
Chol-3DCNN,,StrongNegative,0.264,8SI2-f3
Chol-3DCNN,,StrongNegative,0.0,8SI4-f2
Chol-3DCNN,,StrongNegative,0.318,8SI4-f3
Chol-3DCNN,,StrongNegative,0.385,8SI5-f1
Chol-3DCNN,,PseudoPositive,0.354,8SI5-f2
Chol-3DCNN,,StrongNegative,0.312,8SI6-f2
Chol-3DCNN,,StrongNegative,0.323,8SI7-f1
Chol-3DCNN,,PseudoNegative,0.354,8SI7-f3
Chol-3DCNN,,StrongNegative,0.317,8SI8-f1
Chol-3DCNN,,StrongNegative,0.317,8SI8-f3
Chol-3DCNN,,StrongNegative,0.207,8SIA-f1
Chol-3DCNN,,StrongNegative,0.356,8SIA-f2
Chol-3DCNN,,StrongNegative,0.328,8SIA-f3
Chol-3DCNN,,StrongNegative,0.0,8SIA-f4
Chol-3DCNN,,StrongNegative,0.0,8SIE-f1
Chol-3DCNN,,StrongNegative,0.0,8SMV-f4
Chol-3DCNN,,StrongNegative,0.0,8SR7-f2
Chol-3DCNN,,StrongNegative,0.0,8SR7-f5
Chol-3DCNN,,PseudoPositive,0.324,8SR8-f4
Chol-3DCNN,,PseudoPositive,0.361,8SRA-f1
Chol-3DCNN,,PseudoNegative,0.351,8SRA-f2
Chol-3DCNN,,StrongNegative,0.324,8SRB-f1
Chol-3DCNN,,StrongNegative,0.333,8SRB-f2
Chol-3DCNN,,PseudoNegative,0.333,8SRB-f3
Chol-3DCNN,,StrongNegative,0.0,8SRB-f5
Chol-3DCNN,,PseudoNegative,0.333,8SRC-f5
Chol-3DCNN,,StrongNegative,0.368,8SRD-f1
Chol-3DCNN,,PseudoNegative,0.342,8SRE-f3
Chol-3DCNN,,StrongNegative,0.0,8SRE-f4
Chol-3DCNN,,PseudoNegative,0.359,8SRF-f1
Chol-3DCNN,,PseudoPositive,0.333,8SRF-f3
Chol-3DCNN,,StrongPositive,0.241,8SRF-f4
Chol-3DCNN,,PseudoPositive,0.0,8SRF-f5
Chol-3DCNN,,PseudoNegative,0.368,8SRG-f3
Chol-3DCNN,,StrongPositive,0.316,8SRG-f4
Chol-3DCNN,,StrongNegative,0.385,8SRI-f1
Chol-3DCNN,,StrongNegative,0.0,8SRI-f4
Chol-3DCNN,,StrongNegative,0.0,8SS3-f2
Chol-3DCNN,,StrongNegative,0.0,8SS6-f3
Chol-3DCNN,,StrongNegative,0.0,8SS7-f2
Chol-3DCNN,,StrongNegative,0.014,8SZA-f5
Chol-3DCNN,,PseudoNegative,0.258,8SZB-f1
Chol-3DCNN,,PseudoPositive,0.289,8SZB-f2
Chol-3DCNN,,StrongNegative,0.068,8SZH-f3
Chol-3DCNN,,StrongNegative,0.047,8SZH-f5
Chol-3DCNN,,StrongNegative,0.0,8T04-f2
Chol-3DCNN,,StrongNegative,0.079,8T04-f3
Chol-3DCNN,,StrongNegative,0.22,8T05-f1
Chol-3DCNN,,StrongNegative,0.0,8T3S-f1
Chol-3DCNN,,StrongNegative,0.0,8T3V-f2
Chol-3DCNN,,StrongNegative,0.0,8T56-f2
Chol-3DCNN,,StrongNegative,0.0,8T6U-f5
Chol-3DCNN,,StrongNegative,0.259,8TF5-f1
Chol-3DCNN,,StrongNegative,0.222,8TF5-f4
Chol-3DCNN,,StrongNegative,0.0,8TKP-f1
Chol-3DCNN,,StrongNegative,0.0,8U4R-f1
Chol-3DCNN,,StrongNegative,0.0,8U4R-f3
Chol-3DCNN,,StrongNegative,0.0,8U4R-f4
Chol-3DCNN,,StrongNegative,0.0,8U4R-f5
Chol-3DCNN,,PseudoNegative,0.0,8U4S-f1
Chol-3DCNN,,PseudoNegative,0.0,8U4S-f4
Chol-3DCNN,,PseudoPositive,0.4,8U4T-f1
Chol-3DCNN,,PseudoPositive,0.4,8U4T-f2
Chol-3DCNN,,PseudoPositive,0.4,8U4T-f3
Chol-3DCNN,,PseudoPositive,0.44,8U4T-f5
Chol-3DCNN,,PseudoNegative,0.3,8UGY-f1
Chol-3DCNN,,StrongNegative,0.0,8UGY-f4
Chol-3DCNN,,StrongNegative,0.068,8UH3-f4
Chol-3DCNN,,StrongNegative,0.0,8UH3-f5
Chol-3DCNN,,PseudoPositive,0.259,8UUK-f5
Chol-3DCNN,,StrongNegative,0.0,8UVC-f3
Chol-3DCNN,,StrongNegative,0.0,8UVD-f2
Chol-3DCNN,,StrongNegative,0.0,8UVD-f3
Chol-3DCNN,,StrongNegative,0.118,8UVE-f1
Chol-3DCNN,,StrongNegative,0.0,8UVF-f3
Chol-3DCNN,,StrongNegative,0.0,8UVG-f1
Chol-3DCNN,,StrongNegative,0.0,8V1G-f2
Chol-3DCNN,,StrongNegative,0.0,8V63-f1
Chol-3DCNN,,StrongNegative,0.039,8V63-f4
Chol-3DCNN,,StrongNegative,0.0,8V64-f3
Chol-3DCNN,,StrongNegative,0.0,8V64-f4
Chol-3DCNN,,StrongNegative,0.0,8VAV-f4
Chol-3DCNN,,PseudoNegative,0.0,8VAV-f5
Chol-3DCNN,,StrongNegative,0.0,8VY7-f4
Chol-3DCNN,,StrongNegative,0.0,8VY9-f1
Chol-3DCNN,,StrongNegative,0.0,8W2L-f1
Chol-3DCNN,,StrongNegative,0.0,8W2L-f2
Chol-3DCNN,,PseudoNegative,0.327,8W2L-f4
Chol-3DCNN,,PseudoNegative,0.325,8W4A-f1
Chol-3DCNN,,StrongNegative,0.318,8W4A-f2
Chol-3DCNN,,StrongNegative,0.211,8W6O-f4
Chol-3DCNN,,StrongNegative,0.245,8W88-f2
Chol-3DCNN,,StrongNegative,0.229,8W88-f4
Chol-3DCNN,,StrongNegative,0.0,8W88-f5
Chol-3DCNN,,StrongNegative,0.41,8W8B-f1
Chol-3DCNN,,StrongPositive,0.246,8W8B-f2
Chol-3DCNN,,StrongNegative,0.0,8WE6-f2
Chol-3DCNN,,StrongNegative,0.228,8WE6-f5
Chol-3DCNN,,StrongNegative,0.0,8WE7-f2
Chol-3DCNN,,StrongNegative,0.274,8WE8-f4
Chol-3DCNN,,PseudoNegative,0.211,8WE8-f5
Chol-3DCNN,,StrongNegative,0.0,8WE9-f1
Chol-3DCNN,,StrongNegative,0.108,8WOQ-f1
Chol-3DCNN,,StrongNegative,0.0,8WOQ-f2
Chol-3DCNN,,StrongNegative,0.207,8WOR-f1
Chol-3DCNN,,StrongNegative,0.117,8WPU-f1
Chol-3DCNN,,StrongNegative,0.0,8WRB-f1
Chol-3DCNN,,StrongNegative,0.0,8WRB-f3
Chol-3DCNN,,StrongNegative,0.0,8X52-f1
Chol-3DCNN,,StrongNegative,0.0,8X52-f2
Chol-3DCNN,,StrongNegative,0.0,8X54-f1
Chol-3DCNN,,StrongNegative,0.0,8X5B-f3
Chol-3DCNN,,StrongNegative,0.0,8X5F-f3
Chol-3DCNN,,StrongNegative,0.0,8X90-f5
Chol-3DCNN,,StrongNegative,0.0,8X91-f3
Chol-3DCNN,,StrongNegative,0.0,8XBS-f4
Chol-3DCNN,,StrongNegative,0.0,8XBS-f5
Chol-3DCNN,,StrongNegative,0.0,8XGM-f2
Chol-3DCNN,,StrongNegative,0.0,8XGM-f3
Chol-3DCNN,,StrongNegative,0.439,8XOR-f1
Chol-3DCNN,,StrongNegative,0.327,8XOR-f5
Chol-3DCNN,,StrongNegative,0.32,8XQJ-f2
Chol-3DCNN,,PseudoNegative,0.325,8XQJ-f4
Chol-3DCNN,,StrongNegative,0.023,8XQL-f2
Chol-3DCNN,,StrongNegative,0.0,8XQL-f5
Chol-3DCNN,,StrongNegative,0.0,8XQN-f4
Chol-3DCNN,,StrongNegative,0.093,8XQO-f5
Chol-3DCNN,,StrongNegative,0.0,8XQP-f1
Chol-3DCNN,,StrongNegative,0.0,8XQP-f2
Chol-3DCNN,,StrongNegative,0.0,8XQS-f3
Chol-3DCNN,,StrongNegative,0.0,8XQS-f4
Chol-3DCNN,,StrongNegative,0.0,8XQT-f4
Chol-3DCNN,,StrongNegative,0.291,8Y56-f1
Chol-3DCNN,,StrongNegative,0.0,8Y69-f2
Chol-3DCNN,,StrongNegative,0.0,8Y69-f3
Chol-3DCNN,,StrongNegative,0.0,8Y69-f4
Chol-3DCNN,,StrongPositive,0.233,8Y6I-f2
Chol-3DCNN,,PseudoPositive,0.244,8Y6I-f5
Chol-3DCNN,,StrongNegative,0.0,8YJP-f1
Chol-3DCNN,,StrongNegative,0.0,8YJP-f2
Chol-3DCNN,,StrongNegative,0.0,8YKY-f3
Chol-3DCNN,,StrongNegative,0.0,8YKY-f4
Chol-3DCNN,,StrongNegative,0.0,8YN2-f1
Chol-3DCNN,,PseudoNegative,0.2,8YN2-f4
Chol-3DCNN,,StrongNegative,0.0,8YN3-f2
Chol-3DCNN,,StrongNegative,0.0,8YN4-f1
Chol-3DCNN,,StrongNegative,0.231,8YN8-f5
Chol-3DCNN,,StrongNegative,0.244,8YN9-f2
Chol-3DCNN,,StrongNegative,0.0,8YN9-f3
Chol-3DCNN,,StrongNegative,0.31,8YN9-f5
Chol-3DCNN,,StrongNegative,0.0,8YNA-f2
Chol-3DCNN,,StrongNegative,0.2,8YR2-f3
Chol-3DCNN,,StrongNegative,0.227,8YU7-f1
Chol-3DCNN,,StrongNegative,0.212,8YU7-f2
Chol-3DCNN,,StrongNegative,0.215,8YU7-f3
Chol-3DCNN,,StrongNegative,0.0,8Z74-f1
Chol-3DCNN,,StrongNegative,0.209,8ZLE-f1
Chol-3DCNN,,PseudoNegative,0.256,8ZSJ-f5
Chol-3DCNN,,StrongNegative,0.0,8ZYJ-f5
Chol-3DCNN,,StrongNegative,0.046,9B8O-f2
Chol-3DCNN,,StrongNegative,0.254,9BBC-f5
Chol-3DCNN,,StrongNegative,0.0,9BR2-f1
Chol-3DCNN,,StrongNegative,0.0,9BR2-f3
Chol-3DCNN,,StrongNegative,0.0,9BUK-f5
Chol-3DCNN,,StrongNegative,0.0,9BUX-f2
Chol-3DCNN,,StrongNegative,0.0,9BVH-f1
Chol-3DCNN,,StrongNegative,0.0,9BVH-f4
Chol-3DCNN,,StrongNegative,0.205,9CDC-f1
Chol-3DCNN,,StrongNegative,0.277,9CDD-f1
Chol-3DCNN,,StrongNegative,0.229,9CDD-f2
Chol-3DCNN,,StrongNegative,0.14,9CDD-f4
Chol-3DCNN,,PseudoNegative,0.306,9CDE-f2
Chol-3DCNN,,StrongNegative,0.0,9CIA-f4
Chol-3DCNN,,StrongNegative,0.0,9CIA-f5
Chol-3DCNN,,StrongPositive,0.0,9CUI-f1
Chol-3DCNN,,PseudoNegative,0.0,9CUI-f5
Chol-3DCNN,,StrongNegative,0.0,9D3G-f2
Chol-3DCNN,,StrongNegative,0.0,9D3G-f4
Chol-3DCNN,,StrongNegative,0.0,9DBK-f1
Chol-3DCNN,,StrongNegative,0.0,9DBM-f4
Chol-3DCNN,,StrongNegative,0.0,9DBM-f5
Chol-3DCNN,,StrongNegative,0.0,9DNW-f1
Chol-3DCNN,,StrongNegative,0.0,9DNW-f2
Chol-3DCNN,,StrongNegative,0.25,9DNX-f3
Chol-3DCNN,,StrongNegative,0.0,9DNY-f1
Chol-3DCNN,,StrongNegative,0.0,9DNY-f3
Chol-3DCNN,,StrongNegative,0.095,9DNZ-f1
Chol-3DCNN,,StrongNegative,0.266,9DNZ-f2
Chol-3DCNN,,StrongNegative,0.25,9DNZ-f3
Chol-3DCNN,,StrongNegative,0.0,9DO0-f2
Chol-3DCNN,,StrongNegative,0.0,9DVJ-f4
Chol-3DCNN,,StrongNegative,0.0,9DVK-f3
Chol-3DCNN,,StrongNegative,0.0,9DVL-f4
Chol-3DCNN,,StrongNegative,0.0,9DVM-f1
Chol-3DCNN,,StrongNegative,0.13,9DVM-f2
Chol-3DCNN,,StrongNegative,0.0,9DVN-f5
Chol-3DCNN,,StrongNegative,0.0,9DW9-f4
Chol-3DCNN,,StrongNegative,0.0,9EUO-f1
Chol-3DCNN,,StrongNegative,0.23,9EUP-f2
Chol-3DCNN,,StrongNegative,0.328,9EUP-f3
Chol-3DCNN,,StrongNegative,0.0,9F41-f1
Chol-3DCNN,,StrongNegative,0.294,9GE2-f1
Chol-3DCNN,,StrongPositive,0.265,9GYO-f1
Chol-3DCNN,,StrongNegative,0.0,9GYO-f3
Chol-3DCNN,,StrongNegative,0.0,9GYO-f4
Chol-3DCNN,,StrongNegative,0.0,9IJ9-f1
Chol-3DCNN,,StrongNegative,0.0,9IJA-f4
Chol-3DCNN,,StrongPositive,0.212,9IMA-f1
Chol-3DCNN,,PseudoNegative,0.273,9IMA-f3
Chol-3DCNN,,StrongNegative,0.0,9IMA-f4
Chol-3DCNN,,StrongNegative,0.129,9INE-f5
Chol-3DCNN,,StrongNegative,0.0,9INF-f3
Chol-3DCNN,,StrongNegative,0.243,9ITE-f1
Chol-3DCNN,,PseudoNegative,0.03,9ITE-f2
Chol-3DCNN,,StrongNegative,0.0,9ITG-f5
Chol-3DCNN,,StrongNegative,0.0,9J7M-f4
Chol-3DCNN,,StrongNegative,0.217,9J7M-f5
Chol-3DCNN,,StrongNegative,0.113,9J7N-f1
Chol-3DCNN,,StrongNegative,0.0,9J7N-f2
Chol-3DCNN,,PseudoPositive,0.28,9J7N-f4
Chol-3DCNN,,StrongNegative,0.0,9J7O-f3
Chol-3DCNN,,StrongNegative,0.037,9J7O-f4
Chol-3DCNN,,StrongNegative,0.0,9J7O-f5
Chol-3DCNN,,StrongNegative,0.0,9J8D-f1
Chol-3DCNN,,StrongNegative,0.0,9J8D-f5
Chol-3DCNN,,StrongNegative,0.0,9J97-f3
Chol-3DCNN,,PseudoNegative,0.553,9K1D-f1
Chol-3DCNN,,StrongNegative,0.308,9K1D-f2
Chol-3DCNN,,StrongNegative,0.0,9K1D-f3
Chol-3DCNN,,StrongNegative,0.0,9K7B-f2
Chol-GCN,../../../Data/SplitData/Cholesterol/cholesterol-separate-graphs-5A_exp1/Test/CombinedUnlabeled/1ZHY-f3_graphs.npy,StrongNegative,0.0,
Chol-GCN,../../../Data/SplitData/Cholesterol/cholesterol-separate-graphs-5A_exp1/Test/CombinedUnlabeled/2RH1-f2-positive_graphs.npy,PseudoNegative,0.34,
Chol-GCN,../../../Data/SplitData/Cholesterol/cholesterol-separate-graphs-5A_exp1/Test/CombinedUnlabeled/2RH1-f3-positive_graphs.npy,PseudoPositive,0.238,
Chol-GCN,../../../Data/SplitData/Cholesterol/cholesterol-separate-graphs-5A_exp1/Test/CombinedUnlabeled/2ZXE-f1-positive_graphs.npy,StrongNegative,0.278,
Chol-GCN,../../../Data/SplitData/Cholesterol/cholesterol-separate-graphs-5A_exp1/Test/CombinedUnlabeled/3A3Y-f1-positive_graphs.npy,StrongNegative,0.255,
Chol-GCN,../../../Data/SplitData/Cholesterol/cholesterol-separate-graphs-5A_exp1/Test/CombinedUnlabeled/3GKI-f5_graphs.npy,StrongNegative,0.0,
Chol-GCN,../../../Data/SplitData/Cholesterol/cholesterol-separate-graphs-5A_exp1/Test/CombinedUnlabeled/3NY8-f1_graphs.npy,StrongNegative,0.186,
Chol-GCN,../../../Data/SplitData/Cholesterol/cholesterol-separate-graphs-5A_exp1/Test/CombinedUnlabeled/3NY9-f2_graphs.npy,StrongNegative,0.167,
Chol-GCN,../../../Data/SplitData/Cholesterol/cholesterol-separate-graphs-5A_exp1/Test/CombinedUnlabeled/3NYA-f5_graphs.npy,StrongNegative,0.0,
Chol-GCN,../../../Data/SplitData/Cholesterol/cholesterol-separate-graphs-5A_exp1/Test/CombinedUnlabeled/3WGU-f1-positive_graphs.npy,PseudoNegative,0.326,
Chol-GCN,../../../Data/SplitData/Cholesterol/cholesterol-separate-graphs-5A_exp1/Test/CombinedUnlabeled/3WGU-f2-positive_graphs.npy,StrongNegative,0.208,
Chol-GCN,../../../Data/SplitData/Cholesterol/cholesterol-separate-graphs-5A_exp1/Test/CombinedUnlabeled/3WGU-f3-positive_graphs.npy,StrongPositive,0.292,
Chol-GCN,../../../Data/SplitData/Cholesterol/cholesterol-separate-graphs-5A_exp1/Test/CombinedUnlabeled/3WGV-f1-positive_graphs.npy,StrongNegative,0.333,
Chol-GCN,../../../Data/SplitData/Cholesterol/cholesterol-separate-graphs-5A_exp1/Test/CombinedUnlabeled/3WGV-f3_graphs.npy,StrongNegative,0.0,
Chol-GCN,../../../Data/SplitData/Cholesterol/cholesterol-separate-graphs-5A_exp1/Test/CombinedUnlabeled/3WGV-f4-positive_graphs.npy,StrongNegative,0.246,
Chol-GCN,../../../Data/SplitData/Cholesterol/cholesterol-separate-graphs-5A_exp1/Test/CombinedUnlabeled/4BQU-f2_graphs.npy,StrongNegative,0.0,
Chol-GCN,../../../Data/SplitData/Cholesterol/cholesterol-separate-graphs-5A_exp1/Test/CombinedUnlabeled/4BQU-f4_graphs.npy,StrongNegative,0.0,
Chol-GCN,../../../Data/SplitData/Cholesterol/cholesterol-separate-graphs-5A_exp1/Test/CombinedUnlabeled/4DKL-f3_graphs.npy,StrongNegative,0.0,
Chol-GCN,../../../Data/SplitData/Cholesterol/cholesterol-separate-graphs-5A_exp1/Test/CombinedUnlabeled/4EIY-f4_graphs.npy,StrongNegative,0.0,
Chol-GCN,../../../Data/SplitData/Cholesterol/cholesterol-separate-graphs-5A_exp1/Test/CombinedUnlabeled/4HYT-f1_graphs.npy,StrongNegative,0.0,
Chol-GCN,../../../Data/SplitData/Cholesterol/cholesterol-separate-graphs-5A_exp1/Test/CombinedUnlabeled/4HYT-f2_graphs.npy,StrongNegative,0.0,
Chol-GCN,../../../Data/SplitData/Cholesterol/cholesterol-separate-graphs-5A_exp1/Test/CombinedUnlabeled/4HYT-f3_graphs.npy,PseudoNegative,0.0,
Chol-GCN,../../../Data/SplitData/Cholesterol/cholesterol-separate-graphs-5A_exp1/Test/CombinedUnlabeled/4M48-f4-positive_graphs.npy,PseudoNegative,0.225,
Chol-GCN,../../../Data/SplitData/Cholesterol/cholesterol-separate-graphs-5A_exp1/Test/CombinedUnlabeled/4NTJ-f4-positive_graphs.npy,StrongNegative,0.2,
Chol-GCN,../../../Data/SplitData/Cholesterol/cholesterol-separate-graphs-5A_exp1/Test/CombinedUnlabeled/4PXZ-f1-positive_graphs.npy,StrongPositive,0.2,
Chol-GCN,../../../Data/SplitData/Cholesterol/cholesterol-separate-graphs-5A_exp1/Test/CombinedUnlabeled/4PXZ-f5_graphs.npy,StrongNegative,0.108,
Chol-GCN,../../../Data/SplitData/Cholesterol/cholesterol-separate-graphs-5A_exp1/Test/CombinedUnlabeled/4XNU-f1-positive_graphs.npy,StrongNegative,0.277,
Chol-GCN,../../../Data/SplitData/Cholesterol/cholesterol-separate-graphs-5A_exp1/Test/CombinedUnlabeled/4XNU-f5_graphs.npy,StrongNegative,0.071,
Chol-GCN,../../../Data/SplitData/Cholesterol/cholesterol-separate-graphs-5A_exp1/Test/CombinedUnlabeled/4XNV-f2_graphs.npy,StrongNegative,0.164,
Chol-GCN,../../../Data/SplitData/Cholesterol/cholesterol-separate-graphs-5A_exp1/Test/CombinedUnlabeled/4XNX-f3_graphs.npy,StrongNegative,0.0,
Chol-GCN,../../../Data/SplitData/Cholesterol/cholesterol-separate-graphs-5A_exp1/Test/CombinedUnlabeled/4XP1-f1-positive_graphs.npy,StrongNegative,0.25,
Chol-GCN,../../../Data/SplitData/Cholesterol/cholesterol-separate-graphs-5A_exp1/Test/CombinedUnlabeled/4XP4-f1-positive_graphs.npy,StrongNegative,0.261,
Chol-GCN,../../../Data/SplitData/Cholesterol/cholesterol-separate-graphs-5A_exp1/Test/CombinedUnlabeled/4XP5-f1-positive_graphs.npy,StrongNegative,0.269,
Chol-GCN,../../../Data/SplitData/Cholesterol/cholesterol-separate-graphs-5A_exp1/Test/CombinedUnlabeled/4XP5-f3_graphs.npy,StrongNegative,0.0,
Chol-GCN,../../../Data/SplitData/Cholesterol/cholesterol-separate-graphs-5A_exp1/Test/CombinedUnlabeled/4XP9-f1-positive_graphs.npy,StrongNegative,0.255,
Chol-GCN,../../../Data/SplitData/Cholesterol/cholesterol-separate-graphs-5A_exp1/Test/CombinedUnlabeled/4XPA-f1-positive_graphs.npy,StrongNegative,0.286,
Chol-GCN,../../../Data/SplitData/Cholesterol/cholesterol-separate-graphs-5A_exp1/Test/CombinedUnlabeled/4XPA-f5_graphs.npy,StrongNegative,0.0,
Chol-GCN,../../../Data/SplitData/Cholesterol/cholesterol-separate-graphs-5A_exp1/Test/CombinedUnlabeled/4XPB-f1-positive_graphs.npy,StrongNegative,0.302,
Chol-GCN,../../../Data/SplitData/Cholesterol/cholesterol-separate-graphs-5A_exp1/Test/CombinedUnlabeled/4XPB-f2_graphs.npy,StrongNegative,0.0,
Chol-GCN,../../../Data/SplitData/Cholesterol/cholesterol-separate-graphs-5A_exp1/Test/CombinedUnlabeled/4XPF-f1-positive_graphs.npy,StrongNegative,0.227,
Chol-GCN,../../../Data/SplitData/Cholesterol/cholesterol-separate-graphs-5A_exp1/Test/CombinedUnlabeled/4XPF-f2_graphs.npy,StrongNegative,0.0,
Chol-GCN,../../../Data/SplitData/Cholesterol/cholesterol-separate-graphs-5A_exp1/Test/CombinedUnlabeled/4XPG-f1-positive_graphs.npy,StrongNegative,0.262,
Chol-GCN,../../../Data/SplitData/Cholesterol/cholesterol-separate-graphs-5A_exp1/Test/CombinedUnlabeled/4XPH-f1-positive_graphs.npy,StrongNegative,0.239,
Chol-GCN,../../../Data/SplitData/Cholesterol/cholesterol-separate-graphs-5A_exp1/Test/CombinedUnlabeled/4XT1-f4_graphs.npy,StrongNegative,0.0,
Chol-GCN,../../../Data/SplitData/Cholesterol/cholesterol-separate-graphs-5A_exp1/Test/CombinedUnlabeled/5AVQ-f1-positive_graphs.npy,StrongNegative,0.236,
Chol-GCN,../../../Data/SplitData/Cholesterol/cholesterol-separate-graphs-5A_exp1/Test/CombinedUnlabeled/5AVQ-f4_graphs.npy,StrongNegative,0.0,
Chol-GCN,../../../Data/SplitData/Cholesterol/cholesterol-separate-graphs-5A_exp1/Test/CombinedUnlabeled/5AVR-f1_graphs.npy,StrongNegative,0.0,
Chol-GCN,../../../Data/SplitData/Cholesterol/cholesterol-separate-graphs-5A_exp1/Test/CombinedUnlabeled/5AVR-f5-positive_graphs.npy,StrongNegative,0.214,
Chol-GCN,../../../Data/SplitData/Cholesterol/cholesterol-separate-graphs-5A_exp1/Test/CombinedUnlabeled/5AVT-f1_graphs.npy,StrongNegative,0.0,
Chol-GCN,../../../Data/SplitData/Cholesterol/cholesterol-separate-graphs-5A_exp1/Test/CombinedUnlabeled/5AVT-f2-positive_graphs.npy,StrongNegative,0.203,
Chol-GCN,../../../Data/SplitData/Cholesterol/cholesterol-separate-graphs-5A_exp1/Test/CombinedUnlabeled/5AVU-f1-positive_graphs.npy,StrongPositive,0.286,
Chol-GCN,../../../Data/SplitData/Cholesterol/cholesterol-separate-graphs-5A_exp1/Test/CombinedUnlabeled/5AVU-f3_graphs.npy,PseudoNegative,0.119,
Chol-GCN,../../../Data/SplitData/Cholesterol/cholesterol-separate-graphs-5A_exp1/Test/CombinedUnlabeled/5AVV-f1-positive_graphs.npy,StrongPositive,0.237,
Chol-GCN,../../../Data/SplitData/Cholesterol/cholesterol-separate-graphs-5A_exp1/Test/CombinedUnlabeled/5AVV-f4-positive_graphs.npy,StrongNegative,0.24,
Chol-GCN,../../../Data/SplitData/Cholesterol/cholesterol-separate-graphs-5A_exp1/Test/CombinedUnlabeled/5AVW-f1-positive_graphs.npy,StrongNegative,0.278,
Chol-GCN,../../../Data/SplitData/Cholesterol/cholesterol-separate-graphs-5A_exp1/Test/CombinedUnlabeled/5AVX-f1-positive_graphs.npy,StrongNegative,0.274,
Chol-GCN,../../../Data/SplitData/Cholesterol/cholesterol-separate-graphs-5A_exp1/Test/CombinedUnlabeled/5AVY-f1-positive_graphs.npy,PseudoPositive,0.262,
Chol-GCN,../../../Data/SplitData/Cholesterol/cholesterol-separate-graphs-5A_exp1/Test/CombinedUnlabeled/5AVY-f2-positive_graphs.npy,StrongNegative,0.245,
Chol-GCN,../../../Data/SplitData/Cholesterol/cholesterol-separate-graphs-5A_exp1/Test/CombinedUnlabeled/5AVZ-f1-positive_graphs.npy,StrongNegative,0.24,
Chol-GCN,../../../Data/SplitData/Cholesterol/cholesterol-separate-graphs-5A_exp1/Test/CombinedUnlabeled/5AVZ-f2-positive_graphs.npy,StrongNegative,0.255,
Chol-GCN,../../../Data/SplitData/Cholesterol/cholesterol-separate-graphs-5A_exp1/Test/CombinedUnlabeled/5AW0-f1-positive_graphs.npy,StrongNegative,0.214,
Chol-GCN,../../../Data/SplitData/Cholesterol/cholesterol-separate-graphs-5A_exp1/Test/CombinedUnlabeled/5AW0-f4_graphs.npy,StrongNegative,0.0,
Chol-GCN,../../../Data/SplitData/Cholesterol/cholesterol-separate-graphs-5A_exp1/Test/CombinedUnlabeled/5AW1-f1-positive_graphs.npy,StrongNegative,0.226,
Chol-GCN,../../../Data/SplitData/Cholesterol/cholesterol-separate-graphs-5A_exp1/Test/CombinedUnlabeled/5AW1-f5_graphs.npy,StrongNegative,0.0,
Chol-GCN,../../../Data/SplitData/Cholesterol/cholesterol-separate-graphs-5A_exp1/Test/CombinedUnlabeled/5AW2-f1-positive_graphs.npy,StrongPositive,0.254,
Chol-GCN,../../../Data/SplitData/Cholesterol/cholesterol-separate-graphs-5A_exp1/Test/CombinedUnlabeled/5AW2-f2-positive_graphs.npy,StrongNegative,0.24,
Chol-GCN,../../../Data/SplitData/Cholesterol/cholesterol-separate-graphs-5A_exp1/Test/CombinedUnlabeled/5AW3-f1-positive_graphs.npy,StrongNegative,0.222,
Chol-GCN,../../../Data/SplitData/Cholesterol/cholesterol-separate-graphs-5A_exp1/Test/CombinedUnlabeled/5AW4-f1-positive_graphs.npy,StrongNegative,0.26,
Chol-GCN,../../../Data/SplitData/Cholesterol/cholesterol-separate-graphs-5A_exp1/Test/CombinedUnlabeled/5AW5-f1-positive_graphs.npy,StrongNegative,0.232,
Chol-GCN,../../../Data/SplitData/Cholesterol/cholesterol-separate-graphs-5A_exp1/Test/CombinedUnlabeled/5AW7-f1-positive_graphs.npy,StrongNegative,0.214,
Chol-GCN,../../../Data/SplitData/Cholesterol/cholesterol-separate-graphs-5A_exp1/Test/CombinedUnlabeled/5AW7-f2-positive_graphs.npy,StrongPositive,0.237,
Chol-GCN,../../../Data/SplitData/Cholesterol/cholesterol-separate-graphs-5A_exp1/Test/CombinedUnlabeled/5AW8-f1-positive_graphs.npy,StrongNegative,0.236,
Chol-GCN,../../../Data/SplitData/Cholesterol/cholesterol-separate-graphs-5A_exp1/Test/CombinedUnlabeled/5AW8-f5_graphs.npy,StrongNegative,0.0,
Chol-GCN,../../../Data/SplitData/Cholesterol/cholesterol-separate-graphs-5A_exp1/Test/CombinedUnlabeled/5AW9-f1-positive_graphs.npy,StrongNegative,0.2,
Chol-GCN,../../../Data/SplitData/Cholesterol/cholesterol-separate-graphs-5A_exp1/Test/CombinedUnlabeled/5AW9-f4-positive_graphs.npy,StrongNegative,0.254,
Chol-GCN,../../../Data/SplitData/Cholesterol/cholesterol-separate-graphs-5A_exp1/Test/CombinedUnlabeled/5D5A-f3-positive_graphs.npy,StrongPositive,0.25,
Chol-GCN,../../../Data/SplitData/Cholesterol/cholesterol-separate-graphs-5A_exp1/Test/CombinedUnlabeled/5D5A-f5-positive_graphs.npy,StrongNegative,0.22,
Chol-GCN,../../../Data/SplitData/Cholesterol/cholesterol-separate-graphs-5A_exp1/Test/CombinedUnlabeled/5D6L-f2-positive_graphs.npy,PseudoPositive,0.267,
Chol-GCN,../../../Data/SplitData/Cholesterol/cholesterol-separate-graphs-5A_exp1/Test/CombinedUnlabeled/5D6L-f4-positive_graphs.npy,PseudoPositive,0.296,
Chol-GCN,../../../Data/SplitData/Cholesterol/cholesterol-separate-graphs-5A_exp1/Test/CombinedUnlabeled/5I6X-f4_graphs.npy,StrongNegative,0.0,
Chol-GCN,../../../Data/SplitData/Cholesterol/cholesterol-separate-graphs-5A_exp1/Test/CombinedUnlabeled/5I71-f5_graphs.npy,StrongNegative,0.0,
Chol-GCN,../../../Data/SplitData/Cholesterol/cholesterol-separate-graphs-5A_exp1/Test/CombinedUnlabeled/5I73-f1_graphs.npy,StrongNegative,0.0,
Chol-GCN,../../../Data/SplitData/Cholesterol/cholesterol-separate-graphs-5A_exp1/Test/CombinedUnlabeled/5I75-f3_graphs.npy,StrongNegative,0.0,
Chol-GCN,../../../Data/SplitData/Cholesterol/cholesterol-separate-graphs-5A_exp1/Test/CombinedUnlabeled/5IU7-f4_graphs.npy,StrongNegative,0.031,
Chol-GCN,../../../Data/SplitData/Cholesterol/cholesterol-separate-graphs-5A_exp1/Test/CombinedUnlabeled/5IUA-f1_graphs.npy,StrongNegative,0.0,
Chol-GCN,../../../Data/SplitData/Cholesterol/cholesterol-separate-graphs-5A_exp1/Test/CombinedUnlabeled/5IUA-f3_graphs.npy,StrongNegative,0.129,
Chol-GCN,../../../Data/SplitData/Cholesterol/cholesterol-separate-graphs-5A_exp1/Test/CombinedUnlabeled/5JTB-f1_graphs.npy,StrongNegative,0.0,
Chol-GCN,../../../Data/SplitData/Cholesterol/cholesterol-separate-graphs-5A_exp1/Test/CombinedUnlabeled/5JTB-f2-positive_graphs.npy,StrongNegative,0.222,
Chol-GCN,../../../Data/SplitData/Cholesterol/cholesterol-separate-graphs-5A_exp1/Test/CombinedUnlabeled/5K2A-f1-positive_graphs.npy,StrongNegative,0.238,
Chol-GCN,../../../Data/SplitData/Cholesterol/cholesterol-separate-graphs-5A_exp1/Test/CombinedUnlabeled/5K2B-f2_graphs.npy,StrongNegative,0.0,
Chol-GCN,../../../Data/SplitData/Cholesterol/cholesterol-separate-graphs-5A_exp1/Test/CombinedUnlabeled/5K2C-f5_graphs.npy,StrongNegative,0.0,
Chol-GCN,../../../Data/SplitData/Cholesterol/cholesterol-separate-graphs-5A_exp1/Test/CombinedUnlabeled/5L7D-f3_graphs.npy,PseudoNegative,0.0,
Chol-GCN,../../../Data/SplitData/Cholesterol/cholesterol-separate-graphs-5A_exp1/Test/CombinedUnlabeled/5MZJ-f2_graphs.npy,StrongNegative,0.0,
Chol-GCN,../../../Data/SplitData/Cholesterol/cholesterol-separate-graphs-5A_exp1/Test/CombinedUnlabeled/5MZP-f1-positive_graphs.npy,StrongPositive,0.302,
Chol-GCN,../../../Data/SplitData/Cholesterol/cholesterol-separate-graphs-5A_exp1/Test/CombinedUnlabeled/5MZP-f2-positive_graphs.npy,StrongNegative,0.205,
Chol-GCN,../../../Data/SplitData/Cholesterol/cholesterol-separate-graphs-5A_exp1/Test/CombinedUnlabeled/5N2R-f3-positive_graphs.npy,StrongNegative,0.213,
Chol-GCN,../../../Data/SplitData/Cholesterol/cholesterol-separate-graphs-5A_exp1/Test/CombinedUnlabeled/5NLX-f3-positive_graphs.npy,StrongNegative,0.366,
Chol-GCN,../../../Data/SplitData/Cholesterol/cholesterol-separate-graphs-5A_exp1/Test/CombinedUnlabeled/5NLX-f4_graphs.npy,StrongNegative,0.0,
Chol-GCN,../../../Data/SplitData/Cholesterol/cholesterol-separate-graphs-5A_exp1/Test/CombinedUnlabeled/5NM2-f1_graphs.npy,StrongNegative,0.0,
Chol-GCN,../../../Data/SplitData/Cholesterol/cholesterol-separate-graphs-5A_exp1/Test/CombinedUnlabeled/5NM2-f3_graphs.npy,StrongNegative,0.0,
Chol-GCN,../../../Data/SplitData/Cholesterol/cholesterol-separate-graphs-5A_exp1/Test/CombinedUnlabeled/5NM2-f5_graphs.npy,StrongNegative,0.0,
Chol-GCN,../../../Data/SplitData/Cholesterol/cholesterol-separate-graphs-5A_exp1/Test/CombinedUnlabeled/5NM4-f3-positive_graphs.npy,StrongNegative,0.306,
Chol-GCN,../../../Data/SplitData/Cholesterol/cholesterol-separate-graphs-5A_exp1/Test/CombinedUnlabeled/5OLG-f4_graphs.npy,StrongNegative,0.0,
Chol-GCN,../../../Data/SplitData/Cholesterol/cholesterol-separate-graphs-5A_exp1/Test/CombinedUnlabeled/5OLH-f1_graphs.npy,StrongNegative,0.0,
Chol-GCN,../../../Data/SplitData/Cholesterol/cholesterol-separate-graphs-5A_exp1/Test/CombinedUnlabeled/5OLO-f2-positive_graphs.npy,PseudoNegative,0.25,
Chol-GCN,../../../Data/SplitData/Cholesterol/cholesterol-separate-graphs-5A_exp1/Test/CombinedUnlabeled/5OLV-f1-positive_graphs.npy,StrongPositive,0.255,
Chol-GCN,../../../Data/SplitData/Cholesterol/cholesterol-separate-graphs-5A_exp1/Test/CombinedUnlabeled/5OLZ-f1-positive_graphs.npy,StrongPositive,0.283,
Chol-GCN,../../../Data/SplitData/Cholesterol/cholesterol-separate-graphs-5A_exp1/Test/CombinedUnlabeled/5OLZ-f3-positive_graphs.npy,StrongNegative,0.3,
Chol-GCN,../../../Data/SplitData/Cholesterol/cholesterol-separate-graphs-5A_exp1/Test/CombinedUnlabeled/5OLZ-f5-positive_graphs.npy,StrongNegative,0.205,
Chol-GCN,../../../Data/SplitData/Cholesterol/cholesterol-separate-graphs-5A_exp1/Test/CombinedUnlabeled/5OM1-f3_graphs.npy,StrongNegative,0.0,
Chol-GCN,../../../Data/SplitData/Cholesterol/cholesterol-separate-graphs-5A_exp1/Test/CombinedUnlabeled/5OM1-f4_graphs.npy,StrongNegative,0.042,
Chol-GCN,../../../Data/SplitData/Cholesterol/cholesterol-separate-graphs-5A_exp1/Test/CombinedUnlabeled/5OM1-f5-positive_graphs.npy,PseudoNegative,0.278,
Chol-GCN,../../../Data/SplitData/Cholesterol/cholesterol-separate-graphs-5A_exp1/Test/CombinedUnlabeled/5OM4-f1_graphs.npy,StrongNegative,0.067,
Chol-GCN,../../../Data/SplitData/Cholesterol/cholesterol-separate-graphs-5A_exp1/Test/CombinedUnlabeled/5OM4-f5_graphs.npy,StrongNegative,0.0,
Chol-GCN,../../../Data/SplitData/Cholesterol/cholesterol-separate-graphs-5A_exp1/Test/CombinedUnlabeled/5TVN-f1_graphs.npy,StrongNegative,0.0,
Chol-GCN,../../../Data/SplitData/Cholesterol/cholesterol-separate-graphs-5A_exp1/Test/CombinedUnlabeled/5UPH-f1_graphs.npy,StrongNegative,0.0,
Chol-GCN,../../../Data/SplitData/Cholesterol/cholesterol-separate-graphs-5A_exp1/Test/CombinedUnlabeled/5UPH-f4_graphs.npy,StrongNegative,0.0,
Chol-GCN,../../../Data/SplitData/Cholesterol/cholesterol-separate-graphs-5A_exp1/Test/CombinedUnlabeled/5WVR-f1_graphs.npy,StrongNegative,0.0,
Chol-GCN,../../../Data/SplitData/Cholesterol/cholesterol-separate-graphs-5A_exp1/Test/CombinedUnlabeled/5X7D-f4_graphs.npy,StrongNegative,0.0,
Chol-GCN,../../../Data/SplitData/Cholesterol/cholesterol-separate-graphs-5A_exp1/Test/CombinedUnlabeled/5X93-f1_graphs.npy,StrongNegative,0.014,
Chol-GCN,../../../Data/SplitData/Cholesterol/cholesterol-separate-graphs-5A_exp1/Test/CombinedUnlabeled/5XR8-f4_graphs.npy,StrongNegative,0.0,
Chol-GCN,../../../Data/SplitData/Cholesterol/cholesterol-separate-graphs-5A_exp1/Test/CombinedUnlabeled/5XRA-f1_graphs.npy,StrongNegative,0.073,
Chol-GCN,../../../Data/SplitData/Cholesterol/cholesterol-separate-graphs-5A_exp1/Test/CombinedUnlabeled/5ZM5-f4_graphs.npy,StrongNegative,0.0,
Chol-GCN,../../../Data/SplitData/Cholesterol/cholesterol-separate-graphs-5A_exp1/Test/CombinedUnlabeled/5ZM7-f3_graphs.npy,StrongNegative,0.0,
Chol-GCN,../../../Data/SplitData/Cholesterol/cholesterol-separate-graphs-5A_exp1/Test/CombinedUnlabeled/6A15-f1_graphs.npy,StrongNegative,0.0,
Chol-GCN,../../../Data/SplitData/Cholesterol/cholesterol-separate-graphs-5A_exp1/Test/CombinedUnlabeled/6A15-f3_graphs.npy,StrongNegative,0.0,
Chol-GCN,../../../Data/SplitData/Cholesterol/cholesterol-separate-graphs-5A_exp1/Test/CombinedUnlabeled/6A93-f4_graphs.npy,StrongNegative,0.107,
Chol-GCN,../../../Data/SplitData/Cholesterol/cholesterol-separate-graphs-5A_exp1/Test/CombinedUnlabeled/6AQF-f2-positive_graphs.npy,StrongNegative,0.255,
Chol-GCN,../../../Data/SplitData/Cholesterol/cholesterol-separate-graphs-5A_exp1/Test/CombinedUnlabeled/6B73-f2_graphs.npy,StrongNegative,0.0,
Chol-GCN,../../../Data/SplitData/Cholesterol/cholesterol-separate-graphs-5A_exp1/Test/CombinedUnlabeled/6BHU-f3-positive_graphs.npy,PseudoNegative,0.37,
Chol-GCN,../../../Data/SplitData/Cholesterol/cholesterol-separate-graphs-5A_exp1/Test/CombinedUnlabeled/6BHU-f4-positive_graphs.npy,StrongPositive,0.348,
Chol-GCN,../../../Data/SplitData/Cholesterol/cholesterol-separate-graphs-5A_exp1/Test/CombinedUnlabeled/6CO7-f2_graphs.npy,StrongNegative,0.0,
Chol-GCN,../../../Data/SplitData/Cholesterol/cholesterol-separate-graphs-5A_exp1/Test/CombinedUnlabeled/6CO7-f3_graphs.npy,StrongNegative,0.0,
Chol-GCN,../../../Data/SplitData/Cholesterol/cholesterol-separate-graphs-5A_exp1/Test/CombinedUnlabeled/6DRX-f1_graphs.npy,StrongNegative,0.0,
Chol-GCN,../../../Data/SplitData/Cholesterol/cholesterol-separate-graphs-5A_exp1/Test/CombinedUnlabeled/6DRY-f3_graphs.npy,StrongNegative,0.0,
Chol-GCN,../../../Data/SplitData/Cholesterol/cholesterol-separate-graphs-5A_exp1/Test/CombinedUnlabeled/6GT3-f2_graphs.npy,StrongNegative,0.0,
Chol-GCN,../../../Data/SplitData/Cholesterol/cholesterol-separate-graphs-5A_exp1/Test/CombinedUnlabeled/6GYH-f2_graphs.npy,StrongNegative,0.135,
Chol-GCN,../../../Data/SplitData/Cholesterol/cholesterol-separate-graphs-5A_exp1/Test/CombinedUnlabeled/6IBB-f5_graphs.npy,StrongNegative,0.0,
Chol-GCN,../../../Data/SplitData/Cholesterol/cholesterol-separate-graphs-5A_exp1/Test/CombinedUnlabeled/6IDF-f5-positive_graphs.npy,StrongNegative,0.257,
Chol-GCN,../../../Data/SplitData/Cholesterol/cholesterol-separate-graphs-5A_exp1/Test/CombinedUnlabeled/6IIV-f1_graphs.npy,StrongNegative,0.079,
Chol-GCN,../../../Data/SplitData/Cholesterol/cholesterol-separate-graphs-5A_exp1/Test/CombinedUnlabeled/6IIV-f5-positive_graphs.npy,StrongNegative,0.355,
Chol-GCN,../../../Data/SplitData/Cholesterol/cholesterol-separate-graphs-5A_exp1/Test/CombinedUnlabeled/6JMQ-f4-positive_graphs.npy,PseudoPositive,0.237,
Chol-GCN,../../../Data/SplitData/Cholesterol/cholesterol-separate-graphs-5A_exp1/Test/CombinedUnlabeled/6JXH-f1-positive_graphs.npy,StrongNegative,0.2,
Chol-GCN,../../../Data/SplitData/Cholesterol/cholesterol-separate-graphs-5A_exp1/Test/CombinedUnlabeled/6JXH-f5_graphs.npy,StrongNegative,0.0,
Chol-GCN,../../../Data/SplitData/Cholesterol/cholesterol-separate-graphs-5A_exp1/Test/CombinedUnlabeled/6JXI-f2-positive_graphs.npy,StrongNegative,0.318,
Chol-GCN,../../../Data/SplitData/Cholesterol/cholesterol-separate-graphs-5A_exp1/Test/CombinedUnlabeled/6JXI-f4_graphs.npy,StrongPositive,0.0,
Chol-GCN,../../../Data/SplitData/Cholesterol/cholesterol-separate-graphs-5A_exp1/Test/CombinedUnlabeled/6JXJ-f4_graphs.npy,StrongNegative,0.0,
Chol-GCN,../../../Data/SplitData/Cholesterol/cholesterol-separate-graphs-5A_exp1/Test/CombinedUnlabeled/6JZH-f2_graphs.npy,StrongNegative,0.0,
Chol-GCN,../../../Data/SplitData/Cholesterol/cholesterol-separate-graphs-5A_exp1/Test/CombinedUnlabeled/6JZH-f3_graphs.npy,StrongNegative,0.079,
Chol-GCN,../../../Data/SplitData/Cholesterol/cholesterol-separate-graphs-5A_exp1/Test/CombinedUnlabeled/6KUW-f1_graphs.npy,StrongNegative,0.0,
Chol-GCN,../../../Data/SplitData/Cholesterol/cholesterol-separate-graphs-5A_exp1/Test/CombinedUnlabeled/6KUW-f5_graphs.npy,StrongNegative,0.083,
Chol-GCN,../../../Data/SplitData/Cholesterol/cholesterol-separate-graphs-5A_exp1/Test/CombinedUnlabeled/6LFO-f3_graphs.npy,PseudoPositive,0.0,
Chol-GCN,../../../Data/SplitData/Cholesterol/cholesterol-separate-graphs-5A_exp1/Test/CombinedUnlabeled/6LPK-f1_graphs.npy,StrongNegative,0.0,
Chol-GCN,../../../Data/SplitData/Cholesterol/cholesterol-separate-graphs-5A_exp1/Test/CombinedUnlabeled/6LPL-f5_graphs.npy,StrongNegative,0.047,
Chol-GCN,../../../Data/SplitData/Cholesterol/cholesterol-separate-graphs-5A_exp1/Test/CombinedUnlabeled/6LR4-f3_graphs.npy,StrongNegative,0.0,
Chol-GCN,../../../Data/SplitData/Cholesterol/cholesterol-separate-graphs-5A_exp1/Test/CombinedUnlabeled/6LW5-f1_graphs.npy,StrongNegative,0.154,
Chol-GCN,../../../Data/SplitData/Cholesterol/cholesterol-separate-graphs-5A_exp1/Test/CombinedUnlabeled/6M0Z-f1-positive_graphs.npy,StrongNegative,0.372,
Chol-GCN,../../../Data/SplitData/Cholesterol/cholesterol-separate-graphs-5A_exp1/Test/CombinedUnlabeled/6M0Z-f3_graphs.npy,StrongNegative,0.0,
Chol-GCN,../../../Data/SplitData/Cholesterol/cholesterol-separate-graphs-5A_exp1/Test/CombinedUnlabeled/6M0Z-f5_graphs.npy,StrongNegative,0.0,
Chol-GCN,../../../Data/SplitData/Cholesterol/cholesterol-separate-graphs-5A_exp1/Test/CombinedUnlabeled/6M2R-f1-positive_graphs.npy,PseudoNegative,0.278,
Chol-GCN,../../../Data/SplitData/Cholesterol/cholesterol-separate-graphs-5A_exp1/Test/CombinedUnlabeled/6M2R-f5_graphs.npy,StrongNegative,0.0,
Chol-GCN,../../../Data/SplitData/Cholesterol/cholesterol-separate-graphs-5A_exp1/Test/CombinedUnlabeled/6M38-f3-positive_graphs.npy,PseudoNegative,0.222,
Chol-GCN,../../../Data/SplitData/Cholesterol/cholesterol-separate-graphs-5A_exp1/Test/CombinedUnlabeled/6M47-f1-positive_graphs.npy,StrongNegative,0.289,
Chol-GCN,../../../Data/SplitData/Cholesterol/cholesterol-separate-graphs-5A_exp1/Test/CombinedUnlabeled/6M47-f4_graphs.npy,StrongNegative,0.0,
Chol-GCN,../../../Data/SplitData/Cholesterol/cholesterol-separate-graphs-5A_exp1/Test/CombinedUnlabeled/6MSM-f2_graphs.npy,StrongNegative,0.0,
Chol-GCN,../../../Data/SplitData/Cholesterol/cholesterol-separate-graphs-5A_exp1/Test/CombinedUnlabeled/6MSM-f3_graphs.npy,StrongNegative,0.0,
Chol-GCN,../../../Data/SplitData/Cholesterol/cholesterol-separate-graphs-5A_exp1/Test/CombinedUnlabeled/6MSM-f4_graphs.npy,StrongNegative,0.0,
Chol-GCN,../../../Data/SplitData/Cholesterol/cholesterol-separate-graphs-5A_exp1/Test/CombinedUnlabeled/6N4B-f5_graphs.npy,StrongNegative,0.0,
Chol-GCN,../../../Data/SplitData/Cholesterol/cholesterol-separate-graphs-5A_exp1/Test/CombinedUnlabeled/6NBF-f2-positive_graphs.npy,StrongPositive,0.259,
Chol-GCN,../../../Data/SplitData/Cholesterol/cholesterol-separate-graphs-5A_exp1/Test/CombinedUnlabeled/6O1V-f1_graphs.npy,PseudoNegative,0.0,
Chol-GCN,../../../Data/SplitData/Cholesterol/cholesterol-separate-graphs-5A_exp1/Test/CombinedUnlabeled/6OBA-f1_graphs.npy,StrongNegative,0.0,
Chol-GCN,../../../Data/SplitData/Cholesterol/cholesterol-separate-graphs-5A_exp1/Test/CombinedUnlabeled/6OBA-f4_graphs.npy,StrongNegative,0.0,
Chol-GCN,../../../Data/SplitData/Cholesterol/cholesterol-separate-graphs-5A_exp1/Test/CombinedUnlabeled/6OMM-f3-positive_graphs.npy,PseudoNegative,0.212,
Chol-GCN,../../../Data/SplitData/Cholesterol/cholesterol-separate-graphs-5A_exp1/Test/CombinedUnlabeled/6OS1-f2_graphs.npy,StrongNegative,0.0,
Chol-GCN,../../../Data/SplitData/Cholesterol/cholesterol-separate-graphs-5A_exp1/Test/CombinedUnlabeled/6OS2-f3-positive_graphs.npy,StrongNegative,0.387,
Chol-GCN,../../../Data/SplitData/Cholesterol/cholesterol-separate-graphs-5A_exp1/Test/CombinedUnlabeled/6OS2-f4-positive_graphs.npy,PseudoNegative,0.393,
Chol-GCN,../../../Data/SplitData/Cholesterol/cholesterol-separate-graphs-5A_exp1/Test/CombinedUnlabeled/6PB0-f1_graphs.npy,StrongNegative,0.0,
Chol-GCN,../../../Data/SplitData/Cholesterol/cholesterol-separate-graphs-5A_exp1/Test/CombinedUnlabeled/6PEQ-f2_graphs.npy,StrongNegative,0.0,
Chol-GCN,../../../Data/SplitData/Cholesterol/cholesterol-separate-graphs-5A_exp1/Test/CombinedUnlabeled/6PEQ-f3_graphs.npy,StrongNegative,0.0,
Chol-GCN,../../../Data/SplitData/Cholesterol/cholesterol-separate-graphs-5A_exp1/Test/CombinedUnlabeled/6PEQ-f5_graphs.npy,StrongNegative,0.0,
Chol-GCN,../../../Data/SplitData/Cholesterol/cholesterol-separate-graphs-5A_exp1/Test/CombinedUnlabeled/6PRZ-f3_graphs.npy,StrongNegative,0.13,
Chol-GCN,../../../Data/SplitData/Cholesterol/cholesterol-separate-graphs-5A_exp1/Test/CombinedUnlabeled/6PRZ-f4_graphs.npy,StrongNegative,0.0,
Chol-GCN,../../../Data/SplitData/Cholesterol/cholesterol-separate-graphs-5A_exp1/Test/CombinedUnlabeled/6PS0-f4_graphs.npy,StrongNegative,0.0,
Chol-GCN,../../../Data/SplitData/Cholesterol/cholesterol-separate-graphs-5A_exp1/Test/CombinedUnlabeled/6PS1-f2_graphs.npy,StrongNegative,0.0,
Chol-GCN,../../../Data/SplitData/Cholesterol/cholesterol-separate-graphs-5A_exp1/Test/CombinedUnlabeled/6PS1-f5_graphs.npy,StrongNegative,0.0,
Chol-GCN,../../../Data/SplitData/Cholesterol/cholesterol-separate-graphs-5A_exp1/Test/CombinedUnlabeled/6PS3-f3-positive_graphs.npy,StrongPositive,0.345,
Chol-GCN,../../../Data/SplitData/Cholesterol/cholesterol-separate-graphs-5A_exp1/Test/CombinedUnlabeled/6PS3-f5_graphs.npy,StrongNegative,0.0,
Chol-GCN,../../../Data/SplitData/Cholesterol/cholesterol-separate-graphs-5A_exp1/Test/CombinedUnlabeled/6PS4-f3_graphs.npy,StrongNegative,0.0,
Chol-GCN,../../../Data/SplitData/Cholesterol/cholesterol-separate-graphs-5A_exp1/Test/CombinedUnlabeled/6PS7-f4_graphs.npy,StrongNegative,0.0,
Chol-GCN,../../../Data/SplitData/Cholesterol/cholesterol-separate-graphs-5A_exp1/Test/CombinedUnlabeled/6PS7-f5_graphs.npy,StrongNegative,0.0,
Chol-GCN,../../../Data/SplitData/Cholesterol/cholesterol-separate-graphs-5A_exp1/Test/CombinedUnlabeled/6PT2-f2_graphs.npy,StrongNegative,0.0,
Chol-GCN,../../../Data/SplitData/Cholesterol/cholesterol-separate-graphs-5A_exp1/Test/CombinedUnlabeled/6RZ6-f2_graphs.npy,StrongNegative,0.0,
Chol-GCN,../../../Data/SplitData/Cholesterol/cholesterol-separate-graphs-5A_exp1/Test/CombinedUnlabeled/6RZ6-f3_graphs.npy,StrongNegative,0.0,
Chol-GCN,../../../Data/SplitData/Cholesterol/cholesterol-separate-graphs-5A_exp1/Test/CombinedUnlabeled/6RZ6-f4_graphs.npy,StrongNegative,0.0,
Chol-GCN,../../../Data/SplitData/Cholesterol/cholesterol-separate-graphs-5A_exp1/Test/CombinedUnlabeled/6RZ7-f5_graphs.npy,StrongNegative,0.122,
Chol-GCN,../../../Data/SplitData/Cholesterol/cholesterol-separate-graphs-5A_exp1/Test/CombinedUnlabeled/6RZ9-f1_graphs.npy,StrongNegative,0.0,
Chol-GCN,../../../Data/SplitData/Cholesterol/cholesterol-separate-graphs-5A_exp1/Test/CombinedUnlabeled/6S0L-f1_graphs.npy,StrongNegative,0.0,
Chol-GCN,../../../Data/SplitData/Cholesterol/cholesterol-separate-graphs-5A_exp1/Test/CombinedUnlabeled/6S0L-f4-positive_graphs.npy,PseudoPositive,0.278,
Chol-GCN,../../../Data/SplitData/Cholesterol/cholesterol-separate-graphs-5A_exp1/Test/CombinedUnlabeled/6S0L-f5_graphs.npy,StrongNegative,0.0,
Chol-GCN,../../../Data/SplitData/Cholesterol/cholesterol-separate-graphs-5A_exp1/Test/CombinedUnlabeled/6S0Q-f1_graphs.npy,StrongNegative,0.0,
Chol-GCN,../../../Data/SplitData/Cholesterol/cholesterol-separate-graphs-5A_exp1/Test/CombinedUnlabeled/6S0Q-f5_graphs.npy,StrongNegative,0.0,
Chol-GCN,../../../Data/SplitData/Cholesterol/cholesterol-separate-graphs-5A_exp1/Test/CombinedUnlabeled/6T4I-f1_graphs.npy,StrongNegative,0.0,
Chol-GCN,../../../Data/SplitData/Cholesterol/cholesterol-separate-graphs-5A_exp1/Test/CombinedUnlabeled/6T4I-f3_graphs.npy,StrongNegative,0.188,
Chol-GCN,../../../Data/SplitData/Cholesterol/cholesterol-separate-graphs-5A_exp1/Test/CombinedUnlabeled/6T9N-f5_graphs.npy,StrongNegative,0.0,
Chol-GCN,../../../Data/SplitData/Cholesterol/cholesterol-separate-graphs-5A_exp1/Test/CombinedUnlabeled/6T9O-f3_graphs.npy,StrongNegative,0.0,
Chol-GCN,../../../Data/SplitData/Cholesterol/cholesterol-separate-graphs-5A_exp1/Test/CombinedUnlabeled/6T9O-f4_graphs.npy,StrongNegative,0.0,
Chol-GCN,../../../Data/SplitData/Cholesterol/cholesterol-separate-graphs-5A_exp1/Test/CombinedUnlabeled/6TLQ-f1_graphs.npy,StrongNegative,0.0,
Chol-GCN,../../../Data/SplitData/Cholesterol/cholesterol-separate-graphs-5A_exp1/Test/CombinedUnlabeled/6TPK-f1-positive_graphs.npy,StrongPositive,0.4,
Chol-GCN,../../../Data/SplitData/Cholesterol/cholesterol-separate-graphs-5A_exp1/Test/CombinedUnlabeled/6TPK-f2_graphs.npy,StrongNegative,0.0,
Chol-GCN,../../../Data/SplitData/Cholesterol/cholesterol-separate-graphs-5A_exp1/Test/CombinedUnlabeled/6UCB-f5_graphs.npy,StrongNegative,0.0,
Chol-GCN,../../../Data/SplitData/Cholesterol/cholesterol-separate-graphs-5A_exp1/Test/CombinedUnlabeled/6UD4-f5-positive_graphs.npy,StrongNegative,0.226,
Chol-GCN,../../../Data/SplitData/Cholesterol/cholesterol-separate-graphs-5A_exp1/Test/CombinedUnlabeled/6UY0-f4-positive_graphs.npy,StrongNegative,0.22,
Chol-GCN,../../../Data/SplitData/Cholesterol/cholesterol-separate-graphs-5A_exp1/Test/CombinedUnlabeled/6V22-f5_graphs.npy,StrongNegative,0.0,
Chol-GCN,../../../Data/SplitData/Cholesterol/cholesterol-separate-graphs-5A_exp1/Test/CombinedUnlabeled/6VI4-f1_graphs.npy,StrongNegative,0.0,
Chol-GCN,../../../Data/SplitData/Cholesterol/cholesterol-separate-graphs-5A_exp1/Test/CombinedUnlabeled/6VI4-f4_graphs.npy,StrongNegative,0.0,
Chol-GCN,../../../Data/SplitData/Cholesterol/cholesterol-separate-graphs-5A_exp1/Test/CombinedUnlabeled/6W5S-f2_graphs.npy,StrongNegative,0.0,
Chol-GCN,../../../Data/SplitData/Cholesterol/cholesterol-separate-graphs-5A_exp1/Test/CombinedUnlabeled/6WBF-f5_graphs.npy,StrongNegative,0.0,
Chol-GCN,../../../Data/SplitData/Cholesterol/cholesterol-separate-graphs-5A_exp1/Test/CombinedUnlabeled/6WBG-f3_graphs.npy,StrongNegative,0.0,
Chol-GCN,../../../Data/SplitData/Cholesterol/cholesterol-separate-graphs-5A_exp1/Test/CombinedUnlabeled/6WBN-f3_graphs.npy,StrongNegative,0.0,
Chol-GCN,../../../Data/SplitData/Cholesterol/cholesterol-separate-graphs-5A_exp1/Test/CombinedUnlabeled/6WH4-f3_graphs.npy,StrongNegative,0.0,
Chol-GCN,../../../Data/SplitData/Cholesterol/cholesterol-separate-graphs-5A_exp1/Test/CombinedUnlabeled/6WH4-f4_graphs.npy,StrongNegative,0.0,
Chol-GCN,../../../Data/SplitData/Cholesterol/cholesterol-separate-graphs-5A_exp1/Test/CombinedUnlabeled/6WH4-f5_graphs.npy,StrongNegative,0.0,
Chol-GCN,../../../Data/SplitData/Cholesterol/cholesterol-separate-graphs-5A_exp1/Test/CombinedUnlabeled/6WIV-f5_graphs.npy,StrongPositive,0.0,
Chol-GCN,../../../Data/SplitData/Cholesterol/cholesterol-separate-graphs-5A_exp1/Test/CombinedUnlabeled/6WM2-f2_graphs.npy,StrongNegative,0.0,
Chol-GCN,../../../Data/SplitData/Cholesterol/cholesterol-separate-graphs-5A_exp1/Test/CombinedUnlabeled/6WQA-f1-positive_graphs.npy,StrongNegative,0.227,
Chol-GCN,../../../Data/SplitData/Cholesterol/cholesterol-separate-graphs-5A_exp1/Test/CombinedUnlabeled/6ZDR-f1-positive_graphs.npy,StrongNegative,0.273,
Chol-GCN,../../../Data/SplitData/Cholesterol/cholesterol-separate-graphs-5A_exp1/Test/CombinedUnlabeled/6ZDV-f4-positive_graphs.npy,StrongNegative,0.286,
Chol-GCN,../../../Data/SplitData/Cholesterol/cholesterol-separate-graphs-5A_exp1/Test/CombinedUnlabeled/7BU7-f5-positive_graphs.npy,PseudoPositive,0.429,
Chol-GCN,../../../Data/SplitData/Cholesterol/cholesterol-separate-graphs-5A_exp1/Test/CombinedUnlabeled/7BVQ-f1-positive_graphs.npy,StrongPositive,0.261,
Chol-GCN,../../../Data/SplitData/Cholesterol/cholesterol-separate-graphs-5A_exp1/Test/CombinedUnlabeled/7BVQ-f4_graphs.npy,StrongNegative,0.0,
Chol-GCN,../../../Data/SplitData/Cholesterol/cholesterol-separate-graphs-5A_exp1/Test/CombinedUnlabeled/7C9I-f2_graphs.npy,StrongNegative,0.0,
Chol-GCN,../../../Data/SplitData/Cholesterol/cholesterol-separate-graphs-5A_exp1/Test/CombinedUnlabeled/7CFN-f2_graphs.npy,StrongNegative,0.0,
Chol-GCN,../../../Data/SplitData/Cholesterol/cholesterol-separate-graphs-5A_exp1/Test/CombinedUnlabeled/7CKW-f2_graphs.npy,StrongNegative,0.0,
Chol-GCN,../../../Data/SplitData/Cholesterol/cholesterol-separate-graphs-5A_exp1/Test/CombinedUnlabeled/7CKW-f3-positive_graphs.npy,PseudoPositive,0.256,
Chol-GCN,../../../Data/SplitData/Cholesterol/cholesterol-separate-graphs-5A_exp1/Test/CombinedUnlabeled/7CKW-f5-positive_graphs.npy,StrongPositive,0.256,
Chol-GCN,../../../Data/SplitData/Cholesterol/cholesterol-separate-graphs-5A_exp1/Test/CombinedUnlabeled/7CKY-f3-positive_graphs.npy,StrongNegative,0.359,
Chol-GCN,../../../Data/SplitData/Cholesterol/cholesterol-separate-graphs-5A_exp1/Test/CombinedUnlabeled/7CKZ-f3-positive_graphs.npy,StrongNegative,0.286,
Chol-GCN,../../../Data/SplitData/Cholesterol/cholesterol-separate-graphs-5A_exp1/Test/CombinedUnlabeled/7CU3-f4_graphs.npy,StrongNegative,0.0,
Chol-GCN,../../../Data/SplitData/Cholesterol/cholesterol-separate-graphs-5A_exp1/Test/CombinedUnlabeled/7CU3-f5_graphs.npy,StrongNegative,0.0,
Chol-GCN,../../../Data/SplitData/Cholesterol/cholesterol-separate-graphs-5A_exp1/Test/CombinedUnlabeled/7CZ5-f1-positive_graphs.npy,PseudoPositive,0.2,
Chol-GCN,../../../Data/SplitData/Cholesterol/cholesterol-separate-graphs-5A_exp1/Test/CombinedUnlabeled/7CZ5-f3-positive_graphs.npy,StrongNegative,0.25,
Chol-GCN,../../../Data/SplitData/Cholesterol/cholesterol-separate-graphs-5A_exp1/Test/CombinedUnlabeled/7CZ5-f4-positive_graphs.npy,PseudoPositive,0.333,
Chol-GCN,../../../Data/SplitData/Cholesterol/cholesterol-separate-graphs-5A_exp1/Test/CombinedUnlabeled/7D76-f3_graphs.npy,StrongNegative,0.0,
Chol-GCN,../../../Data/SplitData/Cholesterol/cholesterol-separate-graphs-5A_exp1/Test/CombinedUnlabeled/7D77-f5_graphs.npy,StrongNegative,0.0,
Chol-GCN,../../../Data/SplitData/Cholesterol/cholesterol-separate-graphs-5A_exp1/Test/CombinedUnlabeled/7D91-f1-positive_graphs.npy,StrongNegative,0.241,
Chol-GCN,../../../Data/SplitData/Cholesterol/cholesterol-separate-graphs-5A_exp1/Test/CombinedUnlabeled/7D91-f5_graphs.npy,StrongNegative,0.0,
Chol-GCN,../../../Data/SplitData/Cholesterol/cholesterol-separate-graphs-5A_exp1/Test/CombinedUnlabeled/7DDH-f2_graphs.npy,StrongNegative,0.12,
Chol-GCN,../../../Data/SplitData/Cholesterol/cholesterol-separate-graphs-5A_exp1/Test/CombinedUnlabeled/7DDH-f4_graphs.npy,StrongNegative,0.0,
Chol-GCN,../../../Data/SplitData/Cholesterol/cholesterol-separate-graphs-5A_exp1/Test/CombinedUnlabeled/7DF8-f3_graphs.npy,StrongNegative,0.0,
Chol-GCN,../../../Data/SplitData/Cholesterol/cholesterol-separate-graphs-5A_exp1/Test/CombinedUnlabeled/7DFW-f4_graphs.npy,StrongNegative,0.182,
Chol-GCN,../../../Data/SplitData/Cholesterol/cholesterol-separate-graphs-5A_exp1/Test/CombinedUnlabeled/7DUR-f1_graphs.npy,StrongNegative,0.0,
Chol-GCN,../../../Data/SplitData/Cholesterol/cholesterol-separate-graphs-5A_exp1/Test/CombinedUnlabeled/7DW9-f2_graphs.npy,StrongNegative,0.082,
Chol-GCN,../../../Data/SplitData/Cholesterol/cholesterol-separate-graphs-5A_exp1/Test/CombinedUnlabeled/7DW9-f3_graphs.npy,StrongNegative,0.0,
Chol-GCN,../../../Data/SplitData/Cholesterol/cholesterol-separate-graphs-5A_exp1/Test/CombinedUnlabeled/7DW9-f4_graphs.npy,StrongNegative,0.0,
Chol-GCN,../../../Data/SplitData/Cholesterol/cholesterol-separate-graphs-5A_exp1/Test/CombinedUnlabeled/7E14-f2_graphs.npy,PseudoNegative,0.0,
Chol-GCN,../../../Data/SplitData/Cholesterol/cholesterol-separate-graphs-5A_exp1/Test/CombinedUnlabeled/7E2X-f1_graphs.npy,PseudoNegative,0.0,
Chol-GCN,../../../Data/SplitData/Cholesterol/cholesterol-separate-graphs-5A_exp1/Test/CombinedUnlabeled/7E2Y-f1_graphs.npy,StrongNegative,0.0,
Chol-GCN,../../../Data/SplitData/Cholesterol/cholesterol-separate-graphs-5A_exp1/Test/CombinedUnlabeled/7E2Y-f2_graphs.npy,StrongNegative,0.0,
Chol-GCN,../../../Data/SplitData/Cholesterol/cholesterol-separate-graphs-5A_exp1/Test/CombinedUnlabeled/7EJX-f1_graphs.npy,StrongNegative,0.0,
Chol-GCN,../../../Data/SplitData/Cholesterol/cholesterol-separate-graphs-5A_exp1/Test/CombinedUnlabeled/7EJX-f2_graphs.npy,StrongNegative,0.077,
Chol-GCN,../../../Data/SplitData/Cholesterol/cholesterol-separate-graphs-5A_exp1/Test/CombinedUnlabeled/7EJX-f3-positive_graphs.npy,StrongPositive,0.294,
Chol-GCN,../../../Data/SplitData/Cholesterol/cholesterol-separate-graphs-5A_exp1/Test/CombinedUnlabeled/7EKI-f1_graphs.npy,StrongNegative,0.0,
Chol-GCN,../../../Data/SplitData/Cholesterol/cholesterol-separate-graphs-5A_exp1/Test/CombinedUnlabeled/7EKP-f2_graphs.npy,StrongNegative,0.0,
Chol-GCN,../../../Data/SplitData/Cholesterol/cholesterol-separate-graphs-5A_exp1/Test/CombinedUnlabeled/7EKP-f3_graphs.npy,StrongNegative,0.0,
Chol-GCN,../../../Data/SplitData/Cholesterol/cholesterol-separate-graphs-5A_exp1/Test/CombinedUnlabeled/7EKT-f3_graphs.npy,StrongNegative,0.0,
Chol-GCN,../../../Data/SplitData/Cholesterol/cholesterol-separate-graphs-5A_exp1/Test/CombinedUnlabeled/7ET1-f2_graphs.npy,StrongNegative,0.0,
Chol-GCN,../../../Data/SplitData/Cholesterol/cholesterol-separate-graphs-5A_exp1/Test/CombinedUnlabeled/7EVM-f2_graphs.npy,StrongNegative,0.0,
Chol-GCN,../../../Data/SplitData/Cholesterol/cholesterol-separate-graphs-5A_exp1/Test/CombinedUnlabeled/7F16-f4-positive_graphs.npy,StrongNegative,0.208,
Chol-GCN,../../../Data/SplitData/Cholesterol/cholesterol-separate-graphs-5A_exp1/Test/CombinedUnlabeled/7F61-f4-positive_graphs.npy,StrongNegative,0.254,
Chol-GCN,../../../Data/SplitData/Cholesterol/cholesterol-separate-graphs-5A_exp1/Test/CombinedUnlabeled/7F61-f5_graphs.npy,StrongNegative,0.022,
Chol-GCN,../../../Data/SplitData/Cholesterol/cholesterol-separate-graphs-5A_exp1/Test/CombinedUnlabeled/7F6G-f3_graphs.npy,StrongNegative,0.0,
Chol-GCN,../../../Data/SplitData/Cholesterol/cholesterol-separate-graphs-5A_exp1/Test/CombinedUnlabeled/7F6G-f4_graphs.npy,PseudoPositive,0.176,
Chol-GCN,../../../Data/SplitData/Cholesterol/cholesterol-separate-graphs-5A_exp1/Test/CombinedUnlabeled/7F6G-f5-positive_graphs.npy,StrongPositive,0.205,
Chol-GCN,../../../Data/SplitData/Cholesterol/cholesterol-separate-graphs-5A_exp1/Test/CombinedUnlabeled/7F6H-f1_graphs.npy,StrongNegative,0.0,
Chol-GCN,../../../Data/SplitData/Cholesterol/cholesterol-separate-graphs-5A_exp1/Test/CombinedUnlabeled/7F6I-f1_graphs.npy,StrongNegative,0.0,
Chol-GCN,../../../Data/SplitData/Cholesterol/cholesterol-separate-graphs-5A_exp1/Test/CombinedUnlabeled/7F6I-f2_graphs.npy,StrongNegative,0.0,
Chol-GCN,../../../Data/SplitData/Cholesterol/cholesterol-separate-graphs-5A_exp1/Test/CombinedUnlabeled/7F9Y-f1-positive_graphs.npy,StrongNegative,0.2,
Chol-GCN,../../../Data/SplitData/Cholesterol/cholesterol-separate-graphs-5A_exp1/Test/CombinedUnlabeled/7F9Y-f2-positive_graphs.npy,StrongNegative,0.39,
Chol-GCN,../../../Data/SplitData/Cholesterol/cholesterol-separate-graphs-5A_exp1/Test/CombinedUnlabeled/7FEE-f1_graphs.npy,StrongNegative,0.0,
Chol-GCN,../../../Data/SplitData/Cholesterol/cholesterol-separate-graphs-5A_exp1/Test/CombinedUnlabeled/7FEE-f2-positive_graphs.npy,StrongPositive,0.286,
Chol-GCN,../../../Data/SplitData/Cholesterol/cholesterol-separate-graphs-5A_exp1/Test/CombinedUnlabeled/7FEE-f5-positive_graphs.npy,StrongPositive,0.242,
Chol-GCN,../../../Data/SplitData/Cholesterol/cholesterol-separate-graphs-5A_exp1/Test/CombinedUnlabeled/7FIN-f2_graphs.npy,StrongNegative,0.1,
Chol-GCN,../../../Data/SplitData/Cholesterol/cholesterol-separate-graphs-5A_exp1/Test/CombinedUnlabeled/7FJD-f5_graphs.npy,StrongNegative,0.0,
Chol-GCN,../../../Data/SplitData/Cholesterol/cholesterol-separate-graphs-5A_exp1/Test/CombinedUnlabeled/7JV5-f1-positive_graphs.npy,PseudoNegative,0.21,
Chol-GCN,../../../Data/SplitData/Cholesterol/cholesterol-separate-graphs-5A_exp1/Test/CombinedUnlabeled/7KY7-f5_graphs.npy,StrongNegative,0.0,
Chol-GCN,../../../Data/SplitData/Cholesterol/cholesterol-separate-graphs-5A_exp1/Test/CombinedUnlabeled/7LFT-f1-positive_graphs.npy,StrongNegative,0.262,
Chol-GCN,../../../Data/SplitData/Cholesterol/cholesterol-separate-graphs-5A_exp1/Test/CombinedUnlabeled/7LFT-f3-positive_graphs.npy,PseudoPositive,0.315,
Chol-GCN,../../../Data/SplitData/Cholesterol/cholesterol-separate-graphs-5A_exp1/Test/CombinedUnlabeled/7LFT-f4-positive_graphs.npy,PseudoPositive,0.315,
Chol-GCN,../../../Data/SplitData/Cholesterol/cholesterol-separate-graphs-5A_exp1/Test/CombinedUnlabeled/7LFT-f5-positive_graphs.npy,PseudoPositive,0.333,
Chol-GCN,../../../Data/SplitData/Cholesterol/cholesterol-separate-graphs-5A_exp1/Test/CombinedUnlabeled/7LGW-f3-positive_graphs.npy,StrongNegative,0.204,
Chol-GCN,../../../Data/SplitData/Cholesterol/cholesterol-separate-graphs-5A_exp1/Test/CombinedUnlabeled/7LGW-f4-positive_graphs.npy,StrongNegative,0.235,
Chol-GCN,../../../Data/SplitData/Cholesterol/cholesterol-separate-graphs-5A_exp1/Test/CombinedUnlabeled/7LH2-f1_graphs.npy,StrongNegative,0.0,
Chol-GCN,../../../Data/SplitData/Cholesterol/cholesterol-separate-graphs-5A_exp1/Test/CombinedUnlabeled/7LH2-f2_graphs.npy,StrongNegative,0.0,
Chol-GCN,../../../Data/SplitData/Cholesterol/cholesterol-separate-graphs-5A_exp1/Test/CombinedUnlabeled/7LH2-f3_graphs.npy,StrongNegative,0.099,
Chol-GCN,../../../Data/SplitData/Cholesterol/cholesterol-separate-graphs-5A_exp1/Test/CombinedUnlabeled/7LH2-f4_graphs.npy,StrongNegative,0.0,
Chol-GCN,../../../Data/SplitData/Cholesterol/cholesterol-separate-graphs-5A_exp1/Test/CombinedUnlabeled/7LH2-f5-positive_graphs.npy,StrongPositive,0.29,
Chol-GCN,../../../Data/SplitData/Cholesterol/cholesterol-separate-graphs-5A_exp1/Test/CombinedUnlabeled/7LIA-f1-positive_graphs.npy,PseudoPositive,0.2,
Chol-GCN,../../../Data/SplitData/Cholesterol/cholesterol-separate-graphs-5A_exp1/Test/CombinedUnlabeled/7LIA-f2_graphs.npy,StrongNegative,0.0,
Chol-GCN,../../../Data/SplitData/Cholesterol/cholesterol-separate-graphs-5A_exp1/Test/CombinedUnlabeled/7LJC-f1_graphs.npy,StrongNegative,0.0,
Chol-GCN,../../../Data/SplitData/Cholesterol/cholesterol-separate-graphs-5A_exp1/Test/CombinedUnlabeled/7LJC-f5-positive_graphs.npy,StrongNegative,0.204,
Chol-GCN,../../../Data/SplitData/Cholesterol/cholesterol-separate-graphs-5A_exp1/Test/CombinedUnlabeled/7M5X-f3-positive_graphs.npy,PseudoNegative,0.309,
Chol-GCN,../../../Data/SplitData/Cholesterol/cholesterol-separate-graphs-5A_exp1/Test/CombinedUnlabeled/7M5X-f5_graphs.npy,StrongNegative,0.0,
Chol-GCN,../../../Data/SplitData/Cholesterol/cholesterol-separate-graphs-5A_exp1/Test/CombinedUnlabeled/7M5Y-f1-positive_graphs.npy,StrongNegative,0.293,
Chol-GCN,../../../Data/SplitData/Cholesterol/cholesterol-separate-graphs-5A_exp1/Test/CombinedUnlabeled/7M95-f4_graphs.npy,StrongNegative,0.011,
Chol-GCN,../../../Data/SplitData/Cholesterol/cholesterol-separate-graphs-5A_exp1/Test/CombinedUnlabeled/7MFI-f1_graphs.npy,StrongNegative,0.013,
Chol-GCN,../../../Data/SplitData/Cholesterol/cholesterol-separate-graphs-5A_exp1/Test/CombinedUnlabeled/7MFI-f2_graphs.npy,StrongNegative,0.0,
Chol-GCN,../../../Data/SplitData/Cholesterol/cholesterol-separate-graphs-5A_exp1/Test/CombinedUnlabeled/7MFI-f4_graphs.npy,StrongNegative,0.176,
Chol-GCN,../../../Data/SplitData/Cholesterol/cholesterol-separate-graphs-5A_exp1/Test/CombinedUnlabeled/7MIX-f4_graphs.npy,StrongNegative,0.156,
Chol-GCN,../../../Data/SplitData/Cholesterol/cholesterol-separate-graphs-5A_exp1/Test/CombinedUnlabeled/7MIY-f4_graphs.npy,StrongNegative,0.0,
Chol-GCN,../../../Data/SplitData/Cholesterol/cholesterol-separate-graphs-5A_exp1/Test/CombinedUnlabeled/7MIY-f5_graphs.npy,StrongNegative,0.0,
Chol-GCN,../../../Data/SplitData/Cholesterol/cholesterol-separate-graphs-5A_exp1/Test/CombinedUnlabeled/7N4U-f1-positive_graphs.npy,StrongNegative,0.224,
Chol-GCN,../../../Data/SplitData/Cholesterol/cholesterol-separate-graphs-5A_exp1/Test/CombinedUnlabeled/7N4U-f2-positive_graphs.npy,PseudoNegative,0.25,
Chol-GCN,../../../Data/SplitData/Cholesterol/cholesterol-separate-graphs-5A_exp1/Test/CombinedUnlabeled/7N4U-f4-positive_graphs.npy,StrongPositive,0.239,
Chol-GCN,../../../Data/SplitData/Cholesterol/cholesterol-separate-graphs-5A_exp1/Test/CombinedUnlabeled/7N4X-f3_graphs.npy,StrongNegative,0.0,
Chol-GCN,../../../Data/SplitData/Cholesterol/cholesterol-separate-graphs-5A_exp1/Test/CombinedUnlabeled/7N4X-f5-positive_graphs.npy,PseudoPositive,0.297,
Chol-GCN,../../../Data/SplitData/Cholesterol/cholesterol-separate-graphs-5A_exp1/Test/CombinedUnlabeled/7NA7-f2-positive_graphs.npy,StrongNegative,0.244,
Chol-GCN,../../../Data/SplitData/Cholesterol/cholesterol-separate-graphs-5A_exp1/Test/CombinedUnlabeled/7NA7-f5_graphs.npy,StrongNegative,0.0,
Chol-GCN,../../../Data/SplitData/Cholesterol/cholesterol-separate-graphs-5A_exp1/Test/CombinedUnlabeled/7NA8-f3_graphs.npy,StrongNegative,0.191,
Chol-GCN,../../../Data/SplitData/Cholesterol/cholesterol-separate-graphs-5A_exp1/Test/CombinedUnlabeled/7NEQ-f2-positive_graphs.npy,StrongNegative,0.382,
Chol-GCN,../../../Data/SplitData/Cholesterol/cholesterol-separate-graphs-5A_exp1/Test/CombinedUnlabeled/7NEQ-f5-positive_graphs.npy,StrongNegative,0.317,
Chol-GCN,../../../Data/SplitData/Cholesterol/cholesterol-separate-graphs-5A_exp1/Test/CombinedUnlabeled/7NF6-f2-positive_graphs.npy,PseudoNegative,0.2,
Chol-GCN,../../../Data/SplitData/Cholesterol/cholesterol-separate-graphs-5A_exp1/Test/CombinedUnlabeled/7NF6-f3_graphs.npy,StrongNegative,0.0,
Chol-GCN,../../../Data/SplitData/Cholesterol/cholesterol-separate-graphs-5A_exp1/Test/CombinedUnlabeled/7NF8-f1-positive_graphs.npy,StrongPositive,0.4,
Chol-GCN,../../../Data/SplitData/Cholesterol/cholesterol-separate-graphs-5A_exp1/Test/CombinedUnlabeled/7NF8-f5_graphs.npy,StrongNegative,0.0,
Chol-GCN,../../../Data/SplitData/Cholesterol/cholesterol-separate-graphs-5A_exp1/Test/CombinedUnlabeled/7OCA-f1_graphs.npy,StrongNegative,0.0,
Chol-GCN,../../../Data/SplitData/Cholesterol/cholesterol-separate-graphs-5A_exp1/Test/CombinedUnlabeled/7OCA-f3-positive_graphs.npy,StrongNegative,0.238,
Chol-GCN,../../../Data/SplitData/Cholesterol/cholesterol-separate-graphs-5A_exp1/Test/CombinedUnlabeled/7OCA-f4_graphs.npy,StrongNegative,0.0,
Chol-GCN,../../../Data/SplitData/Cholesterol/cholesterol-separate-graphs-5A_exp1/Test/CombinedUnlabeled/7OCE-f1_graphs.npy,StrongNegative,0.0,
Chol-GCN,../../../Data/SplitData/Cholesterol/cholesterol-separate-graphs-5A_exp1/Test/CombinedUnlabeled/7OJI-f5-positive_graphs.npy,PseudoPositive,0.205,
Chol-GCN,../../../Data/SplitData/Cholesterol/cholesterol-separate-graphs-5A_exp1/Test/CombinedUnlabeled/7P00-f1_graphs.npy,StrongNegative,0.077,
Chol-GCN,../../../Data/SplitData/Cholesterol/cholesterol-separate-graphs-5A_exp1/Test/CombinedUnlabeled/7P00-f2_graphs.npy,StrongNegative,0.0,
Chol-GCN,../../../Data/SplitData/Cholesterol/cholesterol-separate-graphs-5A_exp1/Test/CombinedUnlabeled/7P00-f4-positive_graphs.npy,StrongPositive,0.273,
Chol-GCN,../../../Data/SplitData/Cholesterol/cholesterol-separate-graphs-5A_exp1/Test/CombinedUnlabeled/7P02-f3_graphs.npy,StrongNegative,0.0,
Chol-GCN,../../../Data/SplitData/Cholesterol/cholesterol-separate-graphs-5A_exp1/Test/CombinedUnlabeled/7PP1-f5_graphs.npy,StrongNegative,0.095,
Chol-GCN,../../../Data/SplitData/Cholesterol/cholesterol-separate-graphs-5A_exp1/Test/CombinedUnlabeled/7PX4-f4-positive_graphs.npy,StrongNegative,0.214,
Chol-GCN,../../../Data/SplitData/Cholesterol/cholesterol-separate-graphs-5A_exp1/Test/CombinedUnlabeled/7PXE-f3_graphs.npy,StrongNegative,0.0,
Chol-GCN,../../../Data/SplitData/Cholesterol/cholesterol-separate-graphs-5A_exp1/Test/CombinedUnlabeled/7PYR-f4_graphs.npy,StrongNegative,0.0,
Chol-GCN,../../../Data/SplitData/Cholesterol/cholesterol-separate-graphs-5A_exp1/Test/CombinedUnlabeled/7Q1U-f1_graphs.npy,StrongNegative,0.0,
Chol-GCN,../../../Data/SplitData/Cholesterol/cholesterol-separate-graphs-5A_exp1/Test/CombinedUnlabeled/7Q1U-f4_graphs.npy,StrongNegative,0.0,
Chol-GCN,../../../Data/SplitData/Cholesterol/cholesterol-separate-graphs-5A_exp1/Test/CombinedUnlabeled/7R8B-f1_graphs.npy,StrongNegative,0.137,
Chol-GCN,../../../Data/SplitData/Cholesterol/cholesterol-separate-graphs-5A_exp1/Test/CombinedUnlabeled/7R8B-f2-positive_graphs.npy,StrongNegative,0.207,
Chol-GCN,../../../Data/SplitData/Cholesterol/cholesterol-separate-graphs-5A_exp1/Test/CombinedUnlabeled/7R8B-f5_graphs.npy,StrongNegative,0.0,
Chol-GCN,../../../Data/SplitData/Cholesterol/cholesterol-separate-graphs-5A_exp1/Test/CombinedUnlabeled/7R8D-f1-positive_graphs.npy,StrongNegative,0.202,
Chol-GCN,../../../Data/SplitData/Cholesterol/cholesterol-separate-graphs-5A_exp1/Test/CombinedUnlabeled/7R8D-f3_graphs.npy,StrongNegative,0.0,
Chol-GCN,../../../Data/SplitData/Cholesterol/cholesterol-separate-graphs-5A_exp1/Test/CombinedUnlabeled/7RHR-f2-positive_graphs.npy,PseudoNegative,0.302,
Chol-GCN,../../../Data/SplitData/Cholesterol/cholesterol-separate-graphs-5A_exp1/Test/CombinedUnlabeled/7SHF-f3-positive_graphs.npy,StrongNegative,0.226,
Chol-GCN,../../../Data/SplitData/Cholesterol/cholesterol-separate-graphs-5A_exp1/Test/CombinedUnlabeled/7SIL-f1-positive_graphs.npy,PseudoNegative,0.333,
Chol-GCN,../../../Data/SplitData/Cholesterol/cholesterol-separate-graphs-5A_exp1/Test/CombinedUnlabeled/7SIL-f2_graphs.npy,StrongNegative,0.0,
Chol-GCN,../../../Data/SplitData/Cholesterol/cholesterol-separate-graphs-5A_exp1/Test/CombinedUnlabeled/7SIL-f3-positive_graphs.npy,StrongNegative,0.279,
Chol-GCN,../../../Data/SplitData/Cholesterol/cholesterol-separate-graphs-5A_exp1/Test/CombinedUnlabeled/7SIL-f4-positive_graphs.npy,StrongNegative,0.25,
Chol-GCN,../../../Data/SplitData/Cholesterol/cholesterol-separate-graphs-5A_exp1/Test/CombinedUnlabeled/7SIL-f5-positive_graphs.npy,StrongPositive,0.312,
Chol-GCN,../../../Data/SplitData/Cholesterol/cholesterol-separate-graphs-5A_exp1/Test/CombinedUnlabeled/7SIM-f2-positive_graphs.npy,StrongNegative,0.24,
Chol-GCN,../../../Data/SplitData/Cholesterol/cholesterol-separate-graphs-5A_exp1/Test/CombinedUnlabeled/7SIM-f3-positive_graphs.npy,StrongNegative,0.323,
Chol-GCN,../../../Data/SplitData/Cholesterol/cholesterol-separate-graphs-5A_exp1/Test/CombinedUnlabeled/7SIM-f4-positive_graphs.npy,PseudoNegative,0.387,
Chol-GCN,../../../Data/SplitData/Cholesterol/cholesterol-separate-graphs-5A_exp1/Test/CombinedUnlabeled/7SK4-f1-positive_graphs.npy,PseudoPositive,0.29,
Chol-GCN,../../../Data/SplitData/Cholesterol/cholesterol-separate-graphs-5A_exp1/Test/CombinedUnlabeled/7SK4-f3-positive_graphs.npy,StrongNegative,0.226,
Chol-GCN,../../../Data/SplitData/Cholesterol/cholesterol-separate-graphs-5A_exp1/Test/CombinedUnlabeled/7SK7-f1_graphs.npy,StrongNegative,0.0,
Chol-GCN,../../../Data/SplitData/Cholesterol/cholesterol-separate-graphs-5A_exp1/Test/CombinedUnlabeled/7SK7-f4_graphs.npy,StrongNegative,0.0,
Chol-GCN,../../../Data/SplitData/Cholesterol/cholesterol-separate-graphs-5A_exp1/Test/CombinedUnlabeled/7SK8-f1-positive_graphs.npy,PseudoNegative,0.224,
Chol-GCN,../../../Data/SplitData/Cholesterol/cholesterol-separate-graphs-5A_exp1/Test/CombinedUnlabeled/7SK8-f3-positive_graphs.npy,StrongNegative,0.429,
Chol-GCN,../../../Data/SplitData/Cholesterol/cholesterol-separate-graphs-5A_exp1/Test/CombinedUnlabeled/7SL8-f1-positive_graphs.npy,StrongPositive,0.421,
Chol-GCN,../../../Data/SplitData/Cholesterol/cholesterol-separate-graphs-5A_exp1/Test/CombinedUnlabeled/7SMM-f2_graphs.npy,StrongNegative,0.088,
Chol-GCN,../../../Data/SplitData/Cholesterol/cholesterol-separate-graphs-5A_exp1/Test/CombinedUnlabeled/7SMR-f4_graphs.npy,StrongNegative,0.0,
Chol-GCN,../../../Data/SplitData/Cholesterol/cholesterol-separate-graphs-5A_exp1/Test/CombinedUnlabeled/7SMR-f5-positive_graphs.npy,StrongPositive,0.257,
Chol-GCN,../../../Data/SplitData/Cholesterol/cholesterol-separate-graphs-5A_exp1/Test/CombinedUnlabeled/7SMS-f4-positive_graphs.npy,StrongNegative,0.212,
Chol-GCN,../../../Data/SplitData/Cholesterol/cholesterol-separate-graphs-5A_exp1/Test/CombinedUnlabeled/7SMS-f5-positive_graphs.npy,StrongPositive,0.3,
Chol-GCN,../../../Data/SplitData/Cholesterol/cholesterol-separate-graphs-5A_exp1/Test/CombinedUnlabeled/7SMT-f4_graphs.npy,StrongNegative,0.0,
Chol-GCN,../../../Data/SplitData/Cholesterol/cholesterol-separate-graphs-5A_exp1/Test/CombinedUnlabeled/7SMT-f5-positive_graphs.npy,StrongPositive,0.286,
Chol-GCN,../../../Data/SplitData/Cholesterol/cholesterol-separate-graphs-5A_exp1/Test/CombinedUnlabeled/7SVD-f5_graphs.npy,StrongNegative,0.0,
Chol-GCN,../../../Data/SplitData/Cholesterol/cholesterol-separate-graphs-5A_exp1/Test/CombinedUnlabeled/7TBW-f4_graphs.npy,StrongNegative,0.0,
Chol-GCN,../../../Data/SplitData/Cholesterol/cholesterol-separate-graphs-5A_exp1/Test/CombinedUnlabeled/7TC0-f4_graphs.npy,StrongNegative,0.0,
Chol-GCN,../../../Data/SplitData/Cholesterol/cholesterol-separate-graphs-5A_exp1/Test/CombinedUnlabeled/7TJ9-f1_graphs.npy,StrongNegative,0.0,
Chol-GCN,../../../Data/SplitData/Cholesterol/cholesterol-separate-graphs-5A_exp1/Test/CombinedUnlabeled/7TY4-f4_graphs.npy,StrongNegative,0.0,
Chol-GCN,../../../Data/SplitData/Cholesterol/cholesterol-separate-graphs-5A_exp1/Test/CombinedUnlabeled/7TY6-f1_graphs.npy,StrongNegative,0.0,
Chol-GCN,../../../Data/SplitData/Cholesterol/cholesterol-separate-graphs-5A_exp1/Test/CombinedUnlabeled/7TY6-f2_graphs.npy,StrongNegative,0.0,
Chol-GCN,../../../Data/SplitData/Cholesterol/cholesterol-separate-graphs-5A_exp1/Test/CombinedUnlabeled/7TY6-f3_graphs.npy,StrongNegative,0.0,
Chol-GCN,../../../Data/SplitData/Cholesterol/cholesterol-separate-graphs-5A_exp1/Test/CombinedUnlabeled/7TY7-f2_graphs.npy,StrongNegative,0.0,
Chol-GCN,../../../Data/SplitData/Cholesterol/cholesterol-separate-graphs-5A_exp1/Test/CombinedUnlabeled/7UHG-f1_graphs.npy,StrongNegative,0.0,
Chol-GCN,../../../Data/SplitData/Cholesterol/cholesterol-separate-graphs-5A_exp1/Test/CombinedUnlabeled/7UHG-f3_graphs.npy,StrongNegative,0.012,
Chol-GCN,../../../Data/SplitData/Cholesterol/cholesterol-separate-graphs-5A_exp1/Test/CombinedUnlabeled/7URC-f2_graphs.npy,StrongNegative,0.0,
Chol-GCN,../../../Data/SplitData/Cholesterol/cholesterol-separate-graphs-5A_exp1/Test/CombinedUnlabeled/7URD-f2_graphs.npy,StrongNegative,0.0,
Chol-GCN,../../../Data/SplitData/Cholesterol/cholesterol-separate-graphs-5A_exp1/Test/CombinedUnlabeled/7USW-f1_graphs.npy,StrongNegative,0.0,
Chol-GCN,../../../Data/SplitData/Cholesterol/cholesterol-separate-graphs-5A_exp1/Test/CombinedUnlabeled/7USX-f3_graphs.npy,StrongNegative,0.0,
Chol-GCN,../../../Data/SplitData/Cholesterol/cholesterol-separate-graphs-5A_exp1/Test/CombinedUnlabeled/7UZ3-f2_graphs.npy,StrongNegative,0.0,
Chol-GCN,../../../Data/SplitData/Cholesterol/cholesterol-separate-graphs-5A_exp1/Test/CombinedUnlabeled/7UZ3-f4_graphs.npy,StrongNegative,0.0,
Chol-GCN,../../../Data/SplitData/Cholesterol/cholesterol-separate-graphs-5A_exp1/Test/CombinedUnlabeled/7UZE-f1_graphs.npy,StrongNegative,0.0,
Chol-GCN,../../../Data/SplitData/Cholesterol/cholesterol-separate-graphs-5A_exp1/Test/CombinedUnlabeled/7UZQ-f2_graphs.npy,StrongNegative,0.0,
Chol-GCN,../../../Data/SplitData/Cholesterol/cholesterol-separate-graphs-5A_exp1/Test/CombinedUnlabeled/7UZQ-f3_graphs.npy,StrongNegative,0.0,
Chol-GCN,../../../Data/SplitData/Cholesterol/cholesterol-separate-graphs-5A_exp1/Test/CombinedUnlabeled/7V07-f4-positive_graphs.npy,StrongNegative,0.244,
Chol-GCN,../../../Data/SplitData/Cholesterol/cholesterol-separate-graphs-5A_exp1/Test/CombinedUnlabeled/7V0K-f1-positive_graphs.npy,StrongNegative,0.28,
Chol-GCN,../../../Data/SplitData/Cholesterol/cholesterol-separate-graphs-5A_exp1/Test/CombinedUnlabeled/7V0K-f2-positive_graphs.npy,StrongNegative,0.282,
Chol-GCN,../../../Data/SplitData/Cholesterol/cholesterol-separate-graphs-5A_exp1/Test/CombinedUnlabeled/7V0K-f3_graphs.npy,StrongNegative,0.0,
Chol-GCN,../../../Data/SplitData/Cholesterol/cholesterol-separate-graphs-5A_exp1/Test/CombinedUnlabeled/7V0K-f5_graphs.npy,StrongNegative,0.0,
Chol-GCN,../../../Data/SplitData/Cholesterol/cholesterol-separate-graphs-5A_exp1/Test/CombinedUnlabeled/7V0S-f2_graphs.npy,StrongNegative,0.0,
Chol-GCN,../../../Data/SplitData/Cholesterol/cholesterol-separate-graphs-5A_exp1/Test/CombinedUnlabeled/7V19-f3_graphs.npy,StrongNegative,0.0,
Chol-GCN,../../../Data/SplitData/Cholesterol/cholesterol-separate-graphs-5A_exp1/Test/CombinedUnlabeled/7V3Z-f4_graphs.npy,StrongNegative,0.0,
Chol-GCN,../../../Data/SplitData/Cholesterol/cholesterol-separate-graphs-5A_exp1/Test/CombinedUnlabeled/7V3Z-f5-positive_graphs.npy,StrongNegative,0.222,
Chol-GCN,../../../Data/SplitData/Cholesterol/cholesterol-separate-graphs-5A_exp1/Test/CombinedUnlabeled/7VAB-f2-positive_graphs.npy,StrongNegative,0.319,
Chol-GCN,../../../Data/SplitData/Cholesterol/cholesterol-separate-graphs-5A_exp1/Test/CombinedUnlabeled/7VAB-f3-positive_graphs.npy,StrongPositive,0.275,
Chol-GCN,../../../Data/SplitData/Cholesterol/cholesterol-separate-graphs-5A_exp1/Test/CombinedUnlabeled/7VDH-f1_graphs.npy,StrongNegative,0.0,
Chol-GCN,../../../Data/SplitData/Cholesterol/cholesterol-separate-graphs-5A_exp1/Test/CombinedUnlabeled/7VDH-f3-positive_graphs.npy,PseudoNegative,0.293,
Chol-GCN,../../../Data/SplitData/Cholesterol/cholesterol-separate-graphs-5A_exp1/Test/CombinedUnlabeled/7VDL-f2-positive_graphs.npy,PseudoNegative,0.267,
Chol-GCN,../../../Data/SplitData/Cholesterol/cholesterol-separate-graphs-5A_exp1/Test/CombinedUnlabeled/7VDL-f3_graphs.npy,StrongNegative,0.106,
Chol-GCN,../../../Data/SplitData/Cholesterol/cholesterol-separate-graphs-5A_exp1/Test/CombinedUnlabeled/7VFX-f1-positive_graphs.npy,PseudoPositive,0.298,
Chol-GCN,../../../Data/SplitData/Cholesterol/cholesterol-separate-graphs-5A_exp1/Test/CombinedUnlabeled/7VFX-f4-positive_graphs.npy,StrongNegative,0.204,
Chol-GCN,../../../Data/SplitData/Cholesterol/cholesterol-separate-graphs-5A_exp1/Test/CombinedUnlabeled/7VGZ-f1_graphs.npy,StrongNegative,0.0,
Chol-GCN,../../../Data/SplitData/Cholesterol/cholesterol-separate-graphs-5A_exp1/Test/CombinedUnlabeled/7VLA-f4-positive_graphs.npy,StrongNegative,0.282,
Chol-GCN,../../../Data/SplitData/Cholesterol/cholesterol-separate-graphs-5A_exp1/Test/CombinedUnlabeled/7VLA-f5_graphs.npy,StrongNegative,0.167,
Chol-GCN,../../../Data/SplitData/Cholesterol/cholesterol-separate-graphs-5A_exp1/Test/CombinedUnlabeled/7VR7-f4_graphs.npy,StrongNegative,0.0,
Chol-GCN,../../../Data/SplitData/Cholesterol/cholesterol-separate-graphs-5A_exp1/Test/CombinedUnlabeled/7VUY-f5_graphs.npy,StrongNegative,0.0,
Chol-GCN,../../../Data/SplitData/Cholesterol/cholesterol-separate-graphs-5A_exp1/Test/CombinedUnlabeled/7VUZ-f1_graphs.npy,StrongNegative,0.133,
Chol-GCN,../../../Data/SplitData/Cholesterol/cholesterol-separate-graphs-5A_exp1/Test/CombinedUnlabeled/7VUZ-f2_graphs.npy,StrongNegative,0.0,
Chol-GCN,../../../Data/SplitData/Cholesterol/cholesterol-separate-graphs-5A_exp1/Test/CombinedUnlabeled/7VV3-f4_graphs.npy,StrongNegative,0.0,
Chol-GCN,../../../Data/SplitData/Cholesterol/cholesterol-separate-graphs-5A_exp1/Test/CombinedUnlabeled/7VV4-f3_graphs.npy,StrongNegative,0.0,
Chol-GCN,../../../Data/SplitData/Cholesterol/cholesterol-separate-graphs-5A_exp1/Test/CombinedUnlabeled/7VV5-f2_graphs.npy,StrongNegative,0.0,
Chol-GCN,../../../Data/SplitData/Cholesterol/cholesterol-separate-graphs-5A_exp1/Test/CombinedUnlabeled/7W2Z-f1-positive_graphs.npy,StrongNegative,0.311,
Chol-GCN,../../../Data/SplitData/Cholesterol/cholesterol-separate-graphs-5A_exp1/Test/CombinedUnlabeled/7W2Z-f2-positive_graphs.npy,PseudoNegative,0.25,
Chol-GCN,../../../Data/SplitData/Cholesterol/cholesterol-separate-graphs-5A_exp1/Test/CombinedUnlabeled/7W2Z-f3-positive_graphs.npy,PseudoNegative,0.222,
Chol-GCN,../../../Data/SplitData/Cholesterol/cholesterol-separate-graphs-5A_exp1/Test/CombinedUnlabeled/7W9W-f1-positive_graphs.npy,StrongNegative,0.208,
Chol-GCN,../../../Data/SplitData/Cholesterol/cholesterol-separate-graphs-5A_exp1/Test/CombinedUnlabeled/7W9W-f3_graphs.npy,StrongNegative,0.0,
Chol-GCN,../../../Data/SplitData/Cholesterol/cholesterol-separate-graphs-5A_exp1/Test/CombinedUnlabeled/7WC4-f1_graphs.npy,StrongNegative,0.0,
Chol-GCN,../../../Data/SplitData/Cholesterol/cholesterol-separate-graphs-5A_exp1/Test/CombinedUnlabeled/7WC4-f3_graphs.npy,StrongNegative,0.0,
Chol-GCN,../../../Data/SplitData/Cholesterol/cholesterol-separate-graphs-5A_exp1/Test/CombinedUnlabeled/7WC5-f1_graphs.npy,StrongNegative,0.134,
Chol-GCN,../../../Data/SplitData/Cholesterol/cholesterol-separate-graphs-5A_exp1/Test/CombinedUnlabeled/7WC6-f4_graphs.npy,StrongNegative,0.0,
Chol-GCN,../../../Data/SplitData/Cholesterol/cholesterol-separate-graphs-5A_exp1/Test/CombinedUnlabeled/7WC7-f1_graphs.npy,StrongNegative,0.0,
Chol-GCN,../../../Data/SplitData/Cholesterol/cholesterol-separate-graphs-5A_exp1/Test/CombinedUnlabeled/7WC7-f2_graphs.npy,StrongNegative,0.0,
Chol-GCN,../../../Data/SplitData/Cholesterol/cholesterol-separate-graphs-5A_exp1/Test/CombinedUnlabeled/7WC7-f3_graphs.npy,StrongNegative,0.0,
Chol-GCN,../../../Data/SplitData/Cholesterol/cholesterol-separate-graphs-5A_exp1/Test/CombinedUnlabeled/7WC7-f4_graphs.npy,StrongNegative,0.0,
Chol-GCN,../../../Data/SplitData/Cholesterol/cholesterol-separate-graphs-5A_exp1/Test/CombinedUnlabeled/7WC8-f1_graphs.npy,StrongNegative,0.0,
Chol-GCN,../../../Data/SplitData/Cholesterol/cholesterol-separate-graphs-5A_exp1/Test/CombinedUnlabeled/7WC8-f2-positive_graphs.npy,StrongPositive,0.204,
Chol-GCN,../../../Data/SplitData/Cholesterol/cholesterol-separate-graphs-5A_exp1/Test/CombinedUnlabeled/7WEL-f4_graphs.npy,StrongNegative,0.0,
Chol-GCN,../../../Data/SplitData/Cholesterol/cholesterol-separate-graphs-5A_exp1/Test/CombinedUnlabeled/7WFR-f3_graphs.npy,StrongNegative,0.0,
Chol-GCN,../../../Data/SplitData/Cholesterol/cholesterol-separate-graphs-5A_exp1/Test/CombinedUnlabeled/7WFW-f1_graphs.npy,StrongNegative,0.0,
Chol-GCN,../../../Data/SplitData/Cholesterol/cholesterol-separate-graphs-5A_exp1/Test/CombinedUnlabeled/7WGD-f4_graphs.npy,StrongNegative,0.0,
Chol-GCN,../../../Data/SplitData/Cholesterol/cholesterol-separate-graphs-5A_exp1/Test/CombinedUnlabeled/7WGT-f1-positive_graphs.npy,StrongNegative,0.238,
Chol-GCN,../../../Data/SplitData/Cholesterol/cholesterol-separate-graphs-5A_exp1/Test/CombinedUnlabeled/7WLD-f3_graphs.npy,StrongNegative,0.0,
Chol-GCN,../../../Data/SplitData/Cholesterol/cholesterol-separate-graphs-5A_exp1/Test/CombinedUnlabeled/7WLW-f1-positive_graphs.npy,StrongNegative,0.25,
Chol-GCN,../../../Data/SplitData/Cholesterol/cholesterol-separate-graphs-5A_exp1/Test/CombinedUnlabeled/7WLW-f5_graphs.npy,StrongNegative,0.0,
Chol-GCN,../../../Data/SplitData/Cholesterol/cholesterol-separate-graphs-5A_exp1/Test/CombinedUnlabeled/7WQ3-f5_graphs.npy,StrongNegative,0.037,
Chol-GCN,../../../Data/SplitData/Cholesterol/cholesterol-separate-graphs-5A_exp1/Test/CombinedUnlabeled/7WU4-f1-positive_graphs.npy,StrongPositive,0.29,
Chol-GCN,../../../Data/SplitData/Cholesterol/cholesterol-separate-graphs-5A_exp1/Test/CombinedUnlabeled/7WU5-f1_graphs.npy,StrongNegative,0.0,
Chol-GCN,../../../Data/SplitData/Cholesterol/cholesterol-separate-graphs-5A_exp1/Test/CombinedUnlabeled/7WU5-f2-positive_graphs.npy,PseudoNegative,0.304,
Chol-GCN,../../../Data/SplitData/Cholesterol/cholesterol-separate-graphs-5A_exp1/Test/CombinedUnlabeled/7WU5-f4_graphs.npy,StrongNegative,0.0,
Chol-GCN,../../../Data/SplitData/Cholesterol/cholesterol-separate-graphs-5A_exp1/Test/CombinedUnlabeled/7WYU-f2-positive_graphs.npy,StrongNegative,0.314,
Chol-GCN,../../../Data/SplitData/Cholesterol/cholesterol-separate-graphs-5A_exp1/Test/CombinedUnlabeled/7WYZ-f3-positive_graphs.npy,StrongNegative,0.317,
Chol-GCN,../../../Data/SplitData/Cholesterol/cholesterol-separate-graphs-5A_exp1/Test/CombinedUnlabeled/7WYZ-f4_graphs.npy,StrongNegative,0.0,
Chol-GCN,../../../Data/SplitData/Cholesterol/cholesterol-separate-graphs-5A_exp1/Test/CombinedUnlabeled/7WYZ-f5-positive_graphs.npy,StrongNegative,0.2,
Chol-GCN,../../../Data/SplitData/Cholesterol/cholesterol-separate-graphs-5A_exp1/Test/CombinedUnlabeled/7WZ0-f1-positive_graphs.npy,StrongPositive,0.206,
Chol-GCN,../../../Data/SplitData/Cholesterol/cholesterol-separate-graphs-5A_exp1/Test/CombinedUnlabeled/7WZ0-f3-positive_graphs.npy,StrongNegative,0.265,
Chol-GCN,../../../Data/SplitData/Cholesterol/cholesterol-separate-graphs-5A_exp1/Test/CombinedUnlabeled/7WZ0-f5_graphs.npy,StrongNegative,0.0,
Chol-GCN,../../../Data/SplitData/Cholesterol/cholesterol-separate-graphs-5A_exp1/Test/CombinedUnlabeled/7X24-f1-positive_graphs.npy,StrongNegative,0.236,
Chol-GCN,../../../Data/SplitData/Cholesterol/cholesterol-separate-graphs-5A_exp1/Test/CombinedUnlabeled/7X2C-f1_graphs.npy,StrongNegative,0.0,
Chol-GCN,../../../Data/SplitData/Cholesterol/cholesterol-separate-graphs-5A_exp1/Test/CombinedUnlabeled/7X2F-f5_graphs.npy,StrongNegative,0.0,
Chol-GCN,../../../Data/SplitData/Cholesterol/cholesterol-separate-graphs-5A_exp1/Test/CombinedUnlabeled/7XBX-f3-positive_graphs.npy,StrongPositive,0.25,
Chol-GCN,../../../Data/SplitData/Cholesterol/cholesterol-separate-graphs-5A_exp1/Test/CombinedUnlabeled/7XBX-f4_graphs.npy,StrongNegative,0.0,
Chol-GCN,../../../Data/SplitData/Cholesterol/cholesterol-separate-graphs-5A_exp1/Test/CombinedUnlabeled/7XBX-f5-positive_graphs.npy,StrongPositive,0.286,
Chol-GCN,../../../Data/SplitData/Cholesterol/cholesterol-separate-graphs-5A_exp1/Test/CombinedUnlabeled/7XEM-f4_graphs.npy,StrongNegative,0.0,
Chol-GCN,../../../Data/SplitData/Cholesterol/cholesterol-separate-graphs-5A_exp1/Test/CombinedUnlabeled/7XER-f1_graphs.npy,StrongNegative,0.0,
Chol-GCN,../../../Data/SplitData/Cholesterol/cholesterol-separate-graphs-5A_exp1/Test/CombinedUnlabeled/7XER-f3_graphs.npy,StrongNegative,0.0,
Chol-GCN,../../../Data/SplitData/Cholesterol/cholesterol-separate-graphs-5A_exp1/Test/CombinedUnlabeled/7XEU-f3-positive_graphs.npy,StrongNegative,0.246,
Chol-GCN,../../../Data/SplitData/Cholesterol/cholesterol-separate-graphs-5A_exp1/Test/CombinedUnlabeled/7XT8-f2-positive_graphs.npy,StrongNegative,0.328,
Chol-GCN,../../../Data/SplitData/Cholesterol/cholesterol-separate-graphs-5A_exp1/Test/CombinedUnlabeled/7XT8-f3_graphs.npy,StrongNegative,0.0,
Chol-GCN,../../../Data/SplitData/Cholesterol/cholesterol-separate-graphs-5A_exp1/Test/CombinedUnlabeled/7XT9-f1_graphs.npy,StrongNegative,0.0,
Chol-GCN,../../../Data/SplitData/Cholesterol/cholesterol-separate-graphs-5A_exp1/Test/CombinedUnlabeled/7XT9-f3-positive_graphs.npy,StrongNegative,0.306,
Chol-GCN,../../../Data/SplitData/Cholesterol/cholesterol-separate-graphs-5A_exp1/Test/CombinedUnlabeled/7XTC-f1_graphs.npy,StrongNegative,0.0,
Chol-GCN,../../../Data/SplitData/Cholesterol/cholesterol-separate-graphs-5A_exp1/Test/CombinedUnlabeled/7XVE-f4-positive_graphs.npy,StrongNegative,0.211,
Chol-GCN,../../../Data/SplitData/Cholesterol/cholesterol-separate-graphs-5A_exp1/Test/CombinedUnlabeled/7XW5-f3-positive_graphs.npy,StrongNegative,0.227,
Chol-GCN,../../../Data/SplitData/Cholesterol/cholesterol-separate-graphs-5A_exp1/Test/CombinedUnlabeled/7XW6-f1-positive_graphs.npy,PseudoPositive,0.222,
Chol-GCN,../../../Data/SplitData/Cholesterol/cholesterol-separate-graphs-5A_exp1/Test/CombinedUnlabeled/7XW6-f3_graphs.npy,StrongNegative,0.0,
Chol-GCN,../../../Data/SplitData/Cholesterol/cholesterol-separate-graphs-5A_exp1/Test/CombinedUnlabeled/7XZH-f4-positive_graphs.npy,StrongNegative,0.27,
Chol-GCN,../../../Data/SplitData/Cholesterol/cholesterol-separate-graphs-5A_exp1/Test/CombinedUnlabeled/7Y45-f1-positive_graphs.npy,StrongNegative,0.228,
Chol-GCN,../../../Data/SplitData/Cholesterol/cholesterol-separate-graphs-5A_exp1/Test/CombinedUnlabeled/7Y45-f3-positive_graphs.npy,StrongNegative,0.214,
Chol-GCN,../../../Data/SplitData/Cholesterol/cholesterol-separate-graphs-5A_exp1/Test/CombinedUnlabeled/7Y45-f5_graphs.npy,StrongNegative,0.085,
Chol-GCN,../../../Data/SplitData/Cholesterol/cholesterol-separate-graphs-5A_exp1/Test/CombinedUnlabeled/7Y5T-f5_graphs.npy,StrongNegative,0.0,
Chol-GCN,../../../Data/SplitData/Cholesterol/cholesterol-separate-graphs-5A_exp1/Test/CombinedUnlabeled/7Y5X-f1_graphs.npy,StrongNegative,0.0,
Chol-GCN,../../../Data/SplitData/Cholesterol/cholesterol-separate-graphs-5A_exp1/Test/CombinedUnlabeled/7Y5X-f4-positive_graphs.npy,PseudoPositive,0.273,
Chol-GCN,../../../Data/SplitData/Cholesterol/cholesterol-separate-graphs-5A_exp1/Test/CombinedUnlabeled/7Y5Z-f2_graphs.npy,StrongNegative,0.0,
Chol-GCN,../../../Data/SplitData/Cholesterol/cholesterol-separate-graphs-5A_exp1/Test/CombinedUnlabeled/7YAE-f3-positive_graphs.npy,StrongNegative,0.214,
Chol-GCN,../../../Data/SplitData/Cholesterol/cholesterol-separate-graphs-5A_exp1/Test/CombinedUnlabeled/7YAE-f4_graphs.npy,StrongNegative,0.147,
Chol-GCN,../../../Data/SplitData/Cholesterol/cholesterol-separate-graphs-5A_exp1/Test/CombinedUnlabeled/7YFC-f4_graphs.npy,StrongNegative,0.154,
Chol-GCN,../../../Data/SplitData/Cholesterol/cholesterol-separate-graphs-5A_exp1/Test/CombinedUnlabeled/7YKD-f1-positive_graphs.npy,PseudoNegative,0.333,
Chol-GCN,../../../Data/SplitData/Cholesterol/cholesterol-separate-graphs-5A_exp1/Test/CombinedUnlabeled/7ZI0-f1_graphs.npy,StrongNegative,0.0,
Chol-GCN,../../../Data/SplitData/Cholesterol/cholesterol-separate-graphs-5A_exp1/Test/CombinedUnlabeled/7ZXN-f4_graphs.npy,StrongNegative,0.0,
Chol-GCN,../../../Data/SplitData/Cholesterol/cholesterol-separate-graphs-5A_exp1/Test/CombinedUnlabeled/7ZXN-f5_graphs.npy,StrongNegative,0.0,
Chol-GCN,../../../Data/SplitData/Cholesterol/cholesterol-separate-graphs-5A_exp1/Test/CombinedUnlabeled/7ZYI-f1_graphs.npy,StrongNegative,0.0,
Chol-GCN,../../../Data/SplitData/Cholesterol/cholesterol-separate-graphs-5A_exp1/Test/CombinedUnlabeled/7ZYI-f3_graphs.npy,StrongNegative,0.0,
Chol-GCN,../../../Data/SplitData/Cholesterol/cholesterol-separate-graphs-5A_exp1/Test/CombinedUnlabeled/7ZYI-f5-positive_graphs.npy,PseudoNegative,0.234,
Chol-GCN,../../../Data/SplitData/Cholesterol/cholesterol-separate-graphs-5A_exp1/Test/CombinedUnlabeled/8A2O-f3_graphs.npy,StrongNegative,0.0,
Chol-GCN,../../../Data/SplitData/Cholesterol/cholesterol-separate-graphs-5A_exp1/Test/CombinedUnlabeled/8BHT-f1_graphs.npy,StrongNegative,0.0,
Chol-GCN,../../../Data/SplitData/Cholesterol/cholesterol-separate-graphs-5A_exp1/Test/CombinedUnlabeled/8BHT-f5-positive_graphs.npy,PseudoNegative,0.35,
Chol-GCN,../../../Data/SplitData/Cholesterol/cholesterol-separate-graphs-5A_exp1/Test/CombinedUnlabeled/8BI0-f5-positive_graphs.npy,PseudoPositive,0.3,
Chol-GCN,../../../Data/SplitData/Cholesterol/cholesterol-separate-graphs-5A_exp1/Test/CombinedUnlabeled/8BJF-f1_graphs.npy,StrongNegative,0.0,
Chol-GCN,../../../Data/SplitData/Cholesterol/cholesterol-separate-graphs-5A_exp1/Test/CombinedUnlabeled/8BJF-f5_graphs.npy,StrongNegative,0.0,
Chol-GCN,../../../Data/SplitData/Cholesterol/cholesterol-separate-graphs-5A_exp1/Test/CombinedUnlabeled/8C9W-f2-positive_graphs.npy,StrongNegative,0.218,
Chol-GCN,../../../Data/SplitData/Cholesterol/cholesterol-separate-graphs-5A_exp1/Test/CombinedUnlabeled/8C9W-f3_graphs.npy,StrongNegative,0.011,
Chol-GCN,../../../Data/SplitData/Cholesterol/cholesterol-separate-graphs-5A_exp1/Test/CombinedUnlabeled/8CIC-f1_graphs.npy,StrongNegative,0.0,
Chol-GCN,../../../Data/SplitData/Cholesterol/cholesterol-separate-graphs-5A_exp1/Test/CombinedUnlabeled/8CIC-f3_graphs.npy,StrongNegative,0.0,
Chol-GCN,../../../Data/SplitData/Cholesterol/cholesterol-separate-graphs-5A_exp1/Test/CombinedUnlabeled/8CRT-f3_graphs.npy,StrongNegative,0.0,
Chol-GCN,../../../Data/SplitData/Cholesterol/cholesterol-separate-graphs-5A_exp1/Test/CombinedUnlabeled/8CS9-f1_graphs.npy,StrongNegative,0.0,
Chol-GCN,../../../Data/SplitData/Cholesterol/cholesterol-separate-graphs-5A_exp1/Test/CombinedUnlabeled/8CS9-f3_graphs.npy,StrongNegative,0.0,
Chol-GCN,../../../Data/SplitData/Cholesterol/cholesterol-separate-graphs-5A_exp1/Test/CombinedUnlabeled/8CT2-f3_graphs.npy,StrongNegative,0.0,
Chol-GCN,../../../Data/SplitData/Cholesterol/cholesterol-separate-graphs-5A_exp1/Test/CombinedUnlabeled/8CT2-f4_graphs.npy,StrongNegative,0.0,
Chol-GCN,../../../Data/SplitData/Cholesterol/cholesterol-separate-graphs-5A_exp1/Test/CombinedUnlabeled/8CU6-f5_graphs.npy,StrongNegative,0.0,
Chol-GCN,../../../Data/SplitData/Cholesterol/cholesterol-separate-graphs-5A_exp1/Test/CombinedUnlabeled/8CU7-f2-positive_graphs.npy,StrongNegative,0.22,
Chol-GCN,../../../Data/SplitData/Cholesterol/cholesterol-separate-graphs-5A_exp1/Test/CombinedUnlabeled/8DPF-f2_graphs.npy,StrongNegative,0.0,
Chol-GCN,../../../Data/SplitData/Cholesterol/cholesterol-separate-graphs-5A_exp1/Test/CombinedUnlabeled/8DPI-f1_graphs.npy,StrongNegative,0.0,
Chol-GCN,../../../Data/SplitData/Cholesterol/cholesterol-separate-graphs-5A_exp1/Test/CombinedUnlabeled/8DU3-f2-positive_graphs.npy,StrongNegative,0.205,
Chol-GCN,../../../Data/SplitData/Cholesterol/cholesterol-separate-graphs-5A_exp1/Test/CombinedUnlabeled/8E0G-f2-positive_graphs.npy,StrongPositive,0.208,
Chol-GCN,../../../Data/SplitData/Cholesterol/cholesterol-separate-graphs-5A_exp1/Test/CombinedUnlabeled/8EF5-f2-positive_graphs.npy,PseudoPositive,0.344,
Chol-GCN,../../../Data/SplitData/Cholesterol/cholesterol-separate-graphs-5A_exp1/Test/CombinedUnlabeled/8EF5-f4-positive_graphs.npy,StrongNegative,0.25,
Chol-GCN,../../../Data/SplitData/Cholesterol/cholesterol-separate-graphs-5A_exp1/Test/CombinedUnlabeled/8EF6-f1-positive_graphs.npy,StrongNegative,0.294,
Chol-GCN,../../../Data/SplitData/Cholesterol/cholesterol-separate-graphs-5A_exp1/Test/CombinedUnlabeled/8EF6-f3-positive_graphs.npy,StrongNegative,0.333,
Chol-GCN,../../../Data/SplitData/Cholesterol/cholesterol-separate-graphs-5A_exp1/Test/CombinedUnlabeled/8EF6-f4-positive_graphs.npy,StrongNegative,0.25,
Chol-GCN,../../../Data/SplitData/Cholesterol/cholesterol-separate-graphs-5A_exp1/Test/CombinedUnlabeled/8EFL-f1-positive_graphs.npy,PseudoPositive,0.277,
Chol-GCN,../../../Data/SplitData/Cholesterol/cholesterol-separate-graphs-5A_exp1/Test/CombinedUnlabeled/8EFL-f2-positive_graphs.npy,StrongNegative,0.277,
Chol-GCN,../../../Data/SplitData/Cholesterol/cholesterol-separate-graphs-5A_exp1/Test/CombinedUnlabeled/8EFL-f4-positive_graphs.npy,PseudoPositive,0.312,
Chol-GCN,../../../Data/SplitData/Cholesterol/cholesterol-separate-graphs-5A_exp1/Test/CombinedUnlabeled/8EFO-f1-positive_graphs.npy,StrongPositive,0.302,
Chol-GCN,../../../Data/SplitData/Cholesterol/cholesterol-separate-graphs-5A_exp1/Test/CombinedUnlabeled/8EFO-f4-positive_graphs.npy,StrongNegative,0.238,
Chol-GCN,../../../Data/SplitData/Cholesterol/cholesterol-separate-graphs-5A_exp1/Test/CombinedUnlabeled/8EIO-f2_graphs.npy,StrongNegative,0.0,
Chol-GCN,../../../Data/SplitData/Cholesterol/cholesterol-separate-graphs-5A_exp1/Test/CombinedUnlabeled/8EIQ-f2_graphs.npy,StrongNegative,0.0,
Chol-GCN,../../../Data/SplitData/Cholesterol/cholesterol-separate-graphs-5A_exp1/Test/CombinedUnlabeled/8EIQ-f3_graphs.npy,StrongNegative,0.0,
Chol-GCN,../../../Data/SplitData/Cholesterol/cholesterol-separate-graphs-5A_exp1/Test/CombinedUnlabeled/8EOG-f4_graphs.npy,StrongNegative,0.0,
Chol-GCN,../../../Data/SplitData/Cholesterol/cholesterol-separate-graphs-5A_exp1/Test/CombinedUnlabeled/8ESK-f1_graphs.npy,StrongNegative,0.0,
Chol-GCN,../../../Data/SplitData/Cholesterol/cholesterol-separate-graphs-5A_exp1/Test/CombinedUnlabeled/8ESK-f4-positive_graphs.npy,PseudoPositive,0.25,
Chol-GCN,../../../Data/SplitData/Cholesterol/cholesterol-separate-graphs-5A_exp1/Test/CombinedUnlabeled/8ESK-f5_graphs.npy,StrongNegative,0.09,
Chol-GCN,../../../Data/SplitData/Cholesterol/cholesterol-separate-graphs-5A_exp1/Test/CombinedUnlabeled/8F1D-f3_graphs.npy,StrongNegative,0.0,
Chol-GCN,../../../Data/SplitData/Cholesterol/cholesterol-separate-graphs-5A_exp1/Test/CombinedUnlabeled/8F2S-f2-positive_graphs.npy,StrongPositive,0.241,
Chol-GCN,../../../Data/SplitData/Cholesterol/cholesterol-separate-graphs-5A_exp1/Test/CombinedUnlabeled/8F2S-f3-positive_graphs.npy,PseudoPositive,0.273,
Chol-GCN,../../../Data/SplitData/Cholesterol/cholesterol-separate-graphs-5A_exp1/Test/CombinedUnlabeled/8F6Y-f1-positive_graphs.npy,StrongNegative,0.286,
Chol-GCN,../../../Data/SplitData/Cholesterol/cholesterol-separate-graphs-5A_exp1/Test/CombinedUnlabeled/8F6Y-f3-positive_graphs.npy,StrongNegative,0.229,
Chol-GCN,../../../Data/SplitData/Cholesterol/cholesterol-separate-graphs-5A_exp1/Test/CombinedUnlabeled/8F6Y-f4_graphs.npy,StrongNegative,0.0,
Chol-GCN,../../../Data/SplitData/Cholesterol/cholesterol-separate-graphs-5A_exp1/Test/CombinedUnlabeled/8F6Z-f3_graphs.npy,StrongNegative,0.0,
Chol-GCN,../../../Data/SplitData/Cholesterol/cholesterol-separate-graphs-5A_exp1/Test/CombinedUnlabeled/8F6Z-f5_graphs.npy,StrongNegative,0.0,
Chol-GCN,../../../Data/SplitData/Cholesterol/cholesterol-separate-graphs-5A_exp1/Test/CombinedUnlabeled/8F7Q-f1-positive_graphs.npy,StrongNegative,0.222,
Chol-GCN,../../../Data/SplitData/Cholesterol/cholesterol-separate-graphs-5A_exp1/Test/CombinedUnlabeled/8F7Q-f2-positive_graphs.npy,StrongNegative,0.239,
Chol-GCN,../../../Data/SplitData/Cholesterol/cholesterol-separate-graphs-5A_exp1/Test/CombinedUnlabeled/8F7Q-f5-positive_graphs.npy,PseudoNegative,0.381,
Chol-GCN,../../../Data/SplitData/Cholesterol/cholesterol-separate-graphs-5A_exp1/Test/CombinedUnlabeled/8F7R-f1-positive_graphs.npy,StrongNegative,0.241,
Chol-GCN,../../../Data/SplitData/Cholesterol/cholesterol-separate-graphs-5A_exp1/Test/CombinedUnlabeled/8F7R-f3-positive_graphs.npy,StrongPositive,0.333,
Chol-GCN,../../../Data/SplitData/Cholesterol/cholesterol-separate-graphs-5A_exp1/Test/CombinedUnlabeled/8F7R-f5-positive_graphs.npy,PseudoNegative,0.212,
Chol-GCN,../../../Data/SplitData/Cholesterol/cholesterol-separate-graphs-5A_exp1/Test/CombinedUnlabeled/8F7S-f1-positive_graphs.npy,PseudoNegative,0.286,
Chol-GCN,../../../Data/SplitData/Cholesterol/cholesterol-separate-graphs-5A_exp1/Test/CombinedUnlabeled/8F7S-f3_graphs.npy,StrongNegative,0.0,
Chol-GCN,../../../Data/SplitData/Cholesterol/cholesterol-separate-graphs-5A_exp1/Test/CombinedUnlabeled/8FD7-f3_graphs.npy,StrongNegative,0.0,
Chol-GCN,../../../Data/SplitData/Cholesterol/cholesterol-separate-graphs-5A_exp1/Test/CombinedUnlabeled/8FHS-f1_graphs.npy,StrongNegative,0.0,
Chol-GCN,../../../Data/SplitData/Cholesterol/cholesterol-separate-graphs-5A_exp1/Test/CombinedUnlabeled/8FHS-f4_graphs.npy,StrongNegative,0.0,
Chol-GCN,../../../Data/SplitData/Cholesterol/cholesterol-separate-graphs-5A_exp1/Test/CombinedUnlabeled/8G05-f5-positive_graphs.npy,PseudoNegative,0.436,
Chol-GCN,../../../Data/SplitData/Cholesterol/cholesterol-separate-graphs-5A_exp1/Test/CombinedUnlabeled/8GHF-f1-positive_graphs.npy,StrongNegative,0.261,
Chol-GCN,../../../Data/SplitData/Cholesterol/cholesterol-separate-graphs-5A_exp1/Test/CombinedUnlabeled/8GI8-f4-positive_graphs.npy,StrongPositive,0.298,
Chol-GCN,../../../Data/SplitData/Cholesterol/cholesterol-separate-graphs-5A_exp1/Test/CombinedUnlabeled/8GI8-f5-positive_graphs.npy,StrongNegative,0.218,
Chol-GCN,../../../Data/SplitData/Cholesterol/cholesterol-separate-graphs-5A_exp1/Test/CombinedUnlabeled/8GI9-f3-positive_graphs.npy,StrongNegative,0.212,
Chol-GCN,../../../Data/SplitData/Cholesterol/cholesterol-separate-graphs-5A_exp1/Test/CombinedUnlabeled/8GI9-f4-positive_graphs.npy,StrongNegative,0.484,
Chol-GCN,../../../Data/SplitData/Cholesterol/cholesterol-separate-graphs-5A_exp1/Test/CombinedUnlabeled/8GI9-f5-positive_graphs.npy,StrongNegative,0.232,
Chol-GCN,../../../Data/SplitData/Cholesterol/cholesterol-separate-graphs-5A_exp1/Test/CombinedUnlabeled/8GN7-f3_graphs.npy,StrongNegative,0.0,
Chol-GCN,../../../Data/SplitData/Cholesterol/cholesterol-separate-graphs-5A_exp1/Test/CombinedUnlabeled/8GNE-f2-positive_graphs.npy,StrongPositive,0.311,
Chol-GCN,../../../Data/SplitData/Cholesterol/cholesterol-separate-graphs-5A_exp1/Test/CombinedUnlabeled/8GNE-f3-positive_graphs.npy,StrongNegative,0.205,
Chol-GCN,../../../Data/SplitData/Cholesterol/cholesterol-separate-graphs-5A_exp1/Test/CombinedUnlabeled/8GNK-f5-positive_graphs.npy,StrongPositive,0.379,
Chol-GCN,../../../Data/SplitData/Cholesterol/cholesterol-separate-graphs-5A_exp1/Test/CombinedUnlabeled/8HA0-f1_graphs.npy,StrongNegative,0.162,
Chol-GCN,../../../Data/SplitData/Cholesterol/cholesterol-separate-graphs-5A_exp1/Test/CombinedUnlabeled/8HA0-f2-positive_graphs.npy,StrongPositive,0.278,
Chol-GCN,../../../Data/SplitData/Cholesterol/cholesterol-separate-graphs-5A_exp1/Test/CombinedUnlabeled/8HA0-f5-positive_graphs.npy,PseudoNegative,0.225,
Chol-GCN,../../../Data/SplitData/Cholesterol/cholesterol-separate-graphs-5A_exp1/Test/CombinedUnlabeled/8HDO-f1-positive_graphs.npy,StrongNegative,0.261,
Chol-GCN,../../../Data/SplitData/Cholesterol/cholesterol-separate-graphs-5A_exp1/Test/CombinedUnlabeled/8HDO-f2_graphs.npy,StrongNegative,0.0,
Chol-GCN,../../../Data/SplitData/Cholesterol/cholesterol-separate-graphs-5A_exp1/Test/CombinedUnlabeled/8HDO-f3-positive_graphs.npy,StrongNegative,0.233,
Chol-GCN,../../../Data/SplitData/Cholesterol/cholesterol-separate-graphs-5A_exp1/Test/CombinedUnlabeled/8HDO-f4_graphs.npy,StrongNegative,0.0,
Chol-GCN,../../../Data/SplitData/Cholesterol/cholesterol-separate-graphs-5A_exp1/Test/CombinedUnlabeled/8HDP-f1-positive_graphs.npy,StrongNegative,0.295,
Chol-GCN,../../../Data/SplitData/Cholesterol/cholesterol-separate-graphs-5A_exp1/Test/CombinedUnlabeled/8HDP-f3-positive_graphs.npy,StrongNegative,0.259,
Chol-GCN,../../../Data/SplitData/Cholesterol/cholesterol-separate-graphs-5A_exp1/Test/CombinedUnlabeled/8HNK-f1_graphs.npy,StrongNegative,0.0,
Chol-GCN,../../../Data/SplitData/Cholesterol/cholesterol-separate-graphs-5A_exp1/Test/CombinedUnlabeled/8HNK-f4_graphs.npy,StrongNegative,0.0,
Chol-GCN,../../../Data/SplitData/Cholesterol/cholesterol-separate-graphs-5A_exp1/Test/CombinedUnlabeled/8HNL-f4_graphs.npy,StrongNegative,0.0,
Chol-GCN,../../../Data/SplitData/Cholesterol/cholesterol-separate-graphs-5A_exp1/Test/CombinedUnlabeled/8HSI-f3_graphs.npy,StrongNegative,0.13,
Chol-GCN,../../../Data/SplitData/Cholesterol/cholesterol-separate-graphs-5A_exp1/Test/CombinedUnlabeled/8HSI-f4-positive_graphs.npy,PseudoNegative,0.226,
Chol-GCN,../../../Data/SplitData/Cholesterol/cholesterol-separate-graphs-5A_exp1/Test/CombinedUnlabeled/8I2G-f1-positive_graphs.npy,StrongNegative,0.238,
Chol-GCN,../../../Data/SplitData/Cholesterol/cholesterol-separate-graphs-5A_exp1/Test/CombinedUnlabeled/8IJM-f3_graphs.npy,StrongNegative,0.0,
Chol-GCN,../../../Data/SplitData/Cholesterol/cholesterol-separate-graphs-5A_exp1/Test/CombinedUnlabeled/8IJW-f2-positive_graphs.npy,PseudoNegative,0.292,
Chol-GCN,../../../Data/SplitData/Cholesterol/cholesterol-separate-graphs-5A_exp1/Test/CombinedUnlabeled/8IJW-f3_graphs.npy,StrongNegative,0.0,
Chol-GCN,../../../Data/SplitData/Cholesterol/cholesterol-separate-graphs-5A_exp1/Test/CombinedUnlabeled/8IJW-f4-positive_graphs.npy,StrongNegative,0.211,
Chol-GCN,../../../Data/SplitData/Cholesterol/cholesterol-separate-graphs-5A_exp1/Test/CombinedUnlabeled/8IJX-f2-positive_graphs.npy,StrongNegative,0.309,
Chol-GCN,../../../Data/SplitData/Cholesterol/cholesterol-separate-graphs-5A_exp1/Test/CombinedUnlabeled/8IM7-f4-positive_graphs.npy,PseudoNegative,0.24,
Chol-GCN,../../../Data/SplitData/Cholesterol/cholesterol-separate-graphs-5A_exp1/Test/CombinedUnlabeled/8IRR-f1_graphs.npy,StrongNegative,0.0,
Chol-GCN,../../../Data/SplitData/Cholesterol/cholesterol-separate-graphs-5A_exp1/Test/CombinedUnlabeled/8IRR-f2_graphs.npy,StrongNegative,0.0,
Chol-GCN,../../../Data/SplitData/Cholesterol/cholesterol-separate-graphs-5A_exp1/Test/CombinedUnlabeled/8IRR-f3-positive_graphs.npy,StrongNegative,0.265,
Chol-GCN,../../../Data/SplitData/Cholesterol/cholesterol-separate-graphs-5A_exp1/Test/CombinedUnlabeled/8IRU-f3_graphs.npy,StrongNegative,0.0,
Chol-GCN,../../../Data/SplitData/Cholesterol/cholesterol-separate-graphs-5A_exp1/Test/CombinedUnlabeled/8IRV-f1_graphs.npy,PseudoPositive,0.175,
Chol-GCN,../../../Data/SplitData/Cholesterol/cholesterol-separate-graphs-5A_exp1/Test/CombinedUnlabeled/8IRV-f3_graphs.npy,StrongNegative,0.0,
Chol-GCN,../../../Data/SplitData/Cholesterol/cholesterol-separate-graphs-5A_exp1/Test/CombinedUnlabeled/8IRV-f4-positive_graphs.npy,StrongNegative,0.321,
Chol-GCN,../../../Data/SplitData/Cholesterol/cholesterol-separate-graphs-5A_exp1/Test/CombinedUnlabeled/8IVL-f1_graphs.npy,StrongNegative,0.0,
Chol-GCN,../../../Data/SplitData/Cholesterol/cholesterol-separate-graphs-5A_exp1/Test/CombinedUnlabeled/8IVL-f4_graphs.npy,StrongNegative,0.0,
Chol-GCN,../../../Data/SplitData/Cholesterol/cholesterol-separate-graphs-5A_exp1/Test/CombinedUnlabeled/8IZ4-f2_graphs.npy,StrongNegative,0.0,
Chol-GCN,../../../Data/SplitData/Cholesterol/cholesterol-separate-graphs-5A_exp1/Test/CombinedUnlabeled/8IZ4-f5_graphs.npy,StrongNegative,0.0,
Chol-GCN,../../../Data/SplitData/Cholesterol/cholesterol-separate-graphs-5A_exp1/Test/CombinedUnlabeled/8IZB-f1_graphs.npy,StrongNegative,0.19,
Chol-GCN,../../../Data/SplitData/Cholesterol/cholesterol-separate-graphs-5A_exp1/Test/CombinedUnlabeled/8IZB-f4_graphs.npy,StrongNegative,0.0,
Chol-GCN,../../../Data/SplitData/Cholesterol/cholesterol-separate-graphs-5A_exp1/Test/CombinedUnlabeled/8IZB-f5_graphs.npy,StrongPositive,0.12,
Chol-GCN,../../../Data/SplitData/Cholesterol/cholesterol-separate-graphs-5A_exp1/Test/CombinedUnlabeled/8J6M-f1-positive_graphs.npy,StrongNegative,0.259,
Chol-GCN,../../../Data/SplitData/Cholesterol/cholesterol-separate-graphs-5A_exp1/Test/CombinedUnlabeled/8J6Q-f3-positive_graphs.npy,PseudoPositive,0.227,
Chol-GCN,../../../Data/SplitData/Cholesterol/cholesterol-separate-graphs-5A_exp1/Test/CombinedUnlabeled/8J6Q-f4-positive_graphs.npy,PseudoNegative,0.221,
Chol-GCN,../../../Data/SplitData/Cholesterol/cholesterol-separate-graphs-5A_exp1/Test/CombinedUnlabeled/8J7F-f3-positive_graphs.npy,PseudoNegative,0.231,
Chol-GCN,../../../Data/SplitData/Cholesterol/cholesterol-separate-graphs-5A_exp1/Test/CombinedUnlabeled/8J7F-f4-positive_graphs.npy,StrongPositive,0.231,
Chol-GCN,../../../Data/SplitData/Cholesterol/cholesterol-separate-graphs-5A_exp1/Test/CombinedUnlabeled/8J7M-f3_graphs.npy,StrongNegative,0.0,
Chol-GCN,../../../Data/SplitData/Cholesterol/cholesterol-separate-graphs-5A_exp1/Test/CombinedUnlabeled/8JBK-f1-positive_graphs.npy,StrongNegative,0.212,
Chol-GCN,../../../Data/SplitData/Cholesterol/cholesterol-separate-graphs-5A_exp1/Test/CombinedUnlabeled/8JBK-f2-positive_graphs.npy,PseudoPositive,0.319,
Chol-GCN,../../../Data/SplitData/Cholesterol/cholesterol-separate-graphs-5A_exp1/Test/CombinedUnlabeled/8JBK-f3_graphs.npy,StrongNegative,0.0,
Chol-GCN,../../../Data/SplitData/Cholesterol/cholesterol-separate-graphs-5A_exp1/Test/CombinedUnlabeled/8JBK-f4_graphs.npy,StrongNegative,0.0,
Chol-GCN,../../../Data/SplitData/Cholesterol/cholesterol-separate-graphs-5A_exp1/Test/CombinedUnlabeled/8JBL-f1-positive_graphs.npy,PseudoNegative,0.305,
Chol-GCN,../../../Data/SplitData/Cholesterol/cholesterol-separate-graphs-5A_exp1/Test/CombinedUnlabeled/8JBL-f2-positive_graphs.npy,StrongNegative,0.208,
Chol-GCN,../../../Data/SplitData/Cholesterol/cholesterol-separate-graphs-5A_exp1/Test/CombinedUnlabeled/8JBL-f5_graphs.npy,StrongNegative,0.0,
Chol-GCN,../../../Data/SplitData/Cholesterol/cholesterol-separate-graphs-5A_exp1/Test/CombinedUnlabeled/8JBM-f1-positive_graphs.npy,StrongNegative,0.308,
Chol-GCN,../../../Data/SplitData/Cholesterol/cholesterol-separate-graphs-5A_exp1/Test/CombinedUnlabeled/8JBM-f2-positive_graphs.npy,StrongNegative,0.4,
Chol-GCN,../../../Data/SplitData/Cholesterol/cholesterol-separate-graphs-5A_exp1/Test/CombinedUnlabeled/8JC0-f3-positive_graphs.npy,StrongNegative,0.268,
Chol-GCN,../../../Data/SplitData/Cholesterol/cholesterol-separate-graphs-5A_exp1/Test/CombinedUnlabeled/8JC0-f4_graphs.npy,PseudoPositive,0.0,
Chol-GCN,../../../Data/SplitData/Cholesterol/cholesterol-separate-graphs-5A_exp1/Test/CombinedUnlabeled/8JC0-f5_graphs.npy,StrongNegative,0.179,
Chol-GCN,../../../Data/SplitData/Cholesterol/cholesterol-separate-graphs-5A_exp1/Test/CombinedUnlabeled/8JCY-f1_graphs.npy,StrongNegative,0.031,
Chol-GCN,../../../Data/SplitData/Cholesterol/cholesterol-separate-graphs-5A_exp1/Test/CombinedUnlabeled/8JCY-f4_graphs.npy,PseudoNegative,0.081,
Chol-GCN,../../../Data/SplitData/Cholesterol/cholesterol-separate-graphs-5A_exp1/Test/CombinedUnlabeled/8JCY-f5_graphs.npy,StrongNegative,0.0,
Chol-GCN,../../../Data/SplitData/Cholesterol/cholesterol-separate-graphs-5A_exp1/Test/CombinedUnlabeled/8JD0-f3_graphs.npy,StrongNegative,0.0,
Chol-GCN,../../../Data/SplitData/Cholesterol/cholesterol-separate-graphs-5A_exp1/Test/CombinedUnlabeled/8JEZ-f1_graphs.npy,StrongNegative,0.0,
Chol-GCN,../../../Data/SplitData/Cholesterol/cholesterol-separate-graphs-5A_exp1/Test/CombinedUnlabeled/8JHY-f3_graphs.npy,StrongNegative,0.053,
Chol-GCN,../../../Data/SplitData/Cholesterol/cholesterol-separate-graphs-5A_exp1/Test/CombinedUnlabeled/8JII-f2_graphs.npy,StrongNegative,0.056,
Chol-GCN,../../../Data/SplitData/Cholesterol/cholesterol-separate-graphs-5A_exp1/Test/CombinedUnlabeled/8JIM-f1_graphs.npy,StrongNegative,0.0,
Chol-GCN,../../../Data/SplitData/Cholesterol/cholesterol-separate-graphs-5A_exp1/Test/CombinedUnlabeled/8JIM-f5-positive_graphs.npy,StrongPositive,0.234,
Chol-GCN,../../../Data/SplitData/Cholesterol/cholesterol-separate-graphs-5A_exp1/Test/CombinedUnlabeled/8JJP-f1_graphs.npy,StrongNegative,0.0,
Chol-GCN,../../../Data/SplitData/Cholesterol/cholesterol-separate-graphs-5A_exp1/Test/CombinedUnlabeled/8JJP-f4_graphs.npy,StrongNegative,0.0,
Chol-GCN,../../../Data/SplitData/Cholesterol/cholesterol-separate-graphs-5A_exp1/Test/CombinedUnlabeled/8JKV-f2_graphs.npy,StrongNegative,0.0,
Chol-GCN,../../../Data/SplitData/Cholesterol/cholesterol-separate-graphs-5A_exp1/Test/CombinedUnlabeled/8JL1-f4_graphs.npy,StrongNegative,0.0,
Chol-GCN,../../../Data/SplitData/Cholesterol/cholesterol-separate-graphs-5A_exp1/Test/CombinedUnlabeled/8JL3-f1_graphs.npy,StrongNegative,0.0,
Chol-GCN,../../../Data/SplitData/Cholesterol/cholesterol-separate-graphs-5A_exp1/Test/CombinedUnlabeled/8JL3-f3_graphs.npy,StrongNegative,0.0,
Chol-GCN,../../../Data/SplitData/Cholesterol/cholesterol-separate-graphs-5A_exp1/Test/CombinedUnlabeled/8JL4-f1_graphs.npy,StrongNegative,0.0,
Chol-GCN,../../../Data/SplitData/Cholesterol/cholesterol-separate-graphs-5A_exp1/Test/CombinedUnlabeled/8JMN-f1_graphs.npy,StrongNegative,0.0,
Chol-GCN,../../../Data/SplitData/Cholesterol/cholesterol-separate-graphs-5A_exp1/Test/CombinedUnlabeled/8JMN-f3-positive_graphs.npy,StrongNegative,0.255,
Chol-GCN,../../../Data/SplitData/Cholesterol/cholesterol-separate-graphs-5A_exp1/Test/CombinedUnlabeled/8JMN-f5_graphs.npy,StrongNegative,0.0,
Chol-GCN,../../../Data/SplitData/Cholesterol/cholesterol-separate-graphs-5A_exp1/Test/CombinedUnlabeled/8JQR-f1_graphs.npy,StrongNegative,0.0,
Chol-GCN,../../../Data/SplitData/Cholesterol/cholesterol-separate-graphs-5A_exp1/Test/CombinedUnlabeled/8JQR-f2_graphs.npy,StrongNegative,0.0,
Chol-GCN,../../../Data/SplitData/Cholesterol/cholesterol-separate-graphs-5A_exp1/Test/CombinedUnlabeled/8JQR-f3-positive_graphs.npy,StrongNegative,0.203,
Chol-GCN,../../../Data/SplitData/Cholesterol/cholesterol-separate-graphs-5A_exp1/Test/CombinedUnlabeled/8JT6-f2-positive_graphs.npy,StrongNegative,0.295,
Chol-GCN,../../../Data/SplitData/Cholesterol/cholesterol-separate-graphs-5A_exp1/Test/CombinedUnlabeled/8JWZ-f1_graphs.npy,StrongNegative,0.0,
Chol-GCN,../../../Data/SplitData/Cholesterol/cholesterol-separate-graphs-5A_exp1/Test/CombinedUnlabeled/8JXQ-f1_graphs.npy,StrongNegative,0.0,
Chol-GCN,../../../Data/SplitData/Cholesterol/cholesterol-separate-graphs-5A_exp1/Test/CombinedUnlabeled/8JZS-f5_graphs.npy,StrongNegative,0.0,
Chol-GCN,../../../Data/SplitData/Cholesterol/cholesterol-separate-graphs-5A_exp1/Test/CombinedUnlabeled/8JZX-f1-positive_graphs.npy,StrongNegative,0.304,
Chol-GCN,../../../Data/SplitData/Cholesterol/cholesterol-separate-graphs-5A_exp1/Test/CombinedUnlabeled/8JZX-f3-positive_graphs.npy,StrongNegative,0.25,
Chol-GCN,../../../Data/SplitData/Cholesterol/cholesterol-separate-graphs-5A_exp1/Test/CombinedUnlabeled/8K2W-f1_graphs.npy,StrongNegative,0.0,
Chol-GCN,../../../Data/SplitData/Cholesterol/cholesterol-separate-graphs-5A_exp1/Test/CombinedUnlabeled/8K2X-f2-positive_graphs.npy,PseudoNegative,0.2,
Chol-GCN,../../../Data/SplitData/Cholesterol/cholesterol-separate-graphs-5A_exp1/Test/CombinedUnlabeled/8K66-f1_graphs.npy,StrongNegative,0.0,
Chol-GCN,../../../Data/SplitData/Cholesterol/cholesterol-separate-graphs-5A_exp1/Test/CombinedUnlabeled/8K66-f3_graphs.npy,StrongNegative,0.0,
Chol-GCN,../../../Data/SplitData/Cholesterol/cholesterol-separate-graphs-5A_exp1/Test/CombinedUnlabeled/8K66-f5-positive_graphs.npy,StrongNegative,0.299,
Chol-GCN,../../../Data/SplitData/Cholesterol/cholesterol-separate-graphs-5A_exp1/Test/CombinedUnlabeled/8K9R-f3_graphs.npy,StrongNegative,0.0,
Chol-GCN,../../../Data/SplitData/Cholesterol/cholesterol-separate-graphs-5A_exp1/Test/CombinedUnlabeled/8K9R-f5_graphs.npy,StrongNegative,0.0,
Chol-GCN,../../../Data/SplitData/Cholesterol/cholesterol-separate-graphs-5A_exp1/Test/CombinedUnlabeled/8K9T-f4_graphs.npy,StrongNegative,0.0,
Chol-GCN,../../../Data/SplitData/Cholesterol/cholesterol-separate-graphs-5A_exp1/Test/CombinedUnlabeled/8KCT-f3_graphs.npy,StrongNegative,0.0,
Chol-GCN,../../../Data/SplitData/Cholesterol/cholesterol-separate-graphs-5A_exp1/Test/CombinedUnlabeled/8KCW-f2_graphs.npy,StrongNegative,0.122,
Chol-GCN,../../../Data/SplitData/Cholesterol/cholesterol-separate-graphs-5A_exp1/Test/CombinedUnlabeled/8KH4-f4_graphs.npy,StrongNegative,0.0,
Chol-GCN,../../../Data/SplitData/Cholesterol/cholesterol-separate-graphs-5A_exp1/Test/CombinedUnlabeled/8KH5-f1-positive_graphs.npy,StrongNegative,0.271,
Chol-GCN,../../../Data/SplitData/Cholesterol/cholesterol-separate-graphs-5A_exp1/Test/CombinedUnlabeled/8KH5-f2_graphs.npy,StrongNegative,0.0,
Chol-GCN,../../../Data/SplitData/Cholesterol/cholesterol-separate-graphs-5A_exp1/Test/CombinedUnlabeled/8KH5-f4_graphs.npy,StrongNegative,0.0,
Chol-GCN,../../../Data/SplitData/Cholesterol/cholesterol-separate-graphs-5A_exp1/Test/CombinedUnlabeled/8PG0-f2-positive_graphs.npy,StrongNegative,0.34,
Chol-GCN,../../../Data/SplitData/Cholesterol/cholesterol-separate-graphs-5A_exp1/Test/CombinedUnlabeled/8PG0-f5_graphs.npy,StrongNegative,0.0,
Chol-GCN,../../../Data/SplitData/Cholesterol/cholesterol-separate-graphs-5A_exp1/Test/CombinedUnlabeled/8PM6-f2-positive_graphs.npy,StrongNegative,0.231,
Chol-GCN,../../../Data/SplitData/Cholesterol/cholesterol-separate-graphs-5A_exp1/Test/CombinedUnlabeled/8PWN-f3-positive_graphs.npy,StrongNegative,0.214,
Chol-GCN,../../../Data/SplitData/Cholesterol/cholesterol-separate-graphs-5A_exp1/Test/CombinedUnlabeled/8PXO-f2_graphs.npy,StrongNegative,0.074,
Chol-GCN,../../../Data/SplitData/Cholesterol/cholesterol-separate-graphs-5A_exp1/Test/CombinedUnlabeled/8PXO-f3_graphs.npy,StrongNegative,0.0,
Chol-GCN,../../../Data/SplitData/Cholesterol/cholesterol-separate-graphs-5A_exp1/Test/CombinedUnlabeled/8PXO-f4-positive_graphs.npy,StrongNegative,0.417,
Chol-GCN,../../../Data/SplitData/Cholesterol/cholesterol-separate-graphs-5A_exp1/Test/CombinedUnlabeled/8PY4-f3-positive_graphs.npy,StrongNegative,0.333,
Chol-GCN,../../../Data/SplitData/Cholesterol/cholesterol-separate-graphs-5A_exp1/Test/CombinedUnlabeled/8PY4-f4_graphs.npy,StrongNegative,0.0,
Chol-GCN,../../../Data/SplitData/Cholesterol/cholesterol-separate-graphs-5A_exp1/Test/CombinedUnlabeled/8PY4-f5_graphs.npy,StrongNegative,0.097,
Chol-GCN,../../../Data/SplitData/Cholesterol/cholesterol-separate-graphs-5A_exp1/Test/CombinedUnlabeled/8Q7B-f4-positive_graphs.npy,StrongNegative,0.217,
Chol-GCN,../../../Data/SplitData/Cholesterol/cholesterol-separate-graphs-5A_exp1/Test/CombinedUnlabeled/8Q7B-f5-positive_graphs.npy,StrongNegative,0.314,
Chol-GCN,../../../Data/SplitData/Cholesterol/cholesterol-separate-graphs-5A_exp1/Test/CombinedUnlabeled/8QCM-f4-positive_graphs.npy,StrongNegative,0.375,
Chol-GCN,../../../Data/SplitData/Cholesterol/cholesterol-separate-graphs-5A_exp1/Test/CombinedUnlabeled/8QCM-f5-positive_graphs.npy,StrongNegative,0.302,
Chol-GCN,../../../Data/SplitData/Cholesterol/cholesterol-separate-graphs-5A_exp1/Test/CombinedUnlabeled/8QJF-f2_graphs.npy,StrongNegative,0.0,
Chol-GCN,../../../Data/SplitData/Cholesterol/cholesterol-separate-graphs-5A_exp1/Test/CombinedUnlabeled/8QJF-f3_graphs.npy,StrongNegative,0.0,
Chol-GCN,../../../Data/SplitData/Cholesterol/cholesterol-separate-graphs-5A_exp1/Test/CombinedUnlabeled/8QJF-f4_graphs.npy,StrongNegative,0.0,
Chol-GCN,../../../Data/SplitData/Cholesterol/cholesterol-separate-graphs-5A_exp1/Test/CombinedUnlabeled/8QKI-f3_graphs.npy,PseudoNegative,0.0,
Chol-GCN,../../../Data/SplitData/Cholesterol/cholesterol-separate-graphs-5A_exp1/Test/CombinedUnlabeled/8RLN-f1_graphs.npy,StrongNegative,0.0,
Chol-GCN,../../../Data/SplitData/Cholesterol/cholesterol-separate-graphs-5A_exp1/Test/CombinedUnlabeled/8RQQ-f1_graphs.npy,StrongNegative,0.0,
Chol-GCN,../../../Data/SplitData/Cholesterol/cholesterol-separate-graphs-5A_exp1/Test/CombinedUnlabeled/8RQQ-f5_graphs.npy,StrongNegative,0.0,
Chol-GCN,../../../Data/SplitData/Cholesterol/cholesterol-separate-graphs-5A_exp1/Test/CombinedUnlabeled/8RVW-f3-positive_graphs.npy,StrongNegative,0.2,
Chol-GCN,../../../Data/SplitData/Cholesterol/cholesterol-separate-graphs-5A_exp1/Test/CombinedUnlabeled/8RWC-f1-positive_graphs.npy,PseudoPositive,0.326,
Chol-GCN,../../../Data/SplitData/Cholesterol/cholesterol-separate-graphs-5A_exp1/Test/CombinedUnlabeled/8RWC-f4-positive_graphs.npy,PseudoNegative,0.25,
Chol-GCN,../../../Data/SplitData/Cholesterol/cholesterol-separate-graphs-5A_exp1/Test/CombinedUnlabeled/8RWC-f5_graphs.npy,StrongNegative,0.0,
Chol-GCN,../../../Data/SplitData/Cholesterol/cholesterol-separate-graphs-5A_exp1/Test/CombinedUnlabeled/8RWD-f5_graphs.npy,StrongNegative,0.0,
Chol-GCN,../../../Data/SplitData/Cholesterol/cholesterol-separate-graphs-5A_exp1/Test/CombinedUnlabeled/8RWE-f2_graphs.npy,StrongNegative,0.0,
Chol-GCN,../../../Data/SplitData/Cholesterol/cholesterol-separate-graphs-5A_exp1/Test/CombinedUnlabeled/8RWE-f3_graphs.npy,StrongNegative,0.0,
Chol-GCN,../../../Data/SplitData/Cholesterol/cholesterol-separate-graphs-5A_exp1/Test/CombinedUnlabeled/8RWE-f4-positive_graphs.npy,StrongNegative,0.267,
Chol-GCN,../../../Data/SplitData/Cholesterol/cholesterol-separate-graphs-5A_exp1/Test/CombinedUnlabeled/8RWE-f5_graphs.npy,StrongNegative,0.0,
Chol-GCN,../../../Data/SplitData/Cholesterol/cholesterol-separate-graphs-5A_exp1/Test/CombinedUnlabeled/8RWH-f3_graphs.npy,StrongNegative,0.0,
Chol-GCN,../../../Data/SplitData/Cholesterol/cholesterol-separate-graphs-5A_exp1/Test/CombinedUnlabeled/8RWI-f3_graphs.npy,StrongNegative,0.0,
Chol-GCN,../../../Data/SplitData/Cholesterol/cholesterol-separate-graphs-5A_exp1/Test/CombinedUnlabeled/8RWI-f5-positive_graphs.npy,StrongNegative,0.225,
Chol-GCN,../../../Data/SplitData/Cholesterol/cholesterol-separate-graphs-5A_exp1/Test/CombinedUnlabeled/8S3E-f1-positive_graphs.npy,PseudoNegative,0.2,
Chol-GCN,../../../Data/SplitData/Cholesterol/cholesterol-separate-graphs-5A_exp1/Test/CombinedUnlabeled/8S3E-f4-positive_graphs.npy,StrongNegative,0.234,
Chol-GCN,../../../Data/SplitData/Cholesterol/cholesterol-separate-graphs-5A_exp1/Test/CombinedUnlabeled/8S3E-f5-positive_graphs.npy,PseudoPositive,0.271,
Chol-GCN,../../../Data/SplitData/Cholesterol/cholesterol-separate-graphs-5A_exp1/Test/CombinedUnlabeled/8SH3-f1_graphs.npy,StrongNegative,0.0,
Chol-GCN,../../../Data/SplitData/Cholesterol/cholesterol-separate-graphs-5A_exp1/Test/CombinedUnlabeled/8SH3-f3_graphs.npy,StrongNegative,0.0,
Chol-GCN,../../../Data/SplitData/Cholesterol/cholesterol-separate-graphs-5A_exp1/Test/CombinedUnlabeled/8SH3-f4_graphs.npy,StrongNegative,0.0,
Chol-GCN,../../../Data/SplitData/Cholesterol/cholesterol-separate-graphs-5A_exp1/Test/CombinedUnlabeled/8SHC-f1_graphs.npy,StrongNegative,0.0,
Chol-GCN,../../../Data/SplitData/Cholesterol/cholesterol-separate-graphs-5A_exp1/Test/CombinedUnlabeled/8SI2-f1-positive_graphs.npy,StrongNegative,0.245,
Chol-GCN,../../../Data/SplitData/Cholesterol/cholesterol-separate-graphs-5A_exp1/Test/CombinedUnlabeled/8SI2-f2-positive_graphs.npy,StrongNegative,0.24,
Chol-GCN,../../../Data/SplitData/Cholesterol/cholesterol-separate-graphs-5A_exp1/Test/CombinedUnlabeled/8SI2-f3-positive_graphs.npy,StrongNegative,0.264,
Chol-GCN,../../../Data/SplitData/Cholesterol/cholesterol-separate-graphs-5A_exp1/Test/CombinedUnlabeled/8SI4-f2_graphs.npy,StrongNegative,0.0,
Chol-GCN,../../../Data/SplitData/Cholesterol/cholesterol-separate-graphs-5A_exp1/Test/CombinedUnlabeled/8SI4-f3-positive_graphs.npy,StrongNegative,0.318,
Chol-GCN,../../../Data/SplitData/Cholesterol/cholesterol-separate-graphs-5A_exp1/Test/CombinedUnlabeled/8SI5-f1-positive_graphs.npy,StrongNegative,0.385,
Chol-GCN,../../../Data/SplitData/Cholesterol/cholesterol-separate-graphs-5A_exp1/Test/CombinedUnlabeled/8SI5-f2-positive_graphs.npy,PseudoPositive,0.354,
Chol-GCN,../../../Data/SplitData/Cholesterol/cholesterol-separate-graphs-5A_exp1/Test/CombinedUnlabeled/8SI6-f2-positive_graphs.npy,StrongNegative,0.312,
Chol-GCN,../../../Data/SplitData/Cholesterol/cholesterol-separate-graphs-5A_exp1/Test/CombinedUnlabeled/8SI7-f1-positive_graphs.npy,StrongNegative,0.323,
Chol-GCN,../../../Data/SplitData/Cholesterol/cholesterol-separate-graphs-5A_exp1/Test/CombinedUnlabeled/8SI7-f3-positive_graphs.npy,PseudoNegative,0.354,
Chol-GCN,../../../Data/SplitData/Cholesterol/cholesterol-separate-graphs-5A_exp1/Test/CombinedUnlabeled/8SI8-f1-positive_graphs.npy,StrongNegative,0.317,
Chol-GCN,../../../Data/SplitData/Cholesterol/cholesterol-separate-graphs-5A_exp1/Test/CombinedUnlabeled/8SI8-f3-positive_graphs.npy,StrongNegative,0.317,
Chol-GCN,../../../Data/SplitData/Cholesterol/cholesterol-separate-graphs-5A_exp1/Test/CombinedUnlabeled/8SIA-f1-positive_graphs.npy,StrongNegative,0.207,
Chol-GCN,../../../Data/SplitData/Cholesterol/cholesterol-separate-graphs-5A_exp1/Test/CombinedUnlabeled/8SIA-f2-positive_graphs.npy,StrongNegative,0.356,
Chol-GCN,../../../Data/SplitData/Cholesterol/cholesterol-separate-graphs-5A_exp1/Test/CombinedUnlabeled/8SIA-f3-positive_graphs.npy,StrongNegative,0.328,
Chol-GCN,../../../Data/SplitData/Cholesterol/cholesterol-separate-graphs-5A_exp1/Test/CombinedUnlabeled/8SIA-f4_graphs.npy,StrongNegative,0.0,
Chol-GCN,../../../Data/SplitData/Cholesterol/cholesterol-separate-graphs-5A_exp1/Test/CombinedUnlabeled/8SIE-f1_graphs.npy,StrongNegative,0.0,
Chol-GCN,../../../Data/SplitData/Cholesterol/cholesterol-separate-graphs-5A_exp1/Test/CombinedUnlabeled/8SMV-f4_graphs.npy,StrongNegative,0.0,
Chol-GCN,../../../Data/SplitData/Cholesterol/cholesterol-separate-graphs-5A_exp1/Test/CombinedUnlabeled/8SR7-f2_graphs.npy,StrongNegative,0.0,
Chol-GCN,../../../Data/SplitData/Cholesterol/cholesterol-separate-graphs-5A_exp1/Test/CombinedUnlabeled/8SR7-f5_graphs.npy,StrongNegative,0.0,
Chol-GCN,../../../Data/SplitData/Cholesterol/cholesterol-separate-graphs-5A_exp1/Test/CombinedUnlabeled/8SR8-f4-positive_graphs.npy,StrongNegative,0.324,
Chol-GCN,../../../Data/SplitData/Cholesterol/cholesterol-separate-graphs-5A_exp1/Test/CombinedUnlabeled/8SRA-f1-positive_graphs.npy,StrongNegative,0.361,
Chol-GCN,../../../Data/SplitData/Cholesterol/cholesterol-separate-graphs-5A_exp1/Test/CombinedUnlabeled/8SRA-f2-positive_graphs.npy,StrongNegative,0.351,
Chol-GCN,../../../Data/SplitData/Cholesterol/cholesterol-separate-graphs-5A_exp1/Test/CombinedUnlabeled/8SRB-f1-positive_graphs.npy,StrongNegative,0.324,
Chol-GCN,../../../Data/SplitData/Cholesterol/cholesterol-separate-graphs-5A_exp1/Test/CombinedUnlabeled/8SRB-f2-positive_graphs.npy,StrongNegative,0.333,
Chol-GCN,../../../Data/SplitData/Cholesterol/cholesterol-separate-graphs-5A_exp1/Test/CombinedUnlabeled/8SRB-f3-positive_graphs.npy,StrongNegative,0.333,
Chol-GCN,../../../Data/SplitData/Cholesterol/cholesterol-separate-graphs-5A_exp1/Test/CombinedUnlabeled/8SRB-f5_graphs.npy,StrongNegative,0.0,
Chol-GCN,../../../Data/SplitData/Cholesterol/cholesterol-separate-graphs-5A_exp1/Test/CombinedUnlabeled/8SRC-f5-positive_graphs.npy,StrongNegative,0.333,
Chol-GCN,../../../Data/SplitData/Cholesterol/cholesterol-separate-graphs-5A_exp1/Test/CombinedUnlabeled/8SRD-f1-positive_graphs.npy,StrongNegative,0.368,
Chol-GCN,../../../Data/SplitData/Cholesterol/cholesterol-separate-graphs-5A_exp1/Test/CombinedUnlabeled/8SRE-f3-positive_graphs.npy,StrongNegative,0.342,
Chol-GCN,../../../Data/SplitData/Cholesterol/cholesterol-separate-graphs-5A_exp1/Test/CombinedUnlabeled/8SRE-f4_graphs.npy,StrongNegative,0.0,
Chol-GCN,../../../Data/SplitData/Cholesterol/cholesterol-separate-graphs-5A_exp1/Test/CombinedUnlabeled/8SRF-f1-positive_graphs.npy,StrongNegative,0.359,
Chol-GCN,../../../Data/SplitData/Cholesterol/cholesterol-separate-graphs-5A_exp1/Test/CombinedUnlabeled/8SRF-f3-positive_graphs.npy,StrongNegative,0.333,
Chol-GCN,../../../Data/SplitData/Cholesterol/cholesterol-separate-graphs-5A_exp1/Test/CombinedUnlabeled/8SRF-f4-positive_graphs.npy,StrongPositive,0.241,
Chol-GCN,../../../Data/SplitData/Cholesterol/cholesterol-separate-graphs-5A_exp1/Test/CombinedUnlabeled/8SRF-f5_graphs.npy,StrongNegative,0.0,
Chol-GCN,../../../Data/SplitData/Cholesterol/cholesterol-separate-graphs-5A_exp1/Test/CombinedUnlabeled/8SRG-f3-positive_graphs.npy,StrongNegative,0.368,
Chol-GCN,../../../Data/SplitData/Cholesterol/cholesterol-separate-graphs-5A_exp1/Test/CombinedUnlabeled/8SRG-f4-positive_graphs.npy,StrongNegative,0.316,
Chol-GCN,../../../Data/SplitData/Cholesterol/cholesterol-separate-graphs-5A_exp1/Test/CombinedUnlabeled/8SRI-f1-positive_graphs.npy,StrongNegative,0.385,
Chol-GCN,../../../Data/SplitData/Cholesterol/cholesterol-separate-graphs-5A_exp1/Test/CombinedUnlabeled/8SRI-f4_graphs.npy,StrongNegative,0.0,
Chol-GCN,../../../Data/SplitData/Cholesterol/cholesterol-separate-graphs-5A_exp1/Test/CombinedUnlabeled/8SS3-f2_graphs.npy,StrongNegative,0.0,
Chol-GCN,../../../Data/SplitData/Cholesterol/cholesterol-separate-graphs-5A_exp1/Test/CombinedUnlabeled/8SS6-f3_graphs.npy,StrongNegative,0.0,
Chol-GCN,../../../Data/SplitData/Cholesterol/cholesterol-separate-graphs-5A_exp1/Test/CombinedUnlabeled/8SS7-f2_graphs.npy,StrongNegative,0.0,
Chol-GCN,../../../Data/SplitData/Cholesterol/cholesterol-separate-graphs-5A_exp1/Test/CombinedUnlabeled/8SZA-f5_graphs.npy,StrongNegative,0.014,
Chol-GCN,../../../Data/SplitData/Cholesterol/cholesterol-separate-graphs-5A_exp1/Test/CombinedUnlabeled/8SZB-f1-positive_graphs.npy,StrongNegative,0.258,
Chol-GCN,../../../Data/SplitData/Cholesterol/cholesterol-separate-graphs-5A_exp1/Test/CombinedUnlabeled/8SZB-f2-positive_graphs.npy,PseudoPositive,0.289,
Chol-GCN,../../../Data/SplitData/Cholesterol/cholesterol-separate-graphs-5A_exp1/Test/CombinedUnlabeled/8SZH-f3_graphs.npy,PseudoPositive,0.068,
Chol-GCN,../../../Data/SplitData/Cholesterol/cholesterol-separate-graphs-5A_exp1/Test/CombinedUnlabeled/8SZH-f5_graphs.npy,StrongNegative,0.047,
Chol-GCN,../../../Data/SplitData/Cholesterol/cholesterol-separate-graphs-5A_exp1/Test/CombinedUnlabeled/8T04-f2_graphs.npy,StrongNegative,0.0,
Chol-GCN,../../../Data/SplitData/Cholesterol/cholesterol-separate-graphs-5A_exp1/Test/CombinedUnlabeled/8T04-f3_graphs.npy,StrongNegative,0.079,
Chol-GCN,../../../Data/SplitData/Cholesterol/cholesterol-separate-graphs-5A_exp1/Test/CombinedUnlabeled/8T05-f1-positive_graphs.npy,PseudoPositive,0.22,
Chol-GCN,../../../Data/SplitData/Cholesterol/cholesterol-separate-graphs-5A_exp1/Test/CombinedUnlabeled/8T3S-f1_graphs.npy,StrongNegative,0.0,
Chol-GCN,../../../Data/SplitData/Cholesterol/cholesterol-separate-graphs-5A_exp1/Test/CombinedUnlabeled/8T3V-f2_graphs.npy,StrongNegative,0.0,
Chol-GCN,../../../Data/SplitData/Cholesterol/cholesterol-separate-graphs-5A_exp1/Test/CombinedUnlabeled/8T56-f2_graphs.npy,StrongNegative,0.0,
Chol-GCN,../../../Data/SplitData/Cholesterol/cholesterol-separate-graphs-5A_exp1/Test/CombinedUnlabeled/8T6U-f5_graphs.npy,StrongNegative,0.0,
Chol-GCN,../../../Data/SplitData/Cholesterol/cholesterol-separate-graphs-5A_exp1/Test/CombinedUnlabeled/8TF5-f1-positive_graphs.npy,StrongNegative,0.259,
Chol-GCN,../../../Data/SplitData/Cholesterol/cholesterol-separate-graphs-5A_exp1/Test/CombinedUnlabeled/8TF5-f4-positive_graphs.npy,StrongNegative,0.222,
Chol-GCN,../../../Data/SplitData/Cholesterol/cholesterol-separate-graphs-5A_exp1/Test/CombinedUnlabeled/8TKP-f1_graphs.npy,StrongNegative,0.0,
Chol-GCN,../../../Data/SplitData/Cholesterol/cholesterol-separate-graphs-5A_exp1/Test/CombinedUnlabeled/8U4R-f1_graphs.npy,StrongNegative,0.0,
Chol-GCN,../../../Data/SplitData/Cholesterol/cholesterol-separate-graphs-5A_exp1/Test/CombinedUnlabeled/8U4R-f3_graphs.npy,StrongNegative,0.0,
Chol-GCN,../../../Data/SplitData/Cholesterol/cholesterol-separate-graphs-5A_exp1/Test/CombinedUnlabeled/8U4R-f4_graphs.npy,StrongNegative,0.0,
Chol-GCN,../../../Data/SplitData/Cholesterol/cholesterol-separate-graphs-5A_exp1/Test/CombinedUnlabeled/8U4R-f5_graphs.npy,StrongNegative,0.0,
Chol-GCN,../../../Data/SplitData/Cholesterol/cholesterol-separate-graphs-5A_exp1/Test/CombinedUnlabeled/8U4S-f1_graphs.npy,PseudoNegative,0.0,
Chol-GCN,../../../Data/SplitData/Cholesterol/cholesterol-separate-graphs-5A_exp1/Test/CombinedUnlabeled/8U4S-f4_graphs.npy,PseudoNegative,0.0,
Chol-GCN,../../../Data/SplitData/Cholesterol/cholesterol-separate-graphs-5A_exp1/Test/CombinedUnlabeled/8U4T-f1-positive_graphs.npy,PseudoNegative,0.4,
Chol-GCN,../../../Data/SplitData/Cholesterol/cholesterol-separate-graphs-5A_exp1/Test/CombinedUnlabeled/8U4T-f2-positive_graphs.npy,PseudoPositive,0.4,
Chol-GCN,../../../Data/SplitData/Cholesterol/cholesterol-separate-graphs-5A_exp1/Test/CombinedUnlabeled/8U4T-f3-positive_graphs.npy,StrongPositive,0.4,
Chol-GCN,../../../Data/SplitData/Cholesterol/cholesterol-separate-graphs-5A_exp1/Test/CombinedUnlabeled/8U4T-f5-positive_graphs.npy,StrongNegative,0.44,
Chol-GCN,../../../Data/SplitData/Cholesterol/cholesterol-separate-graphs-5A_exp1/Test/CombinedUnlabeled/8UGY-f1-positive_graphs.npy,StrongNegative,0.3,
Chol-GCN,../../../Data/SplitData/Cholesterol/cholesterol-separate-graphs-5A_exp1/Test/CombinedUnlabeled/8UGY-f4_graphs.npy,StrongNegative,0.0,
Chol-GCN,../../../Data/SplitData/Cholesterol/cholesterol-separate-graphs-5A_exp1/Test/CombinedUnlabeled/8UH3-f4_graphs.npy,StrongNegative,0.068,
Chol-GCN,../../../Data/SplitData/Cholesterol/cholesterol-separate-graphs-5A_exp1/Test/CombinedUnlabeled/8UH3-f5_graphs.npy,StrongNegative,0.0,
Chol-GCN,../../../Data/SplitData/Cholesterol/cholesterol-separate-graphs-5A_exp1/Test/CombinedUnlabeled/8UUK-f5-positive_graphs.npy,StrongPositive,0.259,
Chol-GCN,../../../Data/SplitData/Cholesterol/cholesterol-separate-graphs-5A_exp1/Test/CombinedUnlabeled/8UVC-f3_graphs.npy,StrongNegative,0.0,
Chol-GCN,../../../Data/SplitData/Cholesterol/cholesterol-separate-graphs-5A_exp1/Test/CombinedUnlabeled/8UVD-f2_graphs.npy,StrongNegative,0.0,
Chol-GCN,../../../Data/SplitData/Cholesterol/cholesterol-separate-graphs-5A_exp1/Test/CombinedUnlabeled/8UVD-f3_graphs.npy,StrongNegative,0.0,
Chol-GCN,../../../Data/SplitData/Cholesterol/cholesterol-separate-graphs-5A_exp1/Test/CombinedUnlabeled/8UVE-f1_graphs.npy,StrongNegative,0.118,
Chol-GCN,../../../Data/SplitData/Cholesterol/cholesterol-separate-graphs-5A_exp1/Test/CombinedUnlabeled/8UVF-f3_graphs.npy,StrongNegative,0.0,
Chol-GCN,../../../Data/SplitData/Cholesterol/cholesterol-separate-graphs-5A_exp1/Test/CombinedUnlabeled/8UVG-f1_graphs.npy,StrongNegative,0.0,
Chol-GCN,../../../Data/SplitData/Cholesterol/cholesterol-separate-graphs-5A_exp1/Test/CombinedUnlabeled/8V1G-f2_graphs.npy,StrongNegative,0.0,
Chol-GCN,../../../Data/SplitData/Cholesterol/cholesterol-separate-graphs-5A_exp1/Test/CombinedUnlabeled/8V63-f1_graphs.npy,StrongNegative,0.0,
Chol-GCN,../../../Data/SplitData/Cholesterol/cholesterol-separate-graphs-5A_exp1/Test/CombinedUnlabeled/8V63-f4_graphs.npy,StrongNegative,0.039,
Chol-GCN,../../../Data/SplitData/Cholesterol/cholesterol-separate-graphs-5A_exp1/Test/CombinedUnlabeled/8V64-f3_graphs.npy,StrongNegative,0.0,
Chol-GCN,../../../Data/SplitData/Cholesterol/cholesterol-separate-graphs-5A_exp1/Test/CombinedUnlabeled/8V64-f4_graphs.npy,StrongNegative,0.0,
Chol-GCN,../../../Data/SplitData/Cholesterol/cholesterol-separate-graphs-5A_exp1/Test/CombinedUnlabeled/8VAV-f4_graphs.npy,StrongNegative,0.0,
Chol-GCN,../../../Data/SplitData/Cholesterol/cholesterol-separate-graphs-5A_exp1/Test/CombinedUnlabeled/8VAV-f5_graphs.npy,StrongNegative,0.0,
Chol-GCN,../../../Data/SplitData/Cholesterol/cholesterol-separate-graphs-5A_exp1/Test/CombinedUnlabeled/8VY7-f4_graphs.npy,StrongNegative,0.0,
Chol-GCN,../../../Data/SplitData/Cholesterol/cholesterol-separate-graphs-5A_exp1/Test/CombinedUnlabeled/8VY9-f1_graphs.npy,StrongNegative,0.0,
Chol-GCN,../../../Data/SplitData/Cholesterol/cholesterol-separate-graphs-5A_exp1/Test/CombinedUnlabeled/8W2L-f1_graphs.npy,StrongNegative,0.0,
Chol-GCN,../../../Data/SplitData/Cholesterol/cholesterol-separate-graphs-5A_exp1/Test/CombinedUnlabeled/8W2L-f2_graphs.npy,StrongNegative,0.0,
Chol-GCN,../../../Data/SplitData/Cholesterol/cholesterol-separate-graphs-5A_exp1/Test/CombinedUnlabeled/8W2L-f4-positive_graphs.npy,PseudoPositive,0.327,
Chol-GCN,../../../Data/SplitData/Cholesterol/cholesterol-separate-graphs-5A_exp1/Test/CombinedUnlabeled/8W4A-f1-positive_graphs.npy,StrongPositive,0.325,
Chol-GCN,../../../Data/SplitData/Cholesterol/cholesterol-separate-graphs-5A_exp1/Test/CombinedUnlabeled/8W4A-f2-positive_graphs.npy,StrongPositive,0.318,
Chol-GCN,../../../Data/SplitData/Cholesterol/cholesterol-separate-graphs-5A_exp1/Test/CombinedUnlabeled/8W6O-f4-positive_graphs.npy,StrongNegative,0.211,
Chol-GCN,../../../Data/SplitData/Cholesterol/cholesterol-separate-graphs-5A_exp1/Test/CombinedUnlabeled/8W88-f2-positive_graphs.npy,StrongNegative,0.245,
Chol-GCN,../../../Data/SplitData/Cholesterol/cholesterol-separate-graphs-5A_exp1/Test/CombinedUnlabeled/8W88-f4-positive_graphs.npy,PseudoPositive,0.229,
Chol-GCN,../../../Data/SplitData/Cholesterol/cholesterol-separate-graphs-5A_exp1/Test/CombinedUnlabeled/8W88-f5_graphs.npy,StrongNegative,0.0,
Chol-GCN,../../../Data/SplitData/Cholesterol/cholesterol-separate-graphs-5A_exp1/Test/CombinedUnlabeled/8W8B-f1-positive_graphs.npy,StrongNegative,0.41,
Chol-GCN,../../../Data/SplitData/Cholesterol/cholesterol-separate-graphs-5A_exp1/Test/CombinedUnlabeled/8W8B-f2-positive_graphs.npy,StrongPositive,0.246,
Chol-GCN,../../../Data/SplitData/Cholesterol/cholesterol-separate-graphs-5A_exp1/Test/CombinedUnlabeled/8WE6-f2_graphs.npy,StrongNegative,0.0,
Chol-GCN,../../../Data/SplitData/Cholesterol/cholesterol-separate-graphs-5A_exp1/Test/CombinedUnlabeled/8WE6-f5-positive_graphs.npy,StrongNegative,0.228,
Chol-GCN,../../../Data/SplitData/Cholesterol/cholesterol-separate-graphs-5A_exp1/Test/CombinedUnlabeled/8WE7-f2_graphs.npy,StrongNegative,0.0,
Chol-GCN,../../../Data/SplitData/Cholesterol/cholesterol-separate-graphs-5A_exp1/Test/CombinedUnlabeled/8WE8-f4-positive_graphs.npy,PseudoPositive,0.274,
Chol-GCN,../../../Data/SplitData/Cholesterol/cholesterol-separate-graphs-5A_exp1/Test/CombinedUnlabeled/8WE8-f5-positive_graphs.npy,PseudoPositive,0.211,
Chol-GCN,../../../Data/SplitData/Cholesterol/cholesterol-separate-graphs-5A_exp1/Test/CombinedUnlabeled/8WE9-f1_graphs.npy,StrongNegative,0.0,
Chol-GCN,../../../Data/SplitData/Cholesterol/cholesterol-separate-graphs-5A_exp1/Test/CombinedUnlabeled/8WOQ-f1_graphs.npy,StrongNegative,0.108,
Chol-GCN,../../../Data/SplitData/Cholesterol/cholesterol-separate-graphs-5A_exp1/Test/CombinedUnlabeled/8WOQ-f2_graphs.npy,StrongNegative,0.0,
Chol-GCN,../../../Data/SplitData/Cholesterol/cholesterol-separate-graphs-5A_exp1/Test/CombinedUnlabeled/8WOR-f1-positive_graphs.npy,PseudoNegative,0.207,
Chol-GCN,../../../Data/SplitData/Cholesterol/cholesterol-separate-graphs-5A_exp1/Test/CombinedUnlabeled/8WPU-f1_graphs.npy,StrongNegative,0.117,
Chol-GCN,../../../Data/SplitData/Cholesterol/cholesterol-separate-graphs-5A_exp1/Test/CombinedUnlabeled/8WRB-f1_graphs.npy,StrongNegative,0.0,
Chol-GCN,../../../Data/SplitData/Cholesterol/cholesterol-separate-graphs-5A_exp1/Test/CombinedUnlabeled/8WRB-f3_graphs.npy,StrongNegative,0.0,
Chol-GCN,../../../Data/SplitData/Cholesterol/cholesterol-separate-graphs-5A_exp1/Test/CombinedUnlabeled/8X52-f1_graphs.npy,StrongNegative,0.0,
Chol-GCN,../../../Data/SplitData/Cholesterol/cholesterol-separate-graphs-5A_exp1/Test/CombinedUnlabeled/8X52-f2_graphs.npy,StrongNegative,0.0,
Chol-GCN,../../../Data/SplitData/Cholesterol/cholesterol-separate-graphs-5A_exp1/Test/CombinedUnlabeled/8X54-f1_graphs.npy,StrongNegative,0.0,
Chol-GCN,../../../Data/SplitData/Cholesterol/cholesterol-separate-graphs-5A_exp1/Test/CombinedUnlabeled/8X5B-f3_graphs.npy,StrongNegative,0.0,
Chol-GCN,../../../Data/SplitData/Cholesterol/cholesterol-separate-graphs-5A_exp1/Test/CombinedUnlabeled/8X5F-f3_graphs.npy,StrongNegative,0.0,
Chol-GCN,../../../Data/SplitData/Cholesterol/cholesterol-separate-graphs-5A_exp1/Test/CombinedUnlabeled/8X90-f5_graphs.npy,StrongNegative,0.0,
Chol-GCN,../../../Data/SplitData/Cholesterol/cholesterol-separate-graphs-5A_exp1/Test/CombinedUnlabeled/8X91-f3_graphs.npy,StrongNegative,0.0,
Chol-GCN,../../../Data/SplitData/Cholesterol/cholesterol-separate-graphs-5A_exp1/Test/CombinedUnlabeled/8XBS-f4_graphs.npy,StrongNegative,0.0,
Chol-GCN,../../../Data/SplitData/Cholesterol/cholesterol-separate-graphs-5A_exp1/Test/CombinedUnlabeled/8XBS-f5_graphs.npy,StrongNegative,0.0,
Chol-GCN,../../../Data/SplitData/Cholesterol/cholesterol-separate-graphs-5A_exp1/Test/CombinedUnlabeled/8XGM-f2_graphs.npy,StrongNegative,0.0,
Chol-GCN,../../../Data/SplitData/Cholesterol/cholesterol-separate-graphs-5A_exp1/Test/CombinedUnlabeled/8XGM-f3_graphs.npy,StrongNegative,0.0,
Chol-GCN,../../../Data/SplitData/Cholesterol/cholesterol-separate-graphs-5A_exp1/Test/CombinedUnlabeled/8XOR-f1-positive_graphs.npy,StrongNegative,0.439,
Chol-GCN,../../../Data/SplitData/Cholesterol/cholesterol-separate-graphs-5A_exp1/Test/CombinedUnlabeled/8XOR-f5-positive_graphs.npy,StrongNegative,0.327,
Chol-GCN,../../../Data/SplitData/Cholesterol/cholesterol-separate-graphs-5A_exp1/Test/CombinedUnlabeled/8XQJ-f2-positive_graphs.npy,PseudoPositive,0.32,
Chol-GCN,../../../Data/SplitData/Cholesterol/cholesterol-separate-graphs-5A_exp1/Test/CombinedUnlabeled/8XQJ-f4-positive_graphs.npy,StrongPositive,0.325,
Chol-GCN,../../../Data/SplitData/Cholesterol/cholesterol-separate-graphs-5A_exp1/Test/CombinedUnlabeled/8XQL-f2_graphs.npy,StrongNegative,0.023,
Chol-GCN,../../../Data/SplitData/Cholesterol/cholesterol-separate-graphs-5A_exp1/Test/CombinedUnlabeled/8XQL-f5_graphs.npy,StrongNegative,0.0,
Chol-GCN,../../../Data/SplitData/Cholesterol/cholesterol-separate-graphs-5A_exp1/Test/CombinedUnlabeled/8XQN-f4_graphs.npy,StrongNegative,0.0,
Chol-GCN,../../../Data/SplitData/Cholesterol/cholesterol-separate-graphs-5A_exp1/Test/CombinedUnlabeled/8XQO-f5_graphs.npy,StrongNegative,0.093,
Chol-GCN,../../../Data/SplitData/Cholesterol/cholesterol-separate-graphs-5A_exp1/Test/CombinedUnlabeled/8XQP-f1_graphs.npy,StrongNegative,0.0,
Chol-GCN,../../../Data/SplitData/Cholesterol/cholesterol-separate-graphs-5A_exp1/Test/CombinedUnlabeled/8XQP-f2_graphs.npy,StrongNegative,0.0,
Chol-GCN,../../../Data/SplitData/Cholesterol/cholesterol-separate-graphs-5A_exp1/Test/CombinedUnlabeled/8XQS-f3_graphs.npy,StrongNegative,0.0,
Chol-GCN,../../../Data/SplitData/Cholesterol/cholesterol-separate-graphs-5A_exp1/Test/CombinedUnlabeled/8XQS-f4_graphs.npy,StrongNegative,0.0,
Chol-GCN,../../../Data/SplitData/Cholesterol/cholesterol-separate-graphs-5A_exp1/Test/CombinedUnlabeled/8XQT-f4_graphs.npy,StrongNegative,0.0,
Chol-GCN,../../../Data/SplitData/Cholesterol/cholesterol-separate-graphs-5A_exp1/Test/CombinedUnlabeled/8Y56-f1-positive_graphs.npy,StrongNegative,0.291,
Chol-GCN,../../../Data/SplitData/Cholesterol/cholesterol-separate-graphs-5A_exp1/Test/CombinedUnlabeled/8Y69-f2_graphs.npy,StrongNegative,0.0,
Chol-GCN,../../../Data/SplitData/Cholesterol/cholesterol-separate-graphs-5A_exp1/Test/CombinedUnlabeled/8Y69-f3_graphs.npy,StrongNegative,0.0,
Chol-GCN,../../../Data/SplitData/Cholesterol/cholesterol-separate-graphs-5A_exp1/Test/CombinedUnlabeled/8Y69-f4_graphs.npy,StrongNegative,0.0,
Chol-GCN,../../../Data/SplitData/Cholesterol/cholesterol-separate-graphs-5A_exp1/Test/CombinedUnlabeled/8Y6I-f2-positive_graphs.npy,PseudoNegative,0.233,
Chol-GCN,../../../Data/SplitData/Cholesterol/cholesterol-separate-graphs-5A_exp1/Test/CombinedUnlabeled/8Y6I-f5-positive_graphs.npy,PseudoPositive,0.244,
Chol-GCN,../../../Data/SplitData/Cholesterol/cholesterol-separate-graphs-5A_exp1/Test/CombinedUnlabeled/8YJP-f1_graphs.npy,StrongNegative,0.0,
Chol-GCN,../../../Data/SplitData/Cholesterol/cholesterol-separate-graphs-5A_exp1/Test/CombinedUnlabeled/8YJP-f2_graphs.npy,StrongNegative,0.0,
Chol-GCN,../../../Data/SplitData/Cholesterol/cholesterol-separate-graphs-5A_exp1/Test/CombinedUnlabeled/8YKY-f3_graphs.npy,StrongNegative,0.0,
Chol-GCN,../../../Data/SplitData/Cholesterol/cholesterol-separate-graphs-5A_exp1/Test/CombinedUnlabeled/8YKY-f4_graphs.npy,StrongNegative,0.0,
Chol-GCN,../../../Data/SplitData/Cholesterol/cholesterol-separate-graphs-5A_exp1/Test/CombinedUnlabeled/8YN2-f1_graphs.npy,StrongNegative,0.0,
Chol-GCN,../../../Data/SplitData/Cholesterol/cholesterol-separate-graphs-5A_exp1/Test/CombinedUnlabeled/8YN2-f4-positive_graphs.npy,PseudoPositive,0.2,
Chol-GCN,../../../Data/SplitData/Cholesterol/cholesterol-separate-graphs-5A_exp1/Test/CombinedUnlabeled/8YN3-f2_graphs.npy,StrongNegative,0.0,
Chol-GCN,../../../Data/SplitData/Cholesterol/cholesterol-separate-graphs-5A_exp1/Test/CombinedUnlabeled/8YN4-f1_graphs.npy,StrongNegative,0.0,
Chol-GCN,../../../Data/SplitData/Cholesterol/cholesterol-separate-graphs-5A_exp1/Test/CombinedUnlabeled/8YN8-f5-positive_graphs.npy,StrongNegative,0.231,
Chol-GCN,../../../Data/SplitData/Cholesterol/cholesterol-separate-graphs-5A_exp1/Test/CombinedUnlabeled/8YN9-f2-positive_graphs.npy,StrongNegative,0.244,
Chol-GCN,../../../Data/SplitData/Cholesterol/cholesterol-separate-graphs-5A_exp1/Test/CombinedUnlabeled/8YN9-f3_graphs.npy,StrongNegative,0.0,
Chol-GCN,../../../Data/SplitData/Cholesterol/cholesterol-separate-graphs-5A_exp1/Test/CombinedUnlabeled/8YN9-f5-positive_graphs.npy,StrongNegative,0.31,
Chol-GCN,../../../Data/SplitData/Cholesterol/cholesterol-separate-graphs-5A_exp1/Test/CombinedUnlabeled/8YNA-f2_graphs.npy,StrongNegative,0.0,
Chol-GCN,../../../Data/SplitData/Cholesterol/cholesterol-separate-graphs-5A_exp1/Test/CombinedUnlabeled/8YR2-f3-positive_graphs.npy,StrongNegative,0.2,
Chol-GCN,../../../Data/SplitData/Cholesterol/cholesterol-separate-graphs-5A_exp1/Test/CombinedUnlabeled/8YU7-f1-positive_graphs.npy,StrongNegative,0.227,
Chol-GCN,../../../Data/SplitData/Cholesterol/cholesterol-separate-graphs-5A_exp1/Test/CombinedUnlabeled/8YU7-f2-positive_graphs.npy,StrongNegative,0.212,
Chol-GCN,../../../Data/SplitData/Cholesterol/cholesterol-separate-graphs-5A_exp1/Test/CombinedUnlabeled/8YU7-f3-positive_graphs.npy,StrongNegative,0.215,
Chol-GCN,../../../Data/SplitData/Cholesterol/cholesterol-separate-graphs-5A_exp1/Test/CombinedUnlabeled/8Z74-f1_graphs.npy,StrongNegative,0.0,
Chol-GCN,../../../Data/SplitData/Cholesterol/cholesterol-separate-graphs-5A_exp1/Test/CombinedUnlabeled/8ZLE-f1-positive_graphs.npy,StrongNegative,0.209,
Chol-GCN,../../../Data/SplitData/Cholesterol/cholesterol-separate-graphs-5A_exp1/Test/CombinedUnlabeled/8ZSJ-f5-positive_graphs.npy,StrongPositive,0.256,
Chol-GCN,../../../Data/SplitData/Cholesterol/cholesterol-separate-graphs-5A_exp1/Test/CombinedUnlabeled/8ZYJ-f5_graphs.npy,StrongNegative,0.0,
Chol-GCN,../../../Data/SplitData/Cholesterol/cholesterol-separate-graphs-5A_exp1/Test/CombinedUnlabeled/9B8O-f2_graphs.npy,StrongNegative,0.046,
Chol-GCN,../../../Data/SplitData/Cholesterol/cholesterol-separate-graphs-5A_exp1/Test/CombinedUnlabeled/9BBC-f5-positive_graphs.npy,StrongNegative,0.254,
Chol-GCN,../../../Data/SplitData/Cholesterol/cholesterol-separate-graphs-5A_exp1/Test/CombinedUnlabeled/9BR2-f1_graphs.npy,StrongNegative,0.0,
Chol-GCN,../../../Data/SplitData/Cholesterol/cholesterol-separate-graphs-5A_exp1/Test/CombinedUnlabeled/9BR2-f3_graphs.npy,StrongNegative,0.0,
Chol-GCN,../../../Data/SplitData/Cholesterol/cholesterol-separate-graphs-5A_exp1/Test/CombinedUnlabeled/9BUK-f5_graphs.npy,StrongNegative,0.0,
Chol-GCN,../../../Data/SplitData/Cholesterol/cholesterol-separate-graphs-5A_exp1/Test/CombinedUnlabeled/9BUX-f2_graphs.npy,StrongNegative,0.0,
Chol-GCN,../../../Data/SplitData/Cholesterol/cholesterol-separate-graphs-5A_exp1/Test/CombinedUnlabeled/9BVH-f1_graphs.npy,StrongNegative,0.0,
Chol-GCN,../../../Data/SplitData/Cholesterol/cholesterol-separate-graphs-5A_exp1/Test/CombinedUnlabeled/9BVH-f4_graphs.npy,StrongNegative,0.0,
Chol-GCN,../../../Data/SplitData/Cholesterol/cholesterol-separate-graphs-5A_exp1/Test/CombinedUnlabeled/9CDC-f1-positive_graphs.npy,PseudoNegative,0.205,
Chol-GCN,../../../Data/SplitData/Cholesterol/cholesterol-separate-graphs-5A_exp1/Test/CombinedUnlabeled/9CDD-f1-positive_graphs.npy,StrongNegative,0.277,
Chol-GCN,../../../Data/SplitData/Cholesterol/cholesterol-separate-graphs-5A_exp1/Test/CombinedUnlabeled/9CDD-f2-positive_graphs.npy,StrongNegative,0.229,
Chol-GCN,../../../Data/SplitData/Cholesterol/cholesterol-separate-graphs-5A_exp1/Test/CombinedUnlabeled/9CDD-f4_graphs.npy,PseudoNegative,0.14,
Chol-GCN,../../../Data/SplitData/Cholesterol/cholesterol-separate-graphs-5A_exp1/Test/CombinedUnlabeled/9CDE-f2-positive_graphs.npy,StrongNegative,0.306,
Chol-GCN,../../../Data/SplitData/Cholesterol/cholesterol-separate-graphs-5A_exp1/Test/CombinedUnlabeled/9CIA-f4_graphs.npy,PseudoPositive,0.0,
Chol-GCN,../../../Data/SplitData/Cholesterol/cholesterol-separate-graphs-5A_exp1/Test/CombinedUnlabeled/9CIA-f5_graphs.npy,StrongNegative,0.0,
Chol-GCN,../../../Data/SplitData/Cholesterol/cholesterol-separate-graphs-5A_exp1/Test/CombinedUnlabeled/9CUI-f1_graphs.npy,StrongPositive,0.0,
Chol-GCN,../../../Data/SplitData/Cholesterol/cholesterol-separate-graphs-5A_exp1/Test/CombinedUnlabeled/9CUI-f5_graphs.npy,StrongNegative,0.0,
Chol-GCN,../../../Data/SplitData/Cholesterol/cholesterol-separate-graphs-5A_exp1/Test/CombinedUnlabeled/9D3G-f2_graphs.npy,StrongNegative,0.0,
Chol-GCN,../../../Data/SplitData/Cholesterol/cholesterol-separate-graphs-5A_exp1/Test/CombinedUnlabeled/9D3G-f4_graphs.npy,StrongNegative,0.0,
Chol-GCN,../../../Data/SplitData/Cholesterol/cholesterol-separate-graphs-5A_exp1/Test/CombinedUnlabeled/9DBK-f1_graphs.npy,StrongNegative,0.0,
Chol-GCN,../../../Data/SplitData/Cholesterol/cholesterol-separate-graphs-5A_exp1/Test/CombinedUnlabeled/9DBM-f4_graphs.npy,StrongNegative,0.0,
Chol-GCN,../../../Data/SplitData/Cholesterol/cholesterol-separate-graphs-5A_exp1/Test/CombinedUnlabeled/9DBM-f5_graphs.npy,StrongNegative,0.0,
Chol-GCN,../../../Data/SplitData/Cholesterol/cholesterol-separate-graphs-5A_exp1/Test/CombinedUnlabeled/9DNW-f1_graphs.npy,StrongNegative,0.0,
Chol-GCN,../../../Data/SplitData/Cholesterol/cholesterol-separate-graphs-5A_exp1/Test/CombinedUnlabeled/9DNW-f2_graphs.npy,StrongNegative,0.0,
Chol-GCN,../../../Data/SplitData/Cholesterol/cholesterol-separate-graphs-5A_exp1/Test/CombinedUnlabeled/9DNX-f3-positive_graphs.npy,StrongNegative,0.25,
Chol-GCN,../../../Data/SplitData/Cholesterol/cholesterol-separate-graphs-5A_exp1/Test/CombinedUnlabeled/9DNY-f1_graphs.npy,StrongNegative,0.0,
Chol-GCN,../../../Data/SplitData/Cholesterol/cholesterol-separate-graphs-5A_exp1/Test/CombinedUnlabeled/9DNY-f3_graphs.npy,StrongNegative,0.0,
Chol-GCN,../../../Data/SplitData/Cholesterol/cholesterol-separate-graphs-5A_exp1/Test/CombinedUnlabeled/9DNZ-f1_graphs.npy,StrongNegative,0.095,
Chol-GCN,../../../Data/SplitData/Cholesterol/cholesterol-separate-graphs-5A_exp1/Test/CombinedUnlabeled/9DNZ-f2-positive_graphs.npy,StrongNegative,0.266,
Chol-GCN,../../../Data/SplitData/Cholesterol/cholesterol-separate-graphs-5A_exp1/Test/CombinedUnlabeled/9DNZ-f3-positive_graphs.npy,StrongNegative,0.25,
Chol-GCN,../../../Data/SplitData/Cholesterol/cholesterol-separate-graphs-5A_exp1/Test/CombinedUnlabeled/9DO0-f2_graphs.npy,StrongNegative,0.0,
Chol-GCN,../../../Data/SplitData/Cholesterol/cholesterol-separate-graphs-5A_exp1/Test/CombinedUnlabeled/9DVJ-f4_graphs.npy,StrongNegative,0.0,
Chol-GCN,../../../Data/SplitData/Cholesterol/cholesterol-separate-graphs-5A_exp1/Test/CombinedUnlabeled/9DVK-f3_graphs.npy,StrongNegative,0.0,
Chol-GCN,../../../Data/SplitData/Cholesterol/cholesterol-separate-graphs-5A_exp1/Test/CombinedUnlabeled/9DVL-f4_graphs.npy,StrongNegative,0.0,
Chol-GCN,../../../Data/SplitData/Cholesterol/cholesterol-separate-graphs-5A_exp1/Test/CombinedUnlabeled/9DVM-f1_graphs.npy,StrongNegative,0.0,
Chol-GCN,../../../Data/SplitData/Cholesterol/cholesterol-separate-graphs-5A_exp1/Test/CombinedUnlabeled/9DVM-f2_graphs.npy,StrongNegative,0.13,
Chol-GCN,../../../Data/SplitData/Cholesterol/cholesterol-separate-graphs-5A_exp1/Test/CombinedUnlabeled/9DVN-f5_graphs.npy,StrongNegative,0.0,
Chol-GCN,../../../Data/SplitData/Cholesterol/cholesterol-separate-graphs-5A_exp1/Test/CombinedUnlabeled/9DW9-f4_graphs.npy,StrongNegative,0.0,
Chol-GCN,../../../Data/SplitData/Cholesterol/cholesterol-separate-graphs-5A_exp1/Test/CombinedUnlabeled/9EUO-f1_graphs.npy,StrongNegative,0.0,
Chol-GCN,../../../Data/SplitData/Cholesterol/cholesterol-separate-graphs-5A_exp1/Test/CombinedUnlabeled/9EUP-f2-positive_graphs.npy,StrongNegative,0.23,
Chol-GCN,../../../Data/SplitData/Cholesterol/cholesterol-separate-graphs-5A_exp1/Test/CombinedUnlabeled/9EUP-f3-positive_graphs.npy,StrongNegative,0.328,
Chol-GCN,../../../Data/SplitData/Cholesterol/cholesterol-separate-graphs-5A_exp1/Test/CombinedUnlabeled/9F41-f1_graphs.npy,StrongNegative,0.0,
Chol-GCN,../../../Data/SplitData/Cholesterol/cholesterol-separate-graphs-5A_exp1/Test/CombinedUnlabeled/9GE2-f1-positive_graphs.npy,StrongNegative,0.294,
Chol-GCN,../../../Data/SplitData/Cholesterol/cholesterol-separate-graphs-5A_exp1/Test/CombinedUnlabeled/9GYO-f1-positive_graphs.npy,StrongPositive,0.265,
Chol-GCN,../../../Data/SplitData/Cholesterol/cholesterol-separate-graphs-5A_exp1/Test/CombinedUnlabeled/9GYO-f3_graphs.npy,StrongNegative,0.0,
Chol-GCN,../../../Data/SplitData/Cholesterol/cholesterol-separate-graphs-5A_exp1/Test/CombinedUnlabeled/9GYO-f4_graphs.npy,StrongNegative,0.0,
Chol-GCN,../../../Data/SplitData/Cholesterol/cholesterol-separate-graphs-5A_exp1/Test/CombinedUnlabeled/9IJ9-f1_graphs.npy,StrongNegative,0.0,
Chol-GCN,../../../Data/SplitData/Cholesterol/cholesterol-separate-graphs-5A_exp1/Test/CombinedUnlabeled/9IJA-f4_graphs.npy,StrongNegative,0.0,
Chol-GCN,../../../Data/SplitData/Cholesterol/cholesterol-separate-graphs-5A_exp1/Test/CombinedUnlabeled/9IMA-f1-positive_graphs.npy,StrongNegative,0.212,
Chol-GCN,../../../Data/SplitData/Cholesterol/cholesterol-separate-graphs-5A_exp1/Test/CombinedUnlabeled/9IMA-f3-positive_graphs.npy,StrongNegative,0.273,
Chol-GCN,../../../Data/SplitData/Cholesterol/cholesterol-separate-graphs-5A_exp1/Test/CombinedUnlabeled/9IMA-f4_graphs.npy,StrongNegative,0.0,
Chol-GCN,../../../Data/SplitData/Cholesterol/cholesterol-separate-graphs-5A_exp1/Test/CombinedUnlabeled/9INE-f5_graphs.npy,StrongNegative,0.129,
Chol-GCN,../../../Data/SplitData/Cholesterol/cholesterol-separate-graphs-5A_exp1/Test/CombinedUnlabeled/9INF-f3_graphs.npy,StrongNegative,0.0,
Chol-GCN,../../../Data/SplitData/Cholesterol/cholesterol-separate-graphs-5A_exp1/Test/CombinedUnlabeled/9ITE-f1-positive_graphs.npy,StrongNegative,0.243,
Chol-GCN,../../../Data/SplitData/Cholesterol/cholesterol-separate-graphs-5A_exp1/Test/CombinedUnlabeled/9ITE-f2_graphs.npy,PseudoNegative,0.03,
Chol-GCN,../../../Data/SplitData/Cholesterol/cholesterol-separate-graphs-5A_exp1/Test/CombinedUnlabeled/9ITG-f5_graphs.npy,StrongNegative,0.0,
Chol-GCN,../../../Data/SplitData/Cholesterol/cholesterol-separate-graphs-5A_exp1/Test/CombinedUnlabeled/9J7M-f4_graphs.npy,StrongNegative,0.0,
Chol-GCN,../../../Data/SplitData/Cholesterol/cholesterol-separate-graphs-5A_exp1/Test/CombinedUnlabeled/9J7M-f5-positive_graphs.npy,StrongNegative,0.217,
Chol-GCN,../../../Data/SplitData/Cholesterol/cholesterol-separate-graphs-5A_exp1/Test/CombinedUnlabeled/9J7N-f1_graphs.npy,StrongNegative,0.113,
Chol-GCN,../../../Data/SplitData/Cholesterol/cholesterol-separate-graphs-5A_exp1/Test/CombinedUnlabeled/9J7N-f2_graphs.npy,StrongNegative,0.0,
Chol-GCN,../../../Data/SplitData/Cholesterol/cholesterol-separate-graphs-5A_exp1/Test/CombinedUnlabeled/9J7N-f4-positive_graphs.npy,PseudoPositive,0.28,
Chol-GCN,../../../Data/SplitData/Cholesterol/cholesterol-separate-graphs-5A_exp1/Test/CombinedUnlabeled/9J7O-f3_graphs.npy,StrongNegative,0.0,
Chol-GCN,../../../Data/SplitData/Cholesterol/cholesterol-separate-graphs-5A_exp1/Test/CombinedUnlabeled/9J7O-f4_graphs.npy,StrongNegative,0.037,
Chol-GCN,../../../Data/SplitData/Cholesterol/cholesterol-separate-graphs-5A_exp1/Test/CombinedUnlabeled/9J7O-f5_graphs.npy,StrongNegative,0.0,
Chol-GCN,../../../Data/SplitData/Cholesterol/cholesterol-separate-graphs-5A_exp1/Test/CombinedUnlabeled/9J8D-f1_graphs.npy,StrongNegative,0.0,
Chol-GCN,../../../Data/SplitData/Cholesterol/cholesterol-separate-graphs-5A_exp1/Test/CombinedUnlabeled/9J8D-f5_graphs.npy,StrongNegative,0.0,
Chol-GCN,../../../Data/SplitData/Cholesterol/cholesterol-separate-graphs-5A_exp1/Test/CombinedUnlabeled/9J97-f3_graphs.npy,PseudoNegative,0.0,
Chol-GCN,../../../Data/SplitData/Cholesterol/cholesterol-separate-graphs-5A_exp1/Test/CombinedUnlabeled/9K1D-f1-positive_graphs.npy,PseudoPositive,0.553,
Chol-GCN,../../../Data/SplitData/Cholesterol/cholesterol-separate-graphs-5A_exp1/Test/CombinedUnlabeled/9K1D-f2-positive_graphs.npy,StrongNegative,0.308,
Chol-GCN,../../../Data/SplitData/Cholesterol/cholesterol-separate-graphs-5A_exp1/Test/CombinedUnlabeled/9K1D-f3_graphs.npy,StrongNegative,0.0,
Chol-GCN,../../../Data/SplitData/Cholesterol/cholesterol-separate-graphs-5A_exp1/Test/CombinedUnlabeled/9K7B-f2_graphs.npy,StrongNegative,0.0,
