atom_index,is_real_atom,atom_type_from_onehot,importance
0,1,CG,11.082828521728516
1,1,SD,11.082828521728516
2,1,CE,11.378015518188477
3,1,CA,12.002123832702637
4,1,C,12.626233100891113
5,1,O,13.250343322753906
6,1,CA,13.422409057617188
7,1,C,12.967451095581055
8,1,O,12.512491226196289
9,1,CB,12.057534217834473
10,1,CG,11.724397659301758
11,1,CD,11.6033296585083
12,1,N,11.482259750366211
13,1,CG,11.361191749572754
14,1,CD2,11.297867774963379
15,1,CB,11.362587928771973
16,1,SG,11.4273099899292
17,1,CD1,11.492033004760742
18,1,CA,11.533858299255371
19,1,C,11.509407997131348
20,1,O,11.484959602355957
21,1,CB,11.4605131149292
22,1,CG1,11.403885841369629
23,1,CG2,11.220694541931152
24,1,CA,11.037505149841309
25,1,C,10.854314804077148
26,1,O,10.695192337036133
27,1,CB,10.673924446105957
28,1,CG,10.652654647827148
29,1,CD1,10.631382942199707
30,1,CD2,10.600947380065918
31,1,N,10.482783317565918
32,1,CG,10.364616394042969
33,1,CD2,10.24644947052002
34,1,C,10.114304542541504
35,1,O,9.651325225830078
36,1,CB,9.188349723815918
37,1,CD1,8.72536849975586
38,1,CE1,8.262389183044434
39,1,CZ,7.484744071960449
