atom_index,is_real_atom,atom_type_from_onehot,importance
0,1,CA,8.617218017578125
1,1,C,8.617218017578125
2,1,O,8.50776195526123
3,1,CB,8.276342391967773
4,1,N,8.044920921325684
5,1,CA,7.81350040435791
6,1,O,7.509039878845215
7,1,CB,7.103265762329102
8,1,CG1,6.697491645812988
9,1,CG2,6.291717052459717
10,1,CG1,6.005354881286621
11,1,CB,5.9268598556518555
12,1,CG,5.848363876342773
13,1,CD1,5.769868850708008
14,1,CD2,5.647131443023682
15,1,NE1,5.426295757293701
16,1,CE2,5.205459117889404
17,1,CE3,4.984622955322266
18,1,CZ2,4.952188491821289
19,1,CZ3,5.465124130249023
20,1,CH2,5.978061676025391
21,1,CD1,6.490997314453125
22,1,CD2,6.945432186126709
23,1,CE1,7.169755935668945
24,1,CE2,7.394080638885498
25,1,CZ,7.618404865264893
26,1,OH,7.761922836303711
27,1,NE2,7.442643165588379
28,1,N,7.123361110687256
29,1,CA,6.804081439971924
30,1,C,6.515864849090576
31,1,O,6.5249786376953125
32,1,CB,6.534093379974365
33,1,CG,6.543207168579102
34,1,CD1,6.5527191162109375
35,1,CD2,6.5716552734375
36,1,CE1,6.5905914306640625
37,1,CE2,6.609527111053467
38,1,CZ,6.628463268280029
39,1,CA,6.914548873901367
40,1,C,7.204293727874756
41,1,O,7.4940385818481445
42,1,CB,7.783783912658691
43,1,N,7.990530967712402
44,1,CA,8.191263198852539
45,1,O,8.391995429992676
46,1,CB,8.592728614807129
47,1,CG,8.604369163513184
48,1,CD1,8.589827537536621
49,1,O,8.575286865234375
50,1,O,8.56074333190918
