atom_type,importance_sum
C,7.237977027893066
CA,7.237977027893066
CB,7.4244513511657715
CD,7.844083309173584
CD1,8.263714790344238
CD2,8.683341979980469
CE,9.147497177124023
CE1,9.700737953186035
CE2,10.254019737243652
CE3,10.807241439819336
CG,11.296588897705078
CG1,11.562067031860352
CG2,11.827539443969727
CH2,12.093013763427734
CZ,12.448264122009277
CZ2,13.521726608276367
CZ3,14.595190048217773
O,15.66865062713623
OH,16.742111206054688
OD1,17.961271286010742
OD2,19.180429458618164
OE1,20.399585723876953
OE2,21.61874008178711
OG,21.392770767211914
OG1,20.986156463623047
N,20.579547882080078
NE,20.17293357849121
NE1,19.453227996826172
NE2,18.64413070678711
ND1,17.835033416748047
ND2,17.02593421936035
NZ,16.439197540283203
NH1,15.963632583618164
NH2,15.488070487976074
SD,15.01258373260498
SG,14.801176071166992
UNKNOWN,14.801176071166992
