atom_type,importance
C,0.11343459039926529
CA,0.11343459039926529
CB,0.11266760528087616
CD,0.11094165593385696
CD1,0.10921593755483627
CD2,0.10749005526304245
CE,0.10966705530881882
CE1,0.11965024471282959
CE2,0.1296333521604538
CE3,0.13961553573608398
CG,0.14756689965724945
CG1,0.14840908348560333
CG2,0.1492512971162796
CH2,0.1500934511423111
CZ,0.1532435268163681
CZ2,0.1748567372560501
CZ3,0.19646979868412018
O,0.21808400750160217
OH,0.23969721794128418
OD1,0.2250998616218567
OD2,0.2105015069246292
OE1,0.1959041953086853
OE2,0.181306853890419
OG,0.17573577165603638
OG1,0.17129290103912354
N,0.1668500155210495
NE,0.16240720450878143
NE1,0.16417261958122253
NE2,0.16771191358566284
ND1,0.17125006020069122
ND2,0.17478932440280914
NZ,0.171981543302536
NH1,0.16600175201892853
NH2,0.16002093255519867
SD,0.1540401130914688
SG,0.15138205885887146
UNKNOWN,0.15138205885887146
