atom_index,is_real_atom,atom_type_from_onehot,importance
0,1,CG2,6.361456871032715
1,1,CA,6.361456871032715
2,1,O,6.408233642578125
3,1,CB,6.507134914398193
4,1,CB,6.60603666305542
5,1,CG,6.7049384117126465
6,1,CD1,6.655500411987305
7,1,CD2,6.400301456451416
8,1,CE1,6.1451029777526855
9,1,CZ,5.8899054527282715
10,1,CA,5.742286205291748
11,1,C,5.781935214996338
12,1,O,5.821585655212402
13,1,CB,5.86123514175415
14,1,CG,6.030267715454102
15,1,CD1,6.4861955642700195
16,1,CD2,6.942123889923096
17,1,CE1,7.398050785064697
18,1,CE2,7.707289218902588
19,1,CZ,7.591899394989014
20,1,OH,7.476510524749756
21,1,CA,7.3611226081848145
22,1,C,7.3093719482421875
23,1,O,7.50792932510376
24,1,CB,7.706488132476807
25,1,N,7.905045986175537
26,1,CA,8.052228927612305
27,1,CB,7.9051690101623535
28,1,N,7.758109092712402
29,1,CA,7.611051082611084
30,1,CB,7.47487735748291
31,1,CG,7.442898750305176
32,1,CD,7.410921096801758
33,1,CE2,7.378942966461182
34,1,CZ,7.337626934051514
35,1,CD2,7.0753045082092285
36,1,CE2,6.812983512878418
37,1,CZ,6.550662040710449
38,1,CG1,6.288339138031006
39,1,CG2,6.366710662841797
40,1,CG,6.449747085571289
41,1,CD1,6.532784938812256
42,1,CD2,6.615821361541748
43,1,CE1,6.489883899688721
44,1,CE2,6.348802089691162
45,1,CZ,6.2077202796936035
46,1,CE2,6.066638469696045
47,1,CZ,5.726551055908203
