atom_type,importance_sum
C,4.099144458770752
CA,4.099144458770752
CB,4.55870246887207
CD,5.592730522155762
CD1,6.626766681671143
CD2,7.660762310028076
CE,8.237509727478027
CE1,7.899588584899902
CE2,7.561707019805908
CE3,7.223830223083496
CG,7.509273052215576
CG1,9.976422309875488
CG2,12.443574905395508
CH2,14.910723686218262
CZ,17.294466018676758
CZ2,19.010927200317383
CZ3,20.727399826049805
O,22.443870544433594
OH,24.16033172607422
OD1,21.58970069885254
OD2,19.01906967163086
OE1,16.448436737060547
OE2,13.877805709838867
OG,12.893774032592773
OG1,12.108067512512207
N,11.32236385345459
NE,10.536657333374023
NE1,9.880729675292969
NE2,9.261815071105957
ND1,8.64298152923584
ND2,8.0241060256958
NZ,7.8215155601501465
NH1,7.8270463943481445
NH2,7.832580089569092
SD,7.838113784790039
SG,7.840577125549316
UNKNOWN,7.840577125549316
