atom_type,importance
C,0.07120907306671143
CA,0.07120907306671143
CB,0.07795483618974686
CD,0.09313347190618515
CD1,0.10831207036972046
CD2,0.12349071353673935
CE,0.13466084003448486
CE1,0.13781820237636566
CE2,0.14097411930561066
CE3,0.14413008093833923
CG,0.1471119374036789
CG1,0.14948302507400513
CG2,0.15185417234897614
CH2,0.15422528982162476
CZ,0.15527461469173431
CZ2,0.1457495242357254
CZ3,0.13622450828552246
O,0.12669949233531952
OH,0.1171744167804718
OD1,0.11108385771512985
OD2,0.10499393939971924
OE1,0.0989033505320549
OE2,0.09281276166439056
OG,0.08595473319292068
OG1,0.07900074869394302
N,0.07204680144786835
NE,0.06509283185005188
NE1,0.0700141191482544
NE2,0.07832901924848557
ND1,0.08664391189813614
ND2,0.09495879709720612
NZ,0.10513343662023544
NH1,0.11623749881982803
NH2,0.12734173238277435
SD,0.13844555616378784
SG,0.14338059723377228
UNKNOWN,0.14338058233261108
