atom_type,importance
C,0.08835700899362564
CA,0.08835700899362564
CB,0.09558920562267303
CD,0.11186092346906662
CD1,0.12813259661197662
CD2,0.14440461993217468
CE,0.15334540605545044
CE1,0.14762231707572937
CE2,0.14189781248569489
CE3,0.13617467880249023
CG,0.13223151862621307
CG1,0.1345207840204239
CG2,0.1368100792169571
CH2,0.1390993744134903
CZ,0.14084729552268982
CZ2,0.13826428353786469
CZ3,0.1356813609600067
O,0.13309839367866516
OH,0.1305154412984848
OD1,0.11663937568664551
OD2,0.10276402533054352
OE1,0.08888797461986542
OE2,0.07501192390918732
OG,0.07617326825857162
OG1,0.07921431213617325
N,0.08225532621145248
NE,0.08529635518789291
NE1,0.08777405321598053
NE2,0.09009077399969101
ND1,0.09240750223398209
ND2,0.09472422301769257
NZ,0.09860023111104965
NH1,0.1032555028796196
NH2,0.10791146755218506
SD,0.11256739497184753
SG,0.11463657021522522
UNKNOWN,0.11463657021522522
