atom_index,is_real_atom,atom_type_from_onehot,importance
0,1,OG1,10.690906524658203
1,1,CB,10.690906524658203
2,1,OG1,10.913400650024414
3,1,CG,11.383816719055176
4,1,CD1,11.854230880737305
5,1,CD2,12.32464599609375
6,1,CG2,12.523839950561523
7,1,O,12.346824645996094
8,1,CB,12.169811248779297
9,1,CG,11.992792129516602
10,1,CD1,11.836444854736328
11,1,CD2,11.71606731414795
12,1,CA,11.595690727233887
13,1,O,11.47531509399414
14,1,CD,11.436188697814941
15,1,O,11.577223777770996
16,1,CB,11.718257904052734
17,1,CA,11.859292984008789
18,1,CB,11.782705307006836
19,1,CG2,11.076163291931152
20,1,CB,10.369621276855469
21,1,CD1,9.663078308105469
22,1,O,8.922143936157227
