atom_type,importance_sum
C,4.853799819946289
CA,4.853799819946289
CB,5.1131086349487305
CD,5.696582317352295
CD1,6.280057907104492
CD2,6.8635334968566895
CE,7.332629680633545
CE1,7.5730061531066895
CE2,7.813339710235596
CE3,8.053717613220215
CG,8.147934913635254
CG1,7.730831623077393
CG2,7.313699245452881
CH2,6.896568298339844
CZ,6.577414512634277
CZ2,7.042097568511963
CZ3,7.506778717041016
O,7.971460819244385
OH,8.436097145080566
OD1,7.127259731292725
OD2,5.8183746337890625
OE1,4.509490489959717
OE2,3.2005832195281982
OG,3.9442856311798096
OG1,4.944588661193848
N,5.94486665725708
NE,6.9451446533203125
NE1,8.253152847290039
NE2,9.649102210998535
ND1,11.044962882995605
ND2,12.440912246704102
NZ,12.781664848327637
NH1,12.594822883605957
NH2,12.407885551452637
SD,12.221046447753906
SG,12.137975692749023
UNKNOWN,12.137975692749023
