atom_type,importance
C,0.0911637470126152
CA,0.0911637470126152
CB,0.09158063679933548
CD,0.09251798689365387
CD1,0.09345534443855286
CD2,0.09439265727996826
CE,0.09617331624031067
CE1,0.09963999688625336
CE2,0.10310672968626022
CE3,0.10657346248626709
CG,0.11732382327318192
CG1,0.15356862545013428
CG2,0.1898135095834732
CH2,0.22605931758880615
CZ,0.2578577697277069
CZ2,0.254084974527359
CZ3,0.2503122091293335
O,0.24653948843479156
OH,0.24276672303676605
OD1,0.24595361948013306
OD2,0.2491406798362732
OE1,0.25232750177383423
OE2,0.2555144727230072
OG,0.2463558167219162
OG1,0.23565411567687988
N,0.22495236992835999
NE,0.21424974501132965
NE1,0.21162809431552887
NE2,0.21131497621536255
ND1,0.21100181341171265
ND2,0.21068859100341797
NZ,0.21004995703697205
NH1,0.20924705266952515
NH2,0.2084452211856842
SD,0.20764227211475372
SG,0.20728537440299988
UNKNOWN,0.20728537440299988
