atom_type,importance
C,0.10414227098226547
CA,0.10414227098226547
CB,0.10782431066036224
CD,0.11610843986272812
CD1,0.12439308315515518
CD2,0.1326778084039688
CE,0.1362352967262268
CE1,0.13033847510814667
CE2,0.12444289028644562
CE3,0.1185460314154625
CG,0.11632408201694489
CG1,0.12696416676044464
CG2,0.137604221701622
CH2,0.14824430644512177
CZ,0.15865424275398254
CZ2,0.16722309589385986
CZ3,0.1757918745279312
O,0.18436074256896973
OH,0.19292958080768585
OD1,0.18217717111110687
OD2,0.1714247316122055
OE1,0.16067233681678772
OE2,0.14991988241672516
OG,0.14550022780895233
OG1,0.14187219738960266
N,0.1382441371679306
NE,0.13461606204509735
NE1,0.1331077665090561
NE2,0.13220471143722534
ND1,0.1313016563653946
ND2,0.13039739429950714
NZ,0.1351270228624344
NH1,0.14267249405384064
NH2,0.15021663904190063
SD,0.1577620804309845
SG,0.16111575067043304
UNKNOWN,0.16111575067043304
