atom_type,importance
C,0.15500837564468384
CA,0.15500837564468384
CB,0.1649300903081894
CD,0.1872551441192627
CD1,0.20957909524440765
CD2,0.23190408945083618
CE,0.2500620484352112
CE1,0.2598879933357239
CE2,0.2697161138057709
CE3,0.27954205870628357
CG,0.27951106429100037
CG1,0.24497708678245544
CG2,0.21044312417507172
CH2,0.17590917646884918
CZ,0.14713236689567566
CZ2,0.1644120067358017
CZ3,0.18169157207012177
O,0.1989712119102478
OH,0.21625089645385742
OD1,0.21209795773029327
OD2,0.2079450935125351
OE1,0.20379218459129333
OE2,0.19963927567005157
OG,0.20027585327625275
OG1,0.20151102542877197
N,0.2027462273836136
NE,0.2039814293384552
NE1,0.2027471363544464
NE2,0.2008076012134552
ND1,0.198867067694664
ND2,0.19692642986774445
NZ,0.19630590081214905
NH1,0.19634321331977844
NH2,0.196381613612175
SD,0.19641897082328796
SG,0.1964361071586609
UNKNOWN,0.1964361071586609
