atom_type,importance
C,0.08006370812654495
CA,0.08006370812654495
CB,0.08737336844205856
CD,0.10382071882486343
CD1,0.12026747316122055
CD2,0.13671539723873138
CE,0.1511668860912323
CE1,0.1616300642490387
CE2,0.17209215462207794
CE3,0.18255533277988434
CG,0.18881431221961975
CG1,0.18036295473575592
CG2,0.17191161215305328
CH2,0.16346031427383423
CZ,0.15730689465999603
CZ2,0.16953688859939575
CZ3,0.1817668378353119
O,0.1939968317747116
OH,0.20622679591178894
OD1,0.21079085767269135
OD2,0.21535494923591614
OE1,0.21991898119449615
OE2,0.22448298335075378
OG,0.22035247087478638
OG1,0.21513521671295166
N,0.20991794764995575
NE,0.20470067858695984
NE1,0.2055480033159256
NE2,0.20812848210334778
ND1,0.21070779860019684
ND2,0.21328821778297424
NZ,0.2151050567626953
NH1,0.21654002368450165
NH2,0.21797597408294678
SD,0.2194109410047531
SG,0.22004885971546173
UNKNOWN,0.22004885971546173
