atom_type,importance_sum
C,4.759854316711426
CA,4.759854316711426
CB,5.797500133514404
CD,8.13218879699707
CD1,10.466879844665527
CD2,12.801569938659668
CE,14.064180374145508
CE1,13.182440757751465
CE2,12.300707817077637
CE3,11.418966293334961
CG,10.894474983215332
CG1,11.62045669555664
CG2,12.346437454223633
CH2,13.072421073913574
CZ,13.557625770568848
CZ2,12.116652488708496
CZ3,10.675677299499512
O,9.234704971313477
OH,7.793731212615967
OD1,6.959885120391846
OD2,6.126039028167725
OE1,5.292194366455078
OE2,4.458347797393799
OG,4.624338150024414
OG1,4.915309906005859
N,5.2062811851501465
NE,5.497252464294434
NE1,5.012617111206055
NE2,4.306384563446045
ND1,3.6001245975494385
ND2,2.8938915729522705
NZ,2.680100202560425
NH1,2.712568759918213
NH2,2.7450315952301025
SD,2.777479410171509
SG,2.791909694671631
UNKNOWN,2.791909694671631
