atom_type,importance_sum
C,10.650548934936523
CA,10.650548934936523
CB,10.794767379760742
CD,11.119217872619629
CD1,11.443743705749512
CD2,11.768268585205078
CE,11.849637985229492
CE1,11.444770812988281
CE2,11.03990364074707
CE3,10.635111808776855
CG,10.605348587036133
CG1,11.888557434082031
CG2,13.171771049499512
CH2,14.454977989196777
CZ,15.586797714233398
CZ2,15.507511138916016
CZ3,15.428224563598633
O,15.348933219909668
OH,15.26964282989502
OD1,15.137731552124023
OD2,15.005816459655762
OE1,14.873902320861816
OE2,14.74199104309082
OG,14.570895195007324
OG1,14.394904136657715
N,14.21890926361084
NE,14.042920112609863
NE1,13.499953269958496
NE2,12.852217674255371
ND1,12.204413414001465
ND2,11.556599617004395
NZ,11.222399711608887
NH1,11.044902801513672
NH2,10.867469787597656
SD,10.690040588378906
SG,10.611127853393555
UNKNOWN,10.611127853393555
