atom_type,importance_sum
C,7.912421703338623
CA,7.912421703338623
CB,8.012279510498047
CD,8.23695182800293
CD1,8.461580276489258
CD2,8.686288833618164
CE,9.302169799804688
CE1,10.700460433959961
CE2,12.098827362060547
CE3,13.49711799621582
CG,14.231263160705566
CG1,12.640815734863281
CG2,11.050370216369629
CH2,9.459927558898926
CZ,8.09256649017334
CZ2,8.509888648986816
CZ3,8.92720890045166
O,9.344532012939453
OH,9.761852264404297
OD1,8.66646957397461
OD2,7.571094989776611
OE1,6.475710391998291
OE2,5.380330562591553
OG,5.660627841949463
OG1,6.112885475158691
N,6.565142631530762
NE,7.01740026473999
NE1,7.655515670776367
NE2,8.346677780151367
ND1,9.037918090820312
ND2,9.729079246520996
NZ,10.861001968383789
NH1,12.213264465332031
NH2,13.565605163574219
SD,14.917869567871094
SG,15.518884658813477
UNKNOWN,15.518884658813477
