atom_index,is_real_atom,atom_type_from_onehot,importance
0,1,CG1,6.314140319824219
1,1,CG2,6.314140319824219
2,1,CA,6.3928046226501465
3,1,O,6.5591230392456055
4,1,CB,6.725442886352539
5,1,CG,6.891761302947998
6,1,CD1,6.944056034088135
7,1,CD2,6.838189125061035
8,1,CE1,6.732321262359619
9,1,CE2,6.626453876495361
10,1,CZ,6.503878593444824
11,1,OH,6.352222442626953
12,1,C,6.200563907623291
13,1,O,6.048908233642578
14,1,CB,5.921192169189453
15,1,CG1,5.8465657234191895
16,1,N,5.771938800811768
17,1,CA,5.697312831878662
18,1,N,5.630909442901611
19,1,CA,5.588311195373535
20,1,C,5.545713901519775
21,1,O,5.503117084503174
22,1,CA,5.563431739807129
23,1,C,6.028538227081299
24,1,O,6.493645668029785
25,1,CB,6.9587531089782715
26,1,CG,7.341328144073486
27,1,SD,7.251216411590576
28,1,CE,7.161105155944824
29,1,CA,7.070995330810547
30,1,C,6.974177360534668
31,1,O,6.81316614151001
32,1,CB,6.652154922485352
33,1,CG,6.491142272949219
34,1,CD1,6.3297529220581055
35,1,CD2,6.159426689147949
36,1,N,5.989102363586426
37,1,CA,5.8187761306762695
38,1,C,5.648449420928955
39,1,O,5.810032844543457
40,1,CB,5.976161479949951
41,1,CG2,6.142291069030762
42,1,N,6.308420181274414
43,1,CA,6.370603084564209
44,1,CB,6.425252437591553
45,1,CE1,6.479902267456055
46,1,CZ,6.534551620483398
47,1,SD,6.5207319259643555
48,1,CE,6.497430801391602
49,1,CG,6.474128723144531
50,1,CD1,6.450827598571777
51,1,CD2,5.960204124450684
