atom_type,importance_sum
C,5.340738296508789
CA,5.340738296508789
CB,5.509732246398926
CD,5.889951705932617
CD1,6.270172119140625
CD2,6.650391578674316
CE,7.560272693634033
CE1,9.52935791015625
CE2,11.49852180480957
CE3,13.467607498168945
CG,14.666662216186523
CG1,13.170684814453125
CG2,11.674705505371094
CH2,10.178730010986328
CZ,8.903743743896484
CZ2,9.396675109863281
CZ3,9.889606475830078
O,10.382536888122559
OH,10.875467300415039
OD1,10.387960433959961
OD2,9.900455474853516
OE1,9.41295051574707
OE2,8.925445556640625
OG,8.95160961151123
OG1,9.041988372802734
N,9.132369995117188
NE,9.222745895385742
NE1,9.505027770996094
NE2,9.842011451721191
ND1,10.178999900817871
ND2,10.516061782836914
NZ,11.28579044342041
NH1,12.271924018859863
NH2,13.25798225402832
SD,14.244115829467773
SG,14.682424545288086
UNKNOWN,14.682424545288086
