atom_index,is_real_atom,atom_type_from_onehot,importance
0,1,O,8.599733352661133
1,1,C,8.599733352661133
2,1,O,8.818183898925781
3,1,N,9.280051231384277
4,1,CA,9.741918563842773
5,1,CB,10.20378589630127
6,1,OG,10.660551071166992
7,1,CA,11.110240936279297
8,1,C,11.559931755065918
9,1,CB,12.009622573852539
10,1,CG,12.232085227966309
11,1,CD2,12.059013366699219
12,1,N,11.885939598083496
13,1,CA,11.712867736816406
14,1,CE,11.461633682250977
15,1,OE1,11.037088394165039
16,1,NE1,10.612543106079102
17,1,CG2,10.187997817993164
18,1,CG,9.828338623046875
19,1,CD1,9.656514167785645
20,1,CD2,9.484686851501465
21,1,CE1,9.31286334991455
22,1,CE2,9.108708381652832
23,1,CZ,8.777405738830566
24,1,OH,8.4461030960083
25,1,CE1,8.114800453186035
26,1,CE2,7.7770843505859375
27,1,CZ,7.402639389038086
28,1,OH,7.028195381164551
