atom_type,importance_sum
C,8.631476402282715
CA,8.631476402282715
CB,8.681478500366211
CD,8.793985366821289
CD1,8.906484603881836
CD2,9.018986701965332
CE,9.515762329101562
CE1,10.781149864196777
CE2,12.046539306640625
CE3,13.311927795410156
CG,14.354745864868164
CG1,14.61888313293457
CG2,14.883016586303711
CH2,15.147148132324219
CZ,15.485811233520508
CZ2,16.42072296142578
CZ3,17.35565948486328
O,18.290578842163086
OH,19.22547149658203
OD1,18.589750289916992
OD2,17.954036712646484
OE1,17.31829833984375
OE2,16.682552337646484
OG,15.798779487609863
OG1,14.884033203125
N,13.96928882598877
NE,13.054546356201172
NE1,12.892817497253418
NE2,12.946187019348145
ND1,12.999561309814453
ND2,13.052928924560547
NZ,12.74170207977295
NH1,12.248213768005371
NH2,11.754728317260742
SD,11.261163711547852
SG,11.041851997375488
UNKNOWN,11.041851997375488
