atom_type,importance_sum
C,3.2472424507141113
CA,3.2472424507141113
CB,3.554408311843872
CD,4.2455525398254395
CD1,4.936643123626709
CD2,5.6277875900268555
CE,6.176019668579102
CE1,6.438370227813721
CE2,6.700777053833008
CE3,6.963126182556152
CG,7.251793384552002
CG1,7.632620334625244
CG2,8.013448715209961
CH2,8.39427375793457
CZ,8.695035934448242
CZ2,8.355267524719238
CZ3,8.015501022338867
O,7.6757330894470215
OH,7.335965156555176
OD1,6.3309550285339355
OD2,5.325946807861328
OE1,4.320938587188721
OE2,3.3159563541412354
OG,2.9219605922698975
OG1,2.6043412685394287
N,2.286722183227539
NE,1.9691041707992554
NE1,2.4371705055236816
NE2,3.129732370376587
ND1,3.8222947120666504
ND2,4.514829635620117
NZ,4.994654655456543
NH1,5.36807107925415
NH2,5.7414870262146
SD,6.114902496337891
SG,6.280869960784912
UNKNOWN,6.280869960784912
