atom_index,is_real_atom,atom_type_from_onehot,importance
0,1,CA,8.738363265991211
1,1,C,8.738363265991211
2,1,O,8.60920238494873
3,1,CB,8.33612060546875
4,1,N,8.063037872314453
5,1,CA,7.789955139160156
6,1,O,7.542175769805908
7,1,CB,7.329495429992676
8,1,CG1,7.116815090179443
9,1,CG2,6.9041337966918945
10,1,CG1,6.750499725341797
11,1,CB,6.699647426605225
12,1,CG,6.648796081542969
13,1,CD1,6.5979437828063965
14,1,CD2,6.499383926391602
15,1,NE1,6.295040130615234
16,1,CE2,6.090695381164551
17,1,CE3,5.886349678039551
18,1,CZ2,5.888246059417725
19,1,CZ3,6.487154006958008
20,1,CH2,7.086062431335449
21,1,CD1,7.684969902038574
22,1,CD2,8.201106071472168
23,1,CE1,8.391666412353516
24,1,CE2,8.58222770690918
25,1,CZ,8.772787094116211
26,1,OH,8.863499641418457
27,1,NE2,8.382356643676758
28,1,N,7.901210784912109
29,1,CA,7.4200663566589355
30,1,C,6.991751194000244
31,1,O,7.069085121154785
32,1,CB,7.146420001983643
33,1,CG,7.223755836486816
34,1,CD1,7.309532165527344
35,1,CD2,7.595102310180664
36,1,CE1,7.880668640136719
37,1,CE2,8.166237831115723
38,1,CZ,8.45180606842041
39,1,CA,8.550975799560547
40,1,C,8.647592544555664
41,1,O,8.744211196899414
42,1,CB,8.840826988220215
43,1,N,8.98438835144043
44,1,CA,9.131349563598633
45,1,O,9.278312683105469
46,1,CB,9.425275802612305
47,1,CG,9.108802795410156
48,1,CD1,8.728169441223145
49,1,O,8.34753131866455
50,1,O,7.96689510345459
