atom_type,importance_sum
C,4.553198337554932
CA,4.553198337554932
CB,5.085348129272461
CD,6.28274393081665
CD1,7.480103492736816
CD2,8.677492141723633
CE,9.431921005249023
CE1,9.30048656463623
CE2,9.16905689239502
CE3,9.037622451782227
CG,8.888916015625
CG1,8.679716110229492
CG2,8.470513343811035
CH2,8.261314392089844
CZ,8.426966667175293
CZ2,11.591424942016602
CZ3,14.755879402160645
O,17.92034339904785
OH,21.084796905517578
OD1,20.872472763061523
OD2,20.660140991210938
OE1,20.44780921936035
OE2,20.235477447509766
OG,20.133148193359375
OG1,20.0445556640625
N,19.955974578857422
NE,19.867385864257812
NE1,19.509443283081055
NE2,19.074708938598633
ND1,18.639802932739258
ND2,18.20506477355957
NZ,17.58901596069336
NH1,16.882383346557617
NH2,16.175756454467773
SD,15.469125747680664
SG,15.155073165893555
UNKNOWN,15.155073165893555
