atom_type,importance
C,0.07360828667879105
CA,0.07360828667879105
CB,0.07670995593070984
CD,0.0836879089474678
CD1,0.0906665027141571
CD2,0.0976451188325882
CE,0.10208721458911896
CE1,0.10145625472068787
CE2,0.10082598775625229
CE3,0.10019569844007492
CG,0.10289360582828522
CG1,0.11724119633436203
CG2,0.13158877193927765
CH2,0.14593635499477386
CZ,0.15934354066848755
CZ2,0.16522754728794098
CZ3,0.1711115688085556
O,0.17699557542800903
OH,0.18287961184978485
OD1,0.17209024727344513
OD2,0.16130082309246063
OE1,0.1505114585161209
OE2,0.13972207903862
OG,0.13619999587535858
OG1,0.1335863620042801
N,0.13097266852855682
NE,0.12835900485515594
NE1,0.12703284621238708
NE2,0.12607423961162567
ND1,0.1251155287027359
ND2,0.12415691465139389
NZ,0.12823861837387085
NH1,0.13484105467796326
NH2,0.14144349098205566
SD,0.14804595708847046
SG,0.1509803980588913
UNKNOWN,0.1509803980588913
