atom_type,importance
C,0.18342213332653046
CA,0.18342213332653046
CB,0.19056884944438934
CD,0.20665012300014496
CD1,0.22273117303848267
CD2,0.238810732960701
CE,0.2483047991991043
CE1,0.24462436139583588
CE2,0.2409437745809555
CE3,0.23726138472557068
CG,0.22960764169692993
CG1,0.20805281400680542
CG2,0.18649694323539734
CH2,0.16494102776050568
CZ,0.14652271568775177
CZ2,0.15320444107055664
CZ3,0.15988606214523315
O,0.16656775772571564
OH,0.1732494831085205
OD1,0.164144828915596
OD2,0.1550402194261551
OE1,0.14593559503555298
OE2,0.13683098554611206
OG,0.13689889013767242
OG1,0.13811343908309937
N,0.1393279880285263
NE,0.14054253697395325
NE1,0.15092059969902039
NE2,0.16391725838184357
ND1,0.17691490054130554
ND2,0.18991154432296753
NZ,0.19021238386631012
NH1,0.18416573107242584
NH2,0.17811918258666992
SD,0.17207251489162445
SG,0.1693856120109558
UNKNOWN,0.1693856120109558
