atom_index,is_real_atom,atom_type_from_onehot,importance
0,1,O,10.4661226272583
1,1,N,10.4661226272583
2,1,CA,10.614113807678223
3,1,C,10.927010536193848
4,1,O,11.239908218383789
5,1,CB,11.552803039550781
6,1,CG,11.764505386352539
7,1,CB,11.835840225219727
8,1,CG1,11.907175064086914
9,1,CG2,11.978509902954102
10,1,CD1,11.89708423614502
11,1,N,11.54974365234375
12,1,CG,11.202402114868164
13,1,CD2,10.855061531066895
14,1,C,10.57890510559082
15,1,O,10.460593223571777
16,1,CB,10.342279434204102
17,1,OG1,10.223967552185059
18,1,CG2,10.094677925109863
19,1,C,9.933606147766113
20,1,O,9.77253532409668
21,1,N,9.611461639404297
22,1,CA,9.467501640319824
23,1,C,9.390851020812988
24,1,O,9.314201354980469
25,1,N,9.237549781799316
26,1,CA,9.190187454223633
27,1,CB,9.310565948486328
28,1,CG,9.430944442749023
29,1,CD1,9.551321983337402
30,1,NE1,9.64109992980957
31,1,OG,9.437950134277344
32,1,CG,9.234800338745117
33,1,CD1,9.031651496887207
34,1,CD2,8.812318801879883
