atom_index,is_real_atom,atom_type_from_onehot,importance
0,1,CE2,6.5715250968933105
1,1,CZ,6.5715250968933105
2,1,CE1,6.706284523010254
3,1,CZ,6.99120569229126
4,1,CG,7.276126384735107
5,1,CG,7.5610480308532715
6,1,CD1,7.741919994354248
7,1,CD1,7.77846622467041
8,1,CD2,7.815014362335205
9,1,CD2,7.851561546325684
10,1,CD2,8.009810447692871
11,1,CD2,8.37990951538086
12,1,CA,8.750007629394531
13,1,C,9.12010669708252
14,1,O,9.419190406799316
15,1,CB,9.560806274414062
16,1,CG1,9.702420234680176
17,1,CG2,9.844037055969238
18,1,CA,9.827739715576172
19,1,C,9.354333877563477
20,1,O,8.880927085876465
21,1,CB,8.407519340515137
22,1,SG,7.9772186279296875
23,1,N,7.716470718383789
24,1,CA,7.455720901489258
25,1,C,7.194973468780518
26,1,CB,7.019468307495117
27,1,CG,7.332178115844727
28,1,CD1,7.644888877868652
29,1,CD2,7.95759916305542
30,1,CE1,8.251337051391602
31,1,CE2,8.36349105834961
32,1,CZ,8.475646018981934
33,1,CA,8.587799072265625
34,1,C,8.713959693908691
35,1,O,9.171562194824219
36,1,CB,9.62916374206543
37,1,CG,10.08676815032959
38,1,CD2,10.5443696975708
39,1,CE2,10.027361869812012
40,1,N,9.497005462646484
41,1,CA,8.966645240783691
42,1,CB,8.436286926269531
43,1,SG,7.749792098999023
44,1,SG,7.0519866943359375
