atom_type,importance_sum
C,12.406603813171387
CA,12.406603813171387
CB,12.887600898742676
CD,13.97000789642334
CD1,15.052420616149902
CD2,16.134830474853516
CE,16.85455894470215
CE1,16.84891128540039
CE2,16.843263626098633
CE3,16.83765983581543
CG,16.665437698364258
CG1,15.910089492797852
CG2,15.154766082763672
CH2,14.399446487426758
CZ,13.772407531738281
CZ2,14.171640396118164
CZ3,14.570874214172363
O,14.970109939575195
OH,15.369344711303711
OD1,14.21799373626709
OD2,13.066644668579102
OE1,11.915294647216797
OE2,10.76394271850586
OG,10.726984977722168
OG1,10.829323768615723
N,10.931666374206543
NE,11.03400707244873
NE1,11.809545516967773
NE2,12.777338027954102
ND1,13.745211601257324
ND2,14.713006019592285
NZ,14.973312377929688
NH1,14.87991714477539
NH2,14.786520004272461
SD,14.693044662475586
SG,14.651533126831055
UNKNOWN,14.651533126831055
