atom_index,is_real_atom,atom_type_from_onehot,importance
0,1,CD2,4.9832963943481445
1,1,CE1,4.9832963943481445
2,1,CE2,4.928144454956055
3,1,CZ,4.811537265777588
4,1,CD1,4.694929599761963
5,1,CE1,4.578323841094971
6,1,CE2,4.568297386169434
7,1,CZ,4.706108570098877
8,1,CG,4.843921661376953
9,1,CD1,4.981733322143555
10,1,CD2,4.974425315856934
11,1,CG,4.714502334594727
12,1,CD1,4.454577922821045
13,1,CD2,4.19465446472168
14,1,O,3.928098678588867
15,1,N,3.6468372344970703
16,1,CA,3.3655755519866943
17,1,C,3.0843141078948975
18,1,O,2.9475483894348145
19,1,CB,3.2290594577789307
20,1,CG1,3.510571002960205
21,1,CG2,3.7920823097229004
22,1,CD1,3.9637718200683594
23,1,CA,3.703495502471924
24,1,C,3.44321870803833
25,1,O,3.1829428672790527
26,1,CB,2.922729253768921
27,1,SG,2.662874460220337
28,1,N,2.4030191898345947
29,1,CA,2.14316463470459
30,1,C,1.9333467483520508
31,1,O,2.202449321746826
32,1,CB,2.4715523719787598
33,1,CG,2.7406551837921143
34,1,CD1,2.9978718757629395
35,1,CD2,2.973780632019043
36,1,CE1,2.949690103530884
37,1,CE2,2.9255995750427246
38,1,CZ,2.901508092880249
39,1,N,2.952479600906372
40,1,CA,3.0044796466827393
41,1,C,3.0564799308776855
42,1,O,3.1084794998168945
43,1,CB,3.287916660308838
44,1,CG,3.4765872955322266
45,1,CD1,3.6652584075927734
46,1,CD2,3.853929281234741
47,1,CE2,3.7766990661621094
48,1,CZ,3.662651538848877
49,1,N,3.5486042499542236
50,1,CA,3.4345569610595703
51,1,CB,3.277069091796875
52,1,SG,3.110323905944824
53,1,SG,2.9435782432556152
