atom_type,importance_sum
C,1.501469612121582
CA,1.501469612121582
CB,1.5683311223983765
CD,1.718792200088501
CD1,1.869253396987915
CD2,2.019705295562744
CE,2.1890034675598145
CE1,2.395967960357666
CE2,2.6029274463653564
CE3,2.809887170791626
CG,2.9954066276550293
CG1,3.1058530807495117
CG2,3.2163002490997314
CH2,3.326747417449951
CZ,3.6879360675811768
CZ2,6.0550642013549805
CZ3,8.422155380249023
O,10.789283752441406
OH,13.156412124633789
OD1,11.1332368850708
OD2,9.110064506530762
OE1,7.086925983428955
OE2,5.063753128051758
OG,5.166305065155029
OG1,5.534573078155518
N,5.9028425216674805
NE,6.2711100578308105
NE1,7.091127395629883
NE2,8.040251731872559
ND1,8.989365577697754
ND2,9.938521385192871
NZ,10.294455528259277
NH1,10.35385513305664
NH2,10.413263320922852
SD,10.472663879394531
SG,10.499089241027832
UNKNOWN,10.499089241027832
