atom_type,importance
C,0.07364735007286072
CA,0.07364735007286072
CB,0.07970435917377472
CD,0.09333314001560211
CD1,0.10696123540401459
CD2,0.12059006094932556
CE,0.12768438458442688
CE1,0.1217140182852745
CE2,0.11574222892522812
CE3,0.10977046936750412
CG,0.1072641983628273
CG1,0.11688748747110367
CG2,0.12651140987873077
CH2,0.1361352801322937
CZ,0.14461329579353333
CZ2,0.14392423629760742
CZ3,0.1432352513074875
O,0.14254622161388397
OH,0.14185719192028046
OD1,0.13468551635742188
OD2,0.12751388549804688
OE1,0.1203421801328659
OE2,0.11317051202058792
OG,0.10790614783763885
OG1,0.10287980735301971
N,0.09785325080156326
NE,0.092826709151268
NE1,0.09251581877470016
NE2,0.09355287253856659
ND1,0.0945892333984375
ND2,0.09562555700540543
NZ,0.10100158303976059
NH1,0.10854709893465042
NH2,0.11609245091676712
SD,0.12363813072443008
SG,0.12699121236801147
UNKNOWN,0.12699121236801147
