atom_index,is_real_atom,atom_type_from_onehot,importance
0,1,CG,9.00436782836914
1,1,CE1,9.00436782836914
2,1,CE2,9.211018562316895
3,1,CZ,9.647937774658203
4,1,OH,10.084858894348145
5,1,O,10.52177906036377
6,1,CG,10.793293952941895
7,1,CD1,10.835376739501953
8,1,CD2,10.877458572387695
9,1,C,10.919541358947754
10,1,O,10.88319206237793
11,1,CB,10.710309982299805
12,1,CG2,10.537425994873047
13,1,N,10.364543914794922
14,1,CA,10.257847785949707
15,1,C,10.297910690307617
16,1,O,10.33797550201416
17,1,CB,10.378036499023438
18,1,SG,10.471511840820312
19,1,C,10.71960163116455
20,1,CB,10.967690467834473
21,1,CG1,11.215778350830078
22,1,CG2,11.411888122558594
23,1,N,11.403558731079102
24,1,CA,11.395233154296875
25,1,CB,11.3869047164917
26,1,CG,11.369927406311035
27,1,OD1,11.303422927856445
28,1,C,11.23691463470459
29,1,O,11.17040729522705
30,1,N,11.108678817749023
31,1,CA,11.092666625976562
32,1,C,11.076652526855469
33,1,CB,11.060641288757324
34,1,CG,11.044288635253906
35,1,N,11.019904136657715
36,1,O,10.995521545410156
37,1,CB,10.971135139465332
38,1,N,10.946751594543457
39,1,CB,10.78731918334961
40,1,CG1,10.626033782958984
41,1,CG2,10.464752197265625
42,1,C,10.303466796875
43,1,O,10.167875289916992
44,1,CG1,10.034144401550293
45,1,CB,9.90041446685791
46,1,CG1,9.766681671142578
47,1,CG2,9.093291282653809
48,1,CD1,8.34518051147461
49,1,CD1,7.597067356109619
