atom_type,importance_sum
C,16.7376766204834
CA,16.7376766204834
CB,17.51580238342285
CD,19.2666015625
CD1,21.017562866210938
CD2,22.768360137939453
CE,23.323152542114258
CE1,21.485733032226562
CE2,19.648305892944336
CE3,17.810884475708008
CG,16.25531768798828
CG1,15.686493873596191
CG2,15.117656707763672
CH2,14.548820495605469
CZ,14.221440315246582
CZ2,15.825749397277832
CZ3,17.429975509643555
O,19.03428840637207
OH,20.638586044311523
OD1,18.698116302490234
OD2,16.75766372680664
OE1,14.817231178283691
OE2,12.876751899719238
OG,13.862218856811523
OG1,15.213430404663086
N,16.56460952758789
NE,17.915773391723633
NE1,17.881460189819336
NE2,17.451248168945312
ND1,17.02103614807129
ND2,16.590789794921875
NZ,16.00529670715332
NH1,15.342255592346191
NH2,14.679220199584961
SD,14.016182899475098
SG,13.721474647521973
UNKNOWN,13.721474647521973
