atom_type,importance
C,0.2358425408601761
CA,0.2358425408601761
CB,0.23861941695213318
CD,0.2448698729276657
CD1,0.2511223256587982
CD2,0.25737276673316956
CE,0.25769633054733276
CE1,0.24616384506225586
CE2,0.2346312701702118
CE3,0.22310084104537964
CG,0.21223583817481995
CG1,0.20370689034461975
CG2,0.19517803192138672
CH2,0.18664909899234772
CZ,0.17995157837867737
CZ2,0.18790526688098907
CZ3,0.1958589106798172
O,0.20381265878677368
OH,0.2117663472890854
OD1,0.20843203365802765
OD2,0.20509769022464752
OE1,0.20176337659358978
OE2,0.19842912256717682
OG,0.2131447046995163
OG1,0.2301177680492401
N,0.2470896691083908
NE,0.26406165957450867
NE1,0.2682044804096222
NE2,0.2686835825443268
ND1,0.2691628038883209
ND2,0.2696419358253479
NZ,0.26074331998825073
NH1,0.24715492129325867
NH2,0.23356661200523376
SD,0.21997937560081482
SG,0.21393971145153046
UNKNOWN,0.21393971145153046
