atom_index,is_real_atom,atom_type_from_onehot,importance
0,1,CB,5.040922164916992
1,1,CG1,5.040922164916992
2,1,CG2,5.2119951248168945
3,1,CB,5.5736894607543945
4,1,CG,5.935383319854736
5,1,CD1,6.2970781326293945
6,1,CD2,6.361787796020508
7,1,CD1,6.014551162719727
8,1,CD2,5.667314529418945
9,1,CA,5.320077896118164
10,1,C,5.112851142883301
11,1,O,5.149346351623535
12,1,CB,5.185840606689453
13,1,CG,5.2223358154296875
14,1,CD1,5.2734904289245605
15,1,CD2,5.357152462005615
16,1,CE1,5.440815448760986
17,1,CE2,5.524477005004883
18,1,CZ,5.612401962280273
19,1,OH,5.7126665115356445
20,1,CA,5.812930583953857
21,1,C,5.91319465637207
22,1,CB,6.0317840576171875
23,1,CD1,6.222451210021973
24,1,N,6.4131178855896
25,1,CA,6.60378360748291
26,1,CB,6.734683036804199
27,1,CG,6.523280143737793
28,1,CD1,6.311875820159912
29,1,CD2,6.1004719734191895
30,1,CD2,5.902102947235107
31,1,CB,5.828489303588867
32,1,CG1,5.754875183105469
33,1,CG2,5.68126106262207
34,1,CD1,5.595815658569336
35,1,CG1,5.230362892150879
36,1,CG2,4.864910125732422
37,1,CD1,4.49945592880249
