atom_type,importance_sum
C,2.0728776454925537
CA,2.0728776454925537
CB,2.647718667984009
CD,3.9410860538482666
CD1,5.234454154968262
CD2,6.5278425216674805
CE,7.510835647583008
CE1,7.873030662536621
CE2,8.235201835632324
CE3,8.597419738769531
CG,9.242840766906738
CG1,10.879440307617188
CG2,12.516043663024902
CH2,14.152644157409668
CZ,15.521029472351074
CZ2,14.743670463562012
CZ3,13.966313362121582
O,13.18895435333252
OH,12.411595344543457
OD1,11.010747909545898
OD2,9.609898567199707
OE1,8.209041595458984
OE2,6.808157444000244
OG,6.1664204597473145
OG1,5.619572639465332
N,5.072727203369141
NE,4.52587890625
NE1,4.177987575531006
NE2,3.8869571685791016
ND1,3.5959153175354004
ND2,3.3048713207244873
NZ,3.207624912261963
NH1,3.2072741985321045
NH2,3.206923484802246
SD,3.206573724746704
SG,3.2064132690429688
UNKNOWN,3.2064132690429688
