atom_index,is_real_atom,atom_type_from_onehot,importance
0,1,CE2,6.838773250579834
1,1,CZ,6.838773250579834
2,1,O,6.938382148742676
3,1,CD2,7.148984432220459
4,1,CA,7.359584808349609
5,1,C,7.570186614990234
6,1,O,7.466853618621826
7,1,CB,6.928065776824951
8,1,CG1,6.389275550842285
9,1,CG2,5.850487232208252
10,1,CD1,5.529022693634033
11,1,N,5.585862159729004
12,1,CA,5.642702102661133
13,1,CB,5.699540615081787
14,1,CG,5.795815944671631
15,1,CD1,5.979535102844238
16,1,CD2,6.163254261016846
17,1,CG,6.346972942352295
18,1,CD2,6.4906392097473145
19,1,CE2,6.518360137939453
20,1,CZ,6.546082019805908
21,1,OH,6.573802471160889
22,1,O,6.708783149719238
23,1,CB,7.265644073486328
24,1,CG,7.822507381439209
25,1,CD1,8.379368782043457
26,1,CD2,8.878334045410156
27,1,CG,9.04571533203125
28,1,CD1,9.213095664978027
29,1,CZ,9.380475997924805
30,1,NH2,9.523399353027344
31,1,CB,9.432219505310059
32,1,OG1,9.34104061126709
33,1,CG2,9.24986457824707
