atom_type,importance_sum
C,4.165238857269287
CA,4.165238857269287
CB,4.405152797698975
CD,4.944916725158691
CD1,5.484716415405273
CD2,6.024512767791748
CE,6.630260944366455
CE1,7.3679518699646
CE2,8.105669021606445
CE3,8.843328475952148
CG,9.549376487731934
CG1,10.144436836242676
CG2,10.739500045776367
CH2,11.334561347961426
CZ,11.869803428649902
CZ2,11.926515579223633
CZ3,11.983230590820312
O,12.03994369506836
OH,12.09665584564209
OD1,11.603533744812012
OD2,11.110406875610352
OE1,10.617283821105957
OE2,10.124160766601562
OG,9.611062049865723
OG1,9.09546184539795
N,8.579864501953125
NE,8.064269065856934
NE1,7.556172847747803
NE2,7.050222396850586
ND1,6.544271469116211
ND2,6.0383687019348145
NZ,6.283830165863037
NH1,6.905021667480469
NH2,7.526257038116455
SD,8.147448539733887
SG,8.423551559448242
UNKNOWN,8.423551559448242
