atom_index,is_real_atom,atom_type_from_onehot,importance
0,1,ND2,5.019948959350586
1,1,CD2,5.019948959350586
2,1,CE1,5.037585258483887
3,1,CE2,5.07487678527832
4,1,CZ,5.112167835235596
5,1,CZ2,5.149457931518555
6,1,CH2,5.188032627105713
7,1,CG,5.228387355804443
8,1,CD1,5.268742561340332
9,1,CD2,5.3090972900390625
10,1,CG,5.243056297302246
11,1,OD1,4.991804599761963
12,1,OD2,4.740554332733154
13,1,CG2,4.489304065704346
14,1,CB,4.332751750946045
15,1,OG,4.38618278503418
16,1,CD2,4.439614295959473
17,1,CE2,4.493045330047607
18,1,CZ,4.605942726135254
19,1,CG,4.8909807205200195
20,1,CD1,5.176019191741943
21,1,CE1,5.461055755615234
22,1,CZ,5.643407821655273
23,1,OH,5.4218597412109375
24,1,CG,5.200310707092285
25,1,CD,4.978762626647949
26,1,NE,4.752312660217285
27,1,CZ,4.497791767120361
28,1,NH1,4.2432708740234375
29,1,NH2,3.9887499809265137
30,1,CG1,3.800023317337036
31,1,CG2,4.241044521331787
32,1,CB,4.682066917419434
33,1,CG1,5.123088359832764
34,1,CG2,5.549657344818115
35,1,CD1,5.634169578552246
36,1,CB,5.718682289123535
37,1,OG1,5.803193092346191
38,1,CG2,5.887705326080322
39,1,CG,5.78071403503418
40,1,ND1,5.671101093292236
41,1,CD2,5.56148624420166
42,1,CE1,5.4518723487854
43,1,NE2,5.201288223266602
44,1,CG,4.94049072265625
45,1,OD1,4.67969274520874
46,1,OD2,4.4188947677612305
47,1,CB,4.848876476287842
48,1,CG,5.374502182006836
49,1,CA,5.900130748748779
50,1,CB,6.425757884979248
51,1,CG,6.588724613189697
52,1,CD,6.674403190612793
53,1,OE2,6.7600812911987305
54,1,C,6.84575891494751
55,1,O,6.603842735290527
56,1,CB,6.264223098754883
57,1,CG,5.9246039390563965
58,1,OD1,5.584983825683594
59,1,ND2,5.271368026733398
60,1,CD2,4.968057632446289
61,1,CA,4.664746284484863
62,1,C,4.361433982849121
63,1,O,4.446432113647461
64,1,CB,4.729544162750244
65,1,N,5.012657642364502
66,1,CA,5.295772075653076
67,1,C,5.1597466468811035
68,1,O,4.753608226776123
69,1,CB,4.34747314453125
70,1,CG,3.9413375854492188
71,1,SD,3.520233154296875
72,1,OG1,3.0870871543884277
