atom_type,importance_sum
C,3.426455020904541
CA,3.426455020904541
CB,3.4587955474853516
CD,3.5315682888031006
CD1,3.604326009750366
CD2,3.6770987510681152
CE,3.7617383003234863
CE1,3.8701276779174805
CE2,3.9785170555114746
CE3,4.086919784545898
CG,4.8539719581604
CG1,7.92630672454834
CG2,10.99860954284668
CH2,14.070944786071777
CZ,16.67137336730957
CZ2,15.496596336364746
CZ3,14.321813583374023
O,13.147034645080566
OH,11.97225570678711
OD1,12.912383079528809
OD2,13.852509498596191
OE1,14.792630195617676
OE2,15.73276138305664
OG,15.406962394714355
OG1,14.92292308807373
N,14.438887596130371
NE,13.954848289489746
NE1,13.377025604248047
NE2,12.772342681884766
ND1,12.167720794677734
ND2,11.563035011291504
NZ,12.053619384765625
NH1,13.091812133789062
NH2,14.129944801330566
SD,15.168137550354004
SG,15.629542350769043
UNKNOWN,15.629542350769043
