atom_type,importance
C,0.10097012668848038
CA,0.10097012668848038
CB,0.09949074685573578
CD,0.09616084396839142
CD1,0.09283152222633362
CD2,0.08950161933898926
CE,0.09097085148096085
CE1,0.10203719884157181
CE2,0.1131030023097992
CE3,0.12416987121105194
CG,0.13556121289730072
CG1,0.14809389412403107
CG2,0.1606266051530838
CH2,0.17315930128097534
CZ,0.18637724220752716
CZ2,0.20507767796516418
CZ3,0.22377927601337433
O,0.24247965216636658
OH,0.2611801028251648
OD1,0.24078506231307983
OD2,0.2203899621963501
OE1,0.19999375939369202
OE2,0.1795986145734787
OG,0.15142378211021423
OG1,0.12227635830640793
N,0.09312961250543594
NE,0.0639822706580162
NE1,0.07305994629859924
NE2,0.09305915981531143
ND1,0.1130584105849266
ND2,0.13305768370628357
NZ,0.14583945274353027
NH1,0.15501131117343903
NH2,0.1641843467950821
SD,0.17335742712020874
SG,0.17743396759033203
UNKNOWN,0.17743396759033203
