atom_index,is_real_atom,atom_type_from_onehot,importance
0,1,CE2,7.5197906494140625
1,1,CZ,7.5197906494140625
2,1,CE1,7.811112880706787
3,1,CZ,8.427050590515137
4,1,CG,9.042987823486328
5,1,CD1,9.658926010131836
6,1,CD2,10.050788879394531
7,1,CD2,10.131837844848633
8,1,CA,10.21288776397705
9,1,C,10.293936729431152
10,1,O,10.419644355773926
11,1,CB,10.623086929321289
12,1,CG1,10.826533317565918
13,1,CG2,11.029976844787598
14,1,CA,11.067930221557617
15,1,C,10.738919258117676
16,1,O,10.40990924835205
17,1,CB,10.08089828491211
18,1,SG,9.712263107299805
19,1,N,9.228934288024902
20,1,CA,8.745600700378418
21,1,C,8.2622709274292
22,1,O,7.907454967498779
23,1,CB,8.05813980102539
24,1,CG,8.208823204040527
25,1,CD1,8.359505653381348
26,1,CD2,8.519454002380371
27,1,CE1,8.732451438903809
28,1,CE2,8.945448875427246
29,1,CZ,9.158446311950684
30,1,CA,9.389451026916504
31,1,C,9.792776107788086
32,1,O,10.1961030960083
33,1,CB,10.599431991577148
34,1,CG,10.9755859375
35,1,CD2,10.708690643310547
36,1,CE2,10.44179630279541
37,1,N,10.17490005493164
38,1,CA,9.908002853393555
39,1,CB,9.26524829864502
40,1,SG,8.61734676361084
41,1,SG,7.969443321228027
