atom_type,importance_sum
C,4.5081305503845215
CA,4.5081305503845215
CB,4.726759433746338
CD,5.218653202056885
CD1,5.710545539855957
CD2,6.20244026184082
CE,6.7524189949035645
CE1,7.418577671051025
CE2,8.084783554077148
CE3,8.750893592834473
CG,9.300178527832031
CG1,9.440235137939453
CG2,9.580297470092773
CH2,9.720353126525879
CZ,9.892818450927734
CZ2,10.324555397033691
CZ3,10.756290435791016
O,11.18802547454834
OH,11.619758605957031
OD1,10.930795669555664
OD2,10.241830825805664
OE1,9.552865982055664
OE2,8.863903999328613
OG,8.566102027893066
OG1,8.317197799682617
N,8.068291664123535
NE,7.819386959075928
NE1,7.865521430969238
NE2,7.995972633361816
ND1,8.126340866088867
ND2,8.256827354431152
NZ,8.775104522705078
NH1,9.487467765808105
NH2,10.199731826782227
SD,10.91199779510498
SG,11.228593826293945
UNKNOWN,11.228593826293945
