atom_type,importance_sum
C,8.471965789794922
CA,8.471965789794922
CB,8.3807373046875
CD,8.175429344177246
CD1,7.970165729522705
CD2,7.764857769012451
CE,7.855440616607666
CE1,8.537764549255371
CE2,9.220069885253906
CE3,9.902320861816406
CG,10.604772567749023
CG1,11.377492904663086
CG2,12.150215148925781
CH2,12.922937393188477
CZ,13.737911224365234
CZ2,14.890914916992188
CZ3,16.043914794921875
O,17.19685935974121
OH,18.349834442138672
OD1,17.092378616333008
OD2,15.834946632385254
OE1,14.577459335327148
OE2,13.319969177246094
OG,11.582802772521973
OG1,9.785673141479492
N,7.988552093505859
NE,6.191425323486328
NE1,6.751114368438721
NE2,7.98421049118042
ND1,9.217260360717773
ND2,10.45040512084961
NZ,11.238410949707031
NH1,11.80394458770752
NH2,12.369561195373535
SD,12.935091972351074
SG,13.186439514160156
UNKNOWN,13.186439514160156
