atom_type,importance
C,0.05956893414258957
CA,0.05956893414258957
CB,0.06471970677375793
CD,0.07630933076143265
CD1,0.08789894729852676
CD2,0.09948857873678207
CE,0.10704778134822845
CE1,0.10654819011688232
CE2,0.10604861378669739
CE3,0.10554831475019455
CG,0.10734522342681885
CG1,0.11718153953552246
CG2,0.1270180344581604
CH2,0.13685455918312073
CZ,0.14499209821224213
CZ2,0.13953797519207
CZ3,0.1340838521718979
O,0.12862972915172577
OH,0.12317558377981186
OD1,0.10437378287315369
OD2,0.0855712816119194
OE1,0.06676877290010452
OE2,0.047965917736291885
OG,0.038562946021556854
OG1,0.03033490851521492
N,0.022107060998678207
NE,0.013878998346626759
NE1,0.015354873612523079
NE2,0.01960337907075882
ND1,0.02385188639163971
ND2,0.02810034342110157
NZ,0.04183509573340416
NH1,0.06031256541609764
NH2,0.07879061996936798
SD,0.09726820886135101
SG,0.10548054426908493
UNKNOWN,0.10548054426908493
