atom_index,is_real_atom,atom_type_from_onehot,importance
0,1,C,9.513368606567383
1,1,O,9.513368606567383
2,1,CG2,9.766462326049805
3,1,N,10.301576614379883
4,1,CA,10.836690902709961
5,1,CB,11.371804237365723
6,1,CG2,11.573370933532715
7,1,C,11.312276840209961
8,1,CB,11.051186561584473
9,1,OG1,10.790091514587402
10,1,CG2,10.54392147064209
11,1,N,10.32371711730957
12,1,CA,10.103515625
13,1,C,9.883315086364746
14,1,O,9.700376510620117
15,1,CB,9.600067138671875
16,1,CG,9.49975872039795
17,1,CD,9.399446487426758
18,1,CA,9.254517555236816
19,1,C,8.980420112609863
20,1,CB,8.706323623657227
21,1,CG1,8.432226181030273
22,1,CG2,8.163867950439453
23,1,N,7.918080806732178
24,1,CA,7.6722941398620605
25,1,CB,7.426507472991943
26,1,CG,7.220556259155273
27,1,CD1,7.242763519287109
28,1,CD2,7.264970779418945
29,1,CE1,7.287177085876465
30,1,CE2,7.310805320739746
31,1,CZ,7.348050117492676
32,1,OH,7.385294437408447
33,1,CB,7.422538757324219
34,1,CG1,7.481986045837402
35,1,CG2,8.06689167022705
36,1,CD1,8.651792526245117
37,1,CA,9.236698150634766
38,1,CB,9.821603775024414
39,1,CG1,9.882489204406738
40,1,CG2,9.936198234558105
41,1,N,9.989907264709473
42,1,CG,10.04361629486084
43,1,CD,10.290712356567383
44,1,CD2,10.551820755004883
45,1,CE2,10.812928199768066
46,1,CZ,11.074040412902832
47,1,CA,10.998567581176758
48,1,CB,10.876490592956543
49,1,CG,10.754414558410645
50,1,CB,10.63233757019043
51,1,OG,9.72400188446045
52,1,SG,8.648106575012207
