atom_type,importance_sum
C,14.432670593261719
CA,14.432670593261719
CB,15.026740074157715
CD,16.363256454467773
CD1,17.699848175048828
CD2,19.036441802978516
CE,19.590272903442383
CE1,18.579059600830078
CE2,17.567834854125977
CE3,16.55666160583496
CG,16.198223114013672
CG1,18.124494552612305
CG2,20.050777435302734
CH2,21.977054595947266
CZ,23.617826461791992
CZ2,22.97452735900879
CZ3,22.331233978271484
O,21.687950134277344
OH,21.044658660888672
OD1,18.041013717651367
OD2,15.037375450134277
OE1,12.033734321594238
OE2,9.030099868774414
OG,10.01939582824707
OG1,11.507817268371582
N,12.996240615844727
NE,14.484659194946289
NE1,14.677794456481934
NE2,14.50073528289795
ND1,14.323750495910645
ND2,14.14676284790039
NZ,13.898012161254883
NH1,13.613493919372559
NH2,13.328901290893555
SD,13.04438591003418
SG,12.917889595031738
UNKNOWN,12.917889595031738
