atom_index,is_real_atom,atom_type_from_onehot,importance
0,1,CD1,7.692108154296875
1,1,CD2,7.692108154296875
2,1,CB,7.811470985412598
3,1,CG1,8.063836097717285
4,1,CG2,8.316202163696289
5,1,CG,8.56856918334961
6,1,CD1,8.723165512084961
7,1,CD2,8.742148399353027
8,1,CZ,8.761129379272461
9,1,NH1,8.780113220214844
10,1,NH2,8.799986839294434
11,1,CZ2,8.8214111328125
12,1,CZ3,8.842835426330566
13,1,CH2,8.86426067352295
14,1,CG1,8.719629287719727
15,1,CD1,8.206794738769531
16,1,CE1,7.693957328796387
17,1,CE2,7.181121349334717
18,1,CZ,6.765104293823242
19,1,CB,6.629352569580078
20,1,CG,6.493601322174072
21,1,CD1,6.357850074768066
22,1,CD2,6.337790489196777
23,1,CD1,6.772785186767578
24,1,CE1,7.207780361175537
25,1,CE2,7.642775535583496
26,1,CZ,8.10549545288086
27,1,CB,8.726995468139648
28,1,CG1,9.34850025177002
29,1,CG2,9.970001220703125
30,1,CE2,10.549397468566895
31,1,CZ,10.725775718688965
32,1,OH,10.902155876159668
33,1,O,11.078533172607422
34,1,CA,11.25146484375
35,1,C,11.342782974243164
36,1,N,11.434099197387695
37,1,CA,11.525416374206543
38,1,CB,11.61673355102539
39,1,OG1,10.566413879394531
40,1,CG2,9.50046157836914
