atom_type,importance
C,0.1447117030620575
CA,0.1447117030620575
CB,0.1501113325357437
CD,0.16226010024547577
CD1,0.17440947890281677
CD2,0.18655824661254883
CE,0.19636836647987366
CE1,0.201499342918396
CE2,0.20663031935691833
CE3,0.21176129579544067
CG,0.21652720868587494
CG1,0.22001539170742035
CG2,0.22350367903709412
CH2,0.2269919514656067
CZ,0.22977815568447113
CZ2,0.22694849967956543
CZ3,0.22411872446537018
O,0.22128897905349731
OH,0.21845924854278564
OD1,0.23653511703014374
OD2,0.25461095571517944
OE1,0.2726867198944092
OE2,0.2907625138759613
OG,0.3007676899433136
OG1,0.3097637891769409
N,0.3187600076198578
NE,0.3277561068534851
NE1,0.31943801045417786
NE2,0.3061724305152893
ND1,0.29290685057640076
ND2,0.279641330242157
NZ,0.26384222507476807
NH1,0.24677513539791107
NH2,0.22970810532569885
SD,0.21264098584651947
SG,0.20505620539188385
UNKNOWN,0.20505620539188385
