atom_type,importance_sum
C,4.127015590667725
CA,4.127015590667725
CB,4.269693374633789
CD,4.590705394744873
CD1,4.911702632904053
CD2,5.232699871063232
CE,5.5300984382629395
CE1,5.780296802520752
CE2,6.0305495262146
CE3,6.280746936798096
CG,6.521366596221924
CG1,6.728567600250244
CG2,6.935768127441406
CH2,7.14296817779541
CZ,7.332645416259766
CZ2,7.382127285003662
CZ3,7.431610584259033
O,7.48109245300293
OH,7.530573844909668
OD1,6.613374710083008
OD2,5.696176528930664
OE1,4.778977870941162
OE2,3.861778974533081
OG,3.7076191902160645
OG1,3.6488404273986816
N,3.5900609493255615
NE,3.5312814712524414
NE1,3.921218156814575
NE2,4.439327716827393
ND1,4.957461833953857
ND2,5.475545406341553
NZ,5.69805383682251
NH1,5.77277946472168
NH2,5.847504138946533
SD,5.922175884246826
SG,5.955398082733154
UNKNOWN,5.955398082733154
