atom_type,importance
C,0.10748472809791565
CA,0.10748472809791565
CB,0.11287413537502289
CD,0.12500113248825073
CD1,0.13712731003761292
CD2,0.14925403892993927
CE,0.16016438603401184
CE1,0.16863982379436493
CE2,0.17711524665355682
CE3,0.1855916678905487
CG,0.19483081996440887
CG1,0.2067449390888214
CG2,0.21865908801555634
CH2,0.23057319223880768
CZ,0.24291259050369263
CZ2,0.2586539685726166
CZ3,0.2743954360485077
O,0.29013678431510925
OH,0.30587825179100037
OD1,0.30172666907310486
OD2,0.2975750267505646
OE1,0.2934234142303467
OE2,0.28927183151245117
OG,0.28215035796165466
OG1,0.274657666683197
N,0.26716500520706177
NE,0.25967249274253845
NE1,0.26094892621040344
NE2,0.26473087072372437
ND1,0.26851263642311096
ND2,0.2722945809364319
NZ,0.2693873345851898
NH1,0.26313745975494385
NH2,0.25688716769218445
SD,0.25063613057136536
SG,0.24785833060741425
UNKNOWN,0.24785833060741425
