atom_index,is_real_atom,atom_type_from_onehot,importance
0,1,CE1,6.344522953033447
1,1,CE2,6.344522953033447
2,1,CZ,6.506747722625732
3,1,CD2,6.8497395515441895
4,1,CD1,7.192729473114014
5,1,CD2,7.535720348358154
6,1,CB,7.667171955108643
7,1,CG,7.505197525024414
8,1,CD1,7.34322452545166
9,1,CD2,7.181250095367432
10,1,CE1,7.077308177947998
11,1,CZ,7.074385643005371
12,1,CA,7.071463108062744
13,1,C,7.068541049957275
14,1,O,7.050262928009033
15,1,CB,6.997937202453613
16,1,CG,6.94561243057251
17,1,N,6.893285751342773
18,1,CA,6.825584888458252
19,1,C,6.713374137878418
20,1,O,6.601164817810059
21,1,C,6.488955497741699
22,1,O,6.374066352844238
23,1,CB,6.2486419677734375
24,1,N,6.1232171058654785
25,1,CA,5.9977922439575195
26,1,C,5.917827129364014
27,1,O,6.098222732543945
28,1,CB,6.278619289398193
29,1,CG2,6.459013938903809
30,1,CB,6.618666172027588
31,1,N,6.579769134521484
32,1,CA,6.540872573852539
33,1,CB,6.501975059509277
34,1,CD1,6.460521697998047
35,1,CB,6.35856819152832
36,1,CG2,6.256616592407227
37,1,CD1,6.1546630859375
