atom_type,importance_sum
C,3.290128707885742
CA,3.290128707885742
CB,3.781637668609619
CD,4.887510776519775
CD1,5.993372440338135
CD2,7.099231719970703
CE,7.891656398773193
CE1,8.057136535644531
CE2,8.222618103027344
CE3,8.388100624084473
CG,8.849947929382324
CG1,10.349010467529297
CG2,11.848072052001953
CH2,13.347129821777344
CZ,14.876646995544434
CZ2,16.64981460571289
CZ3,18.422988891601562
O,20.196195602416992
OH,21.969406127929688
OD1,20.445772171020508
OD2,18.922143936157227
OE1,17.398513793945312
OE2,15.874950408935547
OG,15.668877601623535
OG1,15.627495765686035
N,15.586114883422852
NE,15.5447359085083
NE1,15.481162071228027
NE2,15.411300659179688
ND1,15.341438293457031
ND2,15.271570205688477
NZ,14.640093803405762
NH1,13.727675437927246
NH2,12.815328598022461
SD,11.90298080444336
SG,11.49753189086914
UNKNOWN,11.49753189086914
