atom_type,importance_sum
C,12.520980834960938
CA,12.520980834960938
CB,13.038859367370605
CD,14.204182624816895
CD1,15.369503021240234
CD2,16.534822463989258
CE,17.605960845947266
CE1,18.4888916015625
CE2,19.371850967407227
CE3,20.254671096801758
CG,20.660127639770508
CG1,19.39434242248535
CG2,18.128555297851562
CH2,16.86276626586914
CZ,15.745532989501953
CZ2,15.816644668579102
CZ3,15.887765884399414
O,15.958880424499512
OH,16.029998779296875
OD1,15.79045295715332
OD2,15.550917625427246
OE1,15.311373710632324
OE2,15.071830749511719
OG,15.363277435302734
OG1,15.721088409423828
N,16.078899383544922
NE,16.43671417236328
NE1,17.042905807495117
NE2,17.720090866088867
ND1,18.397228240966797
ND2,19.074377059936523
NZ,19.13807487487793
NH1,18.8949031829834
NH2,18.651735305786133
SD,18.408565521240234
SG,18.300527572631836
UNKNOWN,18.300527572631836
