atom_index,is_real_atom,atom_type_from_onehot,importance
0,1,CG1,6.813559532165527
1,1,CG2,6.813559532165527
2,1,CB,6.934641361236572
3,1,CG,7.190647125244141
4,1,CD1,7.446651935577393
5,1,CG,7.7026567459106445
6,1,CD1,7.798637390136719
7,1,CD2,7.672647953033447
8,1,CG1,7.546659469604492
9,1,CD1,7.420670032501221
10,1,CD2,7.23888635635376
11,1,CA,6.959980010986328
12,1,C,6.6810736656188965
13,1,O,6.402167320251465
14,1,CB,6.213180065155029
15,1,CG,6.223581314086914
16,1,CD1,6.233982086181641
17,1,CD2,6.244382858276367
18,1,CE1,6.2862548828125
19,1,CE2,6.419225692749023
20,1,CZ,6.5521955490112305
21,1,OH,6.685166358947754
22,1,CA,6.857601642608643
23,1,C,7.185260772705078
24,1,O,7.512920379638672
25,1,CB,7.840579509735107
26,1,N,8.133430480957031
27,1,CA,8.226929664611816
28,1,CB,8.320427894592285
29,1,CG,8.413924217224121
30,1,CD1,8.486047744750977
31,1,CD2,8.353584289550781
32,1,CD2,8.22111988067627
33,1,CG1,8.088653564453125
34,1,CG2,7.943675518035889
35,1,CD1,7.50252628326416
36,1,CG1,7.061378002166748
37,1,CG2,6.6202287673950195
38,1,CD1,6.179080009460449
