atom_type,importance_sum
C,16.2098445892334
CA,16.2098445892334
CB,16.378337860107422
CD,16.757457733154297
CD1,17.136493682861328
CD2,17.51567268371582
CE,17.535280227661133
CE1,16.835874557495117
CE2,16.13646697998047
CE3,15.437058448791504
CG,14.778164863586426
CG1,14.260899543762207
CG2,13.743633270263672
CH2,13.22636604309082
CZ,12.820178985595703
CZ2,13.30255126953125
CZ3,13.784933090209961
O,14.26730728149414
OH,14.749688148498535
OD1,14.547467231750488
OD2,14.345248222351074
OE1,14.143025398254395
OE2,13.940808296203613
OG,14.833287239074707
OG1,15.86260986328125
N,16.891977310180664
NE,17.921329498291016
NE1,18.17266273498535
NE2,18.20171546936035
ND1,18.230772018432617
ND2,18.259824752807617
NZ,17.720029830932617
NH1,16.895994186401367
NH2,16.071901321411133
SD,15.247802734375
SG,14.881523132324219
UNKNOWN,14.881523132324219
