atom_type,importance
C,0.08928555995225906
CA,0.08928555995225906
CB,0.09531160444021225
CD,0.10887075960636139
CD1,0.12243016809225082
CD2,0.13598889112472534
CE,0.14355666935443878
CE1,0.13914021849632263
CE2,0.13472487032413483
CE3,0.13030840456485748
CG,0.126420795917511
CG1,0.12438271939754486
CG2,0.12234464287757874
CH2,0.1203066036105156
CZ,0.1203514114022255
CZ2,0.13705933094024658
CZ3,0.15376724302768707
O,0.17047512531280518
OH,0.18718305230140686
OD1,0.18298397958278656
OD2,0.17878493666648865
OE1,0.17458583414554596
OE2,0.17038682103157043
OG,0.1700494885444641
OG1,0.1701948493719101
N,0.17034025490283966
NE,0.1704856902360916
NE1,0.1731051802635193
NE2,0.1764320433139801
ND1,0.1797589361667633
ND2,0.18308468163013458
NZ,0.17918026447296143
NH1,0.17165903747081757
NH2,0.1641390025615692
SD,0.15661776065826416
SG,0.15327554941177368
UNKNOWN,0.15327554941177368
