atom_type,importance
C,0.12914934754371643
CA,0.12914934754371643
CB,0.13568070530891418
CD,0.1503753662109375
CD1,0.16507093608379364
CD2,0.17976662516593933
CE,0.19052022695541382
CE1,0.19339190423488617
CE2,0.19626353681087494
CE3,0.19913515448570251
CG,0.19818587601184845
CG1,0.1838657259941101
CG2,0.16954554617404938
CH2,0.15522536635398865
CZ,0.1427001953125
CZ2,0.1445348560810089
CZ3,0.1463695466518402
O,0.1482042372226715
OH,0.1500389277935028
OD1,0.14425021409988403
OD2,0.13846147060394287
OE1,0.1326727718114853
OE2,0.12688404321670532
OG,0.1281856745481491
OG1,0.13037364184856415
N,0.1325615793466568
NE,0.13474951684474945
NE1,0.14331457018852234
NE2,0.15370021760463715
ND1,0.1640869677066803
ND2,0.1744726300239563
NZ,0.17173559963703156
NH1,0.16243763267993927
NH2,0.15313872694969177
SD,0.14384081959724426
SG,0.13970783352851868
UNKNOWN,0.13970783352851868
