atom_index,is_real_atom,atom_type_from_onehot,importance
0,1,CE3,5.081775188446045
1,1,CZ2,5.081775188446045
2,1,CZ3,5.057960510253906
3,1,CH2,5.007611274719238
4,1,CG2,4.957261562347412
5,1,CB,4.906911849975586
6,1,CD2,4.808742046356201
7,1,CE2,4.644245147705078
8,1,CZ,4.479746341705322
9,1,OH,4.315248012542725
10,1,N,4.202946186065674
11,1,CA,4.181504726409912
12,1,C,4.160064697265625
13,1,O,4.13862419128418
14,1,CB,4.063241481781006
15,1,CG,3.868250608444214
16,1,C,3.6732590198516846
17,1,O,3.4782679080963135
18,1,CB,3.3250014781951904
19,1,CG,3.292518138885498
20,1,CD1,3.2600345611572266
21,1,CD2,3.227550745010376
22,1,NE1,3.1892640590667725
23,1,CE2,3.1281521320343018
24,1,CE3,3.067039728164673
25,1,CZ2,3.005927562713623
26,1,CZ3,3.0058300495147705
27,1,CH2,3.35518217086792
28,1,CD1,3.7045352458953857
29,1,CE1,4.053887367248535
30,1,CE2,4.39308500289917
31,1,CZ,4.6350812911987305
32,1,CD1,4.877078533172607
33,1,CD2,5.11907434463501
34,1,CE1,5.337442398071289
35,1,CE2,4.996629238128662
36,1,CZ,4.655818462371826
37,1,O,4.315005779266357
38,1,CA,3.974193811416626
39,1,C,3.924931049346924
40,1,O,3.8796615600585938
41,1,CB,3.8343923091888428
42,1,CG1,3.789123058319092
43,1,N,3.609917402267456
44,1,CA,3.4210073947906494
45,1,C,3.2320969104766846
46,1,O,3.0431859493255615
47,1,N,2.999169111251831
48,1,CA,2.975215196609497
49,1,CB,2.9512603282928467
50,1,CG,2.9273056983947754
51,1,CD1,2.9743728637695312
52,1,CD2,3.0365757942199707
53,1,CE1,3.0987789630889893
54,1,CE2,3.160982131958008
55,1,CZ,3.004119396209717
