atom_type,importance_sum
C,1.756646752357483
CA,1.756646752357483
CB,1.8286182880401611
CD,1.9905387163162231
CD1,2.1524624824523926
CD2,2.314382314682007
CE,2.6693317890167236
CE1,3.410290241241455
CE2,4.151248931884766
CE3,4.892207145690918
CG,5.458608150482178
CG1,5.41398286819458
CG2,5.369356632232666
CH2,5.324728012084961
CZ,5.555680751800537
CZ2,7.991252899169922
CZ3,10.426823616027832
O,12.862394332885742
OH,15.297964096069336
OD1,13.423491477966309
OD2,11.549019813537598
OE1,9.674545288085938
OE2,7.8000712394714355
OG,7.630202770233154
OG1,7.673409938812256
N,7.71661901473999
NE,7.75982666015625
NE1,8.265772819519043
NE2,8.904003143310547
ND1,9.542157173156738
ND2,10.180390357971191
NZ,9.748176574707031
NH1,8.780856132507324
NH2,7.813533306121826
SD,6.846214294433594
SG,6.416285037994385
UNKNOWN,6.416285037994385
