atom_type,importance
C,0.1498875617980957
CA,0.1498875617980957
CB,0.14442099630832672
CD,0.13212333619594574
CD1,0.11982493102550507
CD2,0.10752692073583603
CE,0.09576625376939774
CE1,0.08508054912090302
CE2,0.07439485192298889
CE3,0.06370919942855835
CG,0.06051543727517128
CG1,0.08354305475950241
CG2,0.10657083243131638
CH2,0.12959899008274078
CZ,0.15202020108699799
CZ2,0.16958974301815033
CZ3,0.1871592253446579
O,0.20472878217697144
OH,0.22229771316051483
OD1,0.2578352093696594
OD2,0.29337289929389954
OE1,0.32891058921813965
OE2,0.36444833874702454
OG,0.33463728427886963
OG1,0.296657532453537
N,0.25867795944213867
NE,0.22069872915744781
NE1,0.2076965868473053
NE2,0.20183023810386658
ND1,0.19596390426158905
ND2,0.190098375082016
NZ,0.18331696093082428
NH1,0.17607887089252472
NH2,0.16884073615074158
SD,0.16160182654857635
SG,0.15838490426540375
UNKNOWN,0.15838490426540375
