atom_type,importance_sum
C,1.7370463609695435
CA,1.7370463609695435
CB,2.0852344036102295
CD,2.8686838150024414
CD1,3.6521337032318115
CD2,4.435560703277588
CE,5.074466228485107
CE1,5.424288272857666
CE2,5.774107456207275
CE3,6.12388277053833
CG,6.430973052978516
CG1,6.588508605957031
CG2,6.746044158935547
CH2,6.903580188751221
CZ,7.266209602355957
CZ2,9.269569396972656
CZ3,11.272933959960938
O,13.276294708251953
OH,15.279654502868652
OD1,13.757091522216797
OD2,12.234525680541992
OE1,10.711960792541504
OE2,9.189397811889648
OG,9.445462226867676
OG1,9.92385482788086
N,10.402249336242676
NE,10.88063907623291
NE1,9.973191261291504
NE2,8.669684410095215
ND1,7.366269111633301
ND2,6.062809944152832
NZ,5.208679676055908
NH1,4.57919454574585
NH2,3.949708938598633
SD,3.320223569869995
SG,3.040447473526001
UNKNOWN,3.040447473526001
