atom_index,is_real_atom,atom_type_from_onehot,importance
0,1,CD1,5.888766765594482
1,1,CE1,5.888766765594482
2,1,CZ,5.5447258949279785
3,1,C,4.81732702255249
4,1,O,4.089926719665527
5,1,N,3.362527370452881
6,1,CA,2.8902010917663574
7,1,C,2.7716877460479736
8,1,O,2.6531741619110107
9,1,CB,2.534660577774048
10,1,N,2.4668822288513184
11,1,CA,2.4874203205108643
12,1,C,2.50795841217041
13,1,O,2.528496742248535
14,1,N,2.529773235321045
15,1,C,2.4883387088775635
16,1,N,2.446904182434082
17,1,CA,2.4054698944091797
18,1,C,2.399841547012329
19,1,O,2.4978623390197754
20,1,CB,2.5958831310272217
21,1,CG,2.693903684616089
22,1,CD1,2.7731618881225586
23,1,CD2,2.7786190509796143
24,1,N,2.784076690673828
25,1,CA,2.7895336151123047
26,1,C,2.7904772758483887
27,1,O,2.7655718326568604
28,1,CB,2.7406651973724365
29,1,CG,2.715759515762329
30,1,OD1,2.6812903881073
31,1,OD2,2.5552902221679688
32,1,N,2.4292898178100586
33,1,CA,2.3032898902893066
34,1,C,2.181736946105957
35,1,O,2.1654436588287354
36,1,CB,2.1491503715515137
37,1,CG1,2.132856845855713
38,1,CG2,2.116563081741333
39,1,O,2.1361680030822754
40,1,CA,2.156264543533325
41,1,C,2.176361083984375
42,1,O,2.196457862854004
43,1,CB,2.2851579189300537
44,1,CG,2.37882924079895
45,1,N,2.4725003242492676
46,1,CA,2.5661723613739014
47,1,C,2.527550220489502
48,1,O,2.4706106185913086
49,1,CB,2.4136710166931152
50,1,CG,2.356731653213501
51,1,ND1,2.262150287628174
52,1,CE1,2.1595473289489746
53,1,N,2.056943893432617
54,1,CA,1.9543406963348389
55,1,C,1.9207987785339355
56,1,CB,1.9078541994094849
57,1,CG,1.8949096202850342
58,1,CD1,1.8819646835327148
59,1,CD2,1.9258310794830322
60,1,CE1,1.9922070503234863
61,1,CE2,2.0585832595825195
62,1,CZ,2.1249594688415527
63,1,CA,2.088048219680786
64,1,C,1.9984402656555176
65,1,O,1.9088321924209595
66,1,CB,1.8192237615585327
67,1,N,1.8893262147903442
68,1,CA,2.06235408782959
69,1,C,2.2353806495666504
70,1,O,2.408407211303711
71,1,C,2.55596923828125
72,1,N,2.6830334663391113
73,1,CA,2.810098648071289
74,1,C,2.9371626377105713
75,1,O,3.059013843536377
76,1,CB,3.1756534576416016
77,1,CG,3.2922921180725098
78,1,SD,3.408930778503418
79,1,CE,3.465338706970215
80,1,N,3.446913719177246
81,1,CA,3.4284889698028564
82,1,C,3.4100632667541504
83,1,O,3.3325369358062744
84,1,CB,3.163299560546875
85,1,N,2.994063377380371
86,1,CB,2.8248276710510254
87,1,CG2,2.7426531314849854
88,1,CD1,2.831120729446411
89,1,CG1,2.919588804244995
