atom_type,importance_sum
C,6.198032379150391
CA,6.198032379150391
CB,6.111497402191162
CD,5.9167680740356445
CD1,5.722038269042969
CD2,5.527307987213135
CE,6.626804351806641
CE1,10.314748764038086
CE2,14.002694129943848
CE3,17.690629959106445
CG,19.654001235961914
CG1,15.581316947937012
CG2,11.508625030517578
CH2,7.435935020446777
CZ,3.8120341300964355
CZ2,3.778444766998291
CZ3,3.7448554039001465
O,3.711266040802002
OH,3.67767596244812
OD1,3.3821191787719727
OD2,3.086561679840088
OE1,2.791004180908203
OE2,2.49544620513916
OG,2.6263744831085205
OG1,2.8106141090393066
N,2.9948532581329346
NE,3.1790924072265625
NE1,3.531982421875
NE2,3.9330639839172363
ND1,4.334137439727783
ND2,4.735219955444336
NZ,6.688386917114258
NH1,9.417614936828613
NH2,12.146790504455566
SD,14.87600326538086
SG,16.088972091674805
UNKNOWN,16.088972091674805
