atom_index,is_real_atom,atom_type_from_onehot,importance
0,1,C,10.640005111694336
1,1,O,10.640005111694336
2,1,CB,11.00262451171875
3,1,N,11.769302368164062
4,1,CA,12.53598403930664
5,1,C,13.302661895751953
6,1,O,13.506035804748535
7,1,CB,12.928048133850098
8,1,OG1,12.350059509277344
9,1,CG2,11.772071838378906
10,1,N,11.362545013427734
11,1,CA,11.246268272399902
12,1,C,11.129990577697754
13,1,O,11.013712882995605
14,1,N,10.899187088012695
15,1,CA,10.788553237915039
16,1,C,10.67791748046875
17,1,O,10.567278861999512
18,1,CB,10.540111541748047
19,1,CG2,10.754558563232422
20,1,CA,10.969009399414062
21,1,C,11.183457374572754
22,1,N,11.290986061096191
23,1,CA,10.97797679901123
24,1,CB,10.664961814880371
25,1,CG,10.351949691772461
26,1,CD1,9.948928833007812
27,1,CD1,9.030431747436523
