atom_type,importance_sum
C,7.392268180847168
CA,7.392268180847168
CB,8.205869674682617
CD,10.036585807800293
CD1,11.867255210876465
CD2,13.697924613952637
CE,14.788202285766602
CE1,14.397605895996094
CE2,14.00700855255127
CE3,13.616411209106445
CG,13.152734756469727
CG1,12.433243751525879
CG2,11.713751792907715
CH2,10.994261741638184
CZ,10.441473007202148
CZ2,11.222315788269043
CZ3,12.003155708312988
O,12.7839994430542
OH,13.564839363098145
OD1,12.045533180236816
OD2,10.526226043701172
OE1,9.006916999816895
OE2,7.487612247467041
OG,8.646310806274414
OG1,10.139765739440918
N,11.633217811584473
NE,13.126669883728027
NE1,13.338210105895996
NE2,13.183403015136719
ND1,13.02869987487793
ND2,12.873894691467285
NZ,12.919596672058105
NH1,13.065705299377441
NH2,13.211711883544922
SD,13.357722282409668
SG,13.422685623168945
UNKNOWN,13.422685623168945
