atom_type,importance
C,0.09457221627235413
CA,0.09457221627235413
CB,0.10060906410217285
CD,0.11419285833835602
CD1,0.12777601182460785
CD2,0.1413591057062149
CE,0.14863085746765137
CE1,0.14327698945999146
CE2,0.13792316615581512
CE3,0.13257072865962982
CG,0.12826606631278992
CG1,0.12763352692127228
CG2,0.12700101733207703
CH2,0.12636850774288177
CZ,0.12664909660816193
CZ2,0.13423441350460052
CZ3,0.14181974530220032
O,0.1494050920009613
OH,0.1569904088973999
OD1,0.15436644852161407
OD2,0.15174245834350586
OE1,0.14911848306655884
OE2,0.14649450778961182
OG,0.13690990209579468
OG1,0.1264551281929016
N,0.11600041389465332
NE,0.10554569959640503
NE1,0.10268302261829376
NE2,0.10199078917503357
ND1,0.10129787772893906
ND2,0.10060495138168335
NZ,0.10702040046453476
NH1,0.1169886365532875
NH2,0.12695732712745667
SD,0.13692650198936462
SG,0.14135709404945374
UNKNOWN,0.14135710895061493
