atom_index,is_real_atom,atom_type_from_onehot,importance
0,1,CD2,9.66485595703125
1,1,CE1,9.66485595703125
2,1,NE2,9.872132301330566
3,1,CD1,10.31037425994873
4,1,CE1,10.748616218566895
5,1,CE2,11.186858177185059
6,1,CZ,11.332098960876465
7,1,CE2,11.070920944213867
8,1,CZ,10.80974292755127
9,1,OH,10.548562049865723
10,1,CE1,10.250934600830078
11,1,CE2,9.889860153198242
12,1,CZ,9.528782844543457
13,1,CG2,9.167708396911621
14,1,CG,8.809427261352539
15,1,CD1,8.457341194152832
16,1,CD2,8.105253219604492
17,1,NE1,7.753169059753418
18,1,CE2,7.390384197235107
19,1,CE3,6.996634483337402
20,1,CZ2,6.602884292602539
21,1,CZ3,6.209134578704834
22,1,CH2,5.823895454406738
