atom_type,importance_sum
C,6.86330509185791
CA,6.86330509185791
CB,6.900467872619629
CD,6.984042167663574
CD1,7.0676703453063965
CD2,7.151296615600586
CE,7.5123291015625
CE1,8.428112030029297
CE2,9.34390640258789
CE3,10.259786605834961
CG,10.988321304321289
CG1,11.061473846435547
CG2,11.134626388549805
CH2,11.207779884338379
CZ,11.277677536010742
CZ2,11.32153034210205
CZ3,11.365384101867676
O,11.409238815307617
OH,11.453092575073242
OD1,10.588186264038086
OD2,9.723280906677246
OE1,8.858379364013672
OE2,7.993472576141357
OG,7.401894569396973
OG1,6.844481468200684
N,6.287067890167236
NE,5.7296552658081055
NE1,5.922661304473877
NE2,6.3300652503967285
ND1,6.737468242645264
ND2,7.144925117492676
NZ,7.422030925750732
NH1,7.63401985168457
NH2,7.846003532409668
SD,8.057940483093262
SG,8.152168273925781
UNKNOWN,8.152168273925781
