atom_type,importance
C,0.07392825186252594
CA,0.07392825186252594
CB,0.0793251320719719
CD,0.0914674624800682
CD1,0.10360977053642273
CD2,0.11575274169445038
CE,0.125104159116745
CE1,0.12887367606163025
CE2,0.13264329731464386
CE3,0.13641415536403656
CG,0.14105352759361267
CG1,0.1487400233745575
CG2,0.15642650425434113
CH2,0.16411295533180237
CZ,0.17087291181087494
CZ2,0.17022059857845306
CZ3,0.16956827044487
O,0.16891589760780334
OH,0.16826358437538147
OD1,0.16471976041793823
OD2,0.1611759215593338
OE1,0.15763206779956818
OE2,0.15408822894096375
OG,0.14845891296863556
OG1,0.1425689458847046
N,0.136679008603096
NE,0.13078905642032623
NE1,0.13330429792404175
NE2,0.13822242617607117
ND1,0.14313919842243195
ND2,0.14805589616298676
NZ,0.15107999742031097
NH1,0.1531582921743393
NH2,0.15523661673069
SD,0.15731360018253326
SG,0.15823790431022644
UNKNOWN,0.15823790431022644
