atom_index,is_real_atom,atom_type_from_onehot,importance
0,1,CG,8.428194999694824
1,1,OD1,8.428194999694824
2,1,ND2,8.706201553344727
3,1,CG1,9.293984413146973
4,1,CD1,9.881767272949219
5,1,CG,10.469552993774414
6,1,CD1,10.99240779876709
7,1,CD2,11.42519760131836
8,1,CD1,11.857987403869629
9,1,CG1,12.290780067443848
10,1,CD1,12.531314849853516
11,1,CD1,12.437186241149902
12,1,N,12.343055725097656
13,1,CA,12.24892807006836
14,1,C,12.24188232421875
15,1,O,12.427937507629395
16,1,CB,12.613992691040039
17,1,CG,12.800046920776367
18,1,CD,12.881476402282715
19,1,CE,12.660041809082031
20,1,NZ,12.438608169555664
21,1,CA,12.21717357635498
22,1,C,11.963935852050781
23,1,O,11.585609436035156
24,1,CB,11.207283020019531
25,1,SG,10.82895565032959
26,1,N,10.462574005126953
27,1,CA,10.164606094360352
28,1,C,9.86663818359375
29,1,CB,9.568674087524414
30,1,CG,9.280853271484375
31,1,CD1,9.090170860290527
32,1,CB,8.899487495422363
33,1,CG,8.708805084228516
34,1,CD1,8.513043403625488
35,1,CD2,8.1970796585083
36,1,NE1,7.881117820739746
37,1,CE2,7.565154552459717
38,1,CE3,7.2491912841796875
39,1,CZ2,7.12404203414917
40,1,CZ3,7.001506328582764
41,1,CH2,6.878968715667725
42,1,CE1,6.756433486938477
43,1,CE2,6.259192943572998
44,1,CZ,5.734803199768066
