atom_index,is_real_atom,atom_type_from_onehot,importance
0,1,O,9.171246528625488
1,1,C,9.171246528625488
2,1,O,9.401870727539062
3,1,N,9.889479637145996
4,1,CA,10.377086639404297
5,1,CB,10.864693641662598
6,1,OG,11.377045631408691
7,1,CA,11.923714637756348
8,1,C,12.470382690429688
9,1,CB,13.017051696777344
10,1,CG,13.460305213928223
11,1,CD2,13.72353744506836
12,1,N,13.986769676208496
13,1,CA,14.250001907348633
14,1,CE,14.175609588623047
15,1,OE1,13.352580070495605
16,1,NE1,12.529547691345215
17,1,CG2,11.706515312194824
18,1,CG,10.919952392578125
19,1,CD1,10.23896312713623
20,1,CD2,9.55797290802002
21,1,CE1,8.876981735229492
22,1,CE2,8.350712776184082
23,1,CZ,8.433012962341309
24,1,OH,8.515316009521484
25,1,CE1,8.597617149353027
26,1,CE2,8.613532066345215
27,1,CZ,8.249248504638672
28,1,OH,7.884963512420654
