atom_type,importance_sum
C,8.817832946777344
CA,8.817832946777344
CB,9.304688453674316
CD,10.400146484375
CD1,11.495548248291016
CD2,12.5909423828125
CE,13.17581844329834
CE1,12.739469528198242
CE2,12.303216934204102
CE3,11.866866111755371
CG,11.600972175598145
CG1,11.931493759155273
CG2,12.262009620666504
CH2,12.592524528503418
CZ,12.940985679626465
CZ2,13.43299388885498
CZ3,13.92500114440918
O,14.417010307312012
OH,14.909018516540527
OD1,14.754508018493652
OD2,14.600000381469727
OE1,14.445487976074219
OE2,14.290977478027344
OG,14.33877944946289
OG1,14.411870002746582
N,14.484959602355957
NE,14.558050155639648
NE1,14.18393325805664
NE2,13.682154655456543
ND1,13.18028736114502
ND2,12.678415298461914
NZ,12.284052848815918
NH1,11.943449974060059
NH2,11.60274887084961
SD,11.262138366699219
SG,11.110749244689941
UNKNOWN,11.110749244689941
