atom_type,importance_sum
C,8.153792381286621
CA,8.153792381286621
CB,8.020751953125
CD,7.721471786499023
CD1,7.422154903411865
CD2,7.122873306274414
CE,7.044258117675781
CE1,7.407125473022461
CE2,7.769951343536377
CE3,8.132777214050293
CG,8.536867141723633
CG1,9.085391998291016
CG2,9.633914947509766
CH2,10.182438850402832
CZ,10.770404815673828
CZ2,11.673905372619629
CZ3,12.577408790588379
O,13.480912208557129
OH,14.38441276550293
OD1,14.065632820129395
OD2,13.746845245361328
OE1,13.428062438964844
OE2,13.109280586242676
OG,12.616958618164062
OG1,12.102946281433105
N,11.588932037353516
NE,11.074923515319824
NE1,11.87413501739502
NE2,13.048580169677734
ND1,14.222936630249023
ND2,15.397378921508789
NZ,15.259565353393555
NH1,14.46578598022461
NH2,13.671923637390137
SD,12.878143310546875
SG,12.525291442871094
UNKNOWN,12.525291442871094
